sample_index,elapsed_time_s,wall_time_s,q_Joint_L0_deg,q_Joint_L1_deg,q_Joint_L2_U_deg,q_Joint_L3_U_deg,q_Joint_L2_L_deg,q_Joint_L3_L_deg,q_Joint_L4_L_deg,q_Joint_L5_L_deg,q_Joint_L6_L_deg,q_Joint_L7_L_deg,q_Joint_L8_L_deg,q_Joint_L2_R_deg,q_Joint_L3_R_deg,q_Joint_L4_R_deg,q_Joint_L5_R_deg,q_Joint_L6_R_deg,q_Joint_L7_R_deg,q_Joint_L8_R_deg,q_Dummy_0_deg,q_Dummy_1_deg,q_Dummy_2_deg,q_Dummy_3_deg,qdot_Joint_L0_deg_s,qdot_Joint_L1_deg_s,qdot_Joint_L2_U_deg_s,qdot_Joint_L3_U_deg_s,qdot_Joint_L2_L_deg_s,qdot_Joint_L3_L_deg_s,qdot_Joint_L4_L_deg_s,qdot_Joint_L5_L_deg_s,qdot_Joint_L6_L_deg_s,qdot_Joint_L7_L_deg_s,qdot_Joint_L8_L_deg_s,qdot_Joint_L2_R_deg_s,qdot_Joint_L3_R_deg_s,qdot_Joint_L4_R_deg_s,qdot_Joint_L5_R_deg_s,qdot_Joint_L6_R_deg_s,qdot_Joint_L7_R_deg_s,qdot_Joint_L8_R_deg_s,qdot_Dummy_0_deg_s,qdot_Dummy_1_deg_s,qdot_Dummy_2_deg_s,qdot_Dummy_3_deg_s,command_Joint_L0_deg,command_Joint_L1_deg,command_Joint_L2_U_deg,command_Joint_L3_U_deg,command_Joint_L2_L_deg,command_Joint_L3_L_deg,command_Joint_L4_L_deg,command_Joint_L5_L_deg,command_Joint_L6_L_deg,command_Joint_L7_L_deg,command_Joint_L8_L_deg,command_Joint_L2_R_deg,command_Joint_L3_R_deg,command_Joint_L4_R_deg,command_Joint_L5_R_deg,command_Joint_L6_R_deg,command_Joint_L7_R_deg,command_Joint_L8_R_deg,command_Dummy_0_deg,command_Dummy_1_deg,command_Dummy_2_deg,command_Dummy_3_deg,tau_count,tau_Joint_L0,tau_Joint_L1,tau_Joint_L2_U,tau_Joint_L3_U,tau_Joint_L2_L,tau_Joint_L3_L,tau_Joint_L4_L,tau_Joint_L5_L,tau_Joint_L6_L,tau_Joint_L7_L,tau_Joint_L8_L,tau_Joint_L2_R,tau_Joint_L3_R,tau_Joint_L4_R,tau_Joint_L5_R,tau_Joint_L6_R,tau_Joint_L7_R,tau_Joint_L8_R,tau_Dummy_0,tau_Dummy_1,tau_Dummy_2,tau_Dummy_3,tau_act_count,tau_act_Joint_L0,tau_act_Joint_L1,tau_act_Joint_L2_U,tau_act_Joint_L3_U,tau_act_Joint_L2_L,tau_act_Joint_L3_L,tau_act_Joint_L4_L,tau_act_Joint_L5_L,tau_act_Joint_L6_L,tau_act_Joint_L7_L,tau_act_Joint_L8_L,tau_act_Joint_L2_R,tau_act_Joint_L3_R,tau_act_Joint_L4_R,tau_act_Joint_L5_R,tau_act_Joint_L6_R,tau_act_Joint_L7_R,tau_act_Joint_L8_R,tau_act_Dummy_0,tau_act_Dummy_1,tau_act_Dummy_2,tau_act_Dummy_3,tau_ext_count,tau_ext_Joint_L0,tau_ext_Joint_L1,tau_ext_Joint_L2_U,tau_ext_Joint_L3_U,tau_ext_Joint_L2_L,tau_ext_Joint_L3_L,tau_ext_Joint_L4_L,tau_ext_Joint_L5_L,tau_ext_Joint_L6_L,tau_ext_Joint_L7_L,tau_ext_Joint_L8_L,tau_ext_Joint_L2_R,tau_ext_Joint_L3_R,tau_ext_Joint_L4_R,tau_ext_Joint_L5_R,tau_ext_Joint_L6_R,tau_ext_Joint_L7_R,tau_ext_Joint_L8_R,tau_ext_Dummy_0,tau_ext_Dummy_1,tau_ext_Dummy_2,tau_ext_Dummy_3,tau_jts_count,tau_jts_Joint_L0,tau_jts_Joint_L1,tau_jts_Joint_L2_U,tau_jts_Joint_L3_U,tau_jts_Joint_L2_L,tau_jts_Joint_L3_L,tau_jts_Joint_L4_L,tau_jts_Joint_L5_L,tau_jts_Joint_L6_L,tau_jts_Joint_L7_L,tau_jts_Joint_L8_L,tau_jts_Joint_L2_R,tau_jts_Joint_L3_R,tau_jts_Joint_L4_R,tau_jts_Joint_L5_R,tau_jts_Joint_L6_R,tau_jts_Joint_L7_R,tau_jts_Joint_L8_R,tau_jts_Dummy_0,tau_jts_Dummy_1,tau_jts_Dummy_2,tau_jts_Dummy_3
0,0.001347166999039473,1789462730.575739,-0.002440651,0.020071937,-0.0046875454,0.00080561877,0.0056648254,-80.02638,-96.10744,-100.12524,-90.01895,0.02444458,0.0010437012,-0.0066719055,79.988815,96.06304,100.12946,90.02901,-0.007168579,0.00034332275,0.0,0.0,0.0,0.0,0.0,0.0,-0.0,0.0,0.0,0.0,0.0,0.0,0.0,-0.0,0.0,0.0,0.0,0.0,0.0,0.0,-0.0,-0.0,0.0,0.0,0.0,0.0,-0.002440651,0.019990789,-0.004160664,0.000809018,0.0056877136,-80.02635,-96.10741,-100.12524,-90.01897,0.024458313,0.0010437012,-0.0067634583,79.98893,96.06304,100.12945,90.02901,-0.007168579,0.00035705566,0.0,0.0,0.0,0.0,22,-0.98161525,-16.588804,-0.8784656,-0.38984495,-12.551054,2.7477598,-1.558371,-8.732878,0.8991521,0.8213488,-2.1775994,8.493063,-4.74714,0.59999317,7.6991262,-0.9542695,-0.19792673,-1.4525872,0.0,0.0,0.0,0.0,22,-0.95200014,-16.288836,-0.8159996,-0.35000035,-12.36,2.64,-1.53,-8.73,0.86,0.82,-2.16,8.4,-4.56,0.585,7.6499996,-0.94,-0.16,-1.4200001,0.0,0.0,0.0,0.0,22,0.35618675,-7.5151525,-0.06034079,0.16216777,0.8507391,0.82084525,-0.14744186,-0.63187855,-0.4469329,-0.5815258,0.21207266,1.4227452,-0.4846509,0.6376218,1.159138,0.46732387,0.2558882,-0.15052235,0.0,0.0,0.0,0.0,22,-0.95200014,-16.288836,-0.8159996,-0.35000035,-3.76,9.933333,0.1,-3.4166667,0.87222224,0.24444444,-1.6611111,-1.92,-2.1333334,-5.422222,3.3833334,0.35,0.8833333,0.85,0.0,0.0,0.0,0.0
1,0.021247508000669768,1789462730.5956392,-0.002440651,0.020071937,-0.0046875454,0.00080561877,0.0056648254,-80.0264,-96.10742,-100.125206,-90.01895,0.024458313,0.0010162353,-0.0066604614,79.9888,96.06308,100.12946,90.02899,-0.007168579,0.00034332275,0.0,0.0,0.0,0.0,0.0,0.0,-0.0,0.0,0.0,0.0,0.0,0.059999086,0.0,-0.0,0.0,0.0,0.0,0.0,0.0,0.0,-0.0,-0.0,0.0,0.0,0.0,0.0,-0.002440651,0.019990789,-0.004160664,0.000809018,0.0056877136,-80.02635,-96.10741,-100.12524,-90.01897,0.024458313,0.0010437012,-0.0067634583,79.98893,96.06304,100.12945,90.02901,-0.007168579,0.00035705566,0.0,0.0,0.0,0.0,22,-0.9827315,-16.616455,-0.8777374,-0.3898439,-12.570679,2.7527444,-1.5593939,-8.808877,0.8997904,0.8209034,-2.1799772,8.490162,-4.7447085,0.59622186,7.6979074,-0.9532855,-0.19728763,-1.4515781,0.0,0.0,0.0,0.0,22,-0.8330001,-16.077291,-0.8159996,-0.35000035,-12.48,2.76,-1.485,-8.73,0.88,0.8,-2.14,8.4,-4.8,0.53999996,7.6499996,-0.94,-0.18,-1.4200001,0.0,0.0,0.0,0.0,22,0.35687134,-7.502143,-0.06071038,0.16216725,0.8597668,0.81936336,-0.14680582,-0.62140214,-0.4475583,-0.58147234,0.21225935,1.4233203,-0.48416615,0.64006853,1.1603293,0.4666406,0.25524947,-0.15152091,0.0,0.0,0.0,0.0,22,-0.8330001,-16.077291,-0.8159996,-0.35000035,-3.8133333,9.986667,0.1,-3.4555554,0.8888889,0.25555557,-1.6444445,-1.9066666,-2.1733334,-5.4555554,3.3944445,0.32222223,0.8888889,0.81666666,0.0,0.0,0.0,0.0
2,0.04149193999910494,1789462730.6158838,-0.002440651,0.020071937,-0.0046875454,0.00080561877,0.0056648254,-80.026375,-96.10745,-100.125244,-90.01897,0.02444458,0.0010437012,-0.0066719055,79.988815,96.06304,100.12949,90.02899,-0.007209778,0.00035705566,0.0,0.0,0.0,0.0,0.0,0.0,-0.0,0.0,0.0,0.0,0.0,0.0,0.0,-0.0,0.0,0.0,0.0,-0.11999817,0.0,0.0,-0.0,-0.0,0.0,0.0,0.0,0.0,-0.002440651,0.019990789,-0.004160664,0.000809018,0.0056877136,-80.02635,-96.10741,-100.12524,-90.01897,0.024458313,0.0010437012,-0.0067634583,79.98893,96.06304,100.12945,90.02901,-0.007168579,0.00035705566,0.0,0.0,0.0,0.0,22,-1.0350349,-16.600098,-0.8769955,-0.38984287,-12.552459,2.7453876,-1.5611846,-8.73255,0.90076107,0.82271445,-2.1739182,8.494938,-4.7834005,0.75152826,7.6977234,-0.95508116,-0.1851447,-1.4510149,0.0,0.0,0.0,0.0,22,-0.8330001,-16.288836,-0.8159996,-0.32500035,-12.36,2.52,-1.5749999,-8.73,0.90000004,0.78000003,-2.14,8.4,-4.68,0.53999996,7.6949997,-0.92,-0.18,-1.44,0.0,0.0,0.0,0.0,22,0.38125905,-7.510079,-0.061084457,0.16216671,0.8524037,0.8214932,-0.14409661,-0.63179046,-0.44824278,-0.5828768,0.20841877,1.4218963,-0.46829432,0.61664534,1.1596742,0.46829098,0.25028703,-0.15244013,0.0,0.0,0.0,0.0,22,-0.8330001,-16.288836,-0.8159996,-0.32500035,-3.7733333,9.933333,0.10555556,-3.4055555,0.85555553,0.27222222,-1.6944444,-1.8666667,-2.1466668,-5.4666667,3.4,0.38333333,0.92777777,0.8333333,0.0,0.0,0.0,0.0
3,0.06142705200181808,1789462730.635819,-0.002440651,0.020072337,-0.0046875454,0.00080561877,0.0056533813,-80.0264,-96.10745,-100.12519,-90.01897,0.024472047,0.0010437012,-0.0066604614,79.9888,96.06305,100.12943,90.02898,-0.007168579,0.00035705566,0.0,0.0,0.0,0.0,0.0,0.0,-0.0,0.0,0.0,0.0,0.0,0.0,0.0,-0.0,0.0,0.0,0.0,0.0,-0.059999086,0.0,-0.0,-0.0,0.0,0.0,0.0,0.0,-0.002440651,0.019990789,-0.004160664,0.000809018,0.0056877136,-80.02635,-96.10741,-100.12524,-90.01897,0.024458313,0.0010437012,-0.0067634583,79.98893,96.06304,100.12945,90.02901,-0.007168579,0.00035705566,0.0,0.0,0.0,0.0,22,-0.98128134,-16.61812,-0.8762569,-0.3898418,-12.549687,2.7510211,-1.5591017,-8.732214,0.8994223,0.819024,-2.1744528,8.508181,-4.742363,0.5971638,7.7739477,-0.95275676,-0.1959412,-1.4573419,0.0,0.0,0.0,0.0,22,-0.8330001,-16.077291,-0.8159996,-0.35000035,-12.24,2.76,-1.5749999,-8.684999,0.88,0.78000003,-2.16,8.4,-4.68,0.585,7.6949997,-0.90000004,-0.18,-1.44,0.0,0.0,0.0,0.0,22,0.35633904,-7.5009522,-0.06145531,0.16216618,0.8515855,0.82027566,-0.14613855,-0.6338231,-0.44690618,-0.57997614,0.20896308,1.415029,-0.48610622,0.6399168,1.1497799,0.46640435,0.25392008,-0.14902595,0.0,0.0,0.0,0.0,22,-0.8330001,-16.077291,-0.8159996,-0.35000035,-3.7333333,10.093333,0.083333336,-3.4222221,0.8611111,0.28333333,-1.6277778,-1.7466667,-2.24,-5.438889,3.3777778,0.3,0.85,0.8,0.0,0.0,0.0,0.0
4,0.08097998599987477,1789462730.6553717,-0.002440651,0.020072337,-0.0046875454,0.00080561877,0.0056648254,-80.0264,-96.10745,-100.12519,-90.01899,0.024430847,0.0010299683,-0.0066719055,79.98879,96.06305,100.12946,90.029015,-0.007182312,0.00032958985,0.0,0.0,0.0,0.0,0.0,0.0,-0.0,0.0,0.0,0.0,0.0,0.059999086,0.0,-0.0,0.0,0.0,0.0,0.0,0.0,0.0,-0.0,-0.0,0.0,0.0,0.0,0.0,-0.002440651,0.019990789,-0.004160664,0.000809018,0.0056877136,-80.02635,-96.10741,-100.12524,-90.01897,0.024458313,0.0010437012,-0.0067634583,79.98893,96.06304,100.12945,90.02901,-0.007168579,0.00035705566,0.0,0.0,0.0,0.0,22,-0.9830952,-16.618526,-0.87551916,-0.38984072,-12.570795,2.7526739,-1.5597657,-8.807745,0.9006357,0.8258239,-2.1780593,8.489191,-4.736117,0.59670717,7.697762,-0.9512378,-0.19550675,-1.452453,0.0,0.0,0.0,0.0,22,-0.5950001,-16.288836,-0.8159996,-0.35000035,-12.48,2.64,-1.5749999,-8.684999,0.90000004,0.84000003,-2.1000001,8.4,-4.56,0.585,7.6499996,-0.94,-0.16,-1.44,0.0,0.0,0.0,0.0,22,0.35721526,-7.500732,-0.061825193,0.16216564,0.86028564,0.8200337,-0.14542213,-0.62297577,-0.4475047,-0.5855766,0.2100148,1.4246063,-0.48822984,0.64032984,1.160416,0.4639986,0.25388905,-0.15026002,0.0,0.0,0.0,0.0,22,-0.5950001,-16.288836,-0.8159996,-0.35000035,-3.8133333,9.946667,0.072222225,-3.4333334,0.89444447,0.26666668,-1.6444445,-1.9066666,-2.2,-5.427778,3.3555555,0.2611111,0.9222222,0.7888889,0.0,0.0,0.0,0.0
5,0.1013145569995686,1789462730.6757064,-0.002440651,0.02007274,-0.0046909447,0.00080561877,0.0056533813,-80.02638,-96.10742,-100.12519,-90.01899,0.024458313,0.0010025024,-0.0066719055,79.98879,96.06305,100.12948,90.02899,-0.007182312,0.00035705566,0.0,0.0,0.0,0.0,0.0,0.0,-0.0,0.0,0.0,0.0,0.0,0.059999086,0.0,-0.0,0.0,0.0,0.0,-0.059999086,0.0,0.0,-0.0,-0.0,0.0,0.0,0.0,0.0,-0.002440651,0.019990789,-0.004160664,0.000809018,0.0056877136,-80.02635,-96.10741,-100.12524,-90.01897,0.024458313,0.0010437012,-0.0067634583,79.98893,96.06304,100.12945,90.02901,-0.007168579,0.00035705566,0.0,0.0,0.0,0.0,22,-1.008458,-16.624338,-0.87472886,-0.38983965,-12.568549,2.751694,-1.5580124,-8.806758,0.899583,0.8202622,-2.179889,8.491274,-4.7529144,0.6735553,7.6963434,-0.9521926,-0.19030657,-1.45437,0.0,0.0,0.0,0.0,22,-0.8330001,-16.288836,-0.74799967,-0.35000035,-12.36,2.64,-1.485,-8.684999,0.88,0.76,-2.14,8.28,-4.68,0.585,7.6949997,-0.88,-0.18,-1.4200001,0.0,0.0,0.0,0.0,22,0.36844105,-7.498056,-0.062209822,0.1621651,0.8600095,0.8191093,-0.14797784,-0.6239581,-0.44645286,-0.5808076,0.21257658,1.4230335,-0.4813822,0.6287664,1.1614015,0.4654788,0.25168923,-0.14905788,0.0,0.0,0.0,0.0,22,-0.8330001,-16.288836,-0.74799967,-0.35000035,-3.72,9.946667,0.11111111,-3.3277779,0.85,0.29444444,-1.6444445,-1.7866666,-2.2666667,-5.4166665,3.3555555,0.31111112,0.9111111,0.8055556,0.0,0.0,0.0,0.0
6,0.12139799099895754,1789462730.6957898,-0.002440651,0.02007274,-0.0046909447,0.00080561877,0.0056533813,-80.0264,-96.10744,-100.12522,-90.01897,0.024472047,0.0010162353,-0.0066604614,79.9888,96.063065,100.12946,90.029015,-0.007154846,0.00032958985,0.0,0.0,0.0,0.0,0.0,0.0,-0.0,0.0,0.0,0.0,0.0,0.0,0.0,0.059999086,0.0,0.0,0.0,0.0,0.0,0.059999086,0.059999086,-0.0,0.0,0.0,0.0,0.0,-0.002440651,0.019990789,-0.004160664,0.000809018,0.0056877136,-80.02635,-96.10741,-100.12524,-90.01897,0.024458313,0.0010437012,-0.0067634583,79.98893,96.06304,100.12945,90.02901,-0.007168579,0.00035705566,0.0,0.0,0.0,0.0,22,-0.971016,-16.592287,-0.8739797,-0.38983858,-12.548176,2.7552133,-1.5629121,-8.732493,0.8988495,0.7623216,-2.1738288,8.486111,-4.731659,0.58982414,7.6968436,-1.0059772,-0.25295275,-1.4519846,0.0,0.0,0.0,0.0,22,-0.5950001,-16.077291,-0.8159996,-0.32500035,-12.48,2.52,-1.53,-8.73,0.88,0.78000003,-2.16,8.4,-4.68,0.585,7.6499996,-0.94,-0.16,-1.44,0.0,0.0,0.0,0.0,22,0.35120896,-7.5129886,-0.06258878,0.16216458,0.8502418,0.8181248,-0.14517109,-0.63270307,-0.44631124,-0.58180785,0.20909527,1.4246039,-0.49171713,0.6440683,1.1613193,0.46632493,0.2519894,-0.15070988,0.0,0.0,0.0,0.0,22,-0.5950001,-16.077291,-0.8159996,-0.32500035,-3.7466667,9.773334,0.072222225,-3.4333334,0.8666667,0.32222223,-1.6166667,-1.9466667,-2.2933333,-5.4722223,3.4,0.33888888,0.9222222,0.8333333,0.0,0.0,0.0,0.0
7,0.1415576309991593,1789462730.7159495,-0.002440651,0.020073142,-0.0046909447,0.00080561877,0.0056533813,-80.02638,-96.10744,-100.125244,-90.01897,0.024472047,0.0010437012,-0.0066719055,79.9888,96.06304,100.12946,90.02901,-0.007182312,0.00031585695,0.0,0.0,0.0,0.0,0.0,0.0,-0.0,0.0,0.0,0.0,0.0,0.0,0.0,0.059999086,0.0,0.0,0.0,0.0,0.0,0.0,-0.0,-0.0,0.0,0.0,0.0,0.0,-0.002440651,0.019990789,-0.004160664,0.000809018,0.0056877136,-80.02635,-96.10741,-100.12524,-90.01897,0.024458313,0.0010437012,-0.0067634583,79.98893,96.06304,100.12945,90.02901,-0.007168579,0.00035705566,0.0,0.0,0.0,0.0,22,-0.9768133,-16.593668,-0.87321633,-0.38983747,-12.546345,2.7524235,-1.5625556,-8.733363,0.8966173,0.76163936,-2.17496,8.487398,-4.7351847,0.5956664,7.6961503,-0.95393413,-0.19678745,-1.4504362,0.0,0.0,0.0,0.0,22,-0.95200014,-16.288836,-0.74799967,-0.35000035,-12.36,2.64,-1.53,-8.684999,0.86,0.82,-2.16,8.4,-4.68,0.53999996,7.6499996,-0.92,-0.16,-1.4200001,0.0,0.0,0.0,0.0,22,0.35415807,-7.51237,-0.06297273,0.16216403,0.8485502,0.81902266,-0.14546996,-0.6309912,-0.44407803,-0.5811211,0.20952101,1.4248807,-0.48881876,0.6416999,1.1619587,0.46699727,0.25519454,-0.15189177,0.0,0.0,0.0,0.0,22,-0.95200014,-16.288836,-0.74799967,-0.35000035,-3.6533334,9.92,0.06111111,-3.3944445,0.8666667,0.25555557,-1.6222222,-1.8133334,-2.28,-5.4444447,3.411111,0.36666667,0.8666667,0.8333333,0.0,0.0,0.0,0.0
8,0.16157420200033812,1789462730.735966,-0.002440651,0.020073142,-0.0046909447,0.00080561877,0.0056648254,-80.02638,-96.10744,-100.12522,-90.01898,0.024485778,0.0010437012,-0.0066604614,79.9888,96.063065,100.12949,90.02901,-0.007154846,0.00032958985,0.0,0.0,0.0,0.0,0.0,0.0,-0.0,0.0,0.0,0.0,0.0,0.0,0.0,0.11999817,0.059999086,0.0,0.0,0.0,0.0,0.0,0.059999086,-0.0,0.0,0.0,0.0,0.0,-0.002440651,0.019990789,-0.004160664,0.000809018,0.0056877136,-80.02635,-96.10741,-100.12524,-90.01897,0.024458313,0.0010437012,-0.0067634583,79.98893,96.06304,100.12945,90.02901,-0.007168579,0.00035705566,0.0,0.0,0.0,0.0,22,-0.96611005,-16.59958,-0.8724732,-0.38983643,-12.553948,2.7552273,-1.5667398,-8.737848,0.8982654,0.70016205,-2.2296104,8.482028,-4.7301254,0.58885217,7.6972685,-0.95320433,-0.25602365,-1.4511402,0.0,0.0,0.0,0.0,22,-0.5950001,-16.288836,-0.74799967,-0.32500035,-12.24,2.88,-1.5749999,-8.73,0.88,0.82,-2.16,8.4,-4.56,0.53999996,7.74,-0.94,-0.18,-1.4200001,0.0,0.0,0.0,0.0,22,0.34886417,-7.509482,-0.063345715,0.1621635,0.85202557,0.8180886,-0.14379787,-0.6298661,-0.44541752,-0.5785823,0.21089652,1.427658,-0.49161586,0.64504796,1.1599671,0.46628258,0.25509062,-0.15153259,0.0,0.0,0.0,0.0,22,-0.5950001,-16.288836,-0.74799967,-0.32500035,-3.6933334,9.973333,0.094444446,-3.4222221,0.8888889,0.2777778,-1.6333333,-1.88,-2.2933333,-5.4444447,3.4,0.33888888,0.85,0.8055556,0.0,0.0,0.0,0.0
9,0.18172911399960867,1789462730.7561212,-0.002440651,0.020073542,-0.0046909447,0.00080561877,0.0056648254,-80.02638,-96.10742,-100.12524,-90.01898,0.024458313,0.0010299683,-0.0066604614,79.9888,96.06305,100.12948,90.02903,-0.007182312,0.00034332275,0.0,0.0,0.0,0.0,0.0,0.0,-0.0,0.0,0.0,0.0,0.0,0.0,0.0,-0.0,-0.059999086,0.0,0.0,0.0,0.0,0.0,-0.0,-0.0,0.0,0.0,0.0,0.0,-0.002440651,0.019990789,-0.004160664,0.000809018,0.0056877136,-80.02635,-96.10741,-100.12524,-90.01897,0.024458313,0.0010437012,-0.0067634583,79.98893,96.06304,100.12945,90.02901,-0.007168579,0.00035705566,0.0,0.0,0.0,0.0,22,-0.981403,-16.587729,-0.87173176,-0.38983536,-12.544222,2.7501497,-1.5571339,-8.726135,0.8971518,0.81914854,-2.1220014,8.481528,-4.73053,0.59766245,7.697757,-0.95445925,-0.19584371,-1.453277,0.0,0.0,0.0,0.0,22,-0.95200014,-16.288836,-0.74799967,-0.32500035,-12.48,2.52,-1.4399999,-8.684999,0.88,0.8,-2.1200001,8.28,-4.56,0.585,7.6949997,-0.92,-0.16,-1.44,0.0,0.0,0.0,0.0,22,0.3560801,-7.515395,-0.06371701,0.16216296,0.8472619,0.8200456,-0.14864232,-0.6361509,-0.4443161,-0.57967585,0.21022882,1.4279089,-0.49185503,0.63920957,1.1598802,0.46692204,0.25426233,-0.14974768,0.0,0.0,0.0,0.0,22,-0.95200014,-16.288836,-0.74799967,-0.32500035,-3.7866666,9.92,0.044444446,-3.4,0.87777776,0.28333333,-1.6444445,-1.8933333,-2.24,-5.427778,3.3833334,0.28333333,0.90555555,0.8055556,0.0,0.0,0.0,0.0
10,0.20132826400003978,1789462730.7757201,-0.002440651,0.020073542,-0.004694344,0.00080561877,0.0056648254,-80.02638,-96.10744,-100.12522,-90.01897,0.024458313,0.0010437012,-0.0066604614,79.9888,96.063065,100.12948,90.02901,-0.007168579,0.00035705566,0.0,0.0,0.0,0.0,0.0,0.0,-0.0,0.0,0.0,0.0,0.0,0.0,0.0,0.059999086,0.0,0.0,0.0,0.059999086,0.0,0.0,-0.0,-0.0,0.0,0.0,0.0,0.0,-0.002440651,0.019990789,-0.004160664,0.000809018,0.0056877136,-80.02635,-96.10741,-100.12524,-90.01897,0.024458313,0.0010437012,-0.0067634583,79.98893,96.06304,100.12945,90.02901,-0.007168579,0.00035705566,0.0,0.0,0.0,0.0,22,-0.9504962,-16.58955,-0.87095803,-0.3898343,-12.548963,2.7543507,-1.5615857,-8.732327,0.89788175,0.7619132,-2.1755867,8.4788685,-4.7093086,0.5188308,7.697225,-0.95332915,-0.20130402,-1.4553144,0.0,0.0,0.0,0.0,22,-0.5950001,-16.077291,-0.8159996,-0.32500035,-12.48,2.64,-1.485,-8.73,0.86,0.82,-2.14,8.28,-4.56,0.53999996,7.6949997,-0.94,-0.18,-1.4200001,0.0,0.0,0.0,0.0,22,0.34199598,-7.514241,-0.0640923,0.16216244,0.8497044,0.8176968,-0.14628454,-0.63288826,-0.44533426,-0.58098114,0.21018243,1.4290681,-0.5015276,0.6522652,1.1603862,0.4664649,0.25634244,-0.14806128,0.0,0.0,0.0,0.0,22,-0.5950001,-16.077291,-0.8159996,-0.32500035,-3.72,10.066667,0.10555556,-3.4277778,0.87222224,0.28333333,-1.6666666,-1.8933333,-2.2266667,-5.411111,3.3833334,0.31111112,0.85,0.81666666,0.0,0.0,0.0,0.0
11,0.22156394099874888,1789462730.795956,-0.002440651,0.020073945,-0.004694344,0.00080561877,0.0056533813,-80.02638,-96.10742,-100.12524,-90.01898,0.024430847,0.0010574341,-0.0066604614,79.98879,96.063065,100.12946,90.029015,-0.007182312,0.00034332275,0.0,0.0,0.0,0.0,0.0,0.0,-0.0,0.0,0.0,0.0,0.0,0.0,0.0,-0.059999086,0.0,0.0,0.0,0.0,0.0,0.0,-0.0,-0.0,0.0,0.0,0.0,0.0,-0.002440651,0.019990789,-0.004160664,0.000809018,0.0056877136,-80.02635,-96.10741,-100.12524,-90.01897,0.024458313,0.0010437012,-0.0067634583,79.98893,96.06304,100.12945,90.02901,-0.007168579,0.00035705566,0.0,0.0,0.0,0.0,22,-0.9871335,-16.593075,-0.87020385,-0.38983324,-12.545334,2.7491944,-1.5520873,-8.731917,0.8988515,0.8811983,-2.1766686,8.479939,-4.726575,0.59488636,7.6973777,-0.9540549,-0.19602954,-1.453384,0.0,0.0,0.0,0.0,22,-0.8330001,-16.288836,-0.8159996,-0.35000035,-12.36,2.76,-1.53,-8.73,0.88,0.82,-2.16,8.28,-4.68,0.585,7.605,-0.94,-0.18,-1.38,0.0,0.0,0.0,0.0,22,0.3589924,-7.5127616,-0.06447398,0.1621619,0.8485431,0.8201859,-0.15102401,-0.6328817,-0.4460293,-0.5823679,0.21091706,1.4285103,-0.49209532,0.6414832,1.1606438,0.4668173,0.25445837,-0.1496252,0.0,0.0,0.0,0.0,22,-0.8330001,-16.288836,-0.8159996,-0.35000035,-3.7466667,10.013333,0.072222225,-3.4333334,0.8611111,0.27222222,-1.6555556,-1.8933333,-2.24,-5.4555554,3.3277779,0.33333334,0.85555553,0.8111111,0.0,0.0,0.0,0.0
12,0.2415935030003311,1789462730.8159854,-0.002440651,0.020073945,-0.004694344,0.00080561877,0.0056648254,-80.02636,-96.10747,-100.125244,-90.01897,0.024430847,0.0010574341,-0.0066719055,79.9888,96.06308,100.12946,90.029015,-0.007196045,0.00032958985,0.0,0.0,0.0,0.0,0.0,0.0,-0.0,0.0,0.0,0.0,0.0,0.0,0.0,-0.0,0.059999086,0.0,0.0,0.0,0.0,0.0,-0.0,-0.059999086,0.0,0.0,0.0,0.0,-0.002440651,0.019990789,-0.004160664,0.000809018,0.0056877136,-80.02635,-96.10741,-100.12524,-90.01897,0.024458313,0.0010437012,-0.0067634583,79.98893,96.06304,100.12945,90.02901,-0.007168579,0.00035705566,0.0,0.0,0.0,0.0,22,-0.98235774,-16.594116,-0.86943454,-0.38983214,-12.551673,2.7483103,-1.5549097,-8.737526,0.8989062,0.8237687,-2.231696,8.476764,-4.7260146,0.5948919,7.6926203,-0.9545927,-0.19461057,-1.3998662,0.0,0.0,0.0,0.0,22,-0.8330001,-16.288836,-0.8159996,-0.32500035,-12.48,2.76,-1.53,-8.775,0.88,0.82,-2.16,8.28,-4.44,0.585,7.6949997,-0.92,-0.16,-1.4200001,0.0,0.0,0.0,0.0,22,0.35674378,-7.5124726,-0.0648614,0.16216137,0.850782,0.81870794,-0.14942016,-0.62935567,-0.44637194,-0.58347315,0.21267135,1.4308445,-0.49370807,0.6410228,1.1628788,0.46735096,0.2534409,-0.14949395,0.0,0.0,0.0,0.0,22,-0.8330001,-16.288836,-0.8159996,-0.32500035,-3.7733333,10.04,0.044444446,-3.3722222,0.8833333,0.26666668,-1.6666666,-1.7333333,-2.28,-5.5333333,3.3444445,0.39444444,0.89444447,0.79444444,0.0,0.0,0.0,0.0
13,0.26160031700055697,1789462730.835992,-0.002440651,0.020074347,-0.004694344,0.00080561877,0.0056648254,-80.0264,-96.10745,-100.12522,-90.01899,0.024485778,0.0010299683,-0.0066604614,79.9888,96.06304,100.12946,90.02901,-0.007182312,0.00035705566,0.0,0.0,0.0,0.0,0.0,0.0,-0.0,0.0,0.0,0.0,-0.059999086,0.059999086,-0.059999086,-0.0,0.0,0.0,0.0,0.0,0.0,0.0,-0.0,-0.0,0.0,0.0,0.0,0.0,-0.002440651,0.019990789,-0.004160664,0.000809018,0.0056877136,-80.02635,-96.10741,-100.12524,-90.01897,0.024458313,0.0010437012,-0.0067634583,79.98893,96.06304,100.12945,90.02901,-0.007168579,0.00035705566,0.0,0.0,0.0,0.0,22,-1.0093697,-16.61651,-0.86868703,-0.38983107,-12.565602,2.7379797,-1.4801508,-8.807325,0.95089334,0.8246991,-2.18209,8.47788,-4.7244067,0.59652674,7.697816,-0.9552522,-0.19398925,-1.4539623,0.0,0.0,0.0,0.0,22,-0.8330001,-16.288836,-0.74799967,-0.32500035,-12.36,2.52,-1.4399999,-8.639999,0.84000003,0.82,-2.16,8.28,-4.56,0.63,7.6499996,-0.94,-0.16,-1.44,0.0,0.0,0.0,0.0,22,0.36923298,-7.5018973,-0.065236434,0.16216083,0.8572479,0.82582974,-0.15920882,-0.622603,-0.4453729,-0.58297163,0.21414825,1.4295567,-0.49473467,0.64063126,1.1601644,0.46831626,0.2524407,-0.14939003,0.0,0.0,0.0,0.0,22,-0.8330001,-16.288836,-0.74799967,-0.32500035,-3.7733333,10.0,0.072222225,-3.4222221,0.8833333,0.26666668,-1.65,-1.7733333,-2.2666667,-5.4055557,3.3666666,0.33333334,0.87777776,0.7888889,0.0,0.0,0.0,0.0
14,0.28158109600190073,1789462730.8559728,-0.002440651,0.020074347,-0.004694344,0.00080561877,0.0056648254,-80.0264,-96.10742,-100.12524,-90.01898,0.024430847,0.0010162353,-0.0066604614,79.988815,96.06305,100.12948,90.02899,-0.007196045,0.00037078856,0.0,0.0,0.0,0.0,0.0,0.0,-0.0,0.0,0.0,0.0,0.0,0.0,0.0,-0.059999086,0.0,0.0,0.0,0.059999086,0.0,0.0,-0.0,-0.0,0.0,0.0,0.0,0.0,-0.002440651,0.019990789,-0.004160664,0.000809018,0.0056877136,-80.02635,-96.10741,-100.12524,-90.01897,0.024458313,0.0010437012,-0.0067634583,79.98893,96.06304,100.12945,90.02901,-0.007168579,0.00035705566,0.0,0.0,0.0,0.0,22,-0.9610638,-16.588652,-0.86794007,-0.38983002,-12.546415,2.7530158,-1.5518972,-8.734212,0.90000993,0.8807771,-2.1741555,8.475156,-4.705777,0.521112,7.6963334,-0.95320404,-0.20137323,-1.4544432,0.0,0.0,0.0,0.0,22,-0.8330001,-16.288836,-0.74799967,-0.35000035,-12.48,2.64,-1.5749999,-8.775,0.86,0.78000003,-2.16,8.28,-4.56,0.53999996,7.6499996,-0.92,-0.22,-1.4200001,0.0,0.0,0.0,0.0,22,0.34705642,-7.5149555,-0.065610826,0.16216029,0.84817773,0.8190671,-0.15106235,-0.63060194,-0.44718125,-0.58192545,0.20951259,1.4307622,-0.5038944,0.6502796,1.161193,0.46664634,0.25724012,-0.14925571,0.0,0.0,0.0,0.0,22,-0.8330001,-16.288836,-0.74799967,-0.35000035,-3.72,9.946667,0.08888889,-3.338889,0.87222224,0.2777778,-1.6888889,-1.84,-2.2133334,-5.4444447,3.3833334,0.29444444,0.9111111,0.8333333,0.0,0.0,0.0,0.0
15,0.30130711699894164,1789462730.875699,-0.002440651,0.020074748,-0.004694344,0.00080561877,0.0056648254,-80.0264,-96.10744,-100.12524,-90.01897,0.02444458,0.0010162353,-0.0066719055,79.9888,96.06304,100.12946,90.02901,-0.007209778,0.00032958985,0.0,0.0,0.0,0.0,0.0,0.0,-0.0,0.0,0.0,0.0,0.0,0.0,0.0,-0.0,-0.059999086,0.0,0.0,-0.059999086,0.0,0.0,-0.059999086,-0.0,0.0,0.0,0.0,0.0,-0.002440651,0.019990789,-0.004160664,0.000809018,0.0056877136,-80.02635,-96.10741,-100.12524,-90.01897,0.024458313,0.0010437012,-0.0067634583,79.98893,96.06304,100.12945,90.02901,-0.007168579,0.00035705566,0.0,0.0,0.0,0.0,22,-1.0134917,-16.59722,-0.8672132,-0.38982898,-12.542609,2.7554138,-1.5585978,-8.728695,0.90015686,0.8236837,-2.1166072,8.480955,-4.7441735,0.67872334,7.6957946,-0.9526883,-0.12992169,-1.4531283,0.0,0.0,0.0,0.0,22,-0.5950001,-16.077291,-0.74799967,-0.32500035,-12.36,2.64,-1.53,-8.594999,0.90000004,0.78000003,-2.14,8.28,-4.44,0.53999996,7.6499996,-0.92,-0.120000005,-1.4200001,0.0,0.0,0.0,0.0,22,0.3712456,-7.5107274,-0.065974526,0.16215977,0.84641,0.81806725,-0.14645633,-0.63361514,-0.4476068,-0.58376986,0.20525643,1.4285889,-0.48557314,0.626267,1.162157,0.46566427,0.25072366,-0.14948893,0.0,0.0,0.0,0.0,22,-0.5950001,-16.077291,-0.74799967,-0.32500035,-3.72,9.933333,0.11111111,-3.4444444,0.8666667,0.25555557,-1.6666666,-1.84,-2.28,-5.45,3.3444445,0.32222223,0.85,0.8333333,0.0,0.0,0.0,0.0
16,0.3214794589985104,1789462730.8958712,-0.002440651,0.020074748,-0.004697743,0.00080561877,0.0056648254,-80.02638,-96.10744,-100.125206,-90.01897,0.024430847,0.0010025024,-0.0066604614,79.9888,96.06305,100.12945,90.02901,-0.007196045,0.00034332275,0.0,0.0,0.0,0.0,0.0,0.0,-0.0,0.0,0.0,0.0,0.0,0.059999086,0.0,-0.0,0.0,0.0,0.0,0.0,0.0,0.059999086,-0.0,-0.0,0.0,0.0,0.0,0.0,-0.002440651,0.019990789,-0.004160664,0.000809018,0.0056877136,-80.02635,-96.10741,-100.12524,-90.01897,0.024458313,0.0010437012,-0.0067634583,79.98893,96.06304,100.12945,90.02901,-0.007168579,0.00035705566,0.0,0.0,0.0,0.0,22,-0.9833243,-16.623251,-0.8664136,-0.3898279,-12.566499,2.7565036,-1.5576886,-8.810141,0.8999525,0.82576126,-2.1779635,8.475435,-4.71972,0.5954961,7.6964574,-1.0041242,-0.19487984,-1.4546776,0.0,0.0,0.0,0.0,22,-0.47600007,-16.288836,-0.74799967,-0.35000035,-12.36,2.52,-1.485,-8.73,0.86,0.8,-2.14,8.28,-4.68,0.53999996,7.6949997,-0.94,-0.18,-1.4200001,0.0,0.0,0.0,0.0,22,0.35750273,-7.49873,-0.066363625,0.16215923,0.85753554,0.81651014,-0.14730936,-0.6202001,-0.44739786,-0.5854456,0.21077333,1.4305315,-0.4970129,0.6410741,1.1619225,0.46476206,0.2537321,-0.14828873,0.0,0.0,0.0,0.0,22,-0.47600007,-16.288836,-0.74799967,-0.35000035,-3.84,10.0,0.11666667,-3.4,0.8611111,0.25,-1.6611111,-1.88,-2.28,-5.4166665,3.4277778,0.31111112,0.90555555,0.8388889,0.0,0.0,0.0,0.0
17,0.34149296499890625,1789462730.9158847,-0.002440651,0.02007515,-0.004697743,0.00080561877,0.0056648254,-80.026375,-96.10744,-100.12524,-90.01897,0.024458313,0.0010299683,-0.0066604614,79.98879,96.06304,100.12946,90.02899,-0.007168579,0.00034332275,0.0,0.0,0.0,0.0,0.0,0.0,-0.0,0.0,0.0,0.0,0.0,0.0,0.0,-0.0,-0.059999086,0.0,0.0,-0.059999086,0.0,0.0,-0.0,-0.0,0.0,0.0,0.0,0.0,-0.002440651,0.019990789,-0.004160664,0.000809018,0.0056877136,-80.02635,-96.10741,-100.12524,-90.01897,0.024458313,0.0010437012,-0.0067634583,79.98893,96.06304,100.12945,90.02901,-0.007168579,0.00035705566,0.0,0.0,0.0,0.0,22,-1.0084783,-16.596663,-0.8656559,-0.38982683,-12.541984,2.7531078,-1.5569241,-8.729273,0.89914685,0.8229907,-2.1162953,8.476201,-4.735346,0.67136425,7.6958623,-0.9502215,-0.18636465,-1.4540555,0.0,0.0,0.0,0.0,22,-0.47600007,-16.288836,-0.8159996,-0.35000035,-12.48,2.52,-1.4399999,-8.73,0.88,0.84000003,-2.14,8.4,-4.56,0.585,7.6499996,-0.92,-0.16,-1.44,0.0,0.0,0.0,0.0,22,0.36897388,-7.5111804,-0.06674647,0.1621587,0.8460374,0.8165472,-0.1480243,-0.6330465,-0.44659612,-0.5834645,0.2046081,1.4302548,-0.48922035,0.63098085,1.1620483,0.46351638,0.25007415,-0.14889891,0.0,0.0,0.0,0.0,22,-0.47600007,-16.288836,-0.8159996,-0.35000035,-3.76,9.853333,0.06666667,-3.4277778,0.9111111,0.2611111,-1.6333333,-1.9066666,-2.2533333,-5.5333333,3.3888888,0.32777777,0.8888889,0.8277778,0.0,0.0,0.0,0.0
18,0.3616449690016452,1789462730.9360368,-0.002440651,0.02007515,-0.004697743,0.00080561877,0.0056648254,-80.02638,-96.10742,-100.125244,-90.01898,0.024430847,0.0010299683,-0.0066604614,79.9888,96.063065,100.12948,90.02901,-0.007168579,0.00032958985,0.0,0.0,0.0,0.0,0.0,0.0,-0.0,0.0,0.0,0.0,0.0,0.0,0.0,-0.059999086,0.0,0.0,0.0,0.0,0.0,0.0,-0.0,-0.0,0.0,0.0,0.0,0.0,-0.002440651,0.019990789,-0.004160664,0.000809018,0.0056877136,-80.02635,-96.10741,-100.12524,-90.01897,0.024458313,0.0010437012,-0.0067634583,79.98893,96.06304,100.12945,90.02901,-0.007168579,0.00035705566,0.0,0.0,0.0,0.0,22,-0.98721164,-16.596079,-0.86488223,-0.38982573,-12.54597,2.7513611,-1.5510855,-8.732969,0.8974255,0.87856454,-2.171391,8.473063,-4.715727,0.5950402,7.6952305,-0.94941956,-0.19216378,-1.4565881,0.0,0.0,0.0,0.0,22,-0.5950001,-16.077291,-0.74799967,-0.32500035,-12.24,2.4,-1.5749999,-8.684999,0.86,0.78000003,-2.14,8.28,-4.56,0.49499997,7.6499996,-0.88,-0.16,-1.4200001,0.0,0.0,0.0,0.0,22,0.3590512,-7.511337,-0.06713583,0.16215816,0.8482526,0.8193941,-0.15167668,-0.63143015,-0.44459084,-0.5796985,0.20642975,1.4318613,-0.4993479,0.6411085,1.1622207,0.462491,0.25025576,-0.14599535,0.0,0.0,0.0,0.0,22,-0.5950001,-16.077291,-0.74799967,-0.32500035,-3.7066667,9.973333,0.07777778,-3.4055555,0.8611111,0.25555557,-1.6444445,-1.8933333,-2.2133334,-5.388889,3.3555555,0.33333334,0.9222222,0.8111111,0.0,0.0,0.0,0.0
19,0.3815058729996963,1789462730.9558978,-0.002440651,0.02007515,-0.004697743,0.00080561877,0.0056648254,-80.02638,-96.10744,-100.12522,-90.01898,0.024458313,0.0010437012,-0.0066604614,79.9888,96.06305,100.12949,90.02901,-0.007196045,0.00034332275,0.0,0.0,0.0,0.0,0.0,0.0,-0.0,0.0,0.0,0.0,0.0,0.0,0.0,-0.0,0.0,0.0,0.0,0.0,0.059999086,0.0,-0.0,-0.0,0.0,0.0,0.0,0.0,-0.002440651,0.019990789,-0.004160664,0.000809018,0.0056877136,-80.02635,-96.10741,-100.12524,-90.01897,0.024458313,0.0010437012,-0.0067634583,79.98893,96.06304,100.12945,90.02901,-0.007168579,0.00035705566,0.0,0.0,0.0,0.0,22,-0.98362803,-16.570837,-0.8641296,-0.38982466,-12.54593,2.7550542,-1.5560538,-8.735159,0.8972921,0.82065606,-2.1720507,8.452251,-4.712283,0.5936728,7.620283,-0.9513441,-0.19318321,-1.449638,0.0,0.0,0.0,0.0,22,-0.8330001,-16.288836,-0.74799967,-0.35000035,-12.36,2.52,-1.485,-8.73,0.86,0.82,-2.16,8.4,-4.56,0.53999996,7.6949997,-0.94,-0.18,-1.4200001,0.0,0.0,0.0,0.0,22,0.3577294,-7.5229125,-0.06751347,0.16215762,0.84808236,0.8173416,-0.14879663,-0.63009626,-0.4444423,-0.5811233,0.2067339,1.4414545,-0.500783,0.64286596,1.1720371,0.46442673,0.25207794,-0.15037115,0.0,0.0,0.0,0.0,22,-0.8330001,-16.288836,-0.74799967,-0.35000035,-3.7466667,9.933333,0.05,-3.3666666,0.9111111,0.29444444,-1.6277778,-1.8533334,-2.2533333,-5.411111,3.3777778,0.30555555,0.8833333,0.8,0.0,0.0,0.0,0.0
20,0.4015872900017712,1789462730.975979,-0.002440651,0.020075552,-0.004697743,0.00080561877,0.0056648254,-80.02638,-96.10741,-100.12524,-90.01898,0.024458313,0.0010162353,-0.0066604614,79.9888,96.06305,100.12946,90.029015,-0.007168579,0.00032958985,0.0,0.0,0.0,0.0,0.0,0.0,-0.0,0.0,0.0,0.0,0.0,0.0,-0.059999086,-0.0,0.0,0.0,0.0,0.0,0.0,0.0,-0.0,-0.059999086,0.0,0.0,0.0,0.0,-0.002440651,0.019990789,-0.004160664,0.000809018,0.0056877136,-80.02635,-96.10741,-100.12524,-90.01897,0.024458313,0.0010437012,-0.0067634583,79.98893,96.06304,100.12945,90.02901,-0.007168579,0.00035705566,0.0,0.0,0.0,0.0,22,-0.9829848,-16.593174,-0.86337876,-0.38982362,-12.545668,2.7562656,-1.5560106,-8.73348,0.9536475,0.8204933,-2.1723924,8.467141,-4.712865,0.5918042,7.6907444,-0.954349,-0.1930951,-1.3991591,0.0,0.0,0.0,0.0,22,-0.8330001,-16.288836,-0.74799967,-0.32500035,-12.6,2.64,-1.5749999,-8.684999,0.90000004,0.78000003,-2.14,8.28,-4.56,0.585,7.6949997,-0.92,-0.18,-1.44,0.0,0.0,0.0,0.0,22,0.35741863,-7.512467,-0.06788946,0.16215709,0.8479398,0.816356,-0.14957842,-0.63138866,-0.4483649,-0.58094686,0.20780295,1.4346353,-0.50036186,0.644697,1.1645825,0.46711203,0.25120208,-0.15012501,0.0,0.0,0.0,0.0,22,-0.8330001,-16.288836,-0.74799967,-0.32500035,-3.88,10.04,0.11111111,-3.3611112,0.90555555,0.28333333,-1.65,-1.8,-2.1466668,-5.3944445,3.3888888,0.27222222,0.9,0.8055556,0.0,0.0,0.0,0.0
21,0.42137306700169574,1789462730.995765,-0.002440651,0.020075552,-0.004697743,0.00080561877,0.0056648254,-80.0264,-96.10744,-100.12524,-90.01895,0.02444458,0.0010299683,-0.0066719055,79.9888,96.063065,100.12948,90.02901,-0.007182312,0.00037078856,0.0,0.0,0.0,0.0,0.0,0.0,-0.0,0.0,0.0,0.0,0.0,0.0,0.0,0.059999086,0.0,0.0,0.0,0.0,0.0,0.0,-0.0,-0.0,0.0,0.0,0.0,0.0,-0.002440651,0.019990789,-0.004160664,0.000809018,0.0056877136,-80.02635,-96.10741,-100.12524,-90.01897,0.024458313,0.0010437012,-0.0067634583,79.98893,96.06304,100.12945,90.02901,-0.007168579,0.00035705566,0.0,0.0,0.0,0.0,22,-0.9769071,-16.599768,-0.86264664,-0.38982257,-12.545707,2.761217,-1.5608466,-8.734222,0.8990417,0.7560453,-2.1720393,8.472471,-4.711271,0.59283376,7.696195,-0.9561533,-0.19011524,-1.4530665,0.0,0.0,0.0,0.0,22,-0.5950001,-16.077291,-0.8159996,-0.35000035,-12.24,2.52,-1.485,-8.73,0.88,0.8,-2.16,8.4,-4.68,0.585,7.6949997,-0.94,-0.18,-1.44,0.0,0.0,0.0,0.0,22,0.35426143,-7.509433,-0.068256,0.16215657,0.84787303,0.8151213,-0.1464703,-0.6306132,-0.44677672,-0.5746631,0.20710073,1.4328094,-0.5013893,0.6432045,1.1612049,0.46922314,0.24862532,-0.1505728,0.0,0.0,0.0,0.0,22,-0.5950001,-16.077291,-0.8159996,-0.35000035,-3.7333333,9.933333,0.07777778,-3.4388888,0.8611111,0.29444444,-1.6555556,-1.7866666,-2.2133334,-5.4333334,3.3444445,0.33333334,0.93333334,0.8111111,0.0,0.0,0.0,0.0
22,0.44173577100082184,1789462731.0161276,-0.002440651,0.020075953,-0.004701142,0.00080561877,0.0056648254,-80.0264,-96.10745,-100.12522,-90.01898,0.024458313,0.0010437012,-0.0066604614,79.9888,96.063065,100.12946,90.02901,-0.007196045,0.0003845215,0.0,0.0,0.0,0.0,0.0,0.0,-0.0,0.0,0.0,0.0,0.0,0.0,0.0,-0.0,0.0,0.0,0.0,0.0,0.0,0.0,-0.059999086,0.059999086,0.0,0.0,0.0,0.0,-0.002440651,0.019990789,-0.004160664,0.000809018,0.0056877136,-80.02635,-96.10741,-100.12524,-90.01897,0.024458313,0.0010437012,-0.0067634583,79.98893,96.06304,100.12945,90.02901,-0.007168579,0.00035705566,0.0,0.0,0.0,0.0,22,-0.9877374,-16.606035,-0.86166143,-0.38982147,-12.545065,2.759377,-1.5537852,-8.734849,0.9015636,0.8125401,-2.172807,8.474207,-4.712849,0.59850734,7.7008877,-0.95292807,-0.13294812,-1.5090585,0.0,0.0,0.0,0.0,22,-0.5950001,-16.077291,-0.8159996,-0.32500035,-12.36,2.52,-1.4399999,-8.73,0.90000004,0.78000003,-2.14,8.28,-4.68,0.585,7.6499996,-0.94,-0.16,-1.4200001,0.0,0.0,0.0,0.0,22,0.3596498,-7.506243,-0.068819255,0.16215602,0.8476026,0.8157342,-0.15049037,-0.6304198,-0.44871008,-0.5729931,0.20751804,1.4311484,-0.5006514,0.64007086,1.1594149,0.46598798,0.25040895,-0.14821647,0.0,0.0,0.0,0.0,22,-0.5950001,-16.077291,-0.8159996,-0.32500035,-3.7733333,9.973333,0.06111111,-3.4166667,0.87222224,0.26666668,-1.6611111,-1.8933333,-2.2533333,-5.422222,3.3777778,0.37777779,0.9166667,0.8388889,0.0,0.0,0.0,0.0
23,0.4610440549986379,1789462731.0354357,-0.002440651,0.020075953,-0.004701142,0.00080561877,0.0056648254,-80.02638,-96.1074,-100.12524,-90.01897,0.024430847,0.0010299683,-0.0066604614,79.9888,96.06305,100.12946,90.029015,-0.007182312,0.00035705566,0.0,0.0,0.0,0.0,0.0,0.0,-0.0,0.0,0.0,0.0,0.059999086,0.0,0.0,-0.0,0.0,0.0,0.0,0.0,0.0,0.0,-0.0,0.059999086,0.0,0.0,0.0,0.0,-0.002440651,0.019990789,-0.004160664,0.000809018,0.0056877136,-80.02635,-96.10741,-100.12524,-90.01897,0.024458313,0.0010437012,-0.0067634583,79.98893,96.06304,100.12945,90.02901,-0.007168579,0.00035705566,0.0,0.0,0.0,0.0,22,-0.9562103,-16.609999,-0.86098915,-0.38982043,-12.546586,2.7747982,-1.6337812,-8.734195,0.900046,0.8094507,-2.1723816,8.472295,-4.7093816,0.5943365,7.702801,-0.95314455,-0.19505505,-1.5085018,0.0,0.0,0.0,0.0,22,-0.8330001,-16.288836,-0.8159996,-0.32500035,-12.36,2.52,-1.4399999,-8.639999,0.88,0.8,-2.16,8.4,-4.68,0.585,7.6499996,-0.92,-0.16,-1.4,0.0,0.0,0.0,0.0,22,0.34506428,-7.5048466,-0.06912365,0.1621555,0.8482566,0.80913955,-0.13745634,-0.63066405,-0.4474315,-0.5721043,0.20746422,1.4323242,-0.501885,0.64205396,1.1574875,0.46592242,0.25357738,-0.1480428,0.0,0.0,0.0,0.0,22,-0.8330001,-16.288836,-0.8159996,-0.32500035,-3.72,10.093333,0.12222222,-3.3722222,0.87777776,0.24444444,-1.6444445,-1.84,-2.3466666,-5.4888887,3.45,0.32777777,0.9166667,0.8055556,0.0,0.0,0.0,0.0
24,0.4813091149990214,1789462731.055701,-0.002440651,0.020075953,-0.004701142,0.00080561877,0.0056533813,-80.02638,-96.10747,-100.125244,-90.01898,0.024472047,0.0010574341,-0.0066604614,79.9888,96.06305,100.12946,90.029015,-0.007154846,0.00037078856,0.0,0.0,0.0,0.0,0.0,0.0,-0.0,0.0,0.0,0.0,-0.059999086,0.0,0.0,-0.0,0.0,0.0,0.0,0.0,0.0,0.0,0.059999086,0.059999086,0.0,0.0,0.0,0.0,-0.002440651,0.019990789,-0.004160664,0.000809018,0.0056877136,-80.02635,-96.10741,-100.12524,-90.01897,0.024458313,0.0010437012,-0.0067634583,79.98893,96.06304,100.12945,90.02901,-0.007168579,0.00035705566,0.0,0.0,0.0,0.0,22,-1.002668,-16.598686,-0.8602707,-0.38981935,-12.542852,2.7367988,-1.4811336,-8.731272,0.89844763,0.8254115,-2.1749208,8.471064,-4.7039824,0.5914548,7.702106,-0.9525901,-0.25575772,-1.5081323,0.0,0.0,0.0,0.0,22,-0.5950001,-16.288836,-0.8159996,-0.32500035,-12.48,2.64,-1.5749999,-8.73,0.86,0.8,-2.16,8.28,-4.68,0.53999996,7.6499996,-0.88,-0.16,-1.44,0.0,0.0,0.0,0.0,22,0.36592644,-7.5100117,-0.06946477,0.16215497,0.8484802,0.8258613,-0.15730822,-0.63313985,-0.4456546,-0.583248,0.20930068,1.4328127,-0.505029,0.64232826,1.1581647,0.4653863,0.25494617,-0.14876108,0.0,0.0,0.0,0.0,22,-0.5950001,-16.288836,-0.8159996,-0.32500035,-3.8,9.893333,0.11666667,-3.4055555,0.8833333,0.25555557,-1.6333333,-1.8,-2.2533333,-5.477778,3.35,0.33888888,0.9111111,0.8277778,0.0,0.0,0.0,0.0
25,0.5016083059999801,1789462731.0760002,-0.002440651,0.020076355,-0.004701142,0.00080561877,0.0056648254,-80.0264,-96.10742,-100.125244,-90.01897,0.024485778,0.0010299683,-0.0066604614,79.9888,96.063065,100.12948,90.029015,-0.007168579,0.00035705566,0.0,0.0,0.0,0.0,0.0,0.0,-0.0,0.0,0.0,0.0,0.0,0.0,0.0,0.059999086,0.0,0.0,0.0,0.0,0.0,0.0,-0.0,-0.0,0.0,0.0,0.0,0.0,-0.002440651,0.019990789,-0.004160664,0.000809018,0.0056877136,-80.02635,-96.10741,-100.12524,-90.01897,0.024458313,0.0010437012,-0.0067634583,79.98893,96.06304,100.12945,90.02901,-0.007168579,0.00035705566,0.0,0.0,0.0,0.0,22,-0.9762266,-16.601164,-0.859518,-0.38981825,-12.545983,2.7624066,-1.5642697,-8.732562,0.9012945,0.7609591,-2.1751633,8.465215,-4.7043457,0.59634984,7.69563,-0.9529065,-0.19355929,-1.4541017,0.0,0.0,0.0,0.0,22,-0.8330001,-16.288836,-0.8159996,-0.35000035,-12.36,2.52,-1.485,-8.73,0.90000004,0.8,-2.14,8.28,-4.68,0.53999996,7.6949997,-0.92,-0.18,-1.4200001,0.0,0.0,0.0,0.0,22,0.35358056,-7.5089617,-0.06983079,0.16215442,0.84864956,0.8147325,-0.14327738,-0.6318667,-0.44872415,-0.5807336,0.21026972,1.4362358,-0.5050523,0.63953686,1.1616862,0.4656766,0.25169808,-0.14913644,0.0,0.0,0.0,0.0,22,-0.8330001,-16.288836,-0.8159996,-0.35000035,-3.7866666,10.026667,0.1,-3.3722222,0.8611111,0.24444444,-1.6777778,-1.8,-2.2,-5.483333,3.3166666,0.30555555,0.85555553,0.82222223,0.0,0.0,0.0,0.0
26,0.5211033589985163,1789462731.0954952,-0.002440651,0.020076355,-0.004701142,0.00080561877,0.0056648254,-80.026375,-96.10742,-100.125206,-90.01897,0.024458313,0.0010162353,-0.0066604614,79.9888,96.06305,100.12946,90.02901,-0.007168579,0.00034332275,0.0,0.0,0.0,0.0,0.0,0.0,-0.0,0.0,0.0,0.0,0.0,0.059999086,0.0,-0.0,0.0,0.0,0.0,0.0,0.0,0.0,0.059999086,-0.0,0.0,0.0,0.0,0.0,-0.002440651,0.019990789,-0.004160664,0.000809018,0.0056877136,-80.02635,-96.10741,-100.12524,-90.01897,0.024458313,0.0010437012,-0.0067634583,79.98893,96.06304,100.12945,90.02901,-0.007168579,0.00035705566,0.0,0.0,0.0,0.0,22,-0.9777957,-16.626587,-0.8587927,-0.38981724,-12.564644,2.758824,-1.558226,-8.809605,0.9004575,0.82031065,-2.177789,8.464266,-4.699903,0.5914975,7.695184,-0.9527486,-0.25375238,-1.4545245,0.0,0.0,0.0,0.0,22,-0.8330001,-16.077293,-0.8159996,-0.32500035,-12.48,2.52,-1.53,-8.684999,0.84000003,0.82,-2.16,8.4,-4.56,0.585,7.6499996,-0.94,-0.16,-1.44,0.0,0.0,0.0,0.0,22,0.35466185,-7.4971046,-0.070188195,0.1621539,0.85695904,0.81406134,-0.14668319,-0.62077516,-0.44789192,-0.58073497,0.21033913,1.4364402,-0.5072638,0.6422109,1.1625395,0.4658376,0.2533479,-0.148344,0.0,0.0,0.0,0.0,22,-0.8330001,-16.077293,-0.8159996,-0.32500035,-3.8,9.986667,0.1,-3.3888888,0.8666667,0.30555555,-1.6277778,-1.8,-2.2666667,-5.5055556,3.3722222,0.29444444,0.87222224,0.8,0.0,0.0,0.0,0.0
27,0.5415296559986018,1789462731.1159215,-0.002440651,0.020076757,-0.004701142,0.00080561877,0.0056533813,-80.026375,-96.10744,-100.12522,-90.01895,0.024485778,0.0010299683,-0.0066719055,79.988815,96.06305,100.12948,90.029015,-0.007209778,0.00034332275,0.0,0.0,0.0,0.0,0.0,0.0,-0.0,0.0,0.0,0.0,0.0,0.059999086,0.0,-0.0,0.0,0.0,0.0,0.0,0.0,0.0,-0.0,-0.0,0.0,0.0,0.0,0.0,-0.002440651,0.019990789,-0.004160664,0.000809018,0.0056877136,-80.02635,-96.10741,-100.12524,-90.01897,0.024458313,0.0010437012,-0.0067634583,79.98893,96.06304,100.12945,90.02901,-0.007168579,0.00035705566,0.0,0.0,0.0,0.0,22,-0.982583,-16.628244,-0.8580432,-0.38981616,-12.561801,2.7590685,-1.5552001,-8.8092575,0.8995744,0.822418,-2.177959,8.466262,-4.703708,0.595796,7.694956,-0.9520403,-0.19576177,-1.4537016,0.0,0.0,0.0,0.0,22,-0.8330001,-16.077293,-0.74799967,-0.32500035,-12.48,2.64,-1.485,-8.73,0.88,0.82,-2.14,8.28,-4.44,0.585,7.6949997,-0.92,-0.18,-1.4200001,0.0,0.0,0.0,0.0,22,0.35670093,-7.49623,-0.070560515,0.16215336,0.8560835,0.8139875,-0.14923303,-0.6206957,-0.44731182,-0.583624,0.21016479,1.4360292,-0.5061988,0.640461,1.1623297,0.46481404,0.25510037,-0.1491566,0.0,0.0,0.0,0.0,22,-0.8330001,-16.077293,-0.74799967,-0.32500035,-3.5333333,9.96,0.07777778,-3.4222221,0.89444447,0.29444444,-1.65,-1.7733333,-2.24,-5.461111,3.3555555,0.33333334,0.87777776,0.8388889,0.0,0.0,0.0,0.0
28,0.5614127020016895,1789462731.1358047,-0.002440651,0.020076757,-0.0047045415,0.00080561877,0.0056648254,-80.02638,-96.10745,-100.12522,-90.01897,0.024458313,0.0010299683,-0.0066604614,79.988815,96.06304,100.12945,90.029045,-0.007168579,0.00034332275,0.0,0.0,0.0,0.0,0.0,0.0,-0.0,0.0,0.0,0.0,-0.059999086,0.0,0.0,-0.0,0.0,0.0,0.0,-0.059999086,0.0,0.059999086,-0.0,-0.0,0.0,0.0,0.0,0.0,-0.002440651,0.019990789,-0.004160664,0.000809018,0.0056877136,-80.02635,-96.10741,-100.12524,-90.01897,0.024458313,0.0010437012,-0.0067634583,79.98893,96.06304,100.12945,90.02901,-0.007168579,0.00035705566,0.0,0.0,0.0,0.0,22,-1.0335115,-16.60246,-0.85700804,-0.38981506,-12.541929,2.739199,-1.4777306,-8.734462,0.89953184,0.82803637,-2.1737385,8.465438,-4.7201877,0.67503035,7.694966,-1.0038038,-0.19085604,-1.4538184,0.0,0.0,0.0,0.0,22,-0.8330001,-16.077293,-0.74799967,-0.32500035,-12.6,2.64,-1.485,-8.73,0.86,0.82,-2.16,8.28,-4.68,0.53999996,7.6949997,-0.94,-0.16,-1.4200001,0.0,0.0,0.0,0.0,22,0.37981048,-7.5078554,-0.07117239,0.16215281,0.8462178,0.82419795,-0.16092496,-0.63082105,-0.44704396,-0.58545625,0.20887794,1.435548,-0.49964803,0.62686545,1.1631937,0.46347195,0.2519881,-0.14903274,0.0,0.0,0.0,0.0,22,-0.8330001,-16.077293,-0.74799967,-0.32500035,-3.7733333,9.826667,0.033333335,-3.4,0.87222224,0.30555555,-1.6722223,-1.8,-2.12,-5.422222,3.3888888,0.31111112,0.8833333,0.84444445,0.0,0.0,0.0,0.0
29,0.5813429609988816,1789462731.1557348,-0.002440651,0.020076757,-0.0047045415,0.00080561877,0.0056533813,-80.026375,-96.10747,-100.12522,-90.01897,0.024472047,0.0010162353,-0.0066604614,79.9888,96.06311,100.12948,90.02896,-0.007168579,0.00035705566,0.0,0.0,0.0,0.0,0.0,0.0,-0.0,0.0,0.0,0.049999237,-0.059999086,0.0,0.0,0.059999086,0.0,0.0,0.0,0.059999086,0.0,-0.059999086,-0.0,-0.0,0.0,0.0,0.0,0.0,-0.002440651,0.019990789,-0.004160664,0.000809018,0.0056877136,-80.02635,-96.10741,-100.12524,-90.01897,0.024458313,0.0010437012,-0.0067634583,79.98893,96.06304,100.12945,90.02901,-0.007168579,0.00035705566,0.0,0.0,0.0,0.0,22,-1.0000777,-16.582417,-0.85635626,-0.38981402,-12.531671,2.5609658,-1.4582033,-8.732673,0.8996279,0.77127796,-2.175075,8.46054,-4.6765895,0.5200242,7.6933384,-0.8998914,-0.20188439,-1.4536027,0.0,0.0,0.0,0.0,22,-0.23800004,-16.288836,-0.74799967,-0.35000035,-12.48,2.64,-1.4399999,-8.639999,0.88,0.78000003,-2.16,8.4,-4.44,0.585,7.6949997,-0.92,-0.22,-1.4200001,0.0,0.0,0.0,0.0,22,0.36019385,-7.515947,-0.071454,0.16215229,0.8430782,0.83745396,-0.16477934,-0.630528,-0.44729146,-0.5848732,0.21105677,1.4378769,-0.5188107,0.6492096,1.1638588,0.46637544,0.2570699,-0.14958763,0.0,0.0,0.0,0.0,22,-0.23800004,-16.288836,-0.74799967,-0.35000035,-3.76,9.906667,0.11666667,-3.411111,0.8888889,0.24444444,-1.6277778,-1.8,-2.24,-5.4055557,3.3611112,0.35,0.9,0.8388889,0.0,0.0,0.0,0.0
30,0.6012882030008768,1789462731.17568,-0.002440651,0.020077158,-0.0047045415,0.00080561877,0.0056533813,-80.02638,-96.10742,-100.12522,-90.01897,0.02444458,0.0010437012,-0.0066604614,79.988815,96.063065,100.12945,90.02899,-0.007168579,0.00032958985,0.0,0.0,0.0,0.0,0.0,0.0,-0.0,0.0,0.0,0.0,0.0,0.0,0.0,-0.0,0.0,0.0,0.0,0.0,0.0,0.0,-0.0,-0.059999086,0.0,0.0,0.0,0.0,-0.002440651,0.019990789,-0.004160664,0.000809018,0.0056877136,-80.02635,-96.10741,-100.12524,-90.01897,0.024458313,0.0010437012,-0.0067634583,79.98893,96.06304,100.12945,90.02901,-0.007168579,0.00035705566,0.0,0.0,0.0,0.0,22,-0.9812691,-16.595865,-0.85564786,-0.38981295,-12.540597,2.758679,-1.5558487,-8.737187,0.9010884,0.82080376,-2.1748729,8.456581,-4.697191,0.5974895,7.692045,-0.95392203,-0.19663186,-1.4008416,0.0,0.0,0.0,0.0,22,-0.5950001,-16.077293,-0.8159996,-0.35000035,-12.48,2.52,-1.5749999,-8.73,0.88,0.84000003,-2.18,8.4,-4.56,0.675,7.605,-0.92,-0.18,-1.44,0.0,0.0,0.0,0.0,22,0.35577726,-7.5120625,-0.07178277,0.16215177,0.8459735,0.815837,-0.14886244,-0.62810636,-0.44853973,-0.5808121,0.20967825,1.4402088,-0.5100464,0.63824195,1.1635243,0.46729422,0.2548029,-0.1483444,0.0,0.0,0.0,0.0,22,-0.5950001,-16.077293,-0.8159996,-0.35000035,-3.7866666,9.96,0.072222225,-3.3777778,0.9,0.2777778,-1.6555556,-1.72,-2.1733334,-5.383333,3.3722222,0.33333334,0.8888889,0.8111111,0.0,0.0,0.0,0.0
31,0.6213303820004512,1789462731.1957223,-0.002440651,0.020077158,-0.0047045415,0.00080561877,0.0056648254,-80.02638,-96.10744,-100.125244,-90.01897,0.024472047,0.0010437012,-0.0066604614,79.9888,96.06308,100.12946,90.02899,-0.007168579,0.00034332275,0.0,0.0,0.0,0.0,0.0,0.0,-0.0,0.0,0.0,0.0,0.0,0.0,0.0,-0.0,0.0,0.0,0.0,0.0,0.0,-0.059999086,-0.0,-0.0,0.0,0.0,0.0,0.0,-0.002440651,0.019990789,-0.004160664,0.000809018,0.0056877136,-80.02635,-96.10741,-100.12524,-90.01897,0.024458313,0.0010437012,-0.0067634583,79.98893,96.06304,100.12945,90.02901,-0.007168579,0.00035705566,0.0,0.0,0.0,0.0,22,-0.9822036,-16.602983,-0.85491616,-0.38981187,-12.54262,2.759687,-1.553648,-8.734224,0.8994459,0.8158053,-2.1732004,8.46157,-4.694512,0.593573,7.6946607,-0.9014801,-0.19561248,-1.4549298,0.0,0.0,0.0,0.0,22,-0.5950001,-16.288836,-0.74799967,-0.35000035,-12.36,2.64,-1.53,-8.639999,0.88,0.78000003,-2.14,8.28,-4.44,0.585,7.6499996,-0.92,-0.18,-1.4200001,0.0,0.0,0.0,0.0,22,0.3567215,-7.507949,-0.072134785,0.16215123,0.8463095,0.8150163,-0.15058745,-0.63023406,-0.44689763,-0.57659775,0.2080174,1.4368539,-0.51003563,0.6417566,1.1629341,0.46729413,0.25380385,-0.14788589,0.0,0.0,0.0,0.0,22,-0.5950001,-16.288836,-0.74799967,-0.35000035,-3.7733333,9.92,0.10555556,-3.4055555,0.8666667,0.2777778,-1.6777778,-1.8133334,-2.2533333,-5.422222,3.4,0.32777777,0.8388889,0.8111111,0.0,0.0,0.0,0.0
32,0.6416449300013483,1789462731.2160368,-0.002440651,0.02007756,-0.0047045415,0.00080561877,0.0056648254,-80.02638,-96.10742,-100.12524,-90.01897,0.024472047,0.0010437012,-0.0066604614,79.98879,96.063065,100.12946,90.02899,-0.007168579,0.00034332275,0.0,0.0,0.0,0.0,0.0,0.0,-0.0,0.0,0.0,0.0,0.059999086,0.0,0.0,-0.0,0.0,0.0,0.0,0.0,0.0,-0.059999086,-0.0,-0.0,0.0,0.0,0.0,0.0,-0.002440651,0.019990789,-0.004160664,0.000809018,0.0056877136,-80.02635,-96.10741,-100.12524,-90.01897,0.024458313,0.0010437012,-0.0067634583,79.98893,96.06304,100.12945,90.02901,-0.007168579,0.00035705566,0.0,0.0,0.0,0.0,22,-0.955561,-16.608677,-0.854154,-0.3898108,-12.544307,2.7795157,-1.629254,-8.734483,0.89729613,0.8117719,-2.1733177,8.459634,-4.6918178,0.593352,7.696295,-0.90050316,-0.19613248,-1.4550154,0.0,0.0,0.0,0.0,22,-0.5950001,-16.288836,-0.74799967,-0.35000035,-12.24,2.64,-1.4399999,-8.73,0.86,0.8,-2.16,8.4,-4.68,0.49499997,7.6499996,-0.94,-0.18,-1.44,0.0,0.0,0.0,0.0,22,0.34424847,-7.505414,-0.07250786,0.16215068,0.8471285,0.80611557,-0.14066856,-0.630419,-0.4446834,-0.57554877,0.20814134,1.4382783,-0.5097925,0.6423684,1.1612822,0.46631917,0.2543328,-0.14778996,0.0,0.0,0.0,0.0,22,-0.5950001,-16.288836,-0.74799967,-0.35000035,-3.7466667,9.973333,0.10555556,-3.4555554,0.9,0.32222223,-1.6611111,-1.7466667,-2.3466666,-5.388889,3.35,0.31666666,0.87777776,0.8388889,0.0,0.0,0.0,0.0
33,0.6615154159990198,1789462731.2359073,-0.002440651,0.02007756,-0.0047045415,0.00080561877,0.0056533813,-80.02638,-96.10742,-100.12524,-90.01898,0.024458313,0.0010299683,-0.0066719055,79.9888,96.063065,100.12946,90.02901,-0.007182312,0.00032958985,0.0,0.0,0.0,0.0,0.0,0.0,-0.0,0.0,0.0,0.0,0.0,0.0,0.0,-0.0,0.0,0.0,0.0,0.0,0.0,-0.059999086,-0.0,-0.0,0.0,0.0,0.0,0.0,-0.002440651,0.019990789,-0.004160664,0.000809018,0.0056877136,-80.02635,-96.10741,-100.12524,-90.01897,0.024458313,0.0010437012,-0.0067634583,79.98893,96.06304,100.12945,90.02901,-0.007168579,0.00035705566,0.0,0.0,0.0,0.0,22,-0.9805923,-16.603865,-0.8534026,-0.38980973,-12.541268,2.759129,-1.5535866,-8.732276,0.89907026,0.82130986,-2.1727593,8.4601555,-4.69174,0.5949955,7.6982236,-0.90065414,-0.1951168,-1.453006,0.0,0.0,0.0,0.0,22,-0.8330001,-16.50038,-0.74799967,-0.32500035,-12.48,2.52,-1.4399999,-8.73,0.90000004,0.84000003,-2.16,8.28,-4.44,0.53999996,7.6499996,-0.92,-0.18,-1.44,0.0,0.0,0.0,0.0,22,0.35513526,-7.5075526,-0.07287949,0.16215014,0.8470505,0.81595343,-0.15097569,-0.6326101,-0.4462166,-0.5816915,0.20795596,1.4390868,-0.5111674,0.6406949,1.1593399,0.4661704,0.25372216,-0.1494333,0.0,0.0,0.0,0.0,22,-0.8330001,-16.50038,-0.74799967,-0.32500035,-3.6133332,10.013333,0.07777778,-3.45,0.9,0.27222222,-1.6388888,-1.9466667,-2.2133334,-5.461111,3.4,0.32222223,0.8666667,0.8333333,0.0,0.0,0.0,0.0
34,0.6813974200013035,1789462731.2557893,-0.002440651,0.02007756,-0.0047045415,0.00080561877,0.0056533813,-80.02638,-96.10744,-100.125244,-90.01898,0.024458313,0.0010574341,-0.0066719055,79.9888,96.06305,100.12946,90.029015,-0.007168579,0.00034332275,0.0,0.0,0.0,0.0,0.0,0.0,-0.0,0.0,0.0,0.0,0.0,0.0,0.0,-0.0,0.11999817,0.0,0.0,0.0,0.0,0.0,-0.0,-0.0,0.0,0.0,0.0,0.0,-0.002440651,0.019990789,-0.004160664,0.000809018,0.0056877136,-80.02635,-96.10741,-100.12524,-90.01897,0.024458313,0.0010437012,-0.0067634583,79.98893,96.06304,100.12945,90.02901,-0.007168579,0.00035705566,0.0,0.0,0.0,0.0,22,-0.98075104,-16.615702,-0.8526477,-0.38980865,-12.550474,2.7607577,-1.5544114,-8.740619,0.89967215,0.82358664,-2.282952,8.459039,-4.68965,0.5973204,7.697657,-0.9529686,-0.19543089,-1.4531286,0.0,0.0,0.0,0.0,22,-0.8330001,-16.288836,-0.74799967,-0.32500035,-12.24,2.64,-1.53,-8.73,0.88,0.8,-2.14,8.28,-4.68,0.585,7.6949997,-0.94,-0.18,-1.48,0.0,0.0,0.0,0.0,22,0.35516486,-7.5015903,-0.07325475,0.16214961,0.8520658,0.81494695,-0.1496705,-0.62885803,-0.4468316,-0.5839593,0.21087447,1.4397148,-0.51245904,0.6386893,1.1599238,0.4657536,0.25363335,-0.14965984,0.0,0.0,0.0,0.0,22,-0.8330001,-16.288836,-0.74799967,-0.32500035,-3.8,10.106667,0.12222222,-3.3555555,0.8833333,0.2777778,-1.6555556,-1.8133334,-2.2933333,-5.516667,3.3555555,0.31111112,0.8666667,0.84444445,0.0,0.0,0.0,0.0
35,0.701607076000073,1789462731.275999,-0.002440651,0.020077962,-0.004707941,0.00080561877,0.0056648254,-80.02638,-96.10745,-100.12524,-90.01897,0.02444458,0.0010299683,-0.0066604614,79.9888,96.063065,100.12948,90.029015,-0.007168579,0.00032958985,0.0,0.0,0.0,0.0,0.0,0.0,-0.0,0.0,0.0,0.0,-0.059999086,0.0,0.0,-0.0,0.0,0.0,0.0,0.0,0.0,0.0,-0.0,-0.0,0.0,0.0,0.0,0.0,-0.002440651,0.019990789,-0.004160664,0.000809018,0.0056877136,-80.02635,-96.10741,-100.12524,-90.01897,0.024458313,0.0010437012,-0.0067634583,79.98893,96.06304,100.12945,90.02901,-0.007168579,0.00035705566,0.0,0.0,0.0,0.0,22,-1.0079037,-16.599102,-0.8518503,-0.38980758,-12.540614,2.7405648,-1.4789094,-8.733046,0.9000434,0.8283809,-2.1746566,8.455672,-4.6879416,0.5959902,7.6966343,-0.9512834,-0.19661394,-1.4530067,0.0,0.0,0.0,0.0,22,-0.47600007,-16.288836,-0.74799967,-0.32500035,-12.36,2.88,-1.485,-8.73,0.88,0.82,-2.14,8.28,-4.68,0.53999996,7.6949997,-0.92,-0.16,-1.4200001,0.0,0.0,0.0,0.0,22,0.3683143,-7.5098944,-0.0736363,0.16214909,0.84583133,0.82414305,-0.15938655,-0.63184804,-0.44754848,-0.5853581,0.20987856,1.4407322,-0.513347,0.6395541,1.1604952,0.4640666,0.25482014,-0.14940934,0.0,0.0,0.0,0.0,22,-0.47600007,-16.288836,-0.74799967,-0.32500035,-3.6133332,9.92,0.094444446,-3.411111,0.82222223,0.25,-1.6444445,-1.8266667,-2.28,-5.438889,3.3666666,0.28333333,0.9222222,0.81666666,0.0,0.0,0.0,0.0
36,0.7211416579993966,1789462731.2955337,-0.002440651,0.020077962,-0.004707941,0.00080561877,0.0056533813,-80.026375,-96.10744,-100.12522,-90.01898,0.024430847,0.0010162353,-0.0066604614,79.9888,96.06305,100.12946,90.02901,-0.007168579,0.00034332275,0.0,0.0,0.0,0.0,0.0,0.0,-0.0,0.0,0.0,0.0,0.0,0.0,-0.059999086,-0.0,0.0,0.0,0.0,0.0,0.0,0.0,-0.0,-0.0,0.0,0.0,0.0,0.0,-0.002440651,0.019990789,-0.004160664,0.000809018,0.0056877136,-80.02635,-96.10741,-100.12524,-90.01897,0.024458313,0.0010437012,-0.0067634583,79.98893,96.06304,100.12945,90.02901,-0.007168579,0.00035705566,0.0,0.0,0.0,0.0,22,-0.9816835,-16.605171,-0.85109437,-0.38980654,-12.539892,2.7589839,-1.555084,-8.7327175,0.953132,0.8209875,-2.1759732,8.45503,-4.686368,0.5970766,7.6965985,-0.9517636,-0.19587812,-1.4540591,0.0,0.0,0.0,0.0,22,-0.5950001,-16.288836,-0.8159996,-0.35000035,-12.36,2.64,-1.62,-8.73,0.90000004,0.84000003,-2.16,8.28,-4.56,0.63,7.6949997,-0.94,-0.18,-1.4200001,0.0,0.0,0.0,0.0,22,0.35619473,-7.5069833,-0.07401972,0.16214857,0.8460427,0.81452763,-0.14882608,-0.6326461,-0.44784585,-0.5805411,0.21156648,1.4409033,-0.5141458,0.63886136,1.1609395,0.46484783,0.25409353,-0.14870824,0.0,0.0,0.0,0.0,22,-0.5950001,-16.288836,-0.8159996,-0.35000035,-3.7466667,9.986667,0.10555556,-3.4833333,0.87222224,0.25555557,-1.6555556,-1.76,-2.2933333,-5.422222,3.411111,0.31666666,0.87222224,0.87222224,0.0,0.0,0.0,0.0
37,0.7416090240003541,1789462731.3160007,-0.002440651,0.020078363,-0.004707941,0.00080561877,0.0056762695,-80.026375,-96.107475,-100.125244,-90.018936,0.024485778,0.0010299683,-0.0066719055,79.9888,96.063065,100.12946,90.029015,-0.007154846,0.00035705566,0.0,0.0,0.0,0.0,0.0,0.0,-0.0,0.0,0.0,0.0,0.0,0.0,0.0,0.059999086,0.0,0.0,0.0,0.0,0.0,0.059999086,0.059999086,0.059999086,0.0,0.0,0.0,0.0,-0.002440651,0.019990789,-0.004160664,0.000809018,0.0056877136,-80.02635,-96.10741,-100.12524,-90.01897,0.024458313,0.0010437012,-0.0067634583,79.98893,96.06304,100.12945,90.02901,-0.007168579,0.00035705566,0.0,0.0,0.0,0.0,22,-0.9707992,-16.611408,-0.8503055,-0.38980544,-12.542906,2.7609742,-1.5566722,-8.732285,0.9004534,0.7585783,-2.177216,8.459796,-4.682575,0.5897375,7.7027483,-1.0050248,-0.25493133,-1.5071199,0.0,0.0,0.0,0.0,22,-0.5950001,-16.288836,-0.74799967,-0.35000035,-12.36,2.64,-1.5749999,-8.684999,0.88,0.8,-2.16,8.4,-4.68,0.53999996,7.6949997,-0.92,-0.120000005,-1.4,0.0,0.0,0.0,0.0,22,0.35102984,-7.5038013,-0.07441703,0.16214801,0.8452994,0.81412035,-0.148528,-0.6322134,-0.44848815,-0.5782705,0.21246237,1.4393756,-0.51589483,0.64308447,1.1573262,0.46540126,0.25419056,-0.1492834,0.0,0.0,0.0,0.0,22,-0.5950001,-16.288836,-0.74799967,-0.35000035,-3.8,9.92,0.06111111,-3.4,0.8888889,0.25,-1.6444445,-1.84,-2.3333333,-5.522222,3.3444445,0.36666667,0.8611111,0.78333336,0.0,0.0,0.0,0.0
38,0.7614674719989125,1789462731.3358593,-0.002440651,0.020078363,-0.004707941,0.00080561877,0.0056648254,-80.0264,-96.10742,-100.12524,-90.01897,0.024458313,0.0010299683,-0.0066719055,79.9888,96.06304,100.12946,90.029015,-0.007196045,0.00035705566,0.0,0.0,0.0,0.0,0.0,0.0,-0.0,0.0,0.0,0.0,0.0,0.0,0.0,-0.0,0.0,0.0,0.0,0.0,0.0,0.0,-0.0,0.059999086,0.0,0.0,0.0,0.0,-0.002440651,0.019990789,-0.004160664,0.000809018,0.0056877136,-80.02635,-96.10741,-100.12524,-90.01897,0.024458313,0.0010437012,-0.0067634583,79.98893,96.06304,100.12945,90.02901,-0.007168579,0.00035705566,0.0,0.0,0.0,0.0,22,-0.9817865,-16.612383,-0.8495569,-0.38980442,-12.5403805,2.7661777,-1.5548415,-8.733483,0.90212053,0.8208835,-2.1762898,8.459763,-4.684192,0.5952299,7.7002516,-0.9497449,-0.1955366,-1.5081347,0.0,0.0,0.0,0.0,22,-0.47600007,-16.077293,-0.74799967,-0.32500035,-12.48,2.64,-1.4399999,-8.73,0.88,0.78000003,-2.2,8.28,-4.56,0.49499997,7.6499996,-0.92,-0.2,-1.4200001,0.0,0.0,0.0,0.0,22,0.35647094,-7.5030546,-0.07479311,0.16214749,0.8449644,0.81186134,-0.14946415,-0.6314361,-0.44957376,-0.58123803,0.21154787,1.4391553,-0.5149418,0.6410607,1.1597604,0.46253967,0.2545642,-0.14825621,0.0,0.0,0.0,0.0,22,-0.47600007,-16.077293,-0.74799967,-0.32500035,-3.7733333,9.88,0.11111111,-3.3944445,0.87222224,0.25555557,-1.65,-1.76,-2.3333333,-5.45,3.3722222,0.31111112,0.9,0.81666666,0.0,0.0,0.0,0.0
39,0.7815609559984296,1789462731.355953,-0.002440651,0.020078363,-0.004707941,0.00080561877,0.0056762695,-80.0264,-96.10742,-100.12524,-90.01898,0.024458313,0.0010299683,-0.0066604614,79.988815,96.06305,100.12945,90.02901,-0.007154846,0.00034332275,0.0,0.0,0.0,0.0,0.0,0.0,-0.0,0.0,0.0,0.0,0.0,0.0,0.0,-0.0,0.0,0.0,0.0,0.0,0.0,0.0,-0.0,-0.0,0.0,0.0,0.0,0.0,-0.002440651,0.019990789,-0.004160664,0.000809018,0.0056877136,-80.02635,-96.10741,-100.12524,-90.01897,0.024458313,0.0010437012,-0.0067634583,79.98893,96.06304,100.12945,90.02901,-0.007168579,0.00035705566,0.0,0.0,0.0,0.0,22,-0.98230726,-16.608446,-0.84879076,-0.38980335,-12.542296,2.764304,-1.5537478,-8.732021,0.9019976,0.82200307,-2.1740236,8.452654,-4.683513,0.5947064,7.6947117,-0.95034033,-0.19946735,-1.4543935,0.0,0.0,0.0,0.0,22,-0.8330001,-16.077293,-0.8159996,-0.35000035,-12.36,2.4,-1.4399999,-8.684999,0.90000004,0.82,-2.16,8.28,-4.56,0.53999996,7.6499996,-0.92,-0.16,-1.44,0.0,0.0,0.0,0.0,22,0.35687897,-7.504404,-0.07517721,0.16214696,0.8451662,0.81388927,-0.15051265,-0.6329093,-0.44915402,-0.5823488,0.2092919,1.4417815,-0.51670486,0.64112943,1.1631966,0.4634267,0.25731373,-0.14834604,0.0,0.0,0.0,0.0,22,-0.8330001,-16.077293,-0.8159996,-0.35000035,-3.7333333,9.893333,0.1,-3.4388888,0.8833333,0.2777778,-1.6888889,-1.8533334,-2.28,-5.427778,3.3777778,0.34444445,0.8666667,0.8333333,0.0,0.0,0.0,0.0
40,0.8015169940008491,1789462731.3759089,-0.002440651,0.020078765,-0.004707941,0.00080561877,0.0056648254,-80.02638,-96.10742,-100.12522,-90.01895,0.024430847,0.0010437012,-0.0066604614,79.988815,96.06305,100.12949,90.029015,-0.007182312,0.00035705566,0.0,0.0,0.0,0.0,0.0,0.0,-0.0,0.0,0.0,0.0,-0.059999086,0.0,0.059999086,-0.059999086,0.0,0.0,0.0,0.0,0.059999086,0.0,-0.0,-0.0,0.0,0.0,0.0,0.0,-0.002440651,0.019990789,-0.004160664,0.000809018,0.0056877136,-80.02635,-96.10741,-100.12524,-90.01897,0.024458313,0.0010437012,-0.0067634583,79.98893,96.06304,100.12945,90.02901,-0.007168579,0.00035705566,0.0,0.0,0.0,0.0,22,-1.0145693,-16.575262,-0.848007,-0.38980225,-12.53806,2.7394304,-1.4727966,-8.731683,0.84801704,0.8882504,-2.1768448,8.431316,-4.6801333,0.59423304,7.6180015,-0.9518699,-0.19507386,-1.4518596,0.0,0.0,0.0,0.0,22,-0.95200014,-16.077293,-0.74799967,-0.35000035,-12.6,2.52,-1.485,-8.684999,0.88,0.82,-2.14,8.16,-4.56,0.63,7.6499996,-0.96000004,-0.16,-1.44,0.0,0.0,0.0,0.0,22,0.37182572,-7.51991,-0.07556942,0.1621464,0.8441515,0.82465374,-0.16360027,-0.6336231,-0.44828328,-0.58627343,0.21176833,1.4518644,-0.51807296,0.64156854,1.1739373,0.46466708,0.25372505,-0.14830364,0.0,0.0,0.0,0.0,22,-0.95200014,-16.077293,-0.74799967,-0.35000035,-3.8933334,9.706667,0.06666667,-3.4444444,0.87777776,0.28333333,-1.65,-1.8266667,-2.2666667,-5.3944445,3.3888888,0.33888888,0.8666667,0.8111111,0.0,0.0,0.0,0.0
41,0.8215134199999738,1789462731.3959053,-0.002440651,0.020078765,-0.004707941,0.00080561877,0.0056762695,-80.02636,-96.10741,-100.12526,-90.01895,0.024458313,0.0010437012,-0.0066719055,79.988815,96.06305,100.12945,90.029015,-0.007154846,0.00034332275,0.0,0.0,0.0,0.0,0.0,0.0,-0.0,0.0,0.0,0.0,0.0,-0.11999817,0.0,-0.0,0.059999086,0.0,0.0,0.0,0.0,0.0,0.059999086,-0.0,0.0,0.0,0.0,0.0,-0.002440651,0.019990789,-0.004160664,0.000809018,0.0056877136,-80.02635,-96.10741,-100.12524,-90.01897,0.024458313,0.0010437012,-0.0067634583,79.98893,96.06304,100.12945,90.02901,-0.007168579,0.00035705566,0.0,0.0,0.0,0.0,22,-0.97504467,-16.560513,-0.84726113,-0.3898012,-12.507907,2.7540097,-1.5549502,-8.5845375,0.89867854,0.8210113,-2.219463,8.452326,-4.679256,0.5895907,7.6941586,-0.9534698,-0.25617072,-1.4549975,0.0,0.0,0.0,0.0,22,-0.8330001,-16.077293,-0.8159996,-0.32500035,-12.48,2.76,-1.53,-8.684999,0.84000003,0.78000003,-2.16,8.4,-4.56,0.49499997,7.6499996,-0.92,-0.18,-1.4200001,0.0,0.0,0.0,0.0,22,0.35322198,-7.526203,-0.07594274,0.16214588,0.83031577,0.8160237,-0.14962803,-0.6527063,-0.44646966,-0.5813502,0.20696907,1.4426831,-0.51792836,0.64360076,1.1637287,0.4662739,0.25548494,-0.14772427,0.0,0.0,0.0,0.0,22,-0.8330001,-16.077293,-0.8159996,-0.32500035,-3.7866666,9.946667,0.072222225,-3.4388888,0.8611111,0.31111112,-1.6833333,-1.8266667,-2.2133334,-5.4555554,3.3888888,0.33333334,0.87777776,0.85,0.0,0.0,0.0,0.0
42,0.8417044170018926,1789462731.4160962,-0.002440651,0.020078765,-0.004707941,0.00080561877,0.0056648254,-80.02638,-96.10744,-100.12522,-90.01897,0.024458313,0.0010299683,-0.0066604614,79.988815,96.06303,100.12945,90.029015,-0.007168579,0.00032958985,0.0,0.0,0.0,0.0,0.0,0.0,-0.0,0.0,0.0,0.0,0.0,0.0,0.0,-0.0,0.0,0.0,0.0,-0.059999086,0.0,0.0,-0.0,-0.0,0.0,0.0,0.0,0.0,-0.002440651,0.019990789,-0.004160664,0.000809018,0.0056877136,-80.02635,-96.10741,-100.12524,-90.01897,0.024458313,0.0010437012,-0.0067634583,79.98893,96.06304,100.12945,90.02901,-0.007168579,0.00035705566,0.0,0.0,0.0,0.0,22,-1.0087695,-16.61571,-0.84647745,-0.3898001,-12.541126,2.7625666,-1.5535706,-8.729954,0.8994535,0.82280725,-2.1761599,8.451562,-4.7001724,0.66970015,7.694263,-0.9532817,-0.1885688,-1.4541292,0.0,0.0,0.0,0.0,22,-0.95200014,-16.077293,-0.74799967,-0.35000035,-12.48,2.64,-1.485,-8.639999,0.88,0.82,-2.1200001,8.28,-4.56,0.53999996,7.605,-0.92,-0.16,-1.4200001,0.0,0.0,0.0,0.0,22,0.3691548,-7.500768,-0.076334834,0.16214535,0.8462102,0.8139958,-0.15011248,-0.6354092,-0.44691026,-0.58313125,0.21146499,1.4423721,-0.5084159,0.6322042,1.1636144,0.46599573,0.24983247,-0.14822493,0.0,0.0,0.0,0.0,22,-0.95200014,-16.077293,-0.74799967,-0.35000035,-3.8133333,10.053333,0.10555556,-3.45,0.8833333,0.24444444,-1.6833333,-1.8533334,-2.2133334,-5.4888887,3.3722222,0.31666666,0.8833333,0.79444444,0.0,0.0,0.0,0.0
43,0.8611801439983537,1789462731.435572,-0.002440651,0.020079168,-0.00471134,0.00080561877,0.0056648254,-80.0264,-96.10742,-100.12526,-90.01898,0.024472047,0.0010025024,-0.0066604614,79.988815,96.063065,100.12945,90.02899,-0.007168579,0.00035705566,0.0,0.0,0.0,0.0,0.0,0.0,-0.0,0.0,0.0,0.0,0.0,0.0,0.0,0.059999086,0.0,0.0,0.0,0.0,0.0,0.0,-0.0,-0.0,0.0,0.0,0.0,0.0,-0.002440651,0.019990789,-0.004160664,0.000809018,0.0056877136,-80.02635,-96.10741,-100.12524,-90.01897,0.024458313,0.0010437012,-0.0067634583,79.98893,96.06304,100.12945,90.02901,-0.007168579,0.00035705566,0.0,0.0,0.0,0.0,22,-0.97572714,-16.610613,-0.84569615,-0.38979906,-12.5407,2.766644,-1.5590137,-8.730266,0.9000488,0.7617213,-2.1733127,8.448186,-4.6783576,0.5944126,7.696023,-0.9531242,-0.19350737,-1.4544052,0.0,0.0,0.0,0.0,22,-0.8330001,-16.288837,-0.8159996,-0.32500035,-12.48,2.64,-1.5749999,-8.684999,0.86,0.8,-2.14,8.28,-4.56,0.585,7.6949997,-0.92,-0.16,-1.4200001,0.0,0.0,0.0,0.0,22,0.3530741,-7.503723,-0.07670792,0.16214482,0.84567666,0.8136089,-0.14761934,-0.6338272,-0.44719088,-0.5809916,0.20935434,1.4442399,-0.51871866,0.64086604,1.1618309,0.46651614,0.2517864,-0.14865674,0.0,0.0,0.0,0.0,22,-0.8330001,-16.288837,-0.8159996,-0.32500035,-3.72,9.88,0.08888889,-3.411111,0.8833333,0.26666668,-1.6666666,-1.9466667,-2.1866667,-5.366667,3.3333333,0.35,0.8111111,0.81666666,0.0,0.0,0.0,0.0
44,0.8814348730011261,1789462731.4558268,-0.002440651,0.020079168,-0.00471134,0.00080561877,0.0056533813,-80.026375,-96.10744,-100.125244,-90.01899,0.024472047,0.0010162353,-0.0066604614,79.98882,96.063065,100.12946,90.02901,-0.007168579,0.00034332275,0.0,0.0,0.0,0.0,0.0,0.0,-0.0,0.0,0.0,0.0,0.0,-0.059999086,0.0,0.059999086,0.0,0.0,0.0,0.0,0.0,0.0,0.059999086,-0.0,0.0,0.0,0.0,0.0,-0.002440651,0.019990789,-0.004160664,0.000809018,0.0056877136,-80.02635,-96.10741,-100.12524,-90.01897,0.024458313,0.0010437012,-0.0067634583,79.98893,96.06304,100.12945,90.02901,-0.007168579,0.00035705566,0.0,0.0,0.0,0.0,22,-0.9692148,-16.582874,-0.8449131,-0.38979802,-12.519327,2.7602737,-1.5585583,-8.656899,0.9002489,0.7645894,-2.1681716,8.446817,-4.676445,0.58983773,7.6946507,-0.9538393,-0.25382808,-1.4540452,0.0,0.0,0.0,0.0,22,-0.47600007,-16.288837,-0.74799967,-0.35000035,-12.48,2.64,-1.485,-8.73,0.88,0.8,-2.16,8.4,-4.68,0.63,7.605,-0.92,-0.120000005,-1.44,0.0,0.0,0.0,0.0,22,0.34977296,-7.5167046,-0.077106535,0.16214429,0.83698833,0.81477433,-0.14758387,-0.6429372,-0.44710255,-0.5838535,0.20679155,1.4448514,-0.520529,0.64283526,1.1627623,0.4669509,0.25356352,-0.14864805,0.0,0.0,0.0,0.0,22,-0.47600007,-16.288837,-0.74799967,-0.35000035,-3.76,9.8133335,0.07777778,-3.4333334,0.84444445,0.2611111,-1.6277778,-1.8266667,-2.28,-5.4888887,3.3944445,0.3611111,0.90555555,0.8666667,0.0,0.0,0.0,0.0
45,0.9011610589986958,1789462731.4755528,-0.002440651,0.020079168,-0.00471134,0.00080561877,0.0056533813,-80.02636,-96.10745,-100.12522,-90.01897,0.024430847,0.0010437012,-0.0066604614,79.9888,96.063065,100.12946,90.029015,-0.007182312,0.00034332275,0.0,0.0,0.0,0.0,0.0,0.0,-0.0,0.0,0.0,0.049999237,0.0,0.0,0.0,-0.0,0.059999086,0.0,0.0,0.0,0.0,0.0,-0.0,-0.0,0.0,0.0,0.0,0.0,-0.002440651,0.019990789,-0.004160664,0.000809018,0.0056877136,-80.02635,-96.10741,-100.12524,-90.01897,0.024458313,0.0010437012,-0.0067634583,79.98893,96.06304,100.12945,90.02901,-0.007168579,0.00035705566,0.0,0.0,0.0,0.0,22,-1.0053753,-16.605665,-0.8441364,-0.38979694,-12.534606,2.580709,-1.5254108,-8.734907,0.89889926,0.8230354,-2.22759,8.4459305,-4.6730313,0.59586626,7.695583,-0.9540688,-0.19434372,-1.4543085,0.0,0.0,0.0,0.0,22,-0.5950001,-16.288837,-0.8159996,-0.35000035,-12.24,2.64,-1.485,-8.82,0.86,0.7,-2.16,8.28,-4.44,0.53999996,7.6949997,-0.94,-0.16,-1.4200001,0.0,0.0,0.0,0.0,22,0.36269173,-7.5045676,-0.077498786,0.16214375,0.8451668,0.8279201,-0.15993644,-0.63089347,-0.4465216,-0.5797937,0.20975764,1.4454823,-0.52041394,0.6393339,1.1618131,0.46686676,0.253031,-0.14837986,0.0,0.0,0.0,0.0,22,-0.5950001,-16.288837,-0.8159996,-0.35000035,-3.72,9.826667,0.10555556,-3.461111,0.8666667,0.28333333,-1.6611111,-1.9066666,-2.2266667,-5.45,3.4055555,0.35555556,0.8833333,0.84444445,0.0,0.0,0.0,0.0
46,0.9213890430000902,1789462731.495781,-0.002440651,0.020079568,-0.00471134,0.00080561877,0.0056648254,-80.02638,-96.10744,-100.12526,-90.01898,0.02444458,0.0010025024,-0.0066604614,79.9888,96.063065,100.12945,90.02901,-0.007168579,0.00034332275,0.0,0.0,0.0,0.0,0.0,0.0,-0.0,0.0,0.0,0.0,0.0,-0.059999086,0.0,-0.0,0.0,0.0,0.0,0.0,-0.059999086,0.0,-0.0,-0.0,0.0,0.0,0.0,0.0,-0.002440651,0.019990789,-0.004160664,0.000809018,0.0056877136,-80.02635,-96.10741,-100.12524,-90.01897,0.024458313,0.0010437012,-0.0067634583,79.98893,96.06304,100.12945,90.02901,-0.007168579,0.00035705566,0.0,0.0,0.0,0.0,22,-0.97919637,-16.610588,-0.84334445,-0.38979584,-12.519245,2.7618387,-1.5518953,-8.657726,0.90028304,0.8249235,-2.1681852,8.465225,-4.6743956,0.59374434,7.769207,-0.9515954,-0.19597325,-1.4603858,0.0,0.0,0.0,0.0,22,-0.5950001,-16.288837,-0.8159996,-0.32500035,-12.36,2.76,-1.62,-8.639999,0.88,0.82,-2.14,8.28,-4.44,0.585,7.6499996,-0.92,-0.18,-1.44,0.0,0.0,0.0,0.0,22,0.3547205,-7.5039206,-0.07789679,0.1621432,0.8355906,0.81426316,-0.1516126,-0.6417071,-0.44744503,-0.58483684,0.20718792,1.4363945,-0.5194721,0.6414175,1.1532779,0.46468094,0.2542712,-0.14521949,0.0,0.0,0.0,0.0,22,-0.5950001,-16.288837,-0.8159996,-0.32500035,-3.72,9.973333,0.08888889,-3.3444445,0.87777776,0.26666668,-1.6222222,-1.88,-2.1866667,-5.4333334,3.3833334,0.32777777,0.8888889,0.8333333,0.0,0.0,0.0,0.0
47,0.941546357000334,1789462731.5159383,-0.002440651,0.020079568,-0.00471134,0.00080561877,0.0056762695,-80.0264,-96.10742,-100.12522,-90.01895,0.024430847,0.0010162353,-0.0066604614,79.9888,96.063065,100.12948,90.02899,-0.007182312,0.00035705566,0.0,0.0,0.0,0.0,0.0,0.0,-0.0,0.0,0.0,0.0,0.0,0.0,0.0,-0.059999086,0.0,0.0,0.0,0.0,0.0,0.0,-0.0,0.059999086,0.0,0.0,0.0,0.0,-0.002440651,0.019990789,-0.004160664,0.000809018,0.0056877136,-80.02635,-96.10741,-100.12524,-90.01897,0.024458313,0.0010437012,-0.0067634583,79.98893,96.06304,100.12945,90.02901,-0.007168579,0.00035705566,0.0,0.0,0.0,0.0,22,-0.98658586,-16.616993,-0.8425923,-0.3897948,-12.540089,2.7634015,-1.548095,-8.731456,0.9002154,0.8873675,-2.1725252,8.4484625,-4.6710987,0.5936682,7.697885,-0.9511741,-0.19426686,-1.5105205,0.0,0.0,0.0,0.0,22,-0.5950001,-16.288837,-0.8159996,-0.3000003,-12.36,2.76,-1.53,-8.639999,0.90000004,0.84000003,-2.16,8.4,-4.44,0.585,7.6949997,-0.94,-0.18,-1.46,0.0,0.0,0.0,0.0,22,0.35850847,-7.500017,-0.07827407,0.16214268,0.8442444,0.8147372,-0.15323672,-0.6339362,-0.44797882,-0.58833027,0.20824832,1.4440894,-0.5210598,0.64146054,1.1615609,0.4645775,0.25297183,-0.14579025,0.0,0.0,0.0,0.0,22,-0.5950001,-16.288837,-0.8159996,-0.3000003,-3.7733333,9.973333,0.12222222,-3.3944445,0.8666667,0.2611111,-1.6444445,-1.88,-2.2933333,-5.3944445,3.4,0.34444445,0.9222222,0.7888889,0.0,0.0,0.0,0.0
48,0.9614936930011027,1789462731.5358856,-0.002440651,0.020079568,-0.00471134,0.00080561877,0.0056533813,-80.02638,-96.10742,-100.12522,-90.01897,0.024472047,0.0010299683,-0.0066604614,79.988815,96.06305,100.12946,90.029015,-0.007168579,0.00034332275,0.0,0.0,0.0,0.0,0.0,0.0,-0.0,0.0,0.0,0.0,0.059999086,0.0,0.0,-0.0,0.0,0.0,0.0,0.0,0.0,0.0,-0.0,-0.0,0.0,0.0,0.0,0.0,-0.002440651,0.019990789,-0.004160664,0.000809018,0.0056877136,-80.02635,-96.10741,-100.12524,-90.01897,0.024458313,0.0010437012,-0.0067634583,79.98893,96.06304,100.12945,90.02901,-0.007168579,0.00035705566,0.0,0.0,0.0,0.0,22,-0.9555273,-16.617952,-0.8418028,-0.3897937,-12.536883,2.7829437,-1.6309221,-8.732089,0.9017577,0.8199928,-2.1727493,8.443294,-4.6713414,0.59441394,7.693854,-0.9538777,-0.19410266,-1.4534492,0.0,0.0,0.0,0.0,22,-0.5950001,-16.288837,-0.8159996,-0.35000035,-12.48,2.64,-1.5749999,-8.73,0.88,0.76,-2.16,8.28,-4.56,0.53999996,7.605,-0.92,-0.18,-1.4200001,0.0,0.0,0.0,0.0,22,0.344282,-7.499931,-0.078669555,0.16214214,0.84358394,0.80542064,-0.13823003,-0.63330245,-0.44915107,-0.5836776,0.20812343,1.4465874,-0.52191484,0.64110976,1.1634954,0.46667466,0.25242555,-0.14920613,0.0,0.0,0.0,0.0,22,-0.5950001,-16.288837,-0.8159996,-0.35000035,-3.8933334,9.88,0.06666667,-3.4333334,0.89444447,0.29444444,-1.65,-1.72,-2.2,-5.438889,3.4277778,0.35,0.87222224,0.8111111,0.0,0.0,0.0,0.0
49,0.9814253440017637,1789462731.5558171,-0.002440651,0.02007997,-0.00471134,0.00080561877,0.0056533813,-80.02638,-96.10742,-100.12524,-90.01898,0.024458313,0.0010162353,-0.0066604614,79.988815,96.063065,100.12949,90.02901,-0.007168579,0.00034332275,0.0,0.0,0.0,0.0,0.0,0.0,-0.0,0.0,0.0,0.0,0.0,0.0,-0.059999086,-0.0,0.0,0.0,0.0,0.0,0.059999086,0.0,-0.0,-0.0,0.0,0.0,0.0,0.0,-0.002440651,0.019990789,-0.004160664,0.000809018,0.0056877136,-80.02635,-96.10741,-100.12524,-90.01897,0.024458313,0.0010437012,-0.0067634583,79.98893,96.06304,100.12945,90.02901,-0.007168579,0.00035705566,0.0,0.0,0.0,0.0,22,-0.9829001,-16.585411,-0.8410529,-0.38979265,-12.535319,2.7645748,-1.5547472,-8.732796,0.9521371,0.8266652,-2.1724172,8.422119,-4.6677675,0.5930151,7.6188035,-0.9528706,-0.19660337,-1.4480579,0.0,0.0,0.0,0.0,22,-0.5950001,-16.077293,-0.74799967,-0.35000035,-12.36,2.64,-1.485,-8.775,0.90000004,0.82,-2.18,8.28,-4.56,0.53999996,7.515,-0.92,-0.18,-1.44,0.0,0.0,0.0,0.0,22,0.3569605,-7.515371,-0.07904472,0.16214162,0.8431212,0.8132453,-0.14899051,-0.6322045,-0.44686607,-0.58694005,0.20816134,1.4565407,-0.52354467,0.6420522,1.173,0.46597943,0.2549346,-0.15166138,0.0,0.0,0.0,0.0,22,-0.5950001,-16.077293,-0.74799967,-0.35000035,-3.72,9.986667,0.10555556,-3.3611112,0.8833333,0.3,-1.6666666,-1.9333333,-2.2533333,-5.4,3.411111,0.33333334,0.8611111,0.8,0.0,0.0,0.0,0.0
50,1.0014536300004693,1789462731.5758455,-0.002440651,0.02007997,-0.00471134,0.00080561877,0.0056648254,-80.0264,-96.10744,-100.12522,-90.01895,0.024430847,0.0010299683,-0.0066604614,79.9888,96.063095,100.12946,90.029015,-0.007168579,0.00035705566,0.0,0.0,0.0,0.0,0.0,0.0,-0.0,0.0,0.0,-0.049999237,0.0,0.0,0.0,-0.11999817,0.0,0.0,0.0,0.0,0.0,0.0,-0.0,-0.0,0.0,0.0,0.0,0.0,-0.002440651,0.019990789,-0.004160664,0.000809018,0.0056877136,-80.02635,-96.10741,-100.12524,-90.01897,0.024458313,0.0010437012,-0.0067634583,79.98893,96.06304,100.12945,90.02901,-0.007168579,0.00035705566,0.0,0.0,0.0,0.0,22,-0.9680839,-16.6205,-0.8402834,-0.3897916,-12.5453005,2.9391022,-1.570202,-8.735752,0.8996298,0.9418336,-2.175419,8.4401455,-4.665977,0.591761,7.6942644,-0.9540575,-0.19560397,-1.4544588,0.0,0.0,0.0,0.0,22,-0.5950001,-16.077293,-0.8159996,-0.32500035,-12.24,2.52,-1.485,-8.73,0.88,0.76,-2.16,8.4,-4.44,0.53999996,7.605,-0.96000004,-0.120000005,-1.4200001,0.0,0.0,0.0,0.0,22,0.35434875,-7.5006833,-0.07942974,0.16214108,0.8465151,0.80259013,-0.14575464,-0.6317227,-0.44725195,-0.5869878,0.21034929,1.448739,-0.52365106,0.64240843,1.1630524,0.46685594,0.25393358,-0.14853995,0.0,0.0,0.0,0.0,22,-0.5950001,-16.077293,-0.8159996,-0.32500035,-3.88,9.96,0.083333336,-3.4555554,0.8666667,0.25,-1.6722223,-1.8266667,-2.2,-5.4555554,3.3444445,0.30555555,0.8833333,0.85555553,0.0,0.0,0.0,0.0
51,1.021447798000736,1789462731.5958397,-0.002440651,0.020080373,-0.00471134,0.0008022195,0.0056648254,-80.02638,-96.10744,-100.12524,-90.018936,0.02444458,0.0010574341,-0.0066604614,79.9888,96.06305,100.12945,90.02903,-0.007182312,0.00034332275,0.0,0.0,0.0,0.0,0.0,0.0,-0.0,0.0,0.0,0.0,0.0,0.0,0.0,-0.0,0.0,0.0,0.0,-0.059999086,0.0,0.0,-0.059999086,-0.0,0.0,0.0,0.0,0.0,-0.002440651,0.019990789,-0.004160664,0.000809018,0.0056877136,-80.02635,-96.10741,-100.12524,-90.01897,0.024458313,0.0010437012,-0.0067634583,79.98893,96.06304,100.12945,90.02901,-0.007168579,0.00035705566,0.0,0.0,0.0,0.0,22,-1.0133678,-16.619526,-0.83949393,-0.38976592,-12.537781,2.7665305,-1.5538175,-8.733792,0.90043575,0.82610595,-2.1740582,8.441988,-4.687226,0.67575985,7.6948028,-0.9540903,-0.13196357,-1.454355,0.0,0.0,0.0,0.0,22,-0.8330001,-16.288837,-0.8159996,-0.35000035,-12.36,2.64,-1.485,-8.73,0.90000004,0.82,-2.16,8.4,-4.56,0.53999996,7.6949997,-0.92,-0.18,-1.44,0.0,0.0,0.0,0.0,22,0.37101823,-7.4996495,-0.07982526,0.16213416,0.84404045,0.8116242,-0.14946121,-0.63118833,-0.44849554,-0.585986,0.20874697,1.4476502,-0.51384425,0.6275478,1.16293,0.46649796,0.25224355,-0.14827907,0.0,0.0,0.0,0.0,22,-0.8330001,-16.288837,-0.8159996,-0.35000035,-3.84,10.04,0.07777778,-3.4166667,0.8666667,0.29444444,-1.6722223,-1.8133334,-2.3066666,-5.4944444,3.3888888,0.2888889,0.9222222,0.76666665,0.0,0.0,0.0,0.0
52,1.0414553599985084,1789462731.615847,-0.002440651,0.020080373,-0.004714739,0.0008022195,0.0056419373,-80.02638,-96.10744,-100.12522,-90.01895,0.024472047,0.0010299683,-0.0066604614,79.988815,96.063065,100.12946,90.029045,-0.007182312,0.00034332275,0.0,0.0,0.0,0.0,0.0,0.0,-0.0,0.0,0.0,0.0,0.0,0.0,0.0,-0.0,-0.059999086,0.0,0.0,0.0,0.0,0.11999817,-0.0,-0.0,0.0,0.0,0.0,0.0,-0.002440651,0.019990789,-0.004160664,0.000809018,0.0056877136,-80.02635,-96.10741,-100.12524,-90.01897,0.024458313,0.0010437012,-0.0067634583,79.98893,96.06304,100.12945,90.02901,-0.007168579,0.00035705566,0.0,0.0,0.0,0.0,22,-0.9804673,-16.60758,-0.8384268,-0.38975903,-12.530069,2.7689297,-1.5518819,-8.728782,0.9020695,0.822598,-2.1190076,8.438745,-4.6654077,0.59399885,7.6949863,-1.0579884,-0.19669855,-1.4536477,0.0,0.0,0.0,0.0,22,-0.8330001,-16.288837,-0.74799967,-0.35000035,-12.6,2.76,-1.53,-8.684999,0.88,0.82,-2.14,8.28,-4.44,0.63,7.605,-0.92,-0.18,-1.44,0.0,0.0,0.0,0.0,22,0.35531908,-7.50558,-0.0804817,0.16212831,0.8422745,0.809141,-0.15135677,-0.634109,-0.44982865,-0.5832646,0.20771155,1.4491652,-0.5248268,0.64081913,1.1623712,0.4653236,0.25541106,-0.14897518,0.0,0.0,0.0,0.0,22,-0.8330001,-16.288837,-0.74799967,-0.35000035,-3.7066667,9.866667,0.07777778,-3.4444444,0.8833333,0.22777778,-1.6444445,-1.76,-2.16,-5.4166665,3.338889,0.32222223,0.9,0.87777776,0.0,0.0,0.0,0.0
53,1.0615489359988715,1789462731.6359408,-0.002440651,0.020080373,-0.004714739,0.0008022195,0.0056648254,-80.02636,-96.10744,-100.12526,-90.01895,0.024430847,0.0010299683,-0.0066604614,79.988815,96.06308,100.12945,90.02899,-0.007168579,0.00035705566,0.0,0.0,0.0,0.0,0.0,0.0,-0.0,0.0,0.0,0.0,0.0,-0.059999086,0.0,-0.0,0.0,0.0,0.0,0.0,0.0,-0.059999086,-0.0,-0.0,0.0,0.0,0.0,0.0,-0.002440651,0.019990789,-0.004160664,0.000809018,0.0056877136,-80.02635,-96.10741,-100.12524,-90.01897,0.024458313,0.0010437012,-0.0067634583,79.98893,96.06304,100.12945,90.02901,-0.007168579,0.00035705566,0.0,0.0,0.0,0.0,22,-0.98053145,-16.58708,-0.8377484,-0.38975406,-12.51758,2.7615716,-1.5507375,-8.657936,0.9012625,0.8242131,-2.1676857,8.437938,-4.6652026,0.59295386,7.694753,-0.8987927,-0.1973981,-1.452768,0.0,0.0,0.0,0.0,22,-0.5950001,-16.288837,-0.74799967,-0.32500035,-12.36,2.76,-1.53,-8.73,0.88,0.90000004,-2.16,8.4,-4.44,0.49499997,7.605,-0.94,-0.22,-1.44,0.0,0.0,0.0,0.0,22,0.35549605,-7.514631,-0.08076364,0.16212443,0.8348348,0.8114601,-0.15245485,-0.6415275,-0.4490441,-0.5836887,0.20604469,1.449399,-0.524242,0.641604,1.1629072,0.46462274,0.25577426,-0.15020142,0.0,0.0,0.0,0.0,22,-0.5950001,-16.288837,-0.74799967,-0.32500035,-3.8266666,10.0,0.10555556,-3.3555555,0.87222224,0.26666668,-1.6722223,-1.7866666,-2.2533333,-5.3722224,3.3722222,0.3,0.8611111,0.8277778,0.0,0.0,0.0,0.0
54,1.0828140910016373,1789462731.6572063,-0.002440651,0.020080773,-0.004714739,0.0008022195,0.0056533813,-80.026375,-96.10742,-100.125244,-90.01897,0.024472047,0.0010437012,-0.0066604614,79.9888,96.063065,100.12949,90.02901,-0.007182312,0.00035705566,0.0,0.0,0.0,0.0,0.0,0.0,-0.0,0.0,0.0,0.0,0.0,0.0,0.0,-0.0,0.0,0.0,0.0,0.0,0.0,0.0,-0.0,-0.0,0.0,0.0,0.0,0.0,-0.002440651,0.019990789,-0.004160664,0.000809018,0.0056877136,-80.02635,-96.10741,-100.12524,-90.01897,0.024458313,0.0010437012,-0.0067634583,79.98893,96.06304,100.12945,90.02901,-0.007168579,0.00035705566,0.0,0.0,0.0,0.0,22,-0.98110527,-16.613634,-0.8370184,-0.38975036,-12.535701,2.764954,-1.5535636,-8.732307,0.9001092,0.82132906,-2.174656,8.435641,-4.6607413,0.59425443,7.6954126,-0.952371,-0.19780621,-1.4504648,0.0,0.0,0.0,0.0,22,-0.5950001,-16.288837,-0.74799967,-0.32500035,-12.36,2.52,-1.485,-8.684999,0.88,0.84000003,-2.14,8.28,-4.44,0.53999996,7.6949997,-0.94,-0.16,-1.48,0.0,0.0,0.0,0.0,22,0.3557053,-7.502777,-0.08109727,0.16212182,0.8441937,0.81152123,-0.15002231,-0.63225245,-0.44758534,-0.58198327,0.2097413,1.4512,-0.52583605,0.64062625,1.1609937,0.46546978,0.25656992,-0.15249382,0.0,0.0,0.0,0.0,22,-0.5950001,-16.288837,-0.74799967,-0.32500035,-3.72,9.893333,0.07777778,-3.338889,0.90555555,0.2888889,-1.6666666,-1.8266667,-2.2133334,-5.4722223,3.3444445,0.36666667,0.9166667,0.82222223,0.0,0.0,0.0,0.0
55,1.1013010070018936,1789462731.6756928,-0.002440651,0.020080773,-0.004714739,0.0008022195,0.0056648254,-80.026375,-96.10745,-100.12524,-90.01897,0.024472047,0.0010025024,-0.0066719055,79.988815,96.06308,100.12945,90.029015,-0.007182312,0.00034332275,0.0,0.0,0.0,0.0,0.0,0.0,-0.0,0.0,0.0,0.0,0.0,0.0,0.0,-0.0,-0.059999086,0.0,0.0,0.0,-0.059999086,0.0,-0.0,-0.0,0.0,0.0,0.0,0.0,-0.002440651,0.019990789,-0.004160664,0.000809018,0.0056877136,-80.02635,-96.10741,-100.12524,-90.01897,0.024458313,0.0010437012,-0.0067634583,79.98893,96.06304,100.12945,90.02901,-0.007168579,0.00035705566,0.0,0.0,0.0,0.0,22,-0.9799202,-16.635723,-0.83631516,-0.38974756,-12.532491,2.7626226,-1.5533187,-8.729528,0.9005555,0.82040226,-2.1198833,8.457764,-4.6630073,0.59554505,7.7694755,-0.95236415,-0.19673127,-1.4573852,0.0,0.0,0.0,0.0,22,-0.5950001,-16.288837,-0.8159996,-0.35000035,-12.48,2.64,-1.485,-8.684999,0.90000004,0.76,-2.16,8.28,-4.44,0.585,7.605,-0.92,-0.18,-1.46,0.0,0.0,0.0,0.0,22,0.35506997,-7.49256,-0.08143303,0.16212003,0.84143746,0.81376016,-0.14936556,-0.6329595,-0.44802418,-0.5810532,0.20934004,1.4411608,-0.5261451,0.6388762,1.152873,0.4651522,0.2554967,-0.14813328,0.0,0.0,0.0,0.0,22,-0.5950001,-16.288837,-0.8159996,-0.35000035,-3.7733333,9.88,0.11666667,-3.5,0.85555553,0.24444444,-1.6388888,-1.7466667,-2.2533333,-5.477778,3.3222222,0.26666668,0.85555553,0.8,0.0,0.0,0.0,0.0
56,1.1213299039991398,1789462731.695722,-0.002440651,0.020080773,-0.004714739,0.0008022195,0.0056648254,-80.02638,-96.10741,-100.12522,-90.01898,0.024458313,0.0010299683,-0.0066719055,79.988815,96.06305,100.12946,90.02903,-0.007182312,0.00034332275,0.0,0.0,0.0,0.0,0.0,0.0,-0.0,0.0,0.0,0.0,0.059999086,0.0,0.0,-0.0,0.0,0.0,0.0,0.0,0.0,0.0,-0.0,-0.0,0.0,0.0,0.0,0.0,-0.002440651,0.019990789,-0.004160664,0.000809018,0.0056877136,-80.02635,-96.10741,-100.12524,-90.01897,0.024458313,0.0010437012,-0.0067634583,79.98893,96.06304,100.12945,90.02901,-0.007168579,0.00035705566,0.0,0.0,0.0,0.0,22,-0.9552775,-16.61992,-0.8355602,-0.38974497,-12.539084,2.786247,-1.6303939,-8.735864,0.8996685,0.8136809,-2.1732547,8.436784,-4.6581903,0.5943377,7.6963267,-0.95332235,-0.19431943,-1.4514807,0.0,0.0,0.0,0.0,22,-0.8330001,-16.288837,-0.8159996,-0.35000035,-12.24,2.76,-1.53,-8.684999,0.86,0.8,-2.16,8.4,-4.44,0.63,7.6499996,-0.92,-0.18,-1.4200001,0.0,0.0,0.0,0.0,22,0.3440396,-7.499887,-0.08180114,0.1621185,0.84499395,0.80335134,-0.13882937,-0.6295668,-0.44678617,-0.5769271,0.20871823,1.4509219,-0.5290152,0.64091116,1.1608964,0.4658238,0.25309798,-0.15110259,0.0,0.0,0.0,0.0,22,-0.8330001,-16.288837,-0.8159996,-0.35000035,-3.7866666,10.026667,0.08888889,-3.3611112,0.8833333,0.26666668,-1.65,-1.8133334,-2.2933333,-5.5055556,3.3,0.34444445,0.87222224,0.7888889,0.0,0.0,0.0,0.0
57,1.141613904001133,1789462731.7160056,-0.002440651,0.020080773,-0.004714739,0.0008022195,0.0056533813,-80.026375,-96.10744,-100.12524,-90.01897,0.024472047,0.0010162353,-0.0066604614,79.98882,96.06305,100.12946,90.02898,-0.007168579,0.00037078856,0.0,0.0,0.0,0.0,0.0,0.0,-0.0,0.0,0.0,0.0,0.0,0.0,0.0,0.059999086,0.0,0.0,0.0,0.0,0.0,-0.059999086,-0.0,0.059999086,0.0,0.0,0.0,0.0,-0.002440651,0.019990789,-0.004160664,0.000809018,0.0056877136,-80.02635,-96.10741,-100.12524,-90.01897,0.024458313,0.0010437012,-0.0067634583,79.98893,96.06304,100.12945,90.02901,-0.007168579,0.00035705566,0.0,0.0,0.0,0.0,22,-0.9769952,-16.620794,-0.8347777,-0.38974252,-12.533927,2.7680264,-1.5577546,-8.737882,0.89961934,0.75385755,-2.172706,8.438196,-4.6604004,0.5930735,7.7000537,-0.8989793,-0.19484109,-1.5077974,0.0,0.0,0.0,0.0,22,-0.5950001,-16.288837,-0.8159996,-0.32500035,-12.36,2.88,-1.53,-8.639999,0.86,0.8,-2.14,8.4,-4.68,0.53999996,7.6949997,-0.94,-0.22,-1.48,0.0,0.0,0.0,0.0,22,0.3543309,-7.4996905,-0.08218713,0.16211715,0.84255767,0.81030476,-0.147824,-0.62710613,-0.44708383,-0.57304853,0.20854253,1.449307,-0.52837986,0.6422156,1.1596173,0.4651169,0.25325015,-0.14877734,0.0,0.0,0.0,0.0,22,-0.5950001,-16.288837,-0.8159996,-0.32500035,-3.76,10.146667,0.12777779,-3.35,0.87777776,0.2611111,-1.6611111,-1.8,-2.2933333,-5.4444447,3.3611112,0.32222223,0.89444447,0.81666666,0.0,0.0,0.0,0.0
58,1.1613814650008862,1789462731.735773,-0.002440651,0.020081175,-0.004714739,0.0008022195,0.0056762695,-80.0264,-96.10741,-100.12522,-90.01898,0.024472047,0.0010162353,-0.0066604614,79.9888,96.063065,100.129425,90.02901,-0.007182312,0.00035705566,0.0,0.0,0.0,0.0,0.0,0.0,-0.0,0.0,0.0,0.0,0.0,0.0,0.0,-0.0,0.0,0.0,0.0,0.0,-0.059999086,0.0,-0.0,-0.0,0.0,0.0,0.0,0.0,-0.002440651,0.019990789,-0.004160664,0.000809018,0.0056877136,-80.02635,-96.10741,-100.12524,-90.01897,0.024458313,0.0010437012,-0.0067634583,79.98893,96.06304,100.12945,90.02901,-0.007168579,0.00035705566,0.0,0.0,0.0,0.0,22,-0.9819345,-16.64301,-0.8340102,-0.38974023,-12.538164,2.7680833,-1.5546234,-8.735195,0.90097404,0.8168378,-2.1728427,8.453264,-4.6566887,0.5905035,7.771642,-0.95305854,-0.1956218,-1.4605653,0.0,0.0,0.0,0.0,22,-0.8330001,-16.077293,-0.74799967,-0.35000035,-12.36,2.88,-1.53,-8.684999,0.88,0.8,-2.14,8.4,-4.44,0.53999996,7.6499996,-0.94,-0.22,-1.44,0.0,0.0,0.0,0.0,22,0.35700187,-7.4888515,-0.08256793,0.16211595,0.84350425,0.8131888,-0.14921151,-0.63023937,-0.44815397,-0.5774786,0.20868607,1.4423157,-0.5280998,0.6442424,1.15149,0.46614912,0.25441185,-0.14528532,0.0,0.0,0.0,0.0,22,-0.8330001,-16.077293,-0.74799967,-0.35000035,-3.72,9.946667,0.07777778,-3.3888888,0.87222224,0.23888889,-1.6444445,-1.8133334,-2.2533333,-5.411111,3.3944445,0.35,0.9444444,0.8666667,0.0,0.0,0.0,0.0
59,1.1817303409989108,1789462731.756122,-0.002440651,0.020081175,-0.004714739,0.0008022195,0.0056533813,-80.026375,-96.10741,-100.125244,-90.01898,0.024417114,0.0010162353,-0.0066604614,79.9888,96.063065,100.12946,90.02899,-0.007154846,0.00035705566,0.0,0.0,0.0,0.0,0.0,0.0,-0.0,0.0,0.0,0.0,0.0,0.0,0.0,-0.059999086,0.0,0.0,0.0,0.0,0.0,0.0,0.059999086,-0.0,0.0,0.0,0.0,0.0,-0.002440651,0.019990789,-0.004160664,0.000809018,0.0056877136,-80.02635,-96.10741,-100.12524,-90.01897,0.024458313,0.0010437012,-0.0067634583,79.98893,96.06304,100.12945,90.02901,-0.007168579,0.00035705566,0.0,0.0,0.0,0.0,22,-0.9816712,-16.61369,-0.8332395,-0.38973802,-12.533824,2.7621505,-1.5475103,-8.732813,0.8996032,0.8790915,-2.1725345,8.431178,-4.64984,0.58656853,7.696151,-0.9503405,-0.2564499,-1.4556131,0.0,0.0,0.0,0.0,22,-0.5950001,-16.288837,-0.74799967,-0.35000035,-12.48,2.64,-1.485,-8.684999,0.86,0.74,-2.1000001,8.4,-4.44,0.53999996,7.6949997,-0.92,-0.18,-1.44,0.0,0.0,0.0,0.0,22,0.35628566,-7.5028243,-0.08295181,0.1621148,0.8432199,0.8136304,-0.15370353,-0.63176566,-0.44679898,-0.5795897,0.2083936,1.452906,-0.5315504,0.64556664,1.1610098,0.46375957,0.25591043,-0.1472991,0.0,0.0,0.0,0.0,22,-0.5950001,-16.288837,-0.74799967,-0.35000035,-3.7333333,9.92,0.11666667,-3.3722222,0.89444447,0.2611111,-1.65,-1.7466667,-2.3066666,-5.5333333,3.35,0.2888889,0.87777776,0.87222224,0.0,0.0,0.0,0.0
60,1.201630681000097,1789462731.7760224,-0.002440651,0.020081175,-0.004714739,0.0008022195,0.0056648254,-80.026375,-96.10744,-100.12524,-90.01898,0.02444458,0.0010437012,-0.0066604614,79.988815,96.063065,100.12945,90.029015,-0.007196045,0.00032958985,0.0,0.0,0.0,0.0,0.0,0.0,-0.0,0.0,0.0,0.0,0.0,0.0,0.0,-0.0,0.0,0.0,0.0,0.0,0.0,0.0,-0.0,-0.0,0.0,0.0,0.0,0.0,-0.002440651,0.019990789,-0.004160664,0.000809018,0.0056877136,-80.02635,-96.10741,-100.12524,-90.01897,0.024458313,0.0010437012,-0.0067634583,79.98893,96.06304,100.12945,90.02901,-0.007168579,0.00035705566,0.0,0.0,0.0,0.0,22,-0.98290604,-16.61737,-0.8324675,-0.38973585,-12.534135,2.7667716,-1.5526434,-8.732179,0.8999143,0.8222778,-2.174006,8.430866,-4.653609,0.5916498,7.6960683,-0.9510324,-0.19396375,-1.4547625,0.0,0.0,0.0,0.0,22,-0.47600007,-16.077293,-0.8159996,-0.35000035,-12.48,2.52,-1.4399999,-8.684999,0.88,0.8,-2.14,8.28,-4.56,0.53999996,7.6949997,-0.92,-0.18,-1.4200001,0.0,0.0,0.0,0.0,22,0.35747397,-7.500493,-0.08333701,0.16211368,0.8415741,0.810598,-0.15024352,-0.6328379,-0.4470899,-0.58210576,0.20915417,1.4529761,-0.5305808,0.6430267,1.1614918,0.46384147,0.25317058,-0.14742082,0.0,0.0,0.0,0.0,22,-0.47600007,-16.077293,-0.8159996,-0.35000035,-3.8,10.026667,0.072222225,-3.35,0.87222224,0.2611111,-1.6611111,-1.8933333,-2.2266667,-5.438889,3.3555555,0.35,0.92777777,0.8277778,0.0,0.0,0.0,0.0
61,1.221518702001049,1789462731.7959106,-0.002440651,0.020081578,-0.004714739,0.0008022195,0.0056533813,-80.026375,-96.10744,-100.12519,-90.01898,0.024458313,0.0010437012,-0.0066604614,79.988815,96.063065,100.12949,90.02901,-0.007168579,0.00035705566,0.0,0.0,0.0,0.0,0.0,0.0,-0.0,0.0,0.0,0.0,0.0,0.059999086,0.0,-0.0,0.0,0.0,0.0,0.0,0.0,0.0,-0.0,-0.0,0.0,0.0,0.0,0.0,-0.002440651,0.019990789,-0.004160664,0.000809018,0.0056877136,-80.02635,-96.10741,-100.12524,-90.01897,0.024458313,0.0010437012,-0.0067634583,79.98893,96.06304,100.12945,90.02901,-0.007168579,0.00035705566,0.0,0.0,0.0,0.0,22,-0.98292536,-16.644413,-0.8316953,-0.3897337,-12.55248,2.7687109,-1.5531417,-8.808035,0.901015,0.8222662,-2.1785264,8.429484,-4.6533794,0.5930448,7.6948543,-0.9536224,-0.19459061,-1.4545255,0.0,0.0,0.0,0.0,22,-0.95200014,-16.288837,-0.8159996,-0.32500035,-12.48,2.76,-1.53,-8.684999,0.90000004,0.82,-2.16,8.28,-4.44,0.585,7.6499996,-0.94,-0.18,-1.4200001,0.0,0.0,0.0,0.0,22,0.35703924,-7.488135,-0.08372244,0.1621126,0.8511545,0.8099937,-0.14970021,-0.62292653,-0.44817623,-0.58248323,0.2107547,1.4538401,-0.5300523,0.64159435,1.161415,0.46673012,0.2530141,-0.14836472,0.0,0.0,0.0,0.0,22,-0.95200014,-16.288837,-0.8159996,-0.32500035,-3.8133333,10.04,0.11666667,-3.4222221,0.87222224,0.27222222,-1.65,-1.9066666,-2.1733334,-5.4722223,3.3555555,0.36666667,0.8888889,0.7888889,0.0,0.0,0.0,0.0
62,1.2413861050008563,1789462731.815778,-0.002440651,0.020081578,-0.004714739,0.0008022195,0.0056648254,-80.026375,-96.10745,-100.12524,-90.01899,0.024485778,0.0010162353,-0.0066604614,79.9888,96.06303,100.12948,90.02899,-0.007168579,0.00034332275,0.0,0.0,0.0,0.0,0.0,0.0,-0.0,0.0,0.0,0.0,0.0,0.0,0.0,0.11999817,0.0,0.0,0.0,-0.059999086,0.0,0.0,-0.0,-0.0,0.0,0.0,0.0,0.0,-0.002440651,0.019990789,-0.004160664,0.000809018,0.0056877136,-80.02635,-96.10741,-100.12524,-90.01897,0.024458313,0.0010437012,-0.0067634583,79.98893,96.06304,100.12945,90.02901,-0.007168579,0.00035705566,0.0,0.0,0.0,0.0,22,-0.99769014,-16.625233,-0.830922,-0.38973156,-12.535307,2.772077,-1.5620645,-8.733413,0.89963955,0.6974868,-2.1719532,8.430517,-4.670319,0.6700805,7.6950164,-0.95364004,-0.18676572,-1.4531305,0.0,0.0,0.0,0.0,22,-0.8330001,-16.288837,-0.74799967,-0.32500035,-12.36,2.64,-1.485,-8.73,0.88,0.8,-2.14,8.28,-4.44,0.585,7.6499996,-0.96000004,-0.18,-1.4200001,0.0,0.0,0.0,0.0,22,0.36357167,-7.4971194,-0.08410895,0.16211152,0.8425121,0.80842614,-0.14543372,-0.6316054,-0.44648364,-0.57559204,0.20784326,1.4533225,-0.52101374,0.6311159,1.1616675,0.46697327,0.24819273,-0.1493936,0.0,0.0,0.0,0.0,22,-0.8330001,-16.288837,-0.74799967,-0.32500035,-3.6933334,10.053333,0.11666667,-3.3722222,0.85555553,0.2888889,-1.6722223,-1.76,-2.2133334,-5.438889,3.3777778,0.35555556,0.9,0.8888889,0.0,0.0,0.0,0.0
63,1.2616172550006013,1789462731.8360093,-0.002440651,0.020081578,-0.0047181384,0.0008022195,0.0056533813,-80.02636,-96.1074,-100.12524,-90.01898,0.024485778,0.0010162353,-0.0066604614,79.9888,96.06304,100.12948,90.02901,-0.007196045,0.00035705566,0.0,0.0,0.0,0.0,0.0,0.0,-0.0,0.0,0.0,0.0,0.059999086,0.0,0.0,0.059999086,-0.059999086,0.0,0.0,-0.059999086,0.0,0.0,-0.059999086,-0.0,0.0,0.0,0.0,0.0,-0.002440651,0.019990789,-0.004160664,0.000809018,0.0056877136,-80.02635,-96.10741,-100.12524,-90.01897,0.024458313,0.0010437012,-0.0067634583,79.98893,96.06304,100.12945,90.02901,-0.007168579,0.00035705566,0.0,0.0,0.0,0.0,22,-0.9808787,-16.624672,-0.8301135,-0.38972944,-12.530107,2.7867408,-1.6344719,-8.727685,0.90016186,0.7503394,-2.1187656,8.429467,-4.670007,0.6777908,7.697413,-0.95324516,-0.12940688,-1.4536165,0.0,0.0,0.0,0.0,22,-0.8330001,-16.288837,-0.8159996,-0.32500035,-12.48,2.64,-1.5749999,-8.73,0.88,0.8,-2.16,8.28,-4.56,0.53999996,7.6499996,-0.94,-0.16,-1.44,0.0,0.0,0.0,0.0,22,0.35555843,-7.4980016,-0.08450234,0.16211046,0.84068775,0.8008621,-0.13742514,-0.6348422,-0.44725046,-0.5728862,0.20794748,1.4541354,-0.5220352,0.6255231,1.1592522,0.46626416,0.25017846,-0.149259,0.0,0.0,0.0,0.0,22,-0.8330001,-16.288837,-0.8159996,-0.32500035,-3.7333333,9.933333,0.055555556,-3.3833334,0.8611111,0.31111112,-1.6333333,-1.8533334,-2.24,-5.4944444,3.3444445,0.32777777,0.89444447,0.78333336,0.0,0.0,0.0,0.0
64,1.2811749419997795,1789462731.8555667,-0.002440651,0.02008198,-0.0047181384,0.0008022195,0.0056648254,-80.026375,-96.10742,-100.12522,-90.01895,0.024430847,0.0010299683,-0.0066604614,79.988815,96.063065,100.12946,90.02901,-0.007182312,0.00035705566,0.0,0.0,0.0,0.0,0.0,0.0,-0.0,0.0,0.0,0.0,0.0,0.0,0.059999086,-0.059999086,0.0,0.0,0.0,0.0,0.0,0.0,-0.0,-0.0,0.0,0.0,0.0,0.0,-0.002440651,0.019990789,-0.004160664,0.000809018,0.0056877136,-80.02635,-96.10741,-100.12524,-90.01897,0.024458313,0.0010437012,-0.0067634583,79.98893,96.06304,100.12945,90.02901,-0.007168579,0.00035705566,0.0,0.0,0.0,0.0,22,-0.9872748,-16.617168,-0.829328,-0.38972732,-12.533525,2.7648752,-1.5457497,-8.734331,0.8468218,0.8801714,-2.1726036,8.426178,-4.646899,0.59210974,7.6982374,-0.9545806,-0.19459234,-1.452113,0.0,0.0,0.0,0.0,22,-0.8330001,-16.288837,-0.74799967,-0.35000035,-12.36,2.76,-1.485,-8.684999,0.84000003,0.74,-2.14,8.28,-4.56,0.585,7.6949997,-0.92,-0.16,-1.4200001,0.0,0.0,0.0,0.0,22,0.35916823,-7.501103,-0.08489871,0.16210939,0.8417548,0.811621,-0.15487912,-0.6310898,-0.4470372,-0.5810532,0.20815474,1.4556512,-0.5342933,0.642426,1.158824,0.4676902,0.25343457,-0.15075122,0.0,0.0,0.0,0.0,22,-0.8330001,-16.288837,-0.74799967,-0.35000035,-3.6533334,9.853333,0.083333336,-3.4055555,0.89444447,0.2777778,-1.6666666,-1.8533334,-2.3466666,-5.3944445,3.35,0.33333334,0.90555555,0.85,0.0,0.0,0.0,0.0
65,1.3015586969995638,1789462731.8759506,-0.002440651,0.02008198,-0.0047181384,0.0008022195,0.0056533813,-80.02638,-96.10744,-100.125244,-90.01897,0.024458313,0.0010162353,-0.0066719055,79.988815,96.06305,100.12945,90.02899,-0.007168579,0.00035705566,0.0,0.0,0.0,0.0,0.0,0.0,-0.0,0.0,0.0,0.0,0.0,0.0,0.0,-0.0,0.0,0.0,0.0,0.0,-0.059999086,0.0,0.059999086,-0.0,0.0,0.0,0.0,0.0,-0.002440651,0.019990789,-0.004160664,0.000809018,0.0056877136,-80.02635,-96.10741,-100.12524,-90.01897,0.024458313,0.0010437012,-0.0067634583,79.98893,96.06304,100.12945,90.02901,-0.007168579,0.00035705566,0.0,0.0,0.0,0.0,22,-0.975674,-16.644836,-0.82852554,-0.38972512,-12.5327635,2.7711818,-1.5502075,-8.731376,0.90018123,0.8155278,-2.173016,8.446942,-4.6455793,0.5860913,7.7727127,-0.95284206,-0.25682342,-1.460388,0.0,0.0,0.0,0.0,22,-0.8330001,-16.077293,-0.74799967,-0.35000035,-12.36,2.64,-1.485,-8.73,0.88,0.74,-2.14,8.28,-4.44,0.49499997,7.6949997,-0.94,-0.16,-1.4200001,0.0,0.0,0.0,0.0,22,0.3534992,-7.488141,-0.08530222,0.1621083,0.84270114,0.8089913,-0.15246418,-0.6332307,-0.44765002,-0.5757301,0.20894192,1.4466774,-0.5346019,0.64627415,1.1494486,0.46625903,0.25672692,-0.14539385,0.0,0.0,0.0,0.0,22,-0.8330001,-16.077293,-0.74799967,-0.35000035,-3.8266666,9.866667,0.094444446,-3.4055555,0.90555555,0.26666668,-1.6388888,-1.9733334,-2.32,-5.4444447,3.4222221,0.3611111,0.8888889,0.8277778,0.0,0.0,0.0,0.0
66,1.3214132409993908,1789462731.8958051,-0.002440651,0.02008198,-0.0047181384,0.0008022195,0.0056762695,-80.026375,-96.10744,-100.125206,-90.01895,0.024403382,0.0010162353,-0.0066719055,79.9888,96.063065,100.12945,90.029015,-0.007168579,0.00035705566,0.0,0.0,0.0,0.0,0.0,0.0,-0.0,0.0,0.0,0.0,0.0,0.0,0.0,-0.059999086,0.0,0.0,0.0,0.0,0.0,0.0,0.059999086,-0.0,0.0,0.0,0.0,0.0,-0.002440651,0.019990789,-0.004160664,0.000809018,0.0056877136,-80.02635,-96.10741,-100.12524,-90.01897,0.024458313,0.0010437012,-0.0067634583,79.98893,96.06304,100.12945,90.02901,-0.007168579,0.00035705566,0.0,0.0,0.0,0.0,22,-0.98173505,-16.618706,-0.8277642,-0.38972303,-12.537417,2.7633877,-1.5456558,-8.732378,0.8997759,0.8782612,-2.171494,8.426488,-4.6391025,0.58745396,7.6960073,-0.95381117,-0.25640315,-1.4540861,0.0,0.0,0.0,0.0,22,-0.8330001,-16.077293,-0.8159996,-0.32500035,-12.24,2.64,-1.5749999,-8.684999,0.90000004,0.76,-2.14,8.4,-4.44,0.585,7.6499996,-0.92,-0.18,-1.4200001,0.0,0.0,0.0,0.0,22,0.3563151,-7.4995246,-0.08568408,0.16210726,0.8440552,0.81339794,-0.1544047,-0.63352025,-0.44755867,-0.5783236,0.20742273,1.455921,-0.537037,0.64444596,1.1614498,0.46664104,0.2563127,-0.1487595,0.0,0.0,0.0,0.0,22,-0.8330001,-16.077293,-0.8159996,-0.32500035,-3.7333333,9.8133335,0.1,-3.3666666,0.8611111,0.27222222,-1.6777778,-1.7333333,-2.2533333,-5.4333334,3.3888888,0.30555555,0.90555555,0.8,0.0,0.0,0.0,0.0
67,1.3415124589992047,1789462731.9159043,-0.002440651,0.02008198,-0.0047181384,0.0008022195,0.0056648254,-80.02636,-96.10744,-100.12522,-90.01897,0.024472047,0.0010437012,-0.0066604614,79.988815,96.06308,100.12948,90.02899,-0.007168579,0.00035705566,0.0,0.0,0.0,0.0,0.0,0.0,-0.0,0.0,0.0,0.0,0.0,0.0,0.0,-0.0,0.059999086,0.0,0.0,0.0,0.0,0.0,-0.0,-0.0,0.0,0.0,0.0,0.0,-0.002440651,0.019990789,-0.004160664,0.000809018,0.0056877136,-80.02635,-96.10741,-100.12524,-90.01897,0.024458313,0.0010437012,-0.0067634583,79.98893,96.06304,100.12945,90.02901,-0.007168579,0.00035705566,0.0,0.0,0.0,0.0,22,-0.98191875,-16.626434,-0.826965,-0.38972086,-12.538702,2.764284,-1.5509727,-8.737619,0.9009999,0.818369,-2.2275603,8.423769,-4.642575,0.59295696,7.6940737,-0.95304537,-0.19833796,-1.4535357,0.0,0.0,0.0,0.0,22,-0.8330001,-16.077293,-0.8159996,-0.35000035,-12.36,2.64,-1.53,-8.73,0.92,0.82,-2.16,8.4,-4.68,0.53999996,7.6949997,-0.94,-0.18,-1.4200001,0.0,0.0,0.0,0.0,22,0.3563982,-7.495936,-0.0860844,0.16210616,0.844909,0.81221485,-0.15159553,-0.6303559,-0.44847897,-0.5789507,0.2095047,1.4565331,-0.53633565,0.6410563,1.1625061,0.46645877,0.25680467,-0.14929406,0.0,0.0,0.0,0.0,22,-0.8330001,-16.077293,-0.8159996,-0.35000035,-3.72,9.786667,0.08888889,-3.461111,0.87777776,0.28333333,-1.6333333,-1.7866666,-2.28,-5.411111,3.3944445,0.35555556,0.8833333,0.8111111,0.0,0.0,0.0,0.0
68,1.3614486410006066,1789462731.9358406,-0.002440651,0.02008238,-0.0047181384,0.0008022195,0.0056648254,-80.026375,-96.10742,-100.12524,-90.01897,0.024472047,0.0010162353,-0.0066604614,79.9888,96.06305,100.12948,90.029015,-0.007182312,0.00032958985,0.0,0.0,0.0,0.0,0.0,0.0,-0.0,0.0,0.0,0.0,0.0,0.0,0.0,0.059999086,0.0,0.0,-0.049999237,0.0,0.0,0.0,-0.0,-0.0,0.0,0.0,0.0,0.0,-0.002440651,0.019990789,-0.004160664,0.000809018,0.0056877136,-80.02635,-96.10741,-100.12524,-90.01897,0.024458313,0.0010437012,-0.0067634583,79.98893,96.06304,100.12945,90.02901,-0.007168579,0.00035705566,0.0,0.0,0.0,0.0,22,-0.951759,-16.611486,-0.82620585,-0.38971877,-12.533823,2.7714326,-1.5568492,-8.734209,0.9002887,0.76041573,-2.173983,8.414938,-4.460321,0.5687204,7.692245,-0.95478505,-0.20061894,-1.4519835,0.0,0.0,0.0,0.0,22,-0.5950001,-16.288837,-0.8159996,-0.35000035,-12.36,2.64,-1.53,-8.684999,0.88,0.8,-2.16,8.28,-4.44,0.53999996,7.6499996,-0.94,-0.22,-1.4200001,0.0,0.0,0.0,0.0,22,0.34623435,-7.5020366,-0.08646417,0.16210513,0.8420649,0.8085282,-0.1486752,-0.6308403,-0.4477491,-0.5795437,0.20993944,1.4594762,-0.5512709,0.6483603,1.162256,0.46778202,0.2567327,-0.14965321,0.0,0.0,0.0,0.0,22,-0.5950001,-16.288837,-0.8159996,-0.35000035,-3.84,9.96,0.06111111,-3.461111,0.8833333,0.28333333,-1.6388888,-1.7466667,-2.3466666,-5.411111,3.3444445,0.32222223,0.8888889,0.8333333,0.0,0.0,0.0,0.0
69,1.3815952629993262,1789462731.9559872,-0.002440651,0.02008238,-0.0047181384,0.0008022195,0.0056648254,-80.026375,-96.10742,-100.12524,-90.01898,0.02444458,0.0010162353,-0.0066604614,79.988815,96.06305,100.12948,90.029015,-0.007168579,0.00032958985,0.0,0.0,0.0,0.0,0.0,0.0,-0.0,0.0,0.0,0.0,0.0,0.0,0.0,-0.0,0.0,0.0,0.0,0.0,0.0,0.0,0.059999086,-0.0,0.0,0.0,0.0,0.0,-0.002440651,0.019990789,-0.004160664,0.000809018,0.0056877136,-80.02635,-96.10741,-100.12524,-90.01897,0.024458313,0.0010437012,-0.0067634583,79.98893,96.06304,100.12945,90.02901,-0.007168579,0.00035705566,0.0,0.0,0.0,0.0,22,-0.97565395,-16.619799,-0.82540745,-0.38971657,-12.531939,2.768574,-1.5517366,-8.733152,0.90033203,0.82231945,-2.175353,8.421031,-4.6352954,0.5921391,7.6950316,-0.95204246,-0.25769112,-1.4527128,0.0,0.0,0.0,0.0,22,-0.5950001,-16.288837,-0.8159996,-0.32500035,-12.48,2.64,-1.485,-8.73,0.90000004,0.90000004,-2.14,8.16,-4.68,0.585,7.56,-0.92,-0.18,-1.44,0.0,0.0,0.0,0.0,22,0.3529818,-7.499698,-0.08686367,0.16210403,0.84055954,0.81007457,-0.1511752,-0.63190293,-0.4475077,-0.5820984,0.2113212,1.4580212,-0.54068184,0.64008117,1.1615134,0.46487677,0.25762686,-0.14937775,0.0,0.0,0.0,0.0,22,-0.5950001,-16.288837,-0.8159996,-0.32500035,-3.7466667,9.973333,0.06666667,-3.4277778,0.8833333,0.28333333,-1.6166667,-1.9066666,-2.2133334,-5.422222,3.4055555,0.32777777,0.8666667,0.8333333,0.0,0.0,0.0,0.0
70,1.4015956399998686,1789462731.9759874,-0.002440651,0.02008238,-0.0047181384,0.0008022195,0.0056648254,-80.026375,-96.1074,-100.12524,-90.01897,0.02444458,0.0010299683,-0.0066719055,79.988815,96.063065,100.12943,90.029015,-0.007209778,0.00034332275,0.0,0.0,0.0,0.0,0.0,0.0,-0.0,0.0,0.0,0.0,0.059999086,0.0,0.0,-0.0,0.0,0.0,0.0,0.0,-0.059999086,0.0,-0.059999086,-0.0,0.0,0.0,0.0,0.0,-0.002440651,0.019990789,-0.004160664,0.000809018,0.0056877136,-80.02635,-96.10741,-100.12524,-90.01897,0.024458313,0.0010437012,-0.0067634583,79.98893,96.06304,100.12945,90.02901,-0.007168579,0.00035705566,0.0,0.0,0.0,0.0,22,-0.9592026,-16.655758,-0.8246288,-0.38971445,-12.534128,2.787666,-1.6278558,-8.7328825,0.89978844,0.8103346,-2.1732473,8.443595,-4.642387,0.6006434,7.769583,-0.9514838,-0.13717353,-1.4606242,0.0,0.0,0.0,0.0,22,-0.95200014,-16.077293,-0.8159996,-0.32500035,-12.48,2.52,-1.485,-8.73,0.86,0.78000003,-2.14,8.28,-4.2,0.45,7.6499996,-0.92,-0.18,-1.44,0.0,0.0,0.0,0.0,22,0.34568682,-7.482453,-0.08725317,0.16210295,0.8418806,0.8018446,-0.14116995,-0.63218814,-0.44719982,-0.57310754,0.20887044,1.4480206,-0.53691995,0.6362669,1.1528996,0.46427485,0.25540277,-0.14474383,0.0,0.0,0.0,0.0,22,-0.95200014,-16.077293,-0.8159996,-0.32500035,-3.7733333,9.933333,0.055555556,-3.4555554,0.8611111,0.2888889,-1.6722223,-1.8133334,-2.2266667,-5.4055557,3.3888888,0.32777777,0.92777777,0.8,0.0,0.0,0.0,0.0
71,1.4215987460011092,1789462731.9959905,-0.002440651,0.020082783,-0.0047181384,0.0008022195,0.0056648254,-80.026375,-96.10744,-100.12524,-90.01895,0.024458313,0.0010437012,-0.0066719055,79.98882,96.063095,100.12945,90.02901,-0.007182312,0.00034332275,0.0,0.0,0.0,0.0,0.0,0.0,-0.0,0.0,0.0,0.0,0.0,0.0,0.0,-0.0,0.0,0.0,0.0,0.0,0.0,0.0,-0.0,-0.0,0.0,0.0,0.0,0.0,-0.002440651,0.019990789,-0.004160664,0.000809018,0.0056877136,-80.02635,-96.10741,-100.12524,-90.01897,0.024458313,0.0010437012,-0.0067634583,79.98893,96.06304,100.12945,90.02901,-0.007168579,0.00035705566,0.0,0.0,0.0,0.0,22,-0.981916,-16.623484,-0.8238508,-0.3897123,-12.532031,2.7663975,-1.5519537,-8.7339735,0.90162164,0.8173997,-2.1712353,8.422801,-4.6388664,0.59210527,7.692494,-0.95262593,-0.19682829,-1.4532958,0.0,0.0,0.0,0.0,22,-0.8330001,-16.077293,-0.8159996,-0.32500035,-12.48,2.64,-1.53,-8.73,0.88,0.78000003,-2.16,8.4,-4.68,0.585,7.6499996,-0.94,-0.22,-1.48,0.0,0.0,0.0,0.0,22,0.3565112,-7.497074,-0.087642014,0.1621019,0.8409205,0.8125157,-0.1504451,-0.6310878,-0.44939792,-0.57756543,0.20650761,1.4573417,-0.5391547,0.6413411,1.1648691,0.46574345,0.25572008,-0.14913419,0.0,0.0,0.0,0.0,22,-0.8330001,-16.077293,-0.8159996,-0.32500035,-3.7866666,9.986667,0.10555556,-3.4,0.87777776,0.25555557,-1.6333333,-1.8133334,-2.28,-5.522222,3.35,0.35555556,0.89444447,0.8055556,0.0,0.0,0.0,0.0
72,1.4414648300007684,1789462732.0158567,-0.002440651,0.020082783,-0.0047181384,0.0008022195,0.0056533813,-80.02638,-96.10741,-100.12524,-90.01897,0.024430847,0.0010299683,-0.0066604614,79.988815,96.06304,100.12948,90.029015,-0.007168579,0.00035705566,0.0,0.0,0.0,0.0,0.0,0.0,-0.0,0.0,0.0,0.0,0.059999086,0.0,0.0,-0.059999086,0.0,0.0,0.0,0.0,0.0,0.0,-0.0,-0.0,0.0,0.0,0.0,0.0,-0.002440651,0.019990789,-0.004160664,0.000809018,0.0056877136,-80.02635,-96.10741,-100.12524,-90.01897,0.024458313,0.0010437012,-0.0067634583,79.98893,96.06304,100.12945,90.02901,-0.007168579,0.00035705566,0.0,0.0,0.0,0.0,22,-0.9614309,-16.627016,-0.82307214,-0.38971016,-12.531472,2.7871442,-1.62493,-8.732187,0.9013025,0.87100244,-2.1725214,8.418638,-4.6363096,0.5941899,7.695258,-0.95315874,-0.19623601,-1.4522108,0.0,0.0,0.0,0.0,22,-0.5950001,-16.077293,-0.74799967,-0.32500035,-12.48,2.64,-1.53,-8.684999,0.86,0.7,-2.16,8.4,-4.56,0.585,7.6499996,-0.94,-0.18,-1.44,0.0,0.0,0.0,0.0,22,0.34743097,-7.4961305,-0.08803149,0.16210082,0.84157234,0.8033256,-0.14101726,-0.6328813,-0.4487353,-0.5748153,0.20816189,1.4591656,-0.5388707,0.640919,1.1612366,0.465977,0.2547467,-0.15056424,0.0,0.0,0.0,0.0,22,-0.5950001,-16.077293,-0.74799967,-0.32500035,-3.6666667,10.053333,0.11111111,-3.461111,0.87777776,0.23333333,-1.65,-1.8533334,-2.2266667,-5.4722223,3.35,0.33333334,0.92777777,0.81666666,0.0,0.0,0.0,0.0
73,1.4614420850011811,1789462732.0358338,-0.002440651,0.020082783,-0.0047181384,0.0008022195,0.0056533813,-80.026375,-96.10742,-100.125244,-90.01899,0.024472047,0.0010848999,-0.0066604614,79.988815,96.063065,100.12946,90.02901,-0.007182312,0.00032958985,0.0,0.0,0.0,0.0,0.0,0.0,-0.0,0.0,0.0,0.0,0.0,0.0,-0.059999086,0.059999086,0.0,0.0,0.0,0.0,0.0,0.0,-0.0,-0.0,0.0,0.0,0.0,0.0,-0.002440651,0.019990789,-0.004160664,0.000809018,0.0056877136,-80.02635,-96.10741,-100.12524,-90.01897,0.024458313,0.0010437012,-0.0067634583,79.98893,96.06304,100.12945,90.02901,-0.007168579,0.00035705566,0.0,0.0,0.0,0.0,22,-0.9772018,-16.624348,-0.8223131,-0.3897081,-12.530141,2.7712805,-1.559548,-8.733144,0.952441,0.7599682,-2.1732903,8.416608,-4.63316,0.5919037,7.695342,-0.95334303,-0.19643912,-1.4502239,0.0,0.0,0.0,0.0,22,-0.8330001,-16.077293,-0.74799967,-0.35000035,-12.12,2.64,-1.53,-8.684999,0.86,0.82,-2.16,8.16,-4.56,0.585,7.605,-0.94,-0.18,-1.44,0.0,0.0,0.0,0.0,22,0.35447878,-7.4972467,-0.08841111,0.16209978,0.8408477,0.8093741,-0.14568013,-0.63153356,-0.44687834,-0.5790464,0.20750359,1.4607062,-0.5412785,0.64231396,1.1615565,0.466462,0.25535107,-0.15182386,0.0,0.0,0.0,0.0,22,-0.8330001,-16.077293,-0.74799967,-0.35000035,-3.76,9.973333,0.072222225,-3.4555554,0.87222224,0.28333333,-1.6388888,-1.76,-2.2933333,-5.4555554,3.3333333,0.32777777,0.9166667,0.8277778,0.0,0.0,0.0,0.0
74,1.4813957670012314,1789462732.0557876,-0.002440651,0.020082783,-0.0047215377,0.0008022195,0.0056648254,-80.026375,-96.10742,-100.125244,-90.01897,0.024458313,0.0010574341,-0.0066719055,79.9888,96.063065,100.12948,90.02901,-0.007182312,0.00032958985,0.0,0.0,0.0,0.0,0.0,0.0,-0.0,0.0,0.0,0.0,0.059999086,-0.059999086,0.0,-0.0,0.0,0.0,0.0,0.0,0.0,0.0,-0.0,-0.059999086,0.0,0.0,0.0,0.0,-0.002440651,0.019990789,-0.004160664,0.000809018,0.0056877136,-80.02635,-96.10741,-100.12524,-90.01897,0.024458313,0.0010437012,-0.0067634583,79.98893,96.06304,100.12945,90.02901,-0.007168579,0.00035705566,0.0,0.0,0.0,0.0,22,-0.9549571,-16.596703,-0.8214805,-0.38970596,-12.514582,2.7878463,-1.6288695,-8.658359,0.89769286,0.8156772,-2.1675088,8.412736,-4.6293883,0.5912132,7.6895537,-0.9528895,-0.19572659,-1.3992926,0.0,0.0,0.0,0.0,22,-0.8330001,-16.077293,-0.8159996,-0.32500035,-12.36,2.64,-1.485,-8.73,0.88,0.76,-2.14,8.28,-4.56,0.49499997,7.6499996,-0.92,-0.18,-1.44,0.0,0.0,0.0,0.0,22,0.3440975,-7.5102043,-0.08881647,0.16209872,0.83357763,0.8010234,-0.13911448,-0.6416316,-0.4451231,-0.5788138,0.20537512,1.463747,-0.54196733,0.64296556,1.1644,0.46600193,0.25464466,-0.14946322,0.0,0.0,0.0,0.0,22,-0.8330001,-16.077293,-0.8159996,-0.32500035,-3.84,10.106667,0.06111111,-3.3555555,0.8666667,0.2888889,-1.6611111,-1.9066666,-2.2,-5.438889,3.3888888,0.32777777,0.89444447,0.8277778,0.0,0.0,0.0,0.0
75,1.5014572280015273,1789462732.075849,-0.002440651,0.020083185,-0.0047215377,0.0008022195,0.0056648254,-80.02638,-96.10745,-100.12524,-90.01897,0.024499511,0.0010299683,-0.0066604614,79.988815,96.06305,100.12945,90.029015,-0.007168579,0.00034332275,0.0,0.0,0.0,0.0,0.0,0.0,-0.0,0.0,0.0,0.0,0.0,0.0,0.0,0.059999086,0.0,0.0,0.0,0.0,0.0,0.0,-0.0,-0.0,0.0,0.0,0.0,0.0,-0.002440651,0.019990789,-0.004160664,0.000809018,0.0056877136,-80.02635,-96.10741,-100.12524,-90.01897,0.024458313,0.0010437012,-0.0067634583,79.98893,96.06304,100.12945,90.02901,-0.007168579,0.00035705566,0.0,0.0,0.0,0.0,22,-0.9767323,-16.625937,-0.82068884,-0.3897038,-12.532802,2.7755747,-1.5565528,-8.732087,0.8975201,0.762601,-2.1720657,8.414989,-4.6307416,0.59228694,7.695618,-0.9537329,-0.19663912,-1.453006,0.0,0.0,0.0,0.0,22,-0.8330001,-16.077293,-0.8159996,-0.35000035,-12.48,2.76,-1.485,-8.73,0.86,0.88,-2.14,8.28,-4.56,0.53999996,7.6499996,-0.92,-0.16,-1.44,0.0,0.0,0.0,0.0,22,0.35404608,-7.4961457,-0.08921671,0.16209765,0.84195244,0.80745256,-0.14779717,-0.6329913,-0.44498584,-0.5824678,0.20773631,1.461343,-0.542195,0.64229137,1.1616709,0.46655107,0.2551692,-0.14938603,0.0,0.0,0.0,0.0,22,-0.8330001,-16.077293,-0.8159996,-0.35000035,-3.68,9.933333,0.1,-3.4222221,0.87777776,0.23888889,-1.6555556,-1.7466667,-2.2533333,-5.4333334,3.3888888,0.3611111,0.90555555,0.78333336,0.0,0.0,0.0,0.0
76,1.5210114779983996,1789462732.0954032,-0.002440651,0.020083185,-0.0047215377,0.0008022195,0.0056648254,-80.02638,-96.10742,-100.12522,-90.01895,0.024472047,0.0010299683,-0.0066604614,79.988815,96.06308,100.12946,90.029015,-0.007182312,0.00034332275,0.0,0.0,0.0,0.0,0.0,0.0,-0.0,0.0,0.0,0.0,0.0,0.0,0.0,-0.0,0.0,0.0,0.0,0.059999086,0.0,0.0,-0.0,-0.0,0.0,0.0,0.0,0.0,-0.002440651,0.019990789,-0.004160664,0.000809018,0.0056877136,-80.02635,-96.10741,-100.12524,-90.01897,0.024458313,0.0010437012,-0.0067634583,79.98893,96.06304,100.12945,90.02901,-0.007168579,0.00035705566,0.0,0.0,0.0,0.0,22,-0.9556381,-16.620096,-0.8199016,-0.3897017,-12.532669,2.773064,-1.5533282,-8.7328615,0.8978935,0.8265691,-2.1733243,8.412679,-4.6094375,0.5151834,7.6937647,-0.95280534,-0.2021773,-1.4521152,0.0,0.0,0.0,0.0,22,-0.5950001,-16.288837,-0.8159996,-0.35000035,-12.6,2.64,-1.5749999,-8.73,0.88,0.76,-2.14,8.28,-4.56,0.49499997,7.605,-0.92,-0.14,-1.44,0.0,0.0,0.0,0.0,22,0.34439817,-7.4987674,-0.08961237,0.16209657,0.84219015,0.80869216,-0.1492652,-0.6326428,-0.44567108,-0.58709574,0.20900387,1.462129,-0.5519844,0.6531866,1.1630661,0.46570164,0.2581171,-0.15026477,0.0,0.0,0.0,0.0,22,-0.5950001,-16.288837,-0.8159996,-0.35000035,-3.68,9.84,0.1,-3.4555554,0.87222224,0.32777777,-1.6611111,-1.6933334,-2.2666667,-5.4555554,3.3777778,0.31666666,0.9166667,0.7888889,0.0,0.0,0.0,0.0
77,1.5414165729998786,1789462732.1158085,-0.002440651,0.020083185,-0.0047215377,0.0008022195,0.0056533813,-80.026375,-96.10745,-100.12524,-90.01897,0.024458313,0.0010299683,-0.0066604614,79.988815,96.063065,100.12946,90.029015,-0.007196045,0.00034332275,0.0,0.0,0.0,0.0,0.0,0.0,-0.0,0.0,0.0,0.0,0.0,0.0,0.0,-0.0,0.0,0.0,0.0,0.0,0.0,0.0,-0.059999086,-0.0,0.0,0.0,0.0,0.0,-0.002440651,0.019990789,-0.004160664,0.000809018,0.0056877136,-80.02635,-96.10741,-100.12524,-90.01897,0.024458313,0.0010437012,-0.0067634583,79.98893,96.06304,100.12945,90.02901,-0.007168579,0.00035705566,0.0,0.0,0.0,0.0,22,-0.9870287,-16.626167,-0.81911623,-0.38969955,-12.531524,2.7695394,-1.5518544,-8.733934,0.90000355,0.8251163,-2.171835,8.414336,-4.6305637,0.59674764,7.693708,-0.952978,-0.13414112,-1.4519559,0.0,0.0,0.0,0.0,22,-0.5950001,-16.288837,-0.74799967,-0.32500035,-12.36,2.76,-1.485,-8.73,0.92,0.82,-2.16,8.28,-4.44,0.63,7.605,-0.94,-0.16,-1.4200001,0.0,0.0,0.0,0.0,22,0.3588434,-7.496387,-0.0900062,0.16209552,0.8430194,0.81024873,-0.14982556,-0.6311449,-0.4474791,-0.58523583,0.2075278,1.4612368,-0.5423,0.6399069,1.1631162,0.46578038,0.25202626,-0.15041699,0.0,0.0,0.0,0.0,22,-0.5950001,-16.288837,-0.74799967,-0.32500035,-3.72,9.946667,0.10555556,-3.4,0.8611111,0.3,-1.6722223,-1.7733333,-2.2933333,-5.3944445,3.3944445,0.31111112,0.8333333,0.8277778,0.0,0.0,0.0,0.0
78,1.5616690189999645,1789462732.136061,-0.002440651,0.020083586,-0.0047215377,0.0008022195,0.0056533813,-80.02638,-96.10747,-100.12526,-90.01898,0.024458313,0.0010162353,-0.0066604614,79.988815,96.06305,100.12943,90.029015,-0.007182312,0.00035705566,0.0,0.0,0.0,0.0,0.0,0.0,-0.0,0.0,0.0,0.0,-0.059999086,-0.059999086,0.0,0.059999086,0.0,0.0,0.0,0.0,0.0,0.0,-0.059999086,-0.0,0.0,0.0,0.0,0.0,-0.002440651,0.019990789,-0.004160664,0.000809018,0.0056877136,-80.02635,-96.10741,-100.12524,-90.01897,0.024458313,0.0010437012,-0.0067634583,79.98893,96.06304,100.12945,90.02901,-0.007168579,0.00035705566,0.0,0.0,0.0,0.0,22,-1.0073411,-16.59594,-0.8183129,-0.38969734,-12.508446,2.7503371,-1.4803568,-8.658493,0.8992747,0.76758444,-2.1659234,8.413605,-4.6293063,0.59645295,7.6945434,-0.9538695,-0.13458598,-1.45241,0.0,0.0,0.0,0.0,22,-0.8330001,-16.288837,-0.8159996,-0.35000035,-12.48,2.76,-1.485,-8.684999,0.86,0.8,-2.14,8.4,-4.56,0.585,7.6499996,-0.92,-0.16,-1.44,0.0,0.0,0.0,0.0,22,0.36820406,-7.5101,-0.09040828,0.16209441,0.8315516,0.82119226,-0.15811178,-0.641057,-0.44651294,-0.58325934,0.20491564,1.4614593,-0.54278797,0.64059776,1.1631192,0.46667165,0.25208288,-0.15031914,0.0,0.0,0.0,0.0,22,-0.8330001,-16.288837,-0.8159996,-0.35000035,-3.6533334,9.84,0.08888889,-3.3722222,0.8666667,0.31111112,-1.6388888,-1.76,-2.2666667,-5.461111,3.3222222,0.3611111,0.79444444,0.82222223,0.0,0.0,0.0,0.0
79,1.5814071989989316,1789462732.1557992,-0.002440651,0.020083586,-0.0047215377,0.0008022195,0.0056648254,-80.026375,-96.10744,-100.12526,-90.01898,0.02444458,0.0010162353,-0.0066604614,79.9888,96.06308,100.12945,90.02901,-0.007168579,0.00034332275,0.0,0.0,0.0,0.0,0.0,0.0,-0.0,0.0,0.0,0.0,-0.059999086,0.0,0.0,-0.0,0.0,0.0,0.0,0.059999086,0.0,0.0,-0.0,-0.0,0.0,0.0,0.0,0.0,-0.002440651,0.019990789,-0.004160664,0.000809018,0.0056877136,-80.02635,-96.10741,-100.12524,-90.01897,0.024458313,0.0010437012,-0.0067634583,79.98893,96.06304,100.12945,90.02901,-0.007168579,0.00035705566,0.0,0.0,0.0,0.0,22,-0.98212314,-16.61587,-0.81754845,-0.3896953,-12.528281,2.749203,-1.4763738,-8.731587,0.90038973,0.8266183,-2.1706097,8.410065,-4.6024413,0.5155762,7.694595,-0.95094204,-0.20025964,-1.451635,0.0,0.0,0.0,0.0,22,-0.5950001,-16.077293,-0.74799967,-0.35000035,-12.48,2.64,-1.485,-8.684999,0.86,0.82,-2.14,8.4,-4.68,0.53999996,7.605,-0.92,-0.18,-1.4200001,0.0,0.0,0.0,0.0,22,0.35671094,-7.500816,-0.09079092,0.16209337,0.8392253,0.8201266,-0.16033776,-0.6326451,-0.4476274,-0.58334327,0.20668697,1.4632379,-0.5546101,0.65269154,1.1626184,0.46413803,0.25582466,-0.15071964,0.0,0.0,0.0,0.0,22,-0.5950001,-16.077293,-0.74799967,-0.35000035,-3.8133333,9.973333,0.08888889,-3.3666666,0.8666667,0.2888889,-1.6166667,-1.8533334,-2.28,-5.3777776,3.3666666,0.32777777,0.9388889,0.8055556,0.0,0.0,0.0,0.0
80,1.6015409200008435,1789462732.1759326,-0.002440651,0.020083586,-0.0047215377,0.0008022195,0.0056762695,-80.02636,-96.10745,-100.12522,-90.01895,0.02444458,0.0010437012,-0.0066604614,79.988815,96.06308,100.12946,90.029015,-0.007168579,0.00035705566,0.0,0.0,0.0,0.0,0.0,0.0,-0.0,0.0,0.0,0.0,-0.059999086,0.0,0.0,-0.0,0.0,0.0,0.0,0.0,0.0,0.0,-0.0,-0.0,0.0,0.0,0.0,0.0,-0.002440651,0.019990789,-0.004160664,0.000809018,0.0056877136,-80.02635,-96.10741,-100.12524,-90.01897,0.024458313,0.0010437012,-0.0067634583,79.98893,96.06304,100.12945,90.02901,-0.007168579,0.00035705566,0.0,0.0,0.0,0.0,22,-1.0089012,-16.622652,-0.8167452,-0.38969308,-12.5305805,2.748052,-1.4747393,-8.733709,0.90026957,0.82507676,-2.1696765,8.411302,-4.6247196,0.59068584,7.692443,-0.95251447,-0.19402109,-1.4509813,0.0,0.0,0.0,0.0,22,-0.8330001,-16.288837,-0.8159996,-0.35000035,-12.36,2.64,-1.53,-8.73,0.90000004,0.84000003,-2.16,8.4,-4.44,0.53999996,7.605,-0.92,-0.2,-1.4200001,0.0,0.0,0.0,0.0,22,0.3692874,-7.4972076,-0.091192774,0.16209228,0.83980787,0.8193053,-0.16149311,-0.63180774,-0.44810978,-0.58179444,0.2050345,1.4624932,-0.5444128,0.64286137,1.164343,0.4653363,0.25258407,-0.15172526,0.0,0.0,0.0,0.0,22,-0.8330001,-16.288837,-0.8159996,-0.35000035,-3.8,9.973333,0.07777778,-3.4055555,0.87777776,0.29444444,-1.6666666,-1.7866666,-2.1733334,-5.538889,3.3833334,0.33333334,0.8611111,0.7888889,0.0,0.0,0.0,0.0
81,1.6214190009995946,1789462732.1958108,-0.002440651,0.020083586,-0.0047215377,0.0008022195,0.0056533813,-80.02638,-96.10744,-100.12524,-90.01895,0.02444458,0.0010025024,-0.0066490173,79.988815,96.06305,100.12946,90.02901,-0.007209778,0.00035705566,0.0,0.0,0.0,0.0,0.0,0.0,-0.0,0.0,0.0,0.0,0.0,0.0,0.0,-0.059999086,0.0,0.0,0.0,0.0,0.0,0.0,-0.059999086,-0.0,0.0,0.0,0.0,0.0,-0.002440651,0.019990789,-0.004160664,0.000809018,0.0056877136,-80.02635,-96.10741,-100.12524,-90.01897,0.024458313,0.0010437012,-0.0067634583,79.98893,96.06304,100.12945,90.02901,-0.007168579,0.00035705566,0.0,0.0,0.0,0.0,22,-0.9939448,-16.62801,-0.81598145,-0.389691,-12.526212,2.769626,-1.5458527,-8.732297,0.8971363,0.8819929,-2.1691256,8.408287,-4.6262193,0.5943823,7.694189,-0.95341647,-0.13378054,-1.4525099,0.0,0.0,0.0,0.0,22,-0.5950001,-16.077293,-0.74799967,-0.35000035,-12.24,2.64,-1.485,-8.73,0.86,0.8,-2.16,8.28,-4.44,0.63,7.6499996,-0.94,-0.16,-1.44,0.0,0.0,0.0,0.0,22,0.36299905,-7.494988,-0.09157481,0.16209124,0.83848596,0.81136966,-0.15351039,-0.6328007,-0.44493133,-0.58314836,0.20557187,1.4634444,-0.5436393,0.642567,1.1625717,0.46652302,0.2520943,-0.15018757,0.0,0.0,0.0,0.0,22,-0.5950001,-16.077293,-0.74799967,-0.35000035,-3.7866666,9.906667,0.07777778,-3.3944445,0.85555553,0.23888889,-1.65,-1.8933333,-2.32,-5.411111,3.4055555,0.31666666,0.84444445,0.8,0.0,0.0,0.0,0.0
82,1.6415861259993108,1789462732.215978,-0.002440651,0.020083988,-0.0047215377,0.0008022195,0.0056648254,-80.026375,-96.10745,-100.12524,-90.01897,0.02444458,0.0010162353,-0.0066719055,79.9888,96.06305,100.12945,90.02901,-0.007182312,0.00034332275,0.0,0.0,0.0,0.0,0.0,0.0,-0.0,0.0,0.0,0.0,-0.059999086,0.0,0.0,-0.0,-0.059999086,0.0,0.0,0.0,0.0,0.0,-0.0,-0.0,0.0,0.0,0.0,0.0,-0.002440651,0.019990789,-0.004160664,0.000809018,0.0056877136,-80.02635,-96.10741,-100.12524,-90.01897,0.024458313,0.0010437012,-0.0067634583,79.98893,96.06304,100.12945,90.02901,-0.007168579,0.00035705566,0.0,0.0,0.0,0.0,22,-1.0088533,-16.617468,-0.8151778,-0.38968882,-12.521508,2.7505565,-1.4746387,-8.728699,0.89754647,0.82693607,-2.1183817,8.411222,-4.62062,0.5898016,7.693763,-0.9519918,-0.19533557,-1.4538987,0.0,0.0,0.0,0.0,22,-0.5950001,-16.077293,-0.74799967,-0.35000035,-12.48,2.76,-1.485,-8.73,0.86,0.8,-2.16,8.16,-4.56,0.49499997,7.605,-0.94,-0.18,-1.4200001,0.0,0.0,0.0,0.0,22,0.36935532,-7.500081,-0.09197716,0.16209014,0.83499175,0.81894785,-0.161509,-0.6338952,-0.44508284,-0.5836403,0.20776214,1.4634024,-0.54492253,0.64454395,1.1634232,0.4651183,0.25431404,-0.14843108,0.0,0.0,0.0,0.0,22,-0.5950001,-16.077293,-0.74799967,-0.35000035,-3.7333333,10.013333,0.06111111,-3.4388888,0.87777776,0.30555555,-1.6666666,-1.8533334,-2.24,-5.483333,3.338889,0.30555555,0.9166667,0.81666666,0.0,0.0,0.0,0.0
83,1.6613032850000309,1789462732.2356951,-0.002440651,0.020083988,-0.0047215377,0.0008022195,0.0056533813,-80.026375,-96.10745,-100.12522,-90.01897,0.024430847,0.0010437012,-0.0066490173,79.988815,96.063065,100.12949,90.02899,-0.007168579,0.00032958985,0.0,0.0,0.0,0.0,0.0,0.0,-0.0,0.0,0.0,0.0,-0.059999086,0.0,0.0,-0.0,0.0,0.0,0.0,0.0,0.0,-0.059999086,-0.0,-0.0,0.0,0.0,0.0,0.0,-0.002440651,0.019990789,-0.004160664,0.000809018,0.0056877136,-80.02635,-96.10741,-100.12524,-90.01897,0.024458313,0.0010437012,-0.0067634583,79.98893,96.06304,100.12945,90.02901,-0.007168579,0.00035705566,0.0,0.0,0.0,0.0,22,-1.0083392,-16.623333,-0.8144146,-0.38968673,-12.524674,2.752417,-1.472526,-8.7329035,0.8993594,0.8297229,-2.1711514,8.405622,-4.620026,0.5909594,7.6928897,-0.8976257,-0.19659175,-1.4509119,0.0,0.0,0.0,0.0,22,-0.8330001,-16.288837,-0.6119997,-0.35000035,-12.36,2.64,-1.4399999,-8.73,0.88,0.92,-2.16,8.28,-4.44,0.49499997,7.6499996,-0.94,-0.22,-1.38,0.0,0.0,0.0,0.0,22,0.36865833,-7.497232,-0.092358604,0.16208911,0.83794945,0.81746423,-0.16358393,-0.6326176,-0.4469014,-0.58602315,0.2065401,1.4648238,-0.54687685,0.64300007,1.1629585,0.46348593,0.25519702,-0.15103662,0.0,0.0,0.0,0.0,22,-0.8330001,-16.288837,-0.6119997,-0.35000035,-3.8,9.96,0.15,-3.4055555,0.84444445,0.25555557,-1.6555556,-1.8133334,-2.28,-5.5,3.3222222,0.3,0.8388889,0.8333333,0.0,0.0,0.0,0.0
84,1.6817902379989391,1789462732.256182,-0.002440651,0.020083988,-0.0047215377,0.0008022195,0.0056533813,-80.026375,-96.10744,-100.125206,-90.01895,0.024472047,0.0010299683,-0.0066604614,79.988815,96.063065,100.12949,90.02898,-0.007196045,0.00035705566,0.0,0.0,0.0,0.0,0.0,0.0,-0.0,0.0,0.0,0.0,0.0,0.0,0.0,-0.0,0.0,0.0,0.0,0.0,0.059999086,0.0,-0.0,-0.0,0.0,0.0,0.0,0.0,-0.002440651,0.019990789,-0.004160664,0.000809018,0.0056877136,-80.02635,-96.10741,-100.12524,-90.01897,0.024458313,0.0010437012,-0.0067634583,79.98893,96.06304,100.12945,90.02901,-0.007168579,0.00035705566,0.0,0.0,0.0,0.0,22,-0.9829816,-16.602175,-0.8136121,-0.38968453,-12.525266,2.7734277,-1.550103,-8.734283,0.90028524,0.81969935,-2.174074,8.386851,-4.61549,0.59232813,7.6187167,-0.9515911,-0.19629827,-1.4445759,0.0,0.0,0.0,0.0,22,-0.8330001,-16.288837,-0.6119997,-0.35000035,-12.48,2.64,-1.53,-8.73,0.88,0.8,-2.16,8.4,-4.44,0.585,7.6499996,-0.92,-0.18,-1.4200001,0.0,0.0,0.0,0.0,22,0.35709313,-7.5071306,-0.09275977,0.162088,0.8376714,0.80729693,-0.15169068,-0.63167596,-0.44806466,-0.5801757,0.20983067,1.4742062,-0.54944867,0.641528,1.172481,0.46532905,0.25569254,-0.15516055,0.0,0.0,0.0,0.0,22,-0.8330001,-16.288837,-0.6119997,-0.35000035,-3.6,9.933333,0.05,-3.4222221,0.8666667,0.28333333,-1.6722223,-1.8266667,-2.2533333,-5.461111,3.4277778,0.31666666,0.9222222,0.8666667,0.0,0.0,0.0,0.0
85,1.701503763000801,1789462732.2758956,-0.002440651,0.020083988,-0.0047215377,0.0008022195,0.0056533813,-80.02636,-96.10741,-100.12524,-90.01898,0.024430847,0.0010574341,-0.0066719055,79.988815,96.06308,100.12946,90.02899,-0.007168579,0.00034332275,0.0,0.0,0.0,0.0,0.0,0.0,-0.0,0.0,0.0,0.0,0.11999817,0.0,-0.059999086,-0.059999086,0.0,0.0,0.0,0.0,0.0,0.0,-0.0,-0.0,0.0,0.0,0.0,0.0,-0.002440651,0.019990789,-0.004160664,0.000809018,0.0056877136,-80.02635,-96.10741,-100.12524,-90.01897,0.024458313,0.0010437012,-0.0067634583,79.98893,96.06304,100.12945,90.02901,-0.007168579,0.00035705566,0.0,0.0,0.0,0.0,22,-0.9344524,-16.639454,-0.8128291,-0.3896824,-12.527925,2.8068492,-1.697954,-8.732392,0.95406514,0.87149173,-2.1763692,8.408188,-4.6173406,0.5918986,7.694152,-0.9526098,-0.19619173,-1.4504975,0.0,0.0,0.0,0.0,22,-0.8330001,-16.077293,-0.6119997,-0.32500035,-12.48,2.76,-1.485,-8.73,0.90000004,0.8,-2.16,8.4,-4.56,0.585,7.605,-0.94,-0.18,-1.44,0.0,0.0,0.0,0.0,22,0.334575,-7.4898195,-0.093151234,0.16208693,0.838698,0.791934,-0.13262664,-0.6327857,-0.4487078,-0.5781991,0.21141647,1.4649358,-0.548039,0.6414982,1.162567,0.4660394,0.25479582,-0.15179971,0.0,0.0,0.0,0.0,22,-0.8330001,-16.077293,-0.6119997,-0.32500035,-3.7733333,9.853333,0.10555556,-3.411111,0.9111111,0.28333333,-1.6611111,-1.7733333,-2.28,-5.4555554,3.338889,0.29444444,0.87222224,0.8277778,0.0,0.0,0.0,0.0
86,1.721520483999484,1789462732.2959125,-0.002440651,0.02008439,-0.004724937,0.0008022195,0.0056533813,-80.02638,-96.10742,-100.125244,-90.01897,0.024472047,0.0010437012,-0.0066719055,79.988815,96.06305,100.12946,90.029015,-0.007168579,0.00034332275,0.0,0.0,0.0,0.0,0.0,0.0,-0.0,0.0,0.0,0.0,0.0,0.0,0.0,-0.0,0.0,0.0,0.0,0.0,-0.059999086,0.0,-0.0,-0.0,0.0,0.0,0.0,0.0,-0.002440651,0.019990789,-0.004160664,0.000809018,0.0056877136,-80.02635,-96.10741,-100.12524,-90.01897,0.024458313,0.0010437012,-0.0067634583,79.98893,96.06304,100.12945,90.02901,-0.007168579,0.00035705566,0.0,0.0,0.0,0.0,22,-0.9793182,-16.656385,-0.8120255,-0.38968033,-12.526357,2.7742598,-1.5509657,-8.732692,0.90153164,0.82543534,-2.1752243,8.42696,-4.616965,0.5947027,7.76925,-0.9549493,-0.19649647,-1.4568115,0.0,0.0,0.0,0.0,22,-0.5950001,-16.077295,-0.6119997,-0.32500035,-12.48,2.64,-1.53,-8.684999,0.86,0.8,-2.14,8.4,-4.44,0.585,7.605,-0.94,-0.18,-1.4200001,0.0,0.0,0.0,0.0,22,0.35439485,-7.4823093,-0.093537085,0.1620859,0.83901894,0.8088605,-0.15117656,-0.63200665,-0.44901934,-0.58590275,0.21064621,1.4563993,-0.548877,0.6395165,1.1521357,0.46776947,0.25510803,-0.14840254,0.0,0.0,0.0,0.0,22,-0.5950001,-16.077295,-0.6119997,-0.32500035,-3.7733333,10.013333,0.07777778,-3.45,0.87222224,0.25,-1.6611111,-1.92,-2.1733334,-5.4166665,3.338889,0.36666667,0.8611111,0.8333333,0.0,0.0,0.0,0.0
87,1.741584078001324,1789462732.315976,-0.002440651,0.02008439,-0.004724937,0.0008022195,0.0056648254,-80.02638,-96.10745,-100.12522,-90.01898,0.024458313,0.0010025024,-0.0066604614,79.9888,96.063065,100.12945,90.02901,-0.007196045,0.00034332275,0.0,0.0,0.0,0.0,0.0,0.0,-0.0,0.0,0.0,0.0,0.0,0.0,0.0,-0.0,0.0,0.0,0.0,0.0,0.0,0.0,-0.0,-0.0,0.0,0.0,0.0,0.0,-0.002440651,0.019990789,-0.004160664,0.000809018,0.0056877136,-80.02635,-96.10741,-100.12524,-90.01897,0.024458313,0.0010437012,-0.0067634583,79.98893,96.06304,100.12945,90.02901,-0.007168579,0.00035705566,0.0,0.0,0.0,0.0,22,-0.98114496,-16.63113,-0.81120527,-0.38967812,-12.52949,2.773493,-1.5488336,-8.732894,0.9007973,0.82202977,-2.1733458,8.404385,-4.6106606,0.5922012,7.6934133,-0.9525036,-0.19617124,-1.4510127,0.0,0.0,0.0,0.0,22,-0.5950001,-16.288837,-0.6119997,-0.35000035,-12.36,2.52,-1.53,-8.639999,0.88,0.82,-2.1200001,8.28,-4.44,0.63,7.605,-0.90000004,-0.22,-1.44,0.0,0.0,0.0,0.0,22,0.3557181,-7.4933777,-0.09395352,0.1620848,0.84045875,0.80976784,-0.15240286,-0.63266313,-0.44799018,-0.5820906,0.20985627,1.465921,-0.5510942,0.64154714,1.1636866,0.46563447,0.25558257,-0.15126514,0.0,0.0,0.0,0.0,22,-0.5950001,-16.288837,-0.6119997,-0.35000035,-3.8266666,10.133333,0.1,-3.461111,0.8666667,0.27222222,-1.6666666,-1.8533334,-2.16,-5.4555554,3.3944445,0.31666666,0.8611111,0.85,0.0,0.0,0.0,0.0
88,1.761608081000304,1789462732.336,-0.002440651,0.02008439,-0.004724937,0.0008022195,0.0056533813,-80.02638,-96.10742,-100.125244,-90.01897,0.024472047,0.0010299683,-0.0066604614,79.988815,96.06308,100.12948,90.02901,-0.007196045,0.00034332275,0.0,0.0,0.0,0.0,0.0,0.0,-0.0,0.0,0.0,0.0,0.0,0.0,0.0,0.059999086,0.0,0.0,0.0,0.0,0.0,0.0,-0.0,-0.0,0.0,0.0,0.0,0.0,-0.002440651,0.019990789,-0.004160664,0.000809018,0.0056877136,-80.02635,-96.10741,-100.12524,-90.01897,0.024458313,0.0010437012,-0.0067634583,79.98893,96.06304,100.12945,90.02901,-0.007168579,0.00035705566,0.0,0.0,0.0,0.0,22,-0.97500426,-16.631691,-0.8104106,-0.389676,-12.528361,2.7751787,-1.5558054,-8.731598,0.9024171,0.76255757,-2.1740758,8.402722,-4.609426,0.59268093,7.694233,-0.95295805,-0.19503693,-1.4510255,0.0,0.0,0.0,0.0,22,-0.8330001,-16.077295,-0.74799967,-0.35000035,-12.48,2.76,-1.4399999,-8.639999,0.90000004,0.76,-2.14,8.16,-4.32,0.53999996,7.6499996,-0.94,-0.18,-1.4,0.0,0.0,0.0,0.0,22,0.35236466,-7.4935923,-0.094354205,0.16208373,0.841043,0.80965674,-0.14880252,-0.63310623,-0.44989786,-0.58156246,0.20988089,1.4670677,-0.5536822,0.64061064,1.1620015,0.46608827,0.25445443,-0.15124002,0.0,0.0,0.0,0.0,22,-0.8330001,-16.077295,-0.74799967,-0.35000035,-3.7866666,9.96,0.10555556,-3.3666666,0.8833333,0.2611111,-1.6444445,-1.7733333,-2.1333334,-5.438889,3.3222222,0.34444445,0.92777777,0.85,0.0,0.0,0.0,0.0
89,1.7815865269985807,1789462732.3559785,-0.002440651,0.02008439,-0.004724937,0.0008022195,0.0056648254,-80.026375,-96.10744,-100.125244,-90.01897,0.024458313,0.0010299683,-0.0066719055,79.988815,96.06305,100.12948,90.02901,-0.007168579,0.00034332275,0.0,0.0,0.0,0.0,0.0,0.0,-0.0,0.0,0.0,0.0,0.0,0.0,0.0,-0.0,0.0,0.0,0.0,0.0,0.0,0.0,-0.0,-0.0,0.0,0.0,0.0,0.0,-0.002440651,0.019990789,-0.004160664,0.000809018,0.0056877136,-80.02635,-96.10741,-100.12524,-90.01897,0.024458313,0.0010437012,-0.0067634583,79.98893,96.06304,100.12945,90.02901,-0.007168579,0.00035705566,0.0,0.0,0.0,0.0,22,-0.9820596,-16.631105,-0.809619,-0.38967386,-12.527911,2.7718153,-1.5506946,-8.732106,0.90209717,0.8243791,-2.1720276,8.404748,-4.6091256,0.59220994,7.6951504,-0.95227265,-0.19722117,-1.4518721,0.0,0.0,0.0,0.0,22,-0.5950001,-16.288837,-0.74799967,-0.35000035,-12.48,2.64,-1.485,-8.684999,0.88,0.82,-2.16,8.4,-4.56,0.53999996,7.6949997,-0.92,-0.18,-1.44,0.0,0.0,0.0,0.0,22,0.3566346,-7.4938774,-0.09475186,0.16208267,0.83915544,0.8096086,-0.15086912,-0.6326078,-0.44959846,-0.58443207,0.2078432,1.4663843,-0.5532504,0.641903,1.1610756,0.46540168,0.25586322,-0.15038899,0.0,0.0,0.0,0.0,22,-0.5950001,-16.288837,-0.74799967,-0.35000035,-3.7066667,9.933333,0.094444446,-3.4388888,0.8611111,0.26666668,-1.6277778,-1.8533334,-2.2266667,-5.3722224,3.3666666,0.31111112,0.89444447,0.8277778,0.0,0.0,0.0,0.0
90,1.8017039369988197,1789462732.3760958,-0.002440651,0.02008479,-0.004724937,0.0008022195,0.0056648254,-80.026375,-96.10745,-100.12526,-90.01897,0.02444458,0.0010437012,-0.0066604614,79.988815,96.06305,100.12946,90.02901,-0.007182312,0.00034332275,0.0,0.0,0.0,0.0,0.0,0.0,-0.0,0.0,0.0,0.0,0.0,-0.059999086,0.0,-0.0,0.059999086,0.0,0.0,0.0,0.0,0.0,-0.059999086,-0.0,0.0,0.0,0.0,0.0,-0.002440651,0.019990789,-0.004160664,0.000809018,0.0056877136,-80.02635,-96.10741,-100.12524,-90.01897,0.024458313,0.0010437012,-0.0067634583,79.98893,96.06304,100.12945,90.02901,-0.007168579,0.00035705566,0.0,0.0,0.0,0.0,22,-0.9861187,-16.610718,-0.80882967,-0.3896717,-12.511641,2.771743,-1.5484034,-8.6641245,0.89963895,0.8298135,-2.219326,8.402478,-4.610308,0.59842867,7.695729,-0.951657,-0.13540722,-1.453816,0.0,0.0,0.0,0.0,22,-0.8330001,-16.077295,-0.6119997,-0.32500035,-12.48,2.64,-1.485,-8.73,0.86,0.84000003,-2.14,8.28,-4.44,0.49499997,7.6949997,-0.94,-0.22,-1.4200001,0.0,0.0,0.0,0.0,22,0.3582859,-7.503461,-0.095147386,0.1620816,0.83157414,0.8088494,-0.15269493,-0.63799876,-0.4471625,-0.58946306,0.20443551,1.4665854,-0.5527568,0.63823014,1.1608964,0.46476904,0.25300276,-0.14843614,0.0,0.0,0.0,0.0,22,-0.8330001,-16.077295,-0.6119997,-0.32500035,-3.72,10.04,0.10555556,-3.45,0.85555553,0.29444444,-1.6611111,-1.88,-2.2266667,-5.4055557,3.4055555,0.32222223,0.87777776,0.7722222,0.0,0.0,0.0,0.0
91,1.8213143450011557,1789462732.3957062,-0.002440651,0.02008479,-0.004724937,0.0008022195,0.0056533813,-80.02638,-96.10745,-100.12522,-90.01897,0.024472047,0.0010025024,-0.0066604614,79.988815,96.06308,100.12948,90.02899,-0.007168579,0.00032958985,0.0,0.0,0.0,0.0,0.0,0.0,-0.0,0.0,0.0,0.0,0.0,0.0,0.0,-0.0,-0.059999086,0.0,0.0,0.059999086,0.0,0.0,0.059999086,-0.0,0.0,0.0,0.0,0.0,-0.002440651,0.019990789,-0.004160664,0.000809018,0.0056877136,-80.02635,-96.10741,-100.12524,-90.01897,0.024458313,0.0010437012,-0.0067634583,79.98893,96.06304,100.12945,90.02901,-0.007168579,0.00035705566,0.0,0.0,0.0,0.0,22,-0.9496879,-16.619434,-0.8080602,-0.38966966,-12.521896,2.775819,-1.5494355,-8.728772,0.8977927,0.8249226,-2.115518,8.397744,-4.58385,0.50921875,7.6953864,-0.9503026,-0.2603829,-1.454165,0.0,0.0,0.0,0.0,22,-0.8330001,-16.077295,-0.6119997,-0.35000035,-12.36,2.76,-1.485,-8.684999,0.88,0.8,-2.1200001,8.4,-4.56,0.63,7.605,-0.88,-0.16,-1.4200001,0.0,0.0,0.0,0.0,22,0.34129652,-7.4997735,-0.09553275,0.16208056,0.8373781,0.8077652,-0.15162641,-0.6342874,-0.44529176,-0.5853568,0.20535521,1.4693018,-0.5648365,0.65609163,1.1607885,0.46382344,0.25749984,-0.14771137,0.0,0.0,0.0,0.0,22,-0.8330001,-16.077295,-0.6119997,-0.35000035,-3.8666666,10.16,0.094444446,-3.3833334,0.8833333,0.21111111,-1.6388888,-1.7866666,-2.2266667,-5.5055556,3.35,0.35,0.9166667,0.8111111,0.0,0.0,0.0,0.0
92,1.8413530830002856,1789462732.415745,-0.002440651,0.02008479,-0.004724937,0.0008022195,0.0056648254,-80.026375,-96.10744,-100.125206,-90.01898,0.024472047,0.0010299683,-0.0066604614,79.9888,96.06304,100.12946,90.02898,-0.007196045,0.00034332275,0.0,0.0,0.0,0.0,0.0,0.0,-0.0,0.0,0.0,0.0,0.0,0.059999086,0.0,-0.0,0.0,0.0,0.0,0.0,0.0,0.0,-0.0,-0.0,0.0,0.0,0.0,0.0,-0.002440651,0.019990789,-0.004160664,0.000809018,0.0056877136,-80.02635,-96.10741,-100.12524,-90.01897,0.024458313,0.0010437012,-0.0067634583,79.98893,96.06304,100.12945,90.02901,-0.007168579,0.00035705566,0.0,0.0,0.0,0.0,22,-0.9840632,-16.66014,-0.8072716,-0.3896675,-12.548678,2.7764938,-1.5511731,-8.808912,0.8988089,0.82614017,-2.176307,8.399802,-4.603874,0.58870023,7.6928773,-0.950813,-0.19475459,-1.4537306,0.0,0.0,0.0,0.0,22,-0.8330001,-16.288837,-0.6119997,-0.32500035,-12.24,2.52,-1.53,-8.684999,0.86,0.8,-2.14,8.4,-4.56,0.53999996,7.605,-0.94,-0.120000005,-1.44,0.0,0.0,0.0,0.0,22,0.3581514,-7.480046,-0.09592742,0.1620795,0.8495619,0.8065556,-0.15027069,-0.62176114,-0.44600126,-0.58656716,0.2092269,1.4680295,-0.55417573,0.6457526,1.1637121,0.46454424,0.254222,-0.14850083,0.0,0.0,0.0,0.0,22,-0.8330001,-16.288837,-0.6119997,-0.32500035,-3.7733333,9.906667,0.1,-3.4055555,0.8277778,0.2777778,-1.6555556,-1.7733333,-2.2133334,-5.422222,3.2833333,0.33888888,0.8666667,0.82222223,0.0,0.0,0.0,0.0
93,1.8615293459988607,1789462732.4359212,-0.002440651,0.02008479,-0.004724937,0.0008022195,0.0056648254,-80.026375,-96.10744,-100.12524,-90.01898,0.02444458,0.0010299683,-0.0066604614,79.9888,96.06305,100.12945,90.02899,-0.007168579,0.00034332275,0.0,0.0,0.0,0.0,0.0,0.0,-0.0,0.0,0.0,0.0,0.0,0.0,0.0,-0.0,0.0,0.0,0.0,0.0,0.0,0.0,-0.0,-0.0,0.0,0.0,0.0,0.0,-0.002440651,0.019990789,-0.004160664,0.000809018,0.0056877136,-80.02635,-96.10741,-100.12524,-90.01897,0.024458313,0.0010437012,-0.0067634583,79.98893,96.06304,100.12945,90.02901,-0.007168579,0.00035705566,0.0,0.0,0.0,0.0,22,-0.983685,-16.63285,-0.8064636,-0.3896653,-12.527387,2.7741296,-1.5525775,-8.734276,0.8987097,0.8222113,-2.1718311,8.398345,-4.6021333,0.5883469,7.694808,-0.94991213,-0.193924,-1.4538305,0.0,0.0,0.0,0.0,22,-0.8330001,-16.288837,-0.6119997,-0.35000035,-12.36,2.76,-1.53,-8.73,0.86,0.8,-2.2,8.28,-4.56,0.585,7.605,-0.94,-0.18,-1.4200001,0.0,0.0,0.0,0.0,22,0.3582524,-7.4931455,-0.09633161,0.1620784,0.8391242,0.8078535,-0.148815,-0.6308778,-0.4459122,-0.58184457,0.20769112,1.4689873,-0.5551443,0.64564216,1.1621886,0.46334264,0.25260466,-0.14839229,0.0,0.0,0.0,0.0,22,-0.8330001,-16.288837,-0.6119997,-0.35000035,-3.7866666,9.96,0.094444446,-3.3666666,0.8611111,0.2611111,-1.6722223,-1.8133334,-2.2133334,-5.5,3.3444445,0.31666666,0.8888889,0.84444445,0.0,0.0,0.0,0.0
94,1.8816718439993565,1789462732.4560637,-0.002440651,0.020085193,-0.004724937,0.0008022195,0.0056648254,-80.026375,-96.10742,-100.12524,-90.01898,0.02444458,0.0010437012,-0.0066719055,79.988815,96.06305,100.12945,90.02901,-0.007182312,0.00034332275,0.0,0.0,0.0,0.0,0.0,0.0,-0.0,0.0,0.0,0.0,0.0,0.0,0.0,-0.0,0.0,0.0,0.0,0.0,0.0,0.0,-0.0,-0.0,0.0,0.0,0.0,0.0,-0.002440651,0.019990789,-0.004160664,0.000809018,0.0056877136,-80.02635,-96.10741,-100.12524,-90.01897,0.024458313,0.0010437012,-0.0067634583,79.98893,96.06304,100.12945,90.02901,-0.007168579,0.00035705566,0.0,0.0,0.0,0.0,22,-0.98322475,-16.63356,-0.80569583,-0.38966325,-12.527975,2.7748463,-1.5513574,-8.734344,0.90044296,0.81818676,-2.1741385,8.400041,-4.602986,0.5882106,7.6945524,-0.95143414,-0.19436222,-1.4528525,0.0,0.0,0.0,0.0,22,-0.5950001,-16.288837,-0.74799967,-0.32500035,-12.48,2.64,-1.485,-8.684999,0.86,0.8,-2.16,8.28,-4.44,0.53999996,7.6499996,-0.94,-0.16,-1.44,0.0,0.0,0.0,0.0,22,0.35780722,-7.492701,-0.09671539,0.16207735,0.839838,0.80728203,-0.15041606,-0.6308205,-0.44764277,-0.57781816,0.2096498,1.4686744,-0.55565834,0.6457521,1.1624367,0.46456555,0.2534459,-0.14936392,0.0,0.0,0.0,0.0,22,-0.5950001,-16.288837,-0.74799967,-0.32500035,-3.8,9.893333,0.083333336,-3.4277778,0.8666667,0.26666668,-1.6333333,-1.76,-2.16,-5.438889,3.4333334,0.31111112,0.9,0.85,0.0,0.0,0.0,0.0
95,1.901667494999856,1789462732.4760594,-0.002440651,0.020085193,-0.004724937,0.0008022195,0.0056648254,-80.026375,-96.10745,-100.125244,-90.01897,0.024472047,0.0010299683,-0.0066604614,79.9888,96.063065,100.12946,90.02901,-0.007196045,0.00035705566,0.0,0.0,0.0,0.0,0.0,0.0,-0.0,0.0,0.0,0.0,0.0,0.0,0.0,-0.0,0.0,0.0,0.0,0.0,0.0,0.0,-0.0,-0.0,0.0,0.0,0.0,0.0,-0.002440651,0.019990789,-0.004160664,0.000809018,0.0056877136,-80.02635,-96.10741,-100.12524,-90.01897,0.024458313,0.0010437012,-0.0067634583,79.98893,96.06304,100.12945,90.02901,-0.007168579,0.00035705566,0.0,0.0,0.0,0.0,22,-0.98213035,-16.634073,-0.8049077,-0.3896611,-12.527383,2.7759893,-1.5468739,-8.73204,0.8988357,0.8159422,-2.1715,8.396749,-4.598525,0.58957326,7.694859,-0.95088404,-0.19317932,-1.4535528,0.0,0.0,0.0,0.0,22,-0.8330001,-16.288837,-0.74799967,-0.32500035,-12.6,2.64,-1.485,-8.73,0.86,0.8,-2.16,8.28,-4.44,0.585,7.605,-0.92,-0.18,-1.44,0.0,0.0,0.0,0.0,22,0.35669774,-7.4924126,-0.097109646,0.1620763,0.83938104,0.8062829,-0.153998,-0.6327031,-0.44633514,-0.5763542,0.20738184,1.4696722,-0.55725116,0.6439157,1.1616807,0.46401754,0.25264767,-0.1490115,0.0,0.0,0.0,0.0,22,-0.8330001,-16.288837,-0.74799967,-0.32500035,-3.76,10.026667,0.12222222,-3.3944445,0.89444447,0.24444444,-1.6611111,-1.7733333,-2.2666667,-5.45,3.3777778,0.31111112,0.85555553,0.8,0.0,0.0,0.0,0.0
96,1.9214147279999452,1789462732.4958067,-0.002440651,0.020085193,-0.004724937,0.0008022195,0.0056648254,-80.026375,-96.10744,-100.12522,-90.01895,0.024417114,0.0010299683,-0.0066490173,79.988815,96.06305,100.12946,90.029015,-0.007182312,0.00034332275,0.0,0.0,0.0,0.0,0.0,0.0,-0.0,0.0,0.0,0.0,0.0,0.059999086,0.0,-0.059999086,0.0,0.0,0.0,0.0,0.0,0.0,-0.0,-0.0,0.0,0.0,0.0,0.0,-0.002440651,0.019990789,-0.004160664,0.000809018,0.0056877136,-80.02635,-96.10741,-100.12524,-90.01897,0.024458313,0.0010437012,-0.0067634583,79.98893,96.06304,100.12945,90.02901,-0.007168579,0.00035705566,0.0,0.0,0.0,0.0,22,-0.98852044,-16.660637,-0.8041196,-0.38965896,-12.547009,2.7754269,-1.5420644,-8.80832,0.90002936,0.8757998,-2.1764739,8.394014,-4.597653,0.59182763,7.69303,-0.95241016,-0.19384,-1.4528848,0.0,0.0,0.0,0.0,22,-0.95200014,-16.288837,-0.74799967,-0.32500035,-12.48,2.88,-1.53,-8.73,0.90000004,0.76,-2.2,8.28,-4.56,0.53999996,7.605,-0.92,-0.16,-1.4200001,0.0,0.0,0.0,0.0,22,0.35984305,-7.4799924,-0.09750376,0.16207522,0.8486594,0.80674154,-0.15662329,-0.6219492,-0.44782683,-0.5760757,0.20944074,1.4701085,-0.55947155,0.64205945,1.1634879,0.46524513,0.25294057,-0.14930779,0.0,0.0,0.0,0.0,22,-0.95200014,-16.288837,-0.74799967,-0.32500035,-3.8266666,9.973333,0.10555556,-3.4055555,0.84444445,0.25,-1.6555556,-1.8933333,-2.2533333,-5.4555554,3.3555555,0.3,0.8833333,0.85,0.0,0.0,0.0,0.0
97,1.9415429530017718,1789462732.5159347,-0.002440651,0.020085193,-0.004724937,0.0008022195,0.0056648254,-80.02638,-96.10744,-100.12524,-90.01897,0.02444458,0.0010162353,-0.0066719055,79.988815,96.06308,100.12948,90.02903,-0.007182312,0.00034332275,0.0,0.0,0.0,0.0,0.0,0.0,-0.0,0.0,0.0,0.0,0.0,0.0,0.0,-0.0,0.0,0.0,0.0,0.0,0.0,0.0,-0.0,-0.059999086,0.0,0.0,0.0,0.0,-0.002440651,0.019990789,-0.004160664,0.000809018,0.0056877136,-80.02635,-96.10741,-100.12524,-90.01897,0.024458313,0.0010437012,-0.0067634583,79.98893,96.06304,100.12945,90.02901,-0.007168579,0.00035705566,0.0,0.0,0.0,0.0,22,-0.9823527,-16.630009,-0.8033316,-0.38965684,-12.526724,2.7781873,-1.5496106,-8.733126,0.9008645,0.8217679,-2.170712,8.393082,-4.5967193,0.58912003,7.687624,-0.9530064,-0.19507945,-1.3992255,0.0,0.0,0.0,0.0,22,-0.5950001,-16.288837,-0.74799967,-0.35000035,-12.48,2.76,-1.4399999,-8.73,0.90000004,0.78000003,-2.14,8.16,-4.44,0.53999996,7.6499996,-0.98,-0.16,-1.46,0.0,0.0,0.0,0.0,22,0.35685974,-7.4941545,-0.09789779,0.16207415,0.8389672,0.8064417,-0.15160264,-0.63204694,-0.44836578,-0.58137745,0.20697536,1.4720755,-0.5594253,0.64387065,1.1659602,0.46553484,0.25418568,-0.14967883,0.0,0.0,0.0,0.0,22,-0.5950001,-16.288837,-0.74799967,-0.35000035,-3.76,9.96,0.08888889,-3.3888888,0.8888889,0.2611111,-1.6666666,-1.8533334,-2.3066666,-5.4166665,3.3333333,0.32222223,0.8833333,0.85,0.0,0.0,0.0,0.0
98,1.9614713810005924,1789462732.5358634,-0.002440651,0.020085596,-0.004724937,0.0008022195,0.0056648254,-80.026375,-96.10744,-100.12524,-90.01897,0.024472047,0.0010437012,-0.0066833496,79.988815,96.06305,100.12948,90.02901,-0.007182312,0.00034332275,0.0,0.0,0.0,0.0,0.0,0.0,-0.0,0.0,0.0,0.0,0.0,0.0,0.0,-0.0,0.0,0.0,0.0,0.0,0.0,0.0,-0.0,-0.0,0.0,0.0,0.0,0.0,-0.002440651,0.019990789,-0.004160664,0.000809018,0.0056877136,-80.02635,-96.10741,-100.12524,-90.01897,0.024458313,0.0010437012,-0.0067634583,79.98893,96.06304,100.12945,90.02901,-0.007168579,0.00035705566,0.0,0.0,0.0,0.0,22,-0.9820605,-16.63554,-0.80254436,-0.3896547,-12.526009,2.7729259,-1.550301,-8.734095,0.902032,0.82192874,-2.1718462,8.398439,-4.5973926,0.5902408,7.694792,-0.9509535,-0.19565082,-1.4513582,0.0,0.0,0.0,0.0,22,-0.5950001,-16.288837,-0.6119997,-0.32500035,-12.36,2.52,-1.4399999,-8.73,0.92,0.78000003,-2.18,8.16,-4.44,0.585,7.6499996,-0.94,-0.120000005,-1.44,0.0,0.0,0.0,0.0,22,0.3566488,-7.4917164,-0.0982912,0.16207309,0.838373,0.80970985,-0.15085843,-0.63108176,-0.44953766,-0.5823228,0.20740235,1.4702634,-0.55823267,0.6435738,1.1612942,0.46408558,0.2547697,-0.1508218,0.0,0.0,0.0,0.0,22,-0.5950001,-16.288837,-0.6119997,-0.32500035,-3.8133333,9.88,0.044444446,-3.35,0.87222224,0.25,-1.6777778,-1.8666667,-2.28,-5.4166665,3.4055555,0.32777777,0.87777776,0.8333333,0.0,0.0,0.0,0.0
99,1.9817256249989441,1789462732.5561175,-0.002440651,0.020085596,-0.004724937,0.0008022195,0.0056648254,-80.02638,-96.10742,-100.12524,-90.01898,0.02444458,0.0010025024,-0.0066719055,79.988815,96.063065,100.12946,90.02899,-0.0071411133,0.00035705566,0.0,0.0,0.0,0.0,0.0,0.0,-0.0,0.0,0.0,0.0,0.0,0.0,0.0,-0.0,0.0,0.0,0.0,0.0,0.0,0.0,0.059999086,-0.0,0.0,0.0,0.0,0.0,-0.002440651,0.019990789,-0.004160664,0.000809018,0.0056877136,-80.02635,-96.10741,-100.12524,-90.01897,0.024458313,0.0010437012,-0.0067634583,79.98893,96.06304,100.12945,90.02901,-0.007168579,0.00035705566,0.0,0.0,0.0,0.0,22,-0.976387,-16.6352,-0.80173653,-0.3896525,-12.524733,2.777006,-1.5496706,-8.733273,0.89806926,0.8169869,-2.1714766,8.395148,-4.5922756,0.5859218,7.694292,-0.9514152,-0.25524753,-1.4535354,0.0,0.0,0.0,0.0,22,-0.8330001,-16.288837,-0.6119997,-0.35000035,-12.48,2.76,-1.53,-8.684999,0.86,0.78000003,-2.16,8.4,-4.44,0.53999996,7.6499996,-0.92,-0.18,-1.48,0.0,0.0,0.0,0.0,22,0.3537468,-7.4917617,-0.09869525,0.16207199,0.8372355,0.8078684,-0.15187311,-0.6319031,-0.44527796,-0.5765891,0.20812282,1.4710187,-0.5611373,0.64485335,1.1621977,0.46486166,0.25463194,-0.14899376,0.0,0.0,0.0,0.0,22,-0.8330001,-16.288837,-0.6119997,-0.35000035,-3.8133333,10.0,0.11666667,-3.411111,0.8888889,0.28333333,-1.6611111,-1.8533334,-2.2266667,-5.4166665,3.4333334,0.2777778,0.8833333,0.82222223,0.0,0.0,0.0,0.0
100,2.0014259400013543,1789462732.5758178,-0.002440651,0.020085596,-0.004724937,0.0008022195,0.0056648254,-80.026375,-96.10742,-100.12524,-90.01898,0.02444458,0.0010299683,-0.0066719055,79.98882,96.063065,100.12946,90.02903,-0.007196045,0.00034332275,0.0,0.0,0.0,0.0,0.0,0.0,-0.0,0.0,0.0,0.0,0.0,0.0,0.0,0.059999086,0.0,0.0,0.0,0.0,0.0,0.059999086,-0.0,-0.0,0.0,0.0,0.0,0.0,-0.002440651,0.019990789,-0.004160664,0.000809018,0.0056877136,-80.02635,-96.10741,-100.12524,-90.01897,0.024458313,0.0010437012,-0.0067634583,79.98893,96.06304,100.12945,90.02901,-0.007168579,0.00035705566,0.0,0.0,0.0,0.0,22,-0.97675264,-16.638277,-0.8009682,-0.38965043,-12.525425,2.7783666,-1.5562677,-8.732852,0.8988161,0.7640621,-2.170466,8.395107,-4.5942283,0.5922954,7.6934075,-1.0047939,-0.19692233,-1.4547821,0.0,0.0,0.0,0.0,22,-0.47600007,-16.288837,-0.6119997,-0.32500035,-12.36,2.76,-1.485,-8.684999,0.86,0.8,-2.14,8.28,-4.44,0.53999996,7.6499996,-0.92,-0.16,-1.4200001,0.0,0.0,0.0,0.0,22,0.35416496,-7.4900494,-0.09907947,0.16207094,0.8378008,0.8059676,-0.147791,-0.6323247,-0.44600704,-0.58220583,0.20640379,1.4708999,-0.5620101,0.6409536,1.1630999,0.4648922,0.25642744,-0.14738016,0.0,0.0,0.0,0.0,22,-0.47600007,-16.288837,-0.6119997,-0.32500035,-3.9066668,9.84,0.06111111,-3.3666666,0.87222224,0.28333333,-1.6722223,-1.7466667,-2.1733334,-5.422222,3.3722222,0.34444445,0.87777776,0.81666666,0.0,0.0,0.0,0.0
101,2.021607954000501,1789462732.5959997,-0.002440651,0.020085596,-0.004724937,0.0008022195,0.0056762695,-80.02638,-96.10744,-100.125244,-90.01897,0.02444458,0.0010437012,-0.0066833496,79.988815,96.06305,100.12945,90.029015,-0.007168579,0.00035705566,0.0,0.0,0.0,0.0,0.0,0.0,-0.0,0.0,0.0,0.0,0.0,0.0,0.0,-0.0,0.0,0.0,0.0,0.0,0.0,0.0,-0.0,-0.0,0.0,0.0,0.0,0.0,-0.002440651,0.019990789,-0.004160664,0.000809018,0.0056877136,-80.02635,-96.10741,-100.12524,-90.01897,0.024458313,0.0010437012,-0.0067634583,79.98893,96.06304,100.12945,90.02901,-0.007168579,0.00035705566,0.0,0.0,0.0,0.0,22,-0.98243725,-16.638039,-0.8001606,-0.38964823,-12.52685,2.7780287,-1.5481622,-8.732753,0.8995293,0.8174535,-2.1717868,8.396564,-4.591663,0.5896933,7.694341,-0.95178574,-0.19523719,-1.4526958,0.0,0.0,0.0,0.0,22,-0.5950001,-16.077295,-0.6119997,-0.35000035,-12.36,2.52,-1.395,-8.684999,0.86,0.82,-2.16,8.28,-4.08,0.45,7.6499996,-0.92,-0.18,-1.38,0.0,0.0,0.0,0.0,22,0.35701847,-7.48998,-0.09948333,0.16206986,0.83777845,0.80712193,-0.15285735,-0.63201517,-0.44703412,-0.5770425,0.20737493,1.4708105,-0.56171685,0.6440138,1.1625458,0.46461657,0.25397816,-0.14981455,0.0,0.0,0.0,0.0,22,-0.5950001,-16.077295,-0.6119997,-0.35000035,-3.76,9.853333,0.10555556,-3.4277778,0.8611111,0.29444444,-1.6444445,-1.8266667,-2.24,-5.483333,3.3888888,0.32222223,0.8888889,0.8277778,0.0,0.0,0.0,0.0
102,2.041610710999521,1789462732.6160026,-0.002440651,0.020085596,-0.004724937,0.0008022195,0.0056648254,-80.026375,-96.10742,-100.12524,-90.01895,0.02444458,0.0010299683,-0.0066719055,79.988815,96.06305,100.12946,90.029015,-0.007168579,0.00034332275,0.0,0.0,0.0,0.0,0.0,0.0,-0.0,0.0,0.0,0.0,0.0,0.0,0.0,-0.059999086,0.0,0.0,0.0,0.0,0.0,0.059999086,-0.0,-0.0,0.0,0.0,0.0,0.0,-0.002440651,0.019990789,-0.004160664,0.000809018,0.0056877136,-80.02635,-96.10741,-100.12524,-90.01897,0.024458313,0.0010437012,-0.0067634583,79.98893,96.06304,100.12945,90.02901,-0.007168579,0.00035705566,0.0,0.0,0.0,0.0,22,-0.9879514,-16.63614,-0.7993727,-0.38964608,-12.523642,2.7755249,-1.5440035,-8.734252,0.8996954,0.87873304,-2.1722596,8.392916,-4.5903,0.59000677,7.695715,-1.0056925,-0.19537804,-1.4512907,0.0,0.0,0.0,0.0,22,-0.5950001,-16.288837,-0.74799967,-0.35000035,-12.48,3.0,-1.53,-8.684999,0.88,0.68,-2.16,8.28,-4.44,0.53999996,7.6499996,-0.92,-0.18,-1.4200001,0.0,0.0,0.0,0.0,22,0.35985935,-7.4915905,-0.099877305,0.16206878,0.83677936,0.80623627,-0.15482943,-0.6309402,-0.44751525,-0.5797693,0.20821959,1.4721847,-0.56233275,0.64359945,1.1607646,0.46609142,0.25410903,-0.1508499,0.0,0.0,0.0,0.0,22,-0.5950001,-16.288837,-0.74799967,-0.35000035,-3.6266668,9.96,0.094444446,-3.3666666,0.87777776,0.25555557,-1.6611111,-1.8266667,-2.3466666,-5.4888887,3.3611112,0.31666666,0.9222222,0.8333333,0.0,0.0,0.0,0.0
103,2.0615686290002486,1789462732.6359606,-0.002440651,0.020085996,-0.004724937,0.0008022195,0.0056648254,-80.026375,-96.10744,-100.12524,-90.01895,0.024458313,0.0010437012,-0.0066833496,79.988815,96.063065,100.12949,90.02901,-0.007182312,0.00031585695,0.0,0.0,0.0,0.0,0.0,0.0,-0.0,0.0,0.0,0.0,0.0,0.0,0.0,-0.0,0.059999086,0.0,0.0,0.0,0.0,0.0,-0.0,-0.059999086,0.0,0.0,0.0,0.0,-0.002440651,0.019990789,-0.004160664,0.000809018,0.0056877136,-80.02635,-96.10741,-100.12524,-90.01897,0.024458313,0.0010437012,-0.0067634583,79.98893,96.06304,100.12945,90.02901,-0.007168579,0.00035705566,0.0,0.0,0.0,0.0,22,-0.9818518,-16.637966,-0.7986039,-0.38964403,-12.528252,2.7779574,-1.5454518,-8.739811,0.89865625,0.82183623,-2.2269301,8.38986,-4.5887346,0.58845335,7.6894417,-0.955316,-0.1961012,-1.3939143,0.0,0.0,0.0,0.0,22,-0.8330001,-16.077295,-0.74799967,-0.32500035,-12.36,2.64,-1.53,-8.73,0.84000003,0.8,-2.1200001,8.28,-4.32,0.53999996,7.6949997,-0.94,-0.2,-1.4200001,0.0,0.0,0.0,0.0,22,0.35626274,-7.490532,-0.10026211,0.16206774,0.83910197,0.8056068,-0.1554731,-0.6278846,-0.44646704,-0.5818093,0.20925848,1.4744426,-0.56293565,0.644767,1.1636347,0.4684405,0.25525144,-0.15420997,0.0,0.0,0.0,0.0,22,-0.8330001,-16.077295,-0.74799967,-0.32500035,-3.6933334,9.96,0.1,-3.3777778,0.89444447,0.32777777,-1.6666666,-1.88,-2.32,-5.4055557,3.3111112,0.27222222,0.89444447,0.79444444,0.0,0.0,0.0,0.0
104,2.0815410789982707,1789462732.655933,-0.002440651,0.020085996,-0.004724937,0.0008022195,0.0056533813,-80.02638,-96.10741,-100.125244,-90.01899,0.024458313,0.0010437012,-0.0066833496,79.9888,96.06303,100.12946,90.029015,-0.007182312,0.00035705566,0.0,0.0,0.0,0.0,0.0,0.0,-0.0,0.0,0.0,0.0,0.059999086,0.0,0.0,-0.059999086,0.0,0.0,0.0,-0.059999086,0.0,0.0,-0.0,-0.0,0.0,0.0,0.0,0.0,-0.002440651,0.019990789,-0.004160664,0.000809018,0.0056877136,-80.02635,-96.10741,-100.12524,-90.01897,0.024458313,0.0010437012,-0.0067634583,79.98893,96.06304,100.12945,90.02901,-0.007168579,0.00035705566,0.0,0.0,0.0,0.0,22,-0.98704433,-16.649,-0.79781634,-0.38964188,-12.522125,2.7970872,-1.6192526,-8.733339,0.89914954,0.8752338,-2.1718361,8.395827,-4.6052947,0.66662186,7.693795,-0.954566,-0.19151138,-1.4496725,0.0,0.0,0.0,0.0,22,-0.5950001,-16.077295,-0.6119997,-0.35000035,-12.12,2.64,-1.35,-8.73,0.88,0.84000003,-2.14,8.16,-4.56,0.63,7.6499996,-0.96000004,-0.18,-1.48,0.0,0.0,0.0,0.0,22,0.35890588,-7.485036,-0.10065571,0.16206668,0.8363599,0.7977704,-0.14523011,-0.63144463,-0.44600162,-0.5796464,0.20746242,1.4712229,-0.5545077,0.63315696,1.1626341,0.4673227,0.25366396,-0.15281245,0.0,0.0,0.0,0.0,22,-0.5950001,-16.077295,-0.6119997,-0.35000035,-3.7866666,9.933333,0.12777779,-3.4444444,0.9,0.2777778,-1.65,-1.88,-2.2533333,-5.483333,3.4166667,0.30555555,0.9166667,0.8,0.0,0.0,0.0,0.0
105,2.103140256000188,1789462732.6775324,-0.002440651,0.020085996,-0.004724937,0.0008022195,0.0056648254,-80.02638,-96.10744,-100.12524,-90.01898,0.024485778,0.0010025024,-0.0066604614,79.988815,96.063095,100.12946,90.02899,-0.007196045,0.00032958985,0.0,0.0,0.0,0.0,0.0,0.0,-0.0,0.0,0.0,0.0,0.0,0.0,0.0,0.059999086,0.0,0.0,0.0,0.059999086,0.0,0.0,-0.0,-0.0,0.0,0.0,0.0,0.0,-0.002440651,0.019990789,-0.004160664,0.000809018,0.0056877136,-80.02635,-96.10741,-100.12524,-90.01897,0.024458313,0.0010437012,-0.0067634583,79.98893,96.06304,100.12945,90.02901,-0.007168579,0.00035705566,0.0,0.0,0.0,0.0,22,-0.9510456,-16.634798,-0.79698926,-0.38963965,-12.522598,2.7830827,-1.5537153,-8.733983,0.8960332,0.7617683,-2.1728048,8.386488,-4.5678415,0.51094073,7.6939373,-0.9519609,-0.19967252,-1.4519249,0.0,0.0,0.0,0.0,22,-0.8330001,-16.077295,-0.6119997,-0.35000035,-12.48,2.76,-1.485,-8.684999,0.88,0.76,-2.14,8.28,-4.44,0.53999996,7.6499996,-0.90000004,-0.120000005,-1.4200001,0.0,0.0,0.0,0.0,22,0.34255785,-7.4918585,-0.10106915,0.16206555,0.83563536,0.80405754,-0.14969657,-0.63121533,-0.4432143,-0.5810694,0.20951955,1.4744049,-0.5717598,0.6560359,1.162441,0.46546972,0.25624338,-0.14982146,0.0,0.0,0.0,0.0,22,-0.8330001,-16.077295,-0.6119997,-0.35000035,-3.6533334,9.986667,0.1,-3.4166667,0.87222224,0.28333333,-1.6777778,-1.8133334,-2.2266667,-5.4333334,3.4166667,0.32222223,0.90555555,0.8333333,0.0,0.0,0.0,0.0
106,2.121982668999408,1789462732.696375,-0.002440651,0.020085996,-0.004724937,0.0008022195,0.0056648254,-80.026375,-96.10744,-100.12524,-90.01897,0.024472047,0.0010299683,-0.0066719055,79.98882,96.06305,100.12948,90.02901,-0.007168579,0.00035705566,0.0,0.0,0.0,0.0,0.0,0.0,-0.0,0.0,0.0,0.0,0.0,0.0,0.0,-0.0,0.0,0.0,0.0,0.0,0.0,0.0,-0.0,-0.0,0.0,0.0,0.0,0.0,-0.002440651,0.019990789,-0.004160664,0.000809018,0.0056877136,-80.02635,-96.10741,-100.12524,-90.01897,0.024458313,0.0010437012,-0.0067634583,79.98893,96.06304,100.12945,90.02901,-0.007168579,0.00035705566,0.0,0.0,0.0,0.0,22,-0.98243105,-16.639349,-0.7962212,-0.38963756,-12.523462,2.7778296,-1.5500342,-8.735302,0.8980937,0.8240132,-2.1730518,8.389984,-4.5878425,0.59087765,7.6925063,-0.95263726,-0.19690518,-1.4522735,0.0,0.0,0.0,0.0,22,-0.8330001,-16.288837,-0.6119997,-0.35000035,-12.48,2.64,-1.53,-8.775,0.86,0.86,-2.16,8.28,-4.44,0.585,7.6499996,-0.98,-0.16,-1.44,0.0,0.0,0.0,0.0,22,0.35700002,-7.4899206,-0.10145315,0.16206451,0.8368747,0.80589175,-0.15076204,-0.6299054,-0.44558448,-0.5843667,0.20905925,1.4733263,-0.563916,0.6426672,1.1634529,0.46577266,0.25568625,-0.15018645,0.0,0.0,0.0,0.0,22,-0.8330001,-16.288837,-0.6119997,-0.35000035,-3.76,9.986667,0.094444446,-3.3611112,0.8833333,0.26666668,-1.6833333,-1.8266667,-2.24,-5.438889,3.4,0.31111112,0.8666667,0.79444444,0.0,0.0,0.0,0.0
107,2.1413440379983513,1789462732.715736,-0.002440651,0.020086398,-0.0047283364,0.0007988203,0.0056533813,-80.02638,-96.10744,-100.12522,-90.01899,0.024458313,0.0010299683,-0.0066719055,79.9888,96.06308,100.12946,90.02899,-0.007168579,0.00035705566,0.0,0.0,0.0,0.0,0.0,0.0,-0.0,0.0,0.0,0.0,0.0,0.0,-0.059999086,0.059999086,-0.059999086,0.0,0.0,0.0,0.0,0.0,0.059999086,-0.0,0.0,0.0,0.0,0.0,-0.002440651,0.019990789,-0.004160664,0.000809018,0.0056877136,-80.02635,-96.10741,-100.12524,-90.01897,0.024458313,0.0010437012,-0.0067634583,79.98893,96.06304,100.12945,90.02901,-0.007168579,0.00035705566,0.0,0.0,0.0,0.0,22,-0.9691292,-16.634367,-0.7953993,-0.38961622,-12.517092,2.7838063,-1.5520878,-8.732017,0.95106095,0.7674077,-2.1152442,8.388581,-4.5780063,0.5855889,7.693014,-0.9520916,-0.25409234,-1.4513605,0.0,0.0,0.0,0.0,22,-0.8330001,-16.288837,-0.6119997,-0.35000035,-12.48,2.52,-1.53,-8.82,0.88,0.8,-2.16,8.16,-4.32,0.585,7.6499996,-0.92,-0.18,-1.44,0.0,0.0,0.0,0.0,22,0.3492859,-7.4923687,-0.10185326,0.1620621,0.8343501,0.803374,-0.15116689,-0.6311454,-0.44549793,-0.58589274,0.20454335,1.4740433,-0.56736124,0.6444845,1.1633542,0.46554407,0.25432488,-0.15109108,0.0,0.0,0.0,0.0,22,-0.8330001,-16.288837,-0.6119997,-0.35000035,-3.6666667,9.893333,0.094444446,-3.3944445,0.87777776,0.2611111,-1.6666666,-1.72,-2.2133334,-5.4166665,3.3611112,0.3611111,0.90555555,0.85555553,0.0,0.0,0.0,0.0
108,2.1615514229997643,1789462732.735943,-0.002440651,0.020086398,-0.0047283364,0.0007988203,0.0056648254,-80.02638,-96.10744,-100.125244,-90.01897,0.024430847,0.0010437012,-0.0066833496,79.988815,96.06304,100.12948,90.02901,-0.007168579,0.00035705566,0.0,0.0,0.0,0.0,0.0,0.0,-0.0,0.0,0.0,0.0,0.0,0.0,0.0,-0.059999086,0.0,0.0,0.0,-0.059999086,0.0,0.0,-0.0,0.059999086,0.0,0.0,0.0,0.0,-0.002440651,0.019990789,-0.004160664,0.000809018,0.0056877136,-80.02635,-96.10741,-100.12524,-90.01897,0.024458313,0.0010437012,-0.0067634583,79.98893,96.06304,100.12945,90.02901,-0.007168579,0.00035705566,0.0,0.0,0.0,0.0,22,-1.0123479,-16.650414,-0.79457885,-0.38960582,-12.520978,2.7766197,-1.5411762,-8.735451,0.8991517,0.8823114,-2.17047,8.396313,-4.60182,0.66871613,7.6990204,-0.9523828,-0.19235632,-1.504214,0.0,0.0,0.0,0.0,22,-0.5950001,-16.077295,-0.74799967,-0.35000035,-12.48,2.64,-1.4399999,-8.684999,0.88,0.72,-2.16,8.28,-4.32,0.585,7.605,-0.88,-0.16,-1.38,0.0,0.0,0.0,0.0,22,0.37010688,-7.4845533,-0.10226745,0.16205333,0.834914,0.80805904,-0.15696791,-0.62934434,-0.44664997,-0.58291996,0.2061365,1.4711165,-0.55731815,0.6305014,1.1594353,0.46545243,0.2541403,-0.15151377,0.0,0.0,0.0,0.0,22,-0.5950001,-16.077295,-0.74799967,-0.35000035,-3.76,10.066667,0.08888889,-3.4166667,0.85,0.28333333,-1.65,-1.92,-2.3066666,-5.422222,3.3833334,0.31111112,0.9166667,0.81666666,0.0,0.0,0.0,0.0
109,2.1815311729988025,1789462732.755923,-0.002440651,0.020086398,-0.0047283364,0.0007988203,0.0056648254,-80.026375,-96.10747,-100.12522,-90.01898,0.024472047,0.0010299683,-0.0066719055,79.9888,96.06305,100.12946,90.029015,-0.007168579,0.00035705566,0.0,0.0,0.0,0.0,0.0,0.0,-0.0,0.0,0.0,0.0,0.0,0.0,0.0,0.059999086,0.0,0.0,0.0,0.0,0.0,0.0,-0.0,0.059999086,0.0,0.0,0.0,0.0,-0.002440651,0.019990789,-0.004160664,0.000809018,0.0056877136,-80.02635,-96.10741,-100.12524,-90.01897,0.024458313,0.0010437012,-0.0067634583,79.98893,96.06304,100.12945,90.02901,-0.007168579,0.00035705566,0.0,0.0,0.0,0.0,22,-0.9766607,-16.64761,-0.793782,-0.38959882,-12.522631,2.7821052,-1.5522871,-8.734684,0.8989095,0.7622901,-2.1705308,8.391222,-4.5781136,0.59088814,7.6999526,-0.9509737,-0.19737116,-1.5075661,0.0,0.0,0.0,0.0,22,-0.47600007,-16.077295,-0.6119997,-0.32500035,-12.48,2.64,-1.485,-8.73,0.86,0.82,-2.14,8.28,-4.56,0.585,7.6499996,-0.92,-0.18,-1.44,0.0,0.0,0.0,0.0,22,0.35406774,-7.4857984,-0.10266802,0.16204794,0.8361833,0.80346936,-0.15008397,-0.6309588,-0.44607916,-0.58117265,0.20656642,1.4729306,-0.5674093,0.6425474,1.158893,0.46381897,0.25617105,-0.14815,0.0,0.0,0.0,0.0,22,-0.47600007,-16.077295,-0.6119997,-0.32500035,-3.7866666,9.84,0.13333334,-3.411111,0.9,0.23888889,-1.6555556,-1.8533334,-2.28,-5.383333,3.3166666,0.35555556,0.9,0.81666666,0.0,0.0,0.0,0.0
110,2.201746192000428,1789462732.776138,-0.002440651,0.020086398,-0.0047283364,0.0007988203,0.0056648254,-80.026375,-96.10741,-100.12524,-90.01898,0.02444458,0.0010299683,-0.0066719055,79.988815,96.06305,100.12946,90.02901,-0.007182312,0.00034332275,0.0,0.0,0.0,0.0,0.0,0.0,-0.0,0.0,0.0,0.0,0.059999086,0.0,0.0,-0.0,0.0,0.0,0.0,-0.059999086,0.0,0.0,-0.0,-0.0,0.0,0.0,0.0,0.0,-0.002440651,0.019990789,-0.004160664,0.000809018,0.0056877136,-80.02635,-96.10741,-100.12524,-90.01897,0.024458313,0.0010437012,-0.0067634583,79.98893,96.06304,100.12945,90.02901,-0.007168579,0.00035705566,0.0,0.0,0.0,0.0,22,-0.9819605,-16.652372,-0.79298705,-0.3895935,-12.523572,2.7993526,-1.6255155,-8.7347975,0.89872944,0.8155382,-2.1716743,8.3882885,-4.598134,0.66773856,7.693061,-0.9499587,-0.19069418,-1.4531876,0.0,0.0,0.0,0.0,22,-0.5950001,-16.077295,-0.6119997,-0.35000035,-12.36,2.76,-1.53,-8.684999,0.86,0.8,-2.16,8.28,-4.68,0.63,7.6499996,-0.92,-0.16,-1.4200001,0.0,0.0,0.0,0.0,22,0.35655054,-7.4837327,-0.103066675,0.16204423,0.8365159,0.7956532,-0.1412601,-0.63043976,-0.44584605,-0.5780728,0.20772134,1.4742746,-0.559273,0.630976,1.163274,0.46302143,0.25288942,-0.14887875,0.0,0.0,0.0,0.0,22,-0.5950001,-16.077295,-0.6119997,-0.35000035,-3.7466667,9.973333,0.055555556,-3.4166667,0.87222224,0.26666668,-1.6388888,-1.7733333,-2.2933333,-5.411111,3.3666666,0.33333334,0.8,0.84444445,0.0,0.0,0.0,0.0
111,2.2211018029993284,1789462732.7954936,-0.002440651,0.0200868,-0.0047283364,0.0007988203,0.0056762695,-80.02638,-96.10745,-100.12524,-90.01898,0.024430847,0.0010437012,-0.0066833496,79.988815,96.06308,100.12946,90.02903,-0.007182312,0.00035705566,0.0,0.0,0.0,0.0,0.0,0.0,-0.0,0.0,0.0,0.0,0.0,0.0,0.0,-0.0,0.0,0.0,0.0,0.0,0.0,0.059999086,-0.0,-0.0,0.0,0.0,0.0,0.0,-0.002440651,0.019990789,-0.004160664,0.000809018,0.0056877136,-80.02635,-96.10741,-100.12524,-90.01897,0.024458313,0.0010437012,-0.0067634583,79.98893,96.06304,100.12945,90.02901,-0.007168579,0.00035705566,0.0,0.0,0.0,0.0,22,-0.981585,-16.642313,-0.7922137,-0.38958925,-12.522859,2.7821524,-1.54807,-8.734641,0.89813507,0.82563156,-2.1752458,8.387814,-4.5766096,0.5910557,7.693847,-1.0035833,-0.1950435,-1.4513284,0.0,0.0,0.0,0.0,22,-0.8330001,-16.288837,-0.6119997,-0.35000035,-12.36,2.64,-1.4399999,-8.684999,0.88,0.84000003,-2.16,8.28,-4.44,0.53999996,7.605,-0.94,-0.16,-1.4200001,0.0,0.0,0.0,0.0,22,0.35624972,-7.4882584,-0.10345371,0.16204154,0.83509135,0.80436295,-0.15207732,-0.6305932,-0.4453106,-0.5847725,0.21094698,1.4751632,-0.56931084,0.64139384,1.162511,0.46369103,0.254231,-0.15109003,0.0,0.0,0.0,0.0,22,-0.8330001,-16.288837,-0.6119997,-0.35000035,-3.7066667,10.093333,0.06666667,-3.4166667,0.8666667,0.27222222,-1.6388888,-1.88,-2.3066666,-5.388889,3.3555555,0.32777777,0.89444447,0.8111111,0.0,0.0,0.0,0.0
112,2.2416257270015194,1789462732.8160176,-0.002440651,0.0200868,-0.0047283364,0.0007988203,0.0056533813,-80.026375,-96.10744,-100.125244,-90.01895,0.024485778,0.0010162353,-0.0066719055,79.988815,96.063065,100.12945,90.02901,-0.007154846,0.00034332275,0.0,0.0,0.0,0.0,0.0,0.0,-0.0,0.0,0.0,0.0,0.0,-0.059999086,0.0,0.11999817,0.0,0.0,0.0,0.0,0.0,0.0,-0.0,-0.0,0.0,0.0,0.0,0.0,-0.002440651,0.019990789,-0.004160664,0.000809018,0.0056877136,-80.02635,-96.10741,-100.12524,-90.01897,0.024458313,0.0010437012,-0.0067634583,79.98893,96.06304,100.12945,90.02901,-0.007168579,0.00035705566,0.0,0.0,0.0,0.0,22,-0.9701437,-16.617256,-0.79140025,-0.38958532,-12.500761,2.7848861,-1.5577759,-8.659737,0.89657354,0.7003813,-2.1683993,8.384488,-4.574131,0.58986515,7.6946692,-0.9495967,-0.19783832,-1.4540462,0.0,0.0,0.0,0.0,22,-0.8330001,-16.077295,-0.6119997,-0.35000035,-12.48,2.64,-1.665,-8.73,0.88,0.78000003,-2.14,8.4,-4.44,0.45,7.6949997,-0.92,-0.18,-1.4200001,0.0,0.0,0.0,0.0,22,0.35071784,-7.5002112,-0.103860915,0.16203924,0.8270151,0.80130786,-0.14788327,-0.6403793,-0.44432938,-0.5782042,0.20776491,1.4761907,-0.57102245,0.6430421,1.1620531,0.46273592,0.2562624,-0.14799942,0.0,0.0,0.0,0.0,22,-0.8330001,-16.077295,-0.6119997,-0.35000035,-3.72,10.106667,0.094444446,-3.4333334,0.9111111,0.28333333,-1.6388888,-1.8666667,-2.2,-5.411111,3.3611112,0.30555555,0.87777776,0.81666666,0.0,0.0,0.0,0.0
113,2.261774056001741,1789462732.836166,-0.002440651,0.0200868,-0.0047283364,0.0007988203,0.0056648254,-80.026375,-96.1074,-100.12522,-90.01895,0.024472047,0.0010299683,-0.0066719055,79.988815,96.063065,100.12946,90.029015,-0.007168579,0.00035705566,0.0,0.0,0.0,0.0,0.0,0.0,-0.0,0.0,0.0,0.0,0.059999086,0.0,0.0,0.059999086,0.0,0.0,0.0,0.0,0.0,0.0,-0.0,-0.0,0.0,0.0,0.0,0.0,-0.002440651,0.019990789,-0.004160664,0.000809018,0.0056877136,-80.02635,-96.10741,-100.12524,-90.01897,0.024458313,0.0010437012,-0.0067634583,79.98893,96.06304,100.12945,90.02901,-0.007168579,0.00035705566,0.0,0.0,0.0,0.0,22,-0.9506956,-16.649164,-0.7906071,-0.38958177,-12.525066,2.8033783,-1.6315099,-8.735278,0.8997967,0.7529712,-2.172881,8.383554,-4.572341,0.58905965,7.6942816,-0.9510612,-0.19427551,-1.4533097,0.0,0.0,0.0,0.0,22,-0.5950001,-16.288837,-0.74799967,-0.35000035,-12.48,2.64,-1.485,-8.684999,0.88,0.78000003,-2.14,8.28,-4.44,0.63,7.605,-0.92,-0.18,-1.44,0.0,0.0,0.0,0.0,22,0.34222317,-7.4853563,-0.104257755,0.16203728,0.83815324,0.79344,-0.13812435,-0.6303837,-0.4474887,-0.57484204,0.20896792,1.4766778,-0.57207245,0.6438172,1.1620018,0.46389973,0.25310364,-0.14908439,0.0,0.0,0.0,0.0,22,-0.5950001,-16.288837,-0.74799967,-0.35000035,-3.7866666,10.066667,0.12777779,-3.4055555,0.87777776,0.28333333,-1.6722223,-1.76,-2.3466666,-5.4,3.3444445,0.34444445,0.89444447,0.8388889,0.0,0.0,0.0,0.0
114,2.2815019549998397,1789462732.8558939,-0.002440651,0.0200868,-0.0047283364,0.0007988203,0.0056648254,-80.026375,-96.10745,-100.125206,-90.01895,0.02444458,0.001071167,-0.0066719055,79.9888,96.063065,100.12949,90.02901,-0.007182312,0.00035705566,0.0,0.0,0.0,0.0,0.0,0.0,-0.0,0.0,0.0,0.0,0.0,0.059999086,0.0,-0.0,0.0,0.0,0.0,0.0,0.059999086,0.059999086,-0.0,-0.0,0.0,0.0,0.0,0.0,-0.002440651,0.019990789,-0.004160664,0.000809018,0.0056877136,-80.02635,-96.10741,-100.12524,-90.01897,0.024458313,0.0010437012,-0.0067634583,79.98893,96.06304,100.12945,90.02901,-0.007168579,0.00035705566,0.0,0.0,0.0,0.0,22,-0.98446435,-16.643684,-0.789834,-0.38957846,-12.541897,2.7825942,-1.5487506,-8.809922,0.89880997,0.8187197,-2.1791315,8.362898,-4.567042,0.5892137,7.6167855,-1.0036113,-0.19278139,-1.44867,0.0,0.0,0.0,0.0,22,-0.5950001,-16.077295,-0.6119997,-0.35000035,-12.48,2.52,-1.485,-8.684999,0.84000003,0.84000003,-2.16,8.28,-4.44,0.585,7.6499996,-0.94,-0.18,-1.44,0.0,0.0,0.0,0.0,22,0.35817942,-7.4876223,-0.10464445,0.16203554,0.84564006,0.8033831,-0.15125635,-0.6208338,-0.44656432,-0.5782409,0.2112253,1.4861872,-0.5733457,0.643557,1.1739867,0.46432784,0.2519975,-0.15079103,0.0,0.0,0.0,0.0,22,-0.5950001,-16.077295,-0.6119997,-0.35000035,-3.7333333,9.826667,0.083333336,-3.338889,0.87222224,0.2888889,-1.6333333,-1.8533334,-2.3066666,-5.45,3.3555555,0.32222223,0.8833333,0.8833333,0.0,0.0,0.0,0.0
115,2.301471186001436,1789462732.875863,-0.002440651,0.0200868,-0.0047283364,0.0007988203,0.0056648254,-80.02638,-96.10745,-100.12522,-90.01898,0.024430847,0.0010299683,-0.0066719055,79.988815,96.06308,100.12946,90.02901,-0.007196045,0.00034332275,0.0,0.0,0.0,0.0,0.0,0.0,-0.0,0.0,0.0,0.0,0.0,0.0,0.0,-0.059999086,0.0,0.0,0.0,0.0,0.0,0.0,-0.0,-0.0,0.0,0.0,0.0,0.0,-0.002440651,0.019990789,-0.004160664,0.000809018,0.0056877136,-80.02635,-96.10741,-100.12524,-90.01897,0.024458313,0.0010437012,-0.0067634583,79.98893,96.06304,100.12945,90.02901,-0.007168579,0.00035705566,0.0,0.0,0.0,0.0,22,-0.9886398,-16.643316,-0.7890412,-0.38957512,-12.520066,2.7815654,-1.5435431,-8.734099,0.90155697,0.8795756,-2.1708572,8.3818,-4.5689974,0.58838016,7.693639,-0.95190644,-0.19369389,-1.453625,0.0,0.0,0.0,0.0,22,-0.8330001,-16.077295,-0.74799967,-0.32500035,-12.36,2.64,-1.53,-8.684999,0.88,0.8,-2.1000001,8.16,-4.56,0.53999996,7.6499996,-0.94,-0.18,-1.44,0.0,0.0,0.0,0.0,22,0.36047488,-7.487691,-0.105040915,0.16203383,0.83490837,0.80399877,-0.15385447,-0.6315661,-0.44873515,-0.5801483,0.20696658,1.4775527,-0.57394767,0.6439965,1.1626137,0.46504518,0.25332916,-0.14839342,0.0,0.0,0.0,0.0,22,-0.8330001,-16.077295,-0.74799967,-0.32500035,-3.8266666,9.893333,0.044444446,-3.4222221,0.87222224,0.23888889,-1.6611111,-1.8133334,-2.2266667,-5.3944445,3.3611112,0.32222223,0.82222223,0.8333333,0.0,0.0,0.0,0.0
116,2.3213837049988797,1789462732.8957756,-0.002440651,0.020087201,-0.0047283364,0.0007988203,0.0056648254,-80.026375,-96.10741,-100.12524,-90.01897,0.024458313,0.0010299683,-0.0066719055,79.98882,96.06305,100.12946,90.02901,-0.007168579,0.00031585695,0.0,0.0,0.0,0.0,0.0,0.0,-0.0,0.0,0.0,0.0,0.0,0.0,0.0,-0.0,-0.059999086,0.0,0.0,0.0,0.0,0.0,-0.0,-0.059999086,0.0,0.0,0.0,0.0,-0.002440651,0.019990789,-0.004160664,0.000809018,0.0056877136,-80.02635,-96.10741,-100.12524,-90.01897,0.024458313,0.0010437012,-0.0067634583,79.98893,96.06304,100.12945,90.02901,-0.007168579,0.00035705566,0.0,0.0,0.0,0.0,22,-0.9824246,-16.6343,-0.7882478,-0.38957188,-12.517691,2.7817576,-1.5481998,-8.727377,0.90246314,0.8200767,-2.119141,8.376809,-4.572392,0.58863443,7.6875854,-0.95297337,-0.19627066,-1.3968028,0.0,0.0,0.0,0.0,22,-0.5950001,-16.288837,-0.6119997,-0.32500035,-12.36,2.76,-1.53,-8.684999,0.92,0.78000003,-2.16,8.16,-4.56,0.585,7.6499996,-0.92,-0.18,-1.38,0.0,0.0,0.0,0.0,22,0.3570144,-7.4918914,-0.10543814,0.16203216,0.83457506,0.8030585,-0.15300302,-0.6353626,-0.44992316,-0.57998765,0.20854643,1.4799337,-0.5717053,0.64456534,1.166144,0.46610668,0.2551293,-0.15120335,0.0,0.0,0.0,0.0,22,-0.5950001,-16.288837,-0.6119997,-0.32500035,-3.8,9.866667,0.083333336,-3.4333334,0.8611111,0.27222222,-1.6722223,-1.8933333,-2.36,-5.4722223,3.3944445,0.34444445,0.87222224,0.81666666,0.0,0.0,0.0,0.0
117,2.3413667829991027,1789462732.9157586,-0.002440651,0.020087201,-0.0047283364,0.0007988203,0.0056648254,-80.026375,-96.10741,-100.125244,-90.01895,0.024472047,0.0010299683,-0.0066833496,79.98882,96.063065,100.12945,90.02901,-0.007168579,0.00032958985,0.0,0.0,0.0,0.0,0.0,0.0,-0.0,0.0,0.0,0.0,0.059999086,0.0,0.0,-0.0,0.0,0.0,0.0,0.0,0.0,0.0,-0.0,-0.0,0.0,0.0,0.0,0.0,-0.002440651,0.019990789,-0.004160664,0.000809018,0.0056877136,-80.02635,-96.10741,-100.12524,-90.01897,0.024458313,0.0010437012,-0.0067634583,79.98893,96.06304,100.12945,90.02901,-0.007168579,0.00035705566,0.0,0.0,0.0,0.0,22,-0.9550409,-16.65165,-0.78745556,-0.38956863,-12.523044,2.8037915,-1.6232445,-8.732136,0.8999248,0.8194001,-2.1726246,8.382601,-4.570858,0.5885917,7.6929955,-0.9537321,-0.1920205,-1.4501476,0.0,0.0,0.0,0.0,22,-0.5950001,-16.288837,-0.6119997,-0.35000035,-12.36,2.64,-1.4399999,-8.775,0.90000004,0.82,-2.16,8.16,-4.44,0.53999996,7.605,-0.92,-0.16,-1.4200001,0.0,0.0,0.0,0.0,22,0.3438147,-7.483333,-0.1058341,0.16203053,0.83690476,0.79211426,-0.14322071,-0.63270175,-0.44763324,-0.5826935,0.20875947,1.4776958,-0.5727199,0.64414203,1.1636586,0.46687043,0.25088623,-0.15149301,0.0,0.0,0.0,0.0,22,-0.5950001,-16.288837,-0.6119997,-0.35000035,-3.8,9.946667,0.10555556,-3.4055555,0.8833333,0.2611111,-1.6333333,-1.8,-2.24,-5.3777776,3.338889,0.32777777,0.8611111,0.85555553,0.0,0.0,0.0,0.0
118,2.3616057530016406,1789462732.9359977,-0.002440651,0.020087201,-0.0047283364,0.0007988203,0.0056762695,-80.026375,-96.10745,-100.12524,-90.01898,0.024417114,0.0010437012,-0.0066719055,79.9888,96.063065,100.12946,90.029015,-0.007182312,0.00032958985,0.0,0.0,0.0,0.0,0.0,0.0,-0.0,0.0,0.0,0.0,-0.059999086,0.0,0.0,-0.059999086,0.0,0.0,0.0,0.0,0.0,0.0,-0.0,-0.059999086,0.0,0.0,0.0,0.0,-0.002440651,0.019990789,-0.004160664,0.000809018,0.0056877136,-80.02635,-96.10741,-100.12524,-90.01897,0.024458313,0.0010437012,-0.0067634583,79.98893,96.06304,100.12945,90.02901,-0.007168579,0.00035705566,0.0,0.0,0.0,0.0,22,-1.0142512,-16.634497,-0.7866433,-0.38956532,-12.520442,2.7591527,-1.4644045,-8.732019,0.8995026,0.88971835,-2.1766067,8.375701,-4.565723,0.5869916,7.6874237,-0.9534146,-0.19302855,-1.3973995,0.0,0.0,0.0,0.0,22,-0.8330001,-16.288837,-0.74799967,-0.35000035,-12.36,2.52,-1.53,-8.684999,0.88,0.86,-2.16,8.16,-4.56,0.49499997,7.6949997,-0.92,-0.18,-1.44,0.0,0.0,0.0,0.0,22,0.37180954,-7.49156,-0.10624011,0.16202886,0.83485425,0.81400573,-0.16755895,-0.63323224,-0.44674897,-0.5868867,0.21239106,1.4801251,-0.57265365,0.6457018,1.1662784,0.466245,0.25229287,-0.15094514,0.0,0.0,0.0,0.0,22,-0.8330001,-16.288837,-0.74799967,-0.35000035,-3.7333333,10.013333,0.06111111,-3.4388888,0.9,0.28333333,-1.6555556,-1.88,-2.28,-5.4444447,3.3444445,0.31666666,0.8833333,0.79444444,0.0,0.0,0.0,0.0
119,2.381309993001196,1789462732.9557018,-0.002440651,0.020087201,-0.0047283364,0.0007988203,0.0056533813,-80.026375,-96.10741,-100.12524,-90.01897,0.02444458,0.0010162353,-0.0066719055,79.98882,96.06305,100.12946,90.02903,-0.007168579,0.00034332275,0.0,0.0,0.0,0.0,0.0,0.0,-0.0,0.0,0.0,0.0,0.0,0.0,0.0,-0.0,0.0,0.0,0.0,0.0,0.0,0.0,-0.0,-0.0,0.0,0.0,0.0,0.0,-0.002440651,0.019990789,-0.004160664,0.000809018,0.0056877136,-80.02635,-96.10741,-100.12524,-90.01897,0.024458313,0.0010437012,-0.0067634583,79.98893,96.06304,100.12945,90.02901,-0.007168579,0.00035705566,0.0,0.0,0.0,0.0,22,-0.98134094,-16.64647,-0.7858706,-0.3895622,-12.518731,2.7818604,-1.5479218,-8.73513,0.901676,0.82747555,-2.1738172,8.379213,-4.570209,0.5881208,7.6903396,-0.9535805,-0.19275635,-1.4535501,0.0,0.0,0.0,0.0,22,-0.8330001,-16.288837,-0.6119997,-0.35000035,-12.48,2.64,-1.53,-8.73,0.88,0.90000004,-2.14,8.16,-4.68,0.585,7.605,-0.92,-0.18,-1.4200001,0.0,0.0,0.0,0.0,22,0.35594037,-7.486115,-0.10662641,0.1620273,0.8356861,0.80357766,-0.15315494,-0.63012165,-0.44914734,-0.5869748,0.21033905,1.4783437,-0.5718903,0.6449865,1.1658568,0.46611518,0.25163633,-0.14842631,0.0,0.0,0.0,0.0,22,-0.8330001,-16.288837,-0.6119997,-0.35000035,-3.7333333,10.0,0.1388889,-3.3722222,0.8888889,0.2611111,-1.6555556,-1.9466667,-2.3066666,-5.366667,3.3777778,0.33333334,0.85555553,0.8111111,0.0,0.0,0.0,0.0
120,2.4015411020009196,1789462732.9759328,-0.002440651,0.020087201,-0.0047283364,0.0007988203,0.0056648254,-80.026375,-96.10742,-100.12524,-90.01897,0.024417114,0.0010437012,-0.0066833496,79.988815,96.063065,100.12945,90.02901,-0.007168579,0.00034332275,0.0,0.0,0.0,0.0,0.0,0.0,-0.0,0.0,0.0,0.0,0.0,0.0,0.0,-0.17999725,0.0,0.0,0.0,0.0,0.0,0.0,-0.0,-0.0,0.0,0.0,0.0,0.0,-0.002440651,0.019990789,-0.004160664,0.000809018,0.0056877136,-80.02635,-96.10741,-100.12524,-90.01897,0.024458313,0.0010437012,-0.0067634583,79.98893,96.06304,100.12945,90.02901,-0.007168579,0.00035705566,0.0,0.0,0.0,0.0,22,-0.9982623,-16.642952,-0.78505826,-0.3895589,-12.518294,2.7736177,-1.5336846,-8.736268,0.90008277,1.0037585,-2.1727762,8.379845,-4.565128,0.5884868,7.693757,-0.9541538,-0.19359684,-1.4529392,0.0,0.0,0.0,0.0,22,-0.8330001,-16.288837,-0.74799967,-0.35000035,-12.36,2.76,-1.485,-8.73,0.88,0.8,-2.14,8.16,-4.56,0.49499997,7.6499996,-0.92,-0.22,-1.4200001,0.0,0.0,0.0,0.0,22,0.36461103,-7.488249,-0.10703257,0.16202565,0.8343035,0.80763817,-0.15922311,-0.62900805,-0.44759935,-0.5868129,0.20858829,1.4790978,-0.57411057,0.6441545,1.162858,0.46728808,0.2524838,-0.1490286,0.0,0.0,0.0,0.0,22,-0.8330001,-16.288837,-0.74799967,-0.35000035,-3.8266666,9.946667,0.083333336,-3.4277778,0.8888889,0.3,-1.6333333,-1.8266667,-2.2266667,-5.5,3.3722222,0.32777777,0.89444447,0.82222223,0.0,0.0,0.0,0.0
121,2.4210916599986376,1789462732.9954834,-0.002440651,0.020087603,-0.0047283364,0.0007988203,0.0056648254,-80.026375,-96.10744,-100.125244,-90.01897,0.02444458,0.0010162353,-0.0066719055,79.988815,96.063065,100.12946,90.02901,-0.007168579,0.00035705566,0.0,0.0,0.0,0.0,0.0,0.0,-0.0,0.0,0.0,0.0,0.0,0.0,0.0,-0.0,0.0,0.0,0.0,0.0,0.0,0.0,-0.0,-0.0,0.0,0.0,0.0,0.0,-0.002440651,0.019990789,-0.004160664,0.000809018,0.0056877136,-80.02635,-96.10741,-100.12524,-90.01897,0.024458313,0.0010437012,-0.0067634583,79.98893,96.06304,100.12945,90.02901,-0.007168579,0.00035705566,0.0,0.0,0.0,0.0,22,-0.9823051,-16.646626,-0.7842849,-0.38955578,-12.519246,2.7824862,-1.5467556,-8.735556,0.89975107,0.8271753,-2.1720848,8.376608,-4.563656,0.5860753,7.6931853,-0.95138985,-0.19274579,-1.4547746,0.0,0.0,0.0,0.0,22,-0.5950001,-16.28884,-0.6119997,-0.32500035,-12.48,2.64,-1.53,-8.73,0.88,0.8,-2.14,8.28,-4.44,0.53999996,7.605,-0.92,-0.14,-1.44,0.0,0.0,0.0,0.0,22,0.35688868,-7.4864683,-0.1074196,0.16202408,0.834634,0.8031908,-0.15337451,-0.6292893,-0.4472251,-0.58666295,0.20863077,1.4800686,-0.57487345,0.64653736,1.1629848,0.4645267,0.25164053,-0.14754139,0.0,0.0,0.0,0.0,22,-0.5950001,-16.28884,-0.6119997,-0.32500035,-3.7733333,10.026667,0.07777778,-3.4222221,0.8833333,0.2888889,-1.6444445,-1.88,-2.1466668,-5.45,3.4055555,0.28333333,0.8611111,0.8,0.0,0.0,0.0,0.0
122,2.4413102440012153,1789462733.015702,-0.002440651,0.020087603,-0.0047283364,0.0007988203,0.0056648254,-80.02636,-96.10741,-100.12524,-90.01898,0.024430847,0.0010162353,-0.0066719055,79.988815,96.06308,100.12945,90.029015,-0.007182312,0.00037078856,0.0,0.0,0.0,0.0,0.0,0.0,-0.0,0.0,0.0,0.049999237,0.059999086,0.0,0.0,-0.059999086,0.0,0.0,0.0,0.0,0.0,0.059999086,-0.0,-0.0,0.0,0.0,0.0,0.0,-0.002440651,0.019990789,-0.004160664,0.000809018,0.0056877136,-80.02635,-96.10741,-100.12524,-90.01897,0.024458313,0.0010437012,-0.0067634583,79.98893,96.06304,100.12945,90.02901,-0.007168579,0.00035705566,0.0,0.0,0.0,0.0,22,-0.98520803,-16.642107,-0.7834926,-0.3895526,-12.512733,2.6190357,-1.5932403,-8.732139,0.8981625,0.88667876,-2.1711607,8.375706,-4.5618405,0.5876049,7.693641,-1.0047399,-0.19372956,-1.4566499,0.0,0.0,0.0,0.0,22,-0.5950001,-16.077295,-0.6119997,-0.32500035,-12.24,2.64,-1.485,-8.73,0.88,0.76,-2.16,8.16,-4.44,0.53999996,7.605,-0.94,-0.18,-1.44,0.0,0.0,0.0,0.0,22,0.35413718,-7.486798,-0.107815556,0.16202249,0.8329082,0.8094824,-0.15267688,-0.63107735,-0.44545355,-0.58744967,0.20817798,1.4805504,-0.5759544,0.64447725,1.1629748,0.46514493,0.25300953,-0.14602068,0.0,0.0,0.0,0.0,22,-0.5950001,-16.077295,-0.6119997,-0.32500035,-3.68,10.013333,0.094444446,-3.4166667,0.8611111,0.26666668,-1.6722223,-1.7066667,-2.2666667,-5.3722224,3.4,0.26666668,0.92777777,0.8111111,0.0,0.0,0.0,0.0
123,2.4615089770013583,1789462733.0359008,-0.002440651,0.020087603,-0.0047283364,0.0007988203,0.0056648254,-80.026375,-96.10744,-100.12524,-90.01897,0.024472047,0.0010299683,-0.0066833496,79.988815,96.06305,100.12949,90.029015,-0.007168579,0.00034332275,0.0,0.0,0.0,0.0,0.0,0.0,-0.0,0.0,0.0,0.0,0.0,0.0,0.0,-0.0,0.0,0.0,0.0,0.0,0.0,0.0,-0.0,-0.0,0.0,0.0,0.0,0.0,-0.002440651,0.019990789,-0.004160664,0.000809018,0.0056877136,-80.02635,-96.10741,-100.12524,-90.01897,0.024458313,0.0010437012,-0.0067634583,79.98893,96.06304,100.12945,90.02901,-0.007168579,0.00035705566,0.0,0.0,0.0,0.0,22,-0.98174816,-16.648531,-0.7826804,-0.3895493,-12.520108,2.7820115,-1.5470945,-8.733103,0.89692855,0.82542264,-2.173134,8.376805,-4.5602813,0.5881409,7.6914086,-0.95488757,-0.19451168,-1.4558148,0.0,0.0,0.0,0.0,22,-0.8330001,-16.077295,-0.6119997,-0.32500035,-12.36,2.88,-1.53,-8.73,0.86,0.78000003,-2.14,8.28,-4.44,0.53999996,7.6499996,-0.94,-0.16,-1.4200001,0.0,0.0,0.0,0.0,22,0.35633725,-7.4850755,-0.108221576,0.16202083,0.83576226,0.80393827,-0.15293986,-0.6321736,-0.4444006,-0.5856937,0.20933731,1.480795,-0.57676756,0.644828,1.1638886,0.46772432,0.25342748,-0.14612089,0.0,0.0,0.0,0.0,22,-0.8330001,-16.077295,-0.6119997,-0.32500035,-3.6933334,9.933333,0.083333336,-3.4,0.87222224,0.22777778,-1.6277778,-1.8666667,-2.28,-5.411111,3.3777778,0.32222223,0.9111111,0.8277778,0.0,0.0,0.0,0.0
124,2.4816349290013022,1789462733.056027,-0.002440651,0.020087603,-0.0047283364,0.0007988203,0.0056648254,-80.02636,-96.10744,-100.12524,-90.01895,0.024417114,0.0010437012,-0.0066833496,79.98882,96.063065,100.12948,90.029015,-0.007182312,0.00034332275,0.0,0.0,0.0,0.0,0.0,0.0,-0.0,0.0,0.0,0.0,-0.059999086,0.0,0.059999086,-0.0,0.0,0.0,0.0,0.0,0.059999086,0.0,-0.0,-0.0,0.0,0.0,0.0,0.0,-0.002440651,0.019990789,-0.004160664,0.000809018,0.0056877136,-80.02635,-96.10741,-100.12524,-90.01897,0.024458313,0.0010437012,-0.0067634583,79.98893,96.06304,100.12945,90.02901,-0.007168579,0.00035705566,0.0,0.0,0.0,0.0,22,-1.0088683,-16.617172,-0.7818879,-0.3895461,-12.518208,2.7612865,-1.4708003,-8.733552,0.845229,0.8363382,-2.1740744,8.356517,-4.5588713,0.5876693,7.6162605,-0.95560795,-0.19522645,-1.4483216,0.0,0.0,0.0,0.0,22,-0.5950001,-16.28884,-0.6119997,-0.32500035,-12.48,2.64,-1.53,-8.639999,0.88,0.8,-2.16,8.16,-4.44,0.53999996,7.605,-0.94,-0.16,-1.4200001,0.0,0.0,0.0,0.0,22,0.36888283,-7.499323,-0.108617775,0.16201924,0.8350134,0.811933,-0.16394182,-0.6316793,-0.44548863,-0.59204096,0.2099347,1.4899353,-0.57835984,0.6448486,1.1747649,0.46845722,0.25454706,-0.15068047,0.0,0.0,0.0,0.0,22,-0.5950001,-16.28884,-0.6119997,-0.32500035,-3.7466667,9.933333,0.094444446,-3.4666667,0.9,0.2888889,-1.6444445,-1.8,-2.2133334,-5.388889,3.3333333,0.3611111,0.93333334,0.8888889,0.0,0.0,0.0,0.0
125,2.501363259001664,1789462733.0757551,-0.002440651,0.020088006,-0.0047283364,0.0007988203,0.0056533813,-80.02636,-96.10745,-100.12522,-90.01895,0.02444458,0.0010437012,-0.0066833496,79.988815,96.06308,100.12945,90.02899,-0.007168579,0.00034332275,0.0,0.0,0.0,0.0,0.0,0.0,-0.0,0.0,0.0,0.049999237,0.0,0.059999086,0.0,-0.0,0.0,0.0,0.0,0.0,0.0,0.0,-0.0,-0.0,0.0,0.0,0.0,0.0,-0.002440651,0.019990789,-0.004160664,0.000809018,0.0056877136,-80.02635,-96.10741,-100.12524,-90.01897,0.024458313,0.0010437012,-0.0067634583,79.98893,96.06304,100.12945,90.02901,-0.007168579,0.00035705566,0.0,0.0,0.0,0.0,22,-1.006795,-16.666826,-0.78111583,-0.38954297,-12.529112,2.6045535,-1.5196867,-8.806033,0.8970493,0.8233121,-2.1786134,8.37559,-4.5571637,0.5880087,7.6924634,-0.95415235,-0.1955389,-1.4523683,0.0,0.0,0.0,0.0,22,-0.8330001,-16.28884,-0.6119997,-0.35000035,-12.36,2.76,-1.4399999,-8.73,0.86,0.8,-2.16,8.16,-4.56,0.585,7.6499996,-0.92,-0.16,-1.44,0.0,0.0,0.0,0.0,22,0.36376804,-7.474913,-0.10900352,0.16201767,0.8415503,0.8162206,-0.16207182,-0.6222672,-0.4449661,-0.58001345,0.21202023,1.4811581,-0.5784581,0.64404374,1.1640776,0.46759117,0.25446466,-0.14954953,0.0,0.0,0.0,0.0,22,-0.8330001,-16.28884,-0.6119997,-0.35000035,-3.7866666,10.013333,0.06666667,-3.3888888,0.9111111,0.29444444,-1.65,-1.8933333,-2.2,-5.4055557,3.3055556,0.34444445,0.8888889,0.8666667,0.0,0.0,0.0,0.0
126,2.5213308759994106,1789462733.0957227,-0.002440651,0.020088006,-0.0047283364,0.0007988203,0.0056648254,-80.026375,-96.10745,-100.125244,-90.01898,0.024472047,0.001071167,-0.0066719055,79.98882,96.063065,100.12948,90.02901,-0.0071411133,0.00034332275,0.0,0.0,0.0,0.0,0.0,0.0,-0.0,0.0,0.0,0.0,0.0,-0.059999086,0.0,-0.0,0.059999086,0.0,0.0,0.0,0.0,0.0,0.059999086,-0.0,0.0,0.0,0.0,0.0,-0.002440651,0.019990789,-0.004160664,0.000809018,0.0056877136,-80.02635,-96.10741,-100.12524,-90.01897,0.024458313,0.0010437012,-0.0067634583,79.98893,96.06304,100.12945,90.02901,-0.007168579,0.00035705566,0.0,0.0,0.0,0.0,22,-0.97548074,-16.628763,-0.780323,-0.38953975,-12.5038185,2.781092,-1.5451808,-8.660869,0.8973214,0.8234909,-2.2252626,8.372209,-4.555415,0.58326674,7.690716,-0.9535629,-0.25402763,-1.4521568,0.0,0.0,0.0,0.0,22,-0.5950001,-16.28884,-0.6119997,-0.32500035,-12.48,2.64,-1.485,-8.639999,0.92,0.84000003,-2.2,8.16,-4.44,0.585,7.605,-0.94,-0.16,-1.44,0.0,0.0,0.0,0.0,22,0.35318527,-7.493448,-0.10940003,0.16201606,0.8284285,0.8042331,-0.1542952,-0.64182746,-0.44450387,-0.5837434,0.21006301,1.4820217,-0.5801668,0.64660525,1.1649591,0.46671888,0.25362244,-0.14974907,0.0,0.0,0.0,0.0,22,-0.5950001,-16.28884,-0.6119997,-0.32500035,-3.7733333,9.946667,0.11666667,-3.4333334,0.8833333,0.28333333,-1.6666666,-1.8933333,-2.2133334,-5.483333,3.3722222,0.33888888,0.9,0.79444444,0.0,0.0,0.0,0.0
127,2.5412797530007083,1789462733.1156716,-0.002440651,0.020088006,-0.0047283364,0.0007988203,0.0056648254,-80.026375,-96.10745,-100.125244,-90.01895,0.024458313,0.0010025024,-0.0066719055,79.98882,96.063065,100.12946,90.029015,-0.007182312,0.00032958985,0.0,0.0,0.0,0.0,0.0,0.0,-0.0,0.0,0.0,0.0,-0.059999086,-0.059999086,0.0,-0.0,0.0,0.0,0.049999237,0.0,0.0,0.0,-0.0,-0.0,0.0,0.0,0.0,0.0,-0.002440651,0.019990789,-0.004160664,0.000809018,0.0056877136,-80.02635,-96.10741,-100.12524,-90.01897,0.024458313,0.0010437012,-0.0067634583,79.98893,96.06304,100.12945,90.02901,-0.007168579,0.00035705566,0.0,0.0,0.0,0.0,22,-1.0309385,-16.628212,-0.7795303,-0.38953656,-12.4979515,2.761003,-1.4696445,-8.656603,0.8969383,0.82828593,-2.169795,8.3791,-4.7352605,0.6156323,7.6954017,-0.9507893,-0.19051805,-1.452246,0.0,0.0,0.0,0.0,22,-0.5950001,-16.28884,-0.6119997,-0.32500035,-12.48,2.76,-1.53,-8.684999,0.86,0.82,-2.16,8.28,-4.32,0.585,7.74,-0.94,-0.18,-1.4,0.0,0.0,0.0,0.0,22,0.37466624,-7.495914,-0.10979645,0.16201447,0.82585746,0.8134811,-0.164476,-0.64357555,-0.44477093,-0.5851465,0.209691,1.4803469,-0.5655667,0.6345275,1.1627375,0.463448,0.25261775,-0.14975439,0.0,0.0,0.0,0.0,22,-0.5950001,-16.28884,-0.6119997,-0.32500035,-3.7866666,9.92,0.072222225,-3.45,0.89444447,0.2888889,-1.6611111,-1.8,-2.1733334,-5.388889,3.3722222,0.35555556,0.87777776,0.8111111,0.0,0.0,0.0,0.0
128,2.5617552539988537,1789462733.1361473,-0.002440651,0.020088006,-0.0047283364,0.0007988203,0.0056648254,-80.02636,-96.10744,-100.12522,-90.01898,0.024472047,0.0010299683,-0.0066719055,79.98882,96.063065,100.12949,90.029015,-0.007209778,0.00032958985,0.0,0.0,0.0,0.0,0.0,0.0,-0.0,0.0,0.0,0.0,0.0,0.059999086,0.0,-0.0,0.0,0.0,0.0,0.0,0.059999086,0.0,-0.059999086,-0.0,0.0,0.0,0.0,0.0,-0.002440651,0.019990789,-0.004160664,0.000809018,0.0056877136,-80.02635,-96.10741,-100.12524,-90.01897,0.024458313,0.0010437012,-0.0067634583,79.98893,96.06304,100.12945,90.02901,-0.007168579,0.00035705566,0.0,0.0,0.0,0.0,22,-0.9887402,-16.65226,-0.77871776,-0.38953328,-12.538115,2.7837033,-1.5453421,-8.809984,0.90003127,0.8227516,-2.1803603,8.351429,-4.558367,0.59419864,7.614605,-0.9488669,-0.13468222,-1.4449593,0.0,0.0,0.0,0.0,22,-0.5950001,-16.28884,-0.74799967,-0.32500035,-12.48,2.64,-1.485,-8.73,0.88,0.8,-2.16,8.16,-4.32,0.49499997,7.6499996,-0.92,-0.18,-1.44,0.0,0.0,0.0,0.0,22,0.35960937,-7.483174,-0.11020273,0.16201283,0.843709,0.80193794,-0.15445612,-0.6204099,-0.44717574,-0.58299375,0.21369722,1.491681,-0.5775093,0.64075065,1.1759226,0.46169955,0.25337684,-0.15364334,0.0,0.0,0.0,0.0,22,-0.5950001,-16.28884,-0.74799967,-0.32500035,-3.7333333,9.92,0.094444446,-3.4166667,0.85,0.2611111,-1.6611111,-1.8933333,-2.2,-5.5,3.3333333,0.27222222,0.9166667,0.79444444,0.0,0.0,0.0,0.0
129,2.5813257420013542,1789462733.1557176,-0.002440651,0.020088006,-0.0047283364,0.0007988203,0.0056533813,-80.026375,-96.10742,-100.12522,-90.01898,0.024430847,0.0010162353,-0.0066833496,79.98882,96.06308,100.12948,90.029015,-0.007168579,0.00034332275,0.0,0.0,0.0,0.0,0.0,0.0,-0.0,0.0,0.0,0.0,0.0,0.0,0.0,-0.0,0.0,0.0,0.0,0.0,0.0,0.059999086,-0.0,-0.0,0.0,0.0,0.0,0.0,-0.002440651,0.019990789,-0.004160664,0.000809018,0.0056877136,-80.02635,-96.10741,-100.12524,-90.01897,0.024458313,0.0010437012,-0.0067634583,79.98893,96.06304,100.12945,90.02901,-0.007168579,0.00035705566,0.0,0.0,0.0,0.0,22,-0.98058176,-16.650806,-0.7779449,-0.38953015,-12.515074,2.7838135,-1.5464736,-8.736871,0.89859825,0.82086223,-2.174195,8.371957,-4.555293,0.58949286,7.6916356,-1.0023298,-0.1937767,-1.4505318,0.0,0.0,0.0,0.0,22,-0.8330001,-16.28884,-0.6119997,-0.35000035,-12.36,2.76,-1.53,-8.73,0.86,0.76,-2.16,8.28,-4.56,0.53999996,7.6499996,-0.92,-0.18,-1.4200001,0.0,0.0,0.0,0.0,22,0.3552792,-7.4843636,-0.11058916,0.16201127,0.83333373,0.8028485,-0.1537077,-0.6288541,-0.445754,-0.5799173,0.2108314,1.483047,-0.57966256,0.64235336,1.164032,0.46273443,0.2527187,-0.15134698,0.0,0.0,0.0,0.0,22,-0.8330001,-16.28884,-0.6119997,-0.35000035,-3.7333333,10.0,0.10555556,-3.4388888,0.84444445,0.23888889,-1.6388888,-1.84,-2.1466668,-5.4666667,3.3666666,0.30555555,0.87777776,0.8111111,0.0,0.0,0.0,0.0
130,2.601319107998279,1789462733.175711,-0.002440651,0.020088406,-0.0047283364,0.0007988203,0.0056648254,-80.026375,-96.10741,-100.125244,-90.01898,0.024417114,0.0010437012,-0.0066719055,79.98882,96.063065,100.12945,90.02901,-0.007154846,0.00035705566,0.0,0.0,0.0,0.0,0.0,0.0,-0.0,0.0,0.0,0.0,0.0,-0.059999086,0.0,-0.059999086,0.059999086,0.0,0.0,0.0,0.0,0.0,0.059999086,-0.0,0.0,0.0,0.0,0.0,-0.002440651,0.019990789,-0.004160664,0.000809018,0.0056877136,-80.02635,-96.10741,-100.12524,-90.01897,0.024458313,0.0010437012,-0.0067634583,79.98893,96.06304,100.12945,90.02901,-0.007168579,0.00035705566,0.0,0.0,0.0,0.0,22,-0.9810694,-16.6285,-0.777153,-0.38952693,-12.501068,2.7822566,-1.5422647,-8.663413,0.89802927,0.8840366,-2.2227817,8.368048,-4.5509157,0.58406407,7.6942496,-0.95229405,-0.25491276,-1.451221,0.0,0.0,0.0,0.0,22,-0.5950001,-16.077295,-0.74799967,-0.35000035,-12.36,2.88,-1.53,-8.684999,0.86,0.68,-2.14,8.28,-4.2,0.53999996,7.6499996,-0.98,-0.16,-1.4200001,0.0,0.0,0.0,0.0,22,0.35604566,-7.494214,-0.110984884,0.16200966,0.82644475,0.8021169,-0.1557356,-0.6393073,-0.445218,-0.58414304,0.20835462,1.4844161,-0.58191943,0.64567095,1.1622125,0.46544915,0.25493494,-0.15100725,0.0,0.0,0.0,0.0,22,-0.5950001,-16.077295,-0.74799967,-0.35000035,-3.64,9.773334,0.1,-3.3666666,0.8888889,0.25,-1.6833333,-1.8266667,-2.2133334,-5.4722223,3.3611112,0.31111112,0.8611111,0.84444445,0.0,0.0,0.0,0.0
131,2.62125983399892,1789462733.1956515,-0.002440651,0.020088406,-0.0047283364,0.0007988203,0.0056533813,-80.026375,-96.10742,-100.12524,-90.01899,0.024458313,0.0010299683,-0.0066833496,79.988815,96.06305,100.12946,90.02901,-0.007182312,0.00034332275,0.0,0.0,0.0,0.0,0.0,0.0,-0.0,0.0,0.0,0.0,0.059999086,0.0,0.0,-0.0,0.0,0.0,0.0,0.0,0.0,0.0,-0.0,-0.0,0.0,0.0,0.0,0.0,-0.002440651,0.019990789,-0.004160664,0.000809018,0.0056877136,-80.02635,-96.10741,-100.12524,-90.01897,0.024458313,0.0010437012,-0.0067634583,79.98893,96.06304,100.12945,90.02901,-0.007168579,0.00035705566,0.0,0.0,0.0,0.0,22,-0.95453745,-16.658308,-0.77636015,-0.38952374,-12.514413,2.8058944,-1.621865,-8.733146,0.8991463,0.8162208,-2.1725886,8.369938,-4.5523686,0.59132993,7.6924706,-0.95367503,-0.19448178,-1.4512041,0.0,0.0,0.0,0.0,22,-0.8330001,-16.077295,-0.74799967,-0.35000035,-12.24,2.64,-1.53,-8.684999,0.86,0.82,-2.16,8.28,-4.32,0.585,7.6499996,-0.92,-0.18,-1.48,0.0,0.0,0.0,0.0,22,0.34331083,-7.4802732,-0.11138144,0.16200806,0.83194464,0.79172367,-0.1435384,-0.63217366,-0.44593847,-0.5790456,0.20888846,1.4841648,-0.57911813,0.6413765,1.1635529,0.4668172,0.25385797,-0.15065344,0.0,0.0,0.0,0.0,22,-0.8330001,-16.077295,-0.74799967,-0.35000035,-3.6933334,9.96,0.12222222,-3.4222221,0.87222224,0.2611111,-1.6555556,-1.9333333,-2.2933333,-5.522222,3.3666666,0.31666666,0.9,0.79444444,0.0,0.0,0.0,0.0
132,2.6413313990015013,1789462733.2157233,-0.002440651,0.020088406,-0.0047283364,0.0007988203,0.0056648254,-80.02636,-96.10744,-100.12522,-90.01898,0.024430847,0.0010025024,-0.0066719055,79.98882,96.06305,100.12946,90.02901,-0.007154846,0.00034332275,0.0,0.0,0.0,0.0,0.0,0.0,-0.0,0.0,0.0,0.0,0.0,0.0,0.0,-0.059999086,0.0,0.0,0.0,0.0,0.0,0.0,-0.0,-0.0,0.0,0.0,0.0,0.0,-0.002440651,0.019990789,-0.004160664,0.000809018,0.0056877136,-80.02635,-96.10741,-100.12524,-90.01897,0.024458313,0.0010437012,-0.0067634583,79.98893,96.06304,100.12945,90.02901,-0.007168579,0.00035705566,0.0,0.0,0.0,0.0,22,-0.98736423,-16.651999,-0.77556735,-0.38952053,-12.514624,2.7791162,-1.5395967,-8.735525,0.8978366,0.8818882,-2.171632,8.366933,-4.5523763,0.58917326,7.691828,-0.95172876,-0.1957248,-1.4538841,0.0,0.0,0.0,0.0,22,-0.8330001,-16.077295,-0.6119997,-0.32500035,-12.36,2.88,-1.53,-8.73,0.88,0.76,-2.16,8.16,-4.2,0.53999996,7.6499996,-0.88,-0.22,-1.4200001,0.0,0.0,0.0,0.0,22,0.35917276,-7.48339,-0.11177789,0.16200645,0.83169794,0.8043575,-0.15746014,-0.6302182,-0.44500014,-0.5823728,0.20866057,1.4848963,-0.580531,0.64349335,1.1641738,0.46486998,0.25431803,-0.14796571,0.0,0.0,0.0,0.0,22,-0.8330001,-16.077295,-0.6119997,-0.32500035,-3.68,9.853333,0.094444446,-3.4277778,0.87777776,0.29444444,-1.6611111,-1.88,-2.3066666,-5.4555554,3.3611112,0.32222223,0.90555555,0.87222224,0.0,0.0,0.0,0.0
133,2.6614987930006464,1789462733.2358906,-0.002440651,0.020088406,-0.0047283364,0.0007988203,0.0056648254,-80.026375,-96.10742,-100.12522,-90.01895,0.024458313,0.0010025024,-0.0066833496,79.98882,96.06305,100.12946,90.02901,-0.007168579,0.00035705566,0.0,0.0,0.0,0.0,0.0,0.0,-0.0,0.0,0.0,0.0,0.0,0.0,0.0,-0.0,-0.059999086,0.0,0.0,0.0,0.0,0.0,-0.0,-0.0,0.0,0.0,0.0,0.0,-0.002440651,0.019990789,-0.004160664,0.000809018,0.0056877136,-80.02635,-96.10741,-100.12524,-90.01897,0.024458313,0.0010437012,-0.0067634583,79.98893,96.06304,100.12945,90.02901,-0.007168579,0.00035705566,0.0,0.0,0.0,0.0,22,-0.98129624,-16.647573,-0.7747549,-0.38951725,-12.51209,2.7843056,-1.5462532,-8.729427,0.8986265,0.8221359,-2.1187427,8.367788,-4.551395,0.5888418,7.6947947,-0.95134145,-0.19488028,-1.4522421,0.0,0.0,0.0,0.0,22,-0.5950001,-16.077295,-0.74799967,-0.32500035,-12.36,2.76,-1.485,-8.775,0.86,0.82,-2.2,8.28,-4.44,0.585,7.6499996,-0.92,-0.16,-1.4200001,0.0,0.0,0.0,0.0,22,0.3559815,-7.485818,-0.11218418,0.16200481,0.83120877,0.8026139,-0.15375774,-0.63381743,-0.44636685,-0.58196056,0.20906623,1.4854275,-0.58081806,0.6437913,1.1612011,0.46448302,0.25387436,-0.1499608,0.0,0.0,0.0,0.0,22,-0.5950001,-16.077295,-0.74799967,-0.32500035,-3.7466667,9.986667,0.08888889,-3.3888888,0.8666667,0.28333333,-1.6388888,-1.8533334,-2.36,-5.411111,3.3722222,0.31666666,0.8888889,0.8055556,0.0,0.0,0.0,0.0
134,2.681671948001167,1789462733.2560637,-0.002440651,0.020088406,-0.0047283364,0.0007988203,0.0056648254,-80.026375,-96.10744,-100.125244,-90.01895,0.024458313,0.0010299683,-0.0066719055,79.988815,96.06305,100.12946,90.029015,-0.007168579,0.00034332275,0.0,0.0,0.0,0.0,0.0,0.0,-0.0,0.0,0.0,0.0,0.0,0.0,0.0,-0.0,0.0,0.0,0.0,0.0,0.0,0.0,-0.0,-0.0,0.0,0.0,0.0,0.0,-0.002440651,0.019990789,-0.004160664,0.000809018,0.0056877136,-80.02635,-96.10741,-100.12524,-90.01897,0.024458313,0.0010437012,-0.0067634583,79.98893,96.06304,100.12945,90.02901,-0.007168579,0.00035705566,0.0,0.0,0.0,0.0,22,-0.9812945,-16.653946,-0.7739622,-0.38951406,-12.51594,2.7854137,-1.5449793,-8.733887,0.89916855,0.826176,-2.1713963,8.365129,-4.5467715,0.5883972,7.693117,-0.95164704,-0.19158345,-1.4503508,0.0,0.0,0.0,0.0,22,-0.95200014,-16.28884,-0.6119997,-0.35000035,-12.48,2.64,-1.485,-8.684999,0.86,0.8,-2.16,8.16,-4.44,0.53999996,7.6499996,-0.92,-0.16,-1.44,0.0,0.0,0.0,0.0,22,0.35586965,-7.4825,-0.11258053,0.16200322,0.83303577,0.8018534,-0.15455638,-0.6310183,-0.446915,-0.5859932,0.20773153,1.4858152,-0.5826559,0.64419585,1.1628531,0.4644875,0.25058538,-0.15147878,0.0,0.0,0.0,0.0,22,-0.95200014,-16.28884,-0.6119997,-0.35000035,-3.8533332,9.986667,0.11111111,-3.4222221,0.8888889,0.28333333,-1.6333333,-1.8266667,-2.32,-5.4055557,3.3666666,0.3888889,0.8888889,0.8388889,0.0,0.0,0.0,0.0
135,2.7016377469990402,1789462733.2760296,-0.002440651,0.020088406,-0.0047283364,0.0007988203,0.0056648254,-80.026375,-96.10744,-100.125244,-90.01898,0.024472047,0.0010437012,-0.0066719055,79.988815,96.06304,100.12945,90.02901,-0.007168579,0.00034332275,0.0,0.0,0.0,0.0,0.0,0.0,-0.0,0.0,0.0,0.0,0.0,0.0,0.0,-0.0,0.0,0.0,0.0,0.0,0.0,0.0,-0.0,-0.0,0.0,0.0,0.0,0.0,-0.002440651,0.019990789,-0.004160664,0.000809018,0.0056877136,-80.02635,-96.10741,-100.12524,-90.01897,0.024458313,0.0010437012,-0.0067634583,79.98893,96.06304,100.12945,90.02901,-0.007168579,0.00035705566,0.0,0.0,0.0,0.0,22,-0.9823307,-16.6542,-0.7731696,-0.38951084,-12.515516,2.785391,-1.5466251,-8.734669,0.8991064,0.82666606,-2.1717649,8.364143,-4.545318,0.5873106,7.6941214,-0.9529137,-0.1919897,-1.4511341,0.0,0.0,0.0,0.0,22,-0.5950001,-16.28884,-0.74799967,-0.35000035,-12.48,2.76,-1.4399999,-8.73,0.86,0.8,-2.14,8.28,-4.44,0.585,7.6499996,-0.92,-0.16,-1.46,0.0,0.0,0.0,0.0,22,0.3568977,-7.4825106,-0.112976864,0.16200161,0.8327371,0.80199814,-0.15286478,-0.6302437,-0.44625378,-0.5868733,0.20775032,1.486363,-0.58343476,0.64567035,1.1622598,0.46605268,0.25100055,-0.15068829,0.0,0.0,0.0,0.0,22,-0.5950001,-16.28884,-0.74799967,-0.35000035,-3.68,9.946667,0.094444446,-3.338889,0.87222224,0.22777778,-1.6666666,-1.72,-2.2133334,-5.5,3.3555555,0.3,0.8666667,0.8666667,0.0,0.0,0.0,0.0
136,2.7212761900009355,1789462733.295668,-0.002440651,0.020088809,-0.004731735,0.0007988203,0.0056648254,-80.026375,-96.10741,-100.12524,-90.01899,0.024472047,0.0010574341,-0.0066833496,79.98882,96.063065,100.12946,90.02901,-0.0071411133,0.00037078856,0.0,0.0,0.0,0.0,0.0,0.0,-0.0,0.0,0.0,0.0,0.059999086,0.0,0.0,0.059999086,0.0,0.0,0.0,0.0,0.0,0.0,-0.0,-0.0,0.0,0.0,0.0,0.0,-0.002440651,0.019990789,-0.004160664,0.000809018,0.0056877136,-80.02635,-96.10741,-100.12524,-90.01897,0.024458313,0.0010437012,-0.0067634583,79.98893,96.06304,100.12945,90.02901,-0.007168579,0.00035705566,0.0,0.0,0.0,0.0,22,-0.9505163,-16.661596,-0.7723502,-0.3895077,-12.517076,2.8084974,-1.6287309,-8.733449,0.9016357,0.7618673,-2.1722045,8.365095,-4.5460844,0.58583623,7.695604,-0.9546921,-0.19325691,-1.4507704,0.0,0.0,0.0,0.0,22,-0.8330001,-16.28884,-0.74799967,-0.35000035,-12.48,2.64,-1.485,-8.775,0.88,0.92,-2.14,8.16,-4.44,0.585,7.6499996,-0.94,-0.16,-1.4200001,0.0,0.0,0.0,0.0,22,0.3420435,-7.4788384,-0.11337308,0.16200005,0.83316416,0.7911794,-0.13943553,-0.6319023,-0.44840768,-0.5836146,0.2078348,1.4868093,-0.5841132,0.64626265,1.1603494,0.46783188,0.25147983,-0.15176025,0.0,0.0,0.0,0.0,22,-0.8330001,-16.28884,-0.74799967,-0.35000035,-3.8133333,10.04,0.12777779,-3.4333334,0.87777776,0.33333334,-1.6555556,-1.9733334,-2.2,-5.4555554,3.3333333,0.31111112,0.84444445,0.85,0.0,0.0,0.0,0.0
137,2.741293091999978,1789462733.3156848,-0.002440651,0.020088809,-0.004731735,0.0007988203,0.0056648254,-80.02636,-96.10745,-100.12524,-90.01897,0.024417114,0.0010299683,-0.0066719055,79.98882,96.06305,100.12949,90.02898,-0.007196045,0.00032958985,0.0,0.0,0.0,0.0,0.0,0.0,-0.0,0.0,0.0,0.0,0.0,0.0,0.0,-0.11999817,0.0,0.0,0.0,0.0,0.0,0.0,-0.059999086,-0.0,0.0,0.0,0.0,0.0,-0.002440651,0.019990789,-0.004160664,0.000809018,0.0056877136,-80.02635,-96.10741,-100.12524,-90.01897,0.024458313,0.0010437012,-0.0067634583,79.98893,96.06304,100.12945,90.02901,-0.007168579,0.00035705566,0.0,0.0,0.0,0.0,22,-0.9985201,-16.654203,-0.77154255,-0.38950452,-12.513758,2.7771857,-1.5339228,-8.732976,0.90065867,0.9455292,-2.1728256,8.362331,-4.5470967,0.5931052,7.6940136,-0.95384014,-0.13279901,-1.4492223,0.0,0.0,0.0,0.0,22,-0.47600007,-16.28884,-0.6119997,-0.32500035,-12.36,2.64,-1.53,-8.73,0.88,0.78000003,-2.16,8.16,-4.2,0.53999996,7.6949997,-0.94,-0.18,-1.46,0.0,0.0,0.0,0.0,22,0.3648048,-7.4824643,-0.113782026,0.16199845,0.8317362,0.80546546,-0.15990895,-0.63237,-0.44813666,-0.5870447,0.20919116,1.4875354,-0.5838664,0.6419627,1.1610652,0.4675634,0.2511638,-0.1522163,0.0,0.0,0.0,0.0,22,-0.47600007,-16.28884,-0.6119997,-0.32500035,-3.7733333,9.973333,0.1,-3.3666666,0.85555553,0.2777778,-1.6666666,-1.84,-2.2266667,-5.388889,3.3444445,0.31111112,0.82222223,0.85,0.0,0.0,0.0,0.0
138,2.761249189999944,1789462733.3356411,-0.002440651,0.020088809,-0.004731735,0.0007988203,0.0056762695,-80.02638,-96.10744,-100.12522,-90.01898,0.024430847,0.0010025024,-0.0066719055,79.98882,96.063065,100.12945,90.02899,-0.007182312,0.00034332275,0.0,0.0,0.0,0.0,0.0,0.0,-0.0,0.0,0.0,0.0,0.0,0.0,0.0,-0.059999086,-0.059999086,0.0,0.0,0.0,-0.059999086,-0.059999086,-0.0,-0.0,0.0,0.0,0.0,0.0,-0.002440651,0.019990789,-0.004160664,0.000809018,0.0056877136,-80.02635,-96.10741,-100.12524,-90.01897,0.024458313,0.0010437012,-0.0067634583,79.98893,96.06304,100.12945,90.02901,-0.007168579,0.00035705566,0.0,0.0,0.0,0.0,22,-0.9856988,-16.676397,-0.77073956,-0.3895013,-12.512136,2.785626,-1.5376395,-8.729406,0.9022919,0.8837627,-2.1186113,8.381165,-4.5456753,0.58729094,7.769122,-0.90127635,-0.19139627,-1.4566225,0.0,0.0,0.0,0.0,22,-0.8330001,-16.28884,-0.74799967,-0.32500035,-12.48,2.64,-1.53,-8.73,0.88,0.76,-2.16,8.28,-4.44,0.585,7.6499996,-0.92,-0.120000005,-1.44,0.0,0.0,0.0,0.0,22,0.35800365,-7.472164,-0.11418637,0.16199684,0.83031034,0.80259144,-0.15915146,-0.6338704,-0.44945252,-0.5842233,0.20898671,1.4787178,-0.5843352,0.64480776,1.1518624,0.4671403,0.25083685,-0.14809252,0.0,0.0,0.0,0.0,22,-0.8330001,-16.28884,-0.74799967,-0.32500035,-3.92,9.906667,0.1,-3.4277778,0.85,0.27222222,-1.6777778,-1.8133334,-2.28,-5.4166665,3.3555555,0.33333334,0.8888889,0.8666667,0.0,0.0,0.0,0.0
139,2.7817630370009283,1789462733.356155,-0.002440651,0.020088809,-0.004731735,0.0007988203,0.0056648254,-80.026375,-96.10744,-100.125244,-90.01895,0.024458313,0.0010299683,-0.0066719055,79.98884,96.06308,100.12946,90.029015,-0.007196045,0.00034332275,0.0,0.0,0.0,0.0,0.0,0.0,-0.0,0.0,0.0,0.0,0.0,0.0,0.0,-0.0,0.0,0.0,0.0,0.0,0.0,0.0,-0.059999086,-0.0,0.0,0.0,0.0,0.0,-0.002440651,0.019990789,-0.004160664,0.000809018,0.0056877136,-80.02635,-96.10741,-100.12524,-90.01897,0.024458313,0.0010437012,-0.0067634583,79.98893,96.06304,100.12945,90.02901,-0.007168579,0.00035705566,0.0,0.0,0.0,0.0,22,-0.9873389,-16.65763,-0.7699191,-0.38949803,-12.515857,2.7865052,-1.5444181,-8.731212,0.901203,0.8231018,-2.1744769,8.360758,-4.548406,0.5911322,7.694804,-0.956072,-0.13399698,-1.4516609,0.0,0.0,0.0,0.0,22,-0.8330001,-16.28884,-0.6119997,-0.32500035,-12.48,2.64,-1.5749999,-8.684999,0.88,0.8,-2.16,8.16,-4.44,0.53999996,7.6499996,-0.92,-0.18,-1.4200001,0.0,0.0,0.0,0.0,22,0.35915866,-7.4806657,-0.11459819,0.1619952,0.83358836,0.8013884,-0.15489458,-0.63371634,-0.4489603,-0.58289677,0.21086662,1.4882271,-0.58326906,0.64300627,1.1610905,0.46890074,0.25237602,-0.15012343,0.0,0.0,0.0,0.0,22,-0.8330001,-16.28884,-0.6119997,-0.32500035,-3.5733333,9.8133335,0.05,-3.4555554,0.87777776,0.28333333,-1.6444445,-1.8,-2.2533333,-5.516667,3.3166666,0.26666668,0.9166667,0.85555553,0.0,0.0,0.0,0.0
140,2.8013788930002193,1789462733.3757708,-0.002440651,0.020088809,-0.004731735,0.0007988203,0.0056648254,-80.02638,-96.10744,-100.12522,-90.01895,0.024458313,0.0010437012,-0.0066833496,79.98882,96.06305,100.12945,90.02898,-0.007168579,0.00035705566,0.0,0.0,0.0,0.0,0.0,0.0,-0.0,0.0,0.0,0.0,0.0,0.0,0.0,-0.0,0.0,0.0,0.0,0.0,-0.059999086,0.0,-0.0,-0.0,0.0,0.0,0.0,0.0,-0.002440651,0.019990789,-0.004160664,0.000809018,0.0056877136,-80.02635,-96.10741,-100.12524,-90.01897,0.024458313,0.0010437012,-0.0067634583,79.98893,96.06304,100.12945,90.02901,-0.007168579,0.00035705566,0.0,0.0,0.0,0.0,22,-0.9801712,-16.683939,-0.76913995,-0.3894949,-12.515048,2.7889102,-1.5456456,-8.733939,0.9010455,0.8227003,-2.1721961,8.381663,-4.5428576,0.59060085,7.769819,-0.9542116,-0.19653131,-1.4564053,0.0,0.0,0.0,0.0,22,-0.8330001,-16.077295,-0.74799967,-0.32500035,-12.36,2.64,-1.485,-8.684999,0.90000004,0.78000003,-2.18,8.16,-4.32,0.53999996,7.6499996,-0.92,-0.16,-1.44,0.0,0.0,0.0,0.0,22,0.35523084,-7.468527,-0.11498857,0.16199364,0.8329047,0.80121064,-0.15363032,-0.63184124,-0.44880572,-0.58248866,0.20823261,1.4791975,-0.58581656,0.641788,1.151179,0.46794674,0.255576,-0.14865753,0.0,0.0,0.0,0.0,22,-0.8330001,-16.077295,-0.74799967,-0.32500035,-3.72,9.906667,0.072222225,-3.4,0.87777776,0.2777778,-1.6611111,-1.8666667,-2.2,-5.3944445,3.3777778,0.31111112,0.87777776,0.85,0.0,0.0,0.0,0.0
141,2.821425343001465,1789462733.3958173,-0.002440651,0.020089211,-0.004731735,0.0007988203,0.0056533813,-80.026375,-96.10744,-100.125244,-90.01895,0.024430847,0.0010299683,-0.0066719055,79.98882,96.06308,100.12948,90.02901,-0.007154846,0.00032958985,0.0,0.0,0.0,0.0,0.0,0.0,-0.0,0.0,0.0,0.0,0.0,0.0,0.0,-0.0,0.059999086,0.0,0.0,0.0,0.059999086,0.0,-0.0,-0.0,0.0,0.0,0.0,0.0,-0.002440651,0.019990789,-0.004160664,0.000809018,0.0056877136,-80.02635,-96.10741,-100.12524,-90.01897,0.024458313,0.0010437012,-0.0067634583,79.98893,96.06304,100.12945,90.02901,-0.007168579,0.00035705566,0.0,0.0,0.0,0.0,22,-0.98212266,-16.636007,-0.7683422,-0.3894917,-12.516559,2.7883015,-1.5452234,-8.737911,0.9001258,0.8228136,-2.2230904,8.338555,-4.5362353,0.5898511,7.6186433,-0.952845,-0.19512594,-1.4453186,0.0,0.0,0.0,0.0,22,-0.95200014,-16.28884,-0.6119997,-0.35000035,-12.36,2.64,-1.485,-8.684999,0.88,0.8,-2.14,8.16,-4.44,0.49499997,7.6499996,-0.92,-0.22,-1.44,0.0,0.0,0.0,0.0,22,0.35615665,-7.490621,-0.11538776,0.16199204,0.83423364,0.80004823,-0.15399365,-0.6295213,-0.4478967,-0.58180815,0.2062233,1.4985715,-0.58936584,0.64164805,1.1721177,0.46600196,0.25378183,-0.15316164,0.0,0.0,0.0,0.0,22,-0.95200014,-16.28884,-0.6119997,-0.35000035,-3.76,9.933333,0.15,-3.4055555,0.87777776,0.29444444,-1.65,-1.84,-2.28,-5.477778,3.3611112,0.33888888,0.9111111,0.81666666,0.0,0.0,0.0,0.0
142,2.841511720998824,1789462733.4159036,-0.002440651,0.020089211,-0.004731735,0.0007988203,0.0056648254,-80.026375,-96.10744,-100.125206,-90.01898,0.024430847,0.0010437012,-0.0066719055,79.98884,96.06305,100.12946,90.02899,-0.007182312,0.00034332275,0.0,0.0,0.0,0.0,0.0,0.0,-0.0,0.0,0.0,0.0,0.0,0.0,-0.059999086,-0.059999086,0.0,0.0,0.0,0.0,0.0,0.0,-0.0,-0.0,0.0,0.0,0.0,0.0,-0.002440651,0.019990789,-0.004160664,0.000809018,0.0056877136,-80.02635,-96.10741,-100.12524,-90.01897,0.024458313,0.0010437012,-0.0067634583,79.98893,96.06304,100.12945,90.02901,-0.007168579,0.00035705566,0.0,0.0,0.0,0.0,22,-0.9874525,-16.657042,-0.7675242,-0.38948843,-12.513659,2.7856581,-1.540922,-8.736059,0.95347935,0.88762665,-2.1699991,8.357857,-4.539675,0.58973306,7.6936994,-0.9519763,-0.19367628,-1.4501992,0.0,0.0,0.0,0.0,22,-0.8330001,-16.077295,-0.6119997,-0.32500035,-12.36,2.64,-1.5749999,-8.684999,0.84000003,0.82,-2.1000001,8.16,-4.32,0.53999996,7.605,-0.94,-0.120000005,-1.44,0.0,0.0,0.0,0.0,22,0.35919055,-7.480989,-0.11579711,0.1619904,0.83200234,0.80115014,-0.15561877,-0.63019824,-0.4482311,-0.58804876,0.2060531,1.4895483,-0.58855027,0.6425923,1.1621584,0.4654231,0.2531319,-0.15155499,0.0,0.0,0.0,0.0,22,-0.8330001,-16.077295,-0.6119997,-0.32500035,-3.8133333,9.866667,0.072222225,-3.461111,0.8666667,0.2777778,-1.6722223,-1.8,-2.2666667,-5.5444446,3.3944445,0.31666666,0.85555553,0.8055556,0.0,0.0,0.0,0.0
143,2.8615971229992283,1789462733.435989,-0.002440651,0.020089211,-0.004731735,0.0007988203,0.0056533813,-80.026375,-96.10744,-100.12522,-90.01895,0.024458313,0.0010299683,-0.0066719055,79.98882,96.063065,100.12945,90.029015,-0.007182312,0.00037078856,0.0,0.0,0.0,0.0,0.0,0.0,-0.0,0.0,0.0,0.0,0.0,0.059999086,0.0,-0.0,0.0,0.0,0.0,0.0,0.0,0.0,-0.0,-0.0,0.0,0.0,0.0,0.0,-0.002440651,0.019990789,-0.004160664,0.000809018,0.0056877136,-80.02635,-96.10741,-100.12524,-90.01897,0.024458313,0.0010437012,-0.0067634583,79.98893,96.06304,100.12945,90.02901,-0.007168579,0.00035705566,0.0,0.0,0.0,0.0,22,-0.98258275,-16.68545,-0.76672643,-0.3894852,-12.531416,2.7904882,-1.5456591,-8.808581,0.9007829,0.8236427,-2.1772106,8.356969,-4.5358477,0.5889489,7.6945157,-0.9527403,-0.19544043,-1.4503105,0.0,0.0,0.0,0.0,22,-0.5950001,-16.077295,-0.6119997,-0.32500035,-12.48,2.52,-1.53,-8.73,0.90000004,0.8,-2.14,8.28,-4.44,0.53999996,7.6949997,-0.98,-0.18,-1.4200001,0.0,0.0,0.0,0.0,22,0.35670355,-7.4677896,-0.11619616,0.1619888,0.84079325,0.7990878,-0.15346524,-0.62187815,-0.44854438,-0.5834165,0.21071516,1.4899946,-0.5895951,0.64292026,1.1617571,0.46558744,0.25489935,-0.15215442,0.0,0.0,0.0,0.0,22,-0.5950001,-16.077295,-0.6119997,-0.32500035,-3.6266668,9.853333,0.083333336,-3.4222221,0.8666667,0.2777778,-1.6555556,-1.8133334,-2.2666667,-5.427778,3.411111,0.28333333,0.9222222,0.8055556,0.0,0.0,0.0,0.0
144,2.8813683510015835,1789462733.4557602,-0.002440651,0.020089211,-0.004731735,0.0007988203,0.0056648254,-80.02636,-96.10742,-100.12524,-90.01897,0.024458313,0.0009887696,-0.0066719055,79.98882,96.06305,100.12945,90.029015,-0.007168579,0.00034332275,0.0,0.0,0.0,0.0,0.0,0.0,-0.0,0.0,0.0,0.0,0.0,0.0,0.0,-0.0,-0.059999086,0.0,0.0,0.0,0.0,0.0,-0.0,-0.0,0.0,0.0,0.0,0.0,-0.002440651,0.019990789,-0.004160664,0.000809018,0.0056877136,-80.02635,-96.10741,-100.12524,-90.01897,0.024458313,0.0010437012,-0.0067634583,79.98893,96.06304,100.12945,90.02901,-0.007168579,0.00035705566,0.0,0.0,0.0,0.0,22,-0.98155063,-16.653374,-0.76594883,-0.38948208,-12.508584,2.7867303,-1.5448787,-8.730202,0.900212,0.8226593,-2.117139,8.356292,-4.534452,0.58961195,7.693303,-0.95120776,-0.19632956,-1.4492263,0.0,0.0,0.0,0.0,22,-0.5950001,-16.28884,-0.74799967,-0.32500035,-12.6,2.64,-1.485,-8.73,0.88,0.84000003,-2.14,8.16,-4.44,0.53999996,7.6499996,-0.92,-0.16,-1.4200001,0.0,0.0,0.0,0.0,22,0.35621598,-7.4828625,-0.116585076,0.16198723,0.82914233,0.7994294,-0.15462252,-0.6326629,-0.44768482,-0.58242995,0.20794299,1.4902338,-0.59033346,0.64264697,1.1629528,0.4640564,0.25539988,-0.15251024,0.0,0.0,0.0,0.0,22,-0.5950001,-16.28884,-0.74799967,-0.32500035,-3.6666667,10.04,0.094444446,-3.45,0.8666667,0.25555557,-1.6611111,-1.8533334,-2.1866667,-5.4444447,3.3833334,0.31111112,0.81666666,0.82222223,0.0,0.0,0.0,0.0
145,2.9016022120013076,1789462733.475994,-0.002440651,0.020089211,-0.004731735,0.0007988203,0.0056648254,-80.026375,-96.10745,-100.12524,-90.01898,0.024458313,0.0010162353,-0.0066719055,79.98882,96.06305,100.12945,90.029015,-0.007182312,0.00031585695,0.0,0.0,0.0,0.0,0.0,0.0,-0.0,0.0,0.0,0.0,-0.059999086,0.0,0.0,-0.0,-0.059999086,0.0,0.0,0.0,0.0,0.0,-0.0,-0.059999086,0.0,0.0,0.0,0.0,-0.002440651,0.019990789,-0.004160664,0.000809018,0.0056877136,-80.02635,-96.10741,-100.12524,-90.01897,0.024458313,0.0010437012,-0.0067634583,79.98893,96.06304,100.12945,90.02901,-0.007168579,0.00035705566,0.0,0.0,0.0,0.0,22,-1.0078713,-16.642328,-0.7651314,-0.3894788,-12.508698,2.7680514,-1.4684426,-8.729759,0.8990868,0.8318579,-2.119191,8.3506365,-4.5356774,0.5879576,7.689803,-0.95127714,-0.19735567,-1.395283,0.0,0.0,0.0,0.0,22,-0.8330001,-16.077295,-0.6119997,-0.32500035,-12.36,2.4,-1.5749999,-8.639999,0.86,0.8,-2.2,8.28,-4.68,0.53999996,7.6949997,-0.92,-0.2,-1.44,0.0,0.0,0.0,0.0,22,0.3682696,-7.4884467,-0.116993845,0.16198559,0.83038646,0.8095942,-0.16486162,-0.63309956,-0.44632137,-0.58862627,0.2092837,1.4932715,-0.5882017,0.6442692,1.1639315,0.46412063,0.2568273,-0.15244007,0.0,0.0,0.0,0.0,22,-0.8330001,-16.077295,-0.6119997,-0.32500035,-3.68,9.933333,0.1,-3.411111,0.8833333,0.29444444,-1.6333333,-1.8133334,-2.24,-5.4444447,3.3722222,0.33333334,0.87222224,0.84444445,0.0,0.0,0.0,0.0
146,2.9216096519994608,1789462733.4960015,-0.002440651,0.020089611,-0.004731735,0.0007988203,0.0056648254,-80.026375,-96.10741,-100.12522,-90.01897,0.024472047,0.0010574341,-0.0066719055,79.98882,96.063065,100.12946,90.02901,-0.007182312,0.00034332275,0.0,0.0,0.0,0.0,0.0,0.0,-0.0,0.0,0.0,0.0,0.0,0.0,0.0,-0.0,0.059999086,0.0,0.0,0.0,0.0,0.0,-0.0,-0.0,0.0,0.0,0.0,0.0,-0.002440651,0.019990789,-0.004160664,0.000809018,0.0056877136,-80.02635,-96.10741,-100.12524,-90.01897,0.024458313,0.0010437012,-0.0067634583,79.98893,96.06304,100.12945,90.02901,-0.007168579,0.00035705566,0.0,0.0,0.0,0.0,22,-0.98173803,-16.666433,-0.7643346,-0.3894756,-12.52084,2.7901144,-1.5457245,-8.736826,0.89913464,0.82017386,-2.2276795,8.354359,-4.535194,0.58703357,7.6937795,-0.9523836,-0.19673225,-1.4469095,0.0,0.0,0.0,0.0,22,-0.8330001,-16.28884,-0.74799967,-0.35000035,-12.48,2.64,-1.485,-8.684999,0.88,0.82,-2.16,8.16,-4.56,0.53999996,7.605,-0.98,-0.16,-1.4200001,0.0,0.0,0.0,0.0,22,0.3562394,-7.4759817,-0.117392026,0.161984,0.8373208,0.7988418,-0.15411338,-0.6314835,-0.44661784,-0.58033556,0.21013547,1.4912683,-0.58824134,0.64472693,1.1620234,0.465535,0.25621295,-0.15480568,0.0,0.0,0.0,0.0,22,-0.8330001,-16.28884,-0.74799967,-0.35000035,-3.7733333,9.8,0.072222225,-3.3555555,0.84444445,0.27222222,-1.6722223,-1.8266667,-2.32,-5.427778,3.3444445,0.2777778,0.9166667,0.8666667,0.0,0.0,0.0,0.0
147,2.941276456000196,1789462733.5156682,-0.002440651,0.020089611,-0.004731735,0.0007988203,0.0056648254,-80.026375,-96.10744,-100.12524,-90.01898,0.02444458,0.0010299683,-0.0066719055,79.98884,96.06305,100.12946,90.029015,-0.007182312,0.00031585695,0.0,0.0,0.0,0.0,0.0,0.0,-0.0,0.0,0.0,0.0,0.0,0.0,0.0,-0.0,0.0,0.0,0.0,0.0,0.0,0.0,-0.0,-0.0,0.0,0.0,0.0,0.0,-0.002440651,0.019990789,-0.004160664,0.000809018,0.0056877136,-80.02635,-96.10741,-100.12524,-90.01897,0.024458313,0.0010437012,-0.0067634583,79.98893,96.06304,100.12945,90.02901,-0.007168579,0.00035705566,0.0,0.0,0.0,0.0,22,-0.98230535,-16.660772,-0.76355696,-0.38947248,-12.514388,2.7897751,-1.5447023,-8.733619,0.9001665,0.8270578,-2.1708295,8.353446,-4.535304,0.58646184,7.693433,-0.95266294,-0.1963125,-1.4500061,0.0,0.0,0.0,0.0,22,-0.8330001,-16.077295,-0.6119997,-0.32500035,-12.36,2.76,-1.485,-8.684999,0.84000003,0.82,-2.14,8.28,-4.2,0.585,7.6499996,-0.94,-0.18,-1.44,0.0,0.0,0.0,0.0,22,0.3568648,-7.479069,-0.11778098,0.16198243,0.8331691,0.79907894,-0.15423767,-0.631767,-0.4473409,-0.5864166,0.2073001,1.4917518,-0.5895984,0.6456876,1.1623529,0.46551582,0.25580052,-0.15098149,0.0,0.0,0.0,0.0,22,-0.8330001,-16.077295,-0.6119997,-0.32500035,-3.72,9.933333,0.07777778,-3.3833334,0.8388889,0.3,-1.6833333,-1.8133334,-2.2533333,-5.383333,3.3666666,0.28333333,0.85555553,0.82222223,0.0,0.0,0.0,0.0
148,2.961732561001554,1789462733.5361245,-0.002440651,0.020089611,-0.004731735,0.0007988203,0.0056648254,-80.02638,-96.10742,-100.12522,-90.01897,0.024472047,0.0010025024,-0.0066719055,79.98882,96.06304,100.12946,90.02901,-0.007168579,0.00034332275,0.0,0.0,0.0,0.0,0.0,0.0,-0.0,0.0,0.0,0.0,0.0,0.0,0.0,0.11999817,0.0,0.0,0.0,-0.11999817,0.0,0.0,-0.0,-0.0,0.0,0.0,0.0,0.0,-0.002440651,0.019990789,-0.004160664,0.000809018,0.0056877136,-80.02635,-96.10741,-100.12524,-90.01897,0.024458313,0.0010437012,-0.0067634583,79.98893,96.06304,100.12945,90.02901,-0.007168579,0.00035705566,0.0,0.0,0.0,0.0,22,-1.0238478,-16.674238,-0.76273954,-0.3894692,-12.514159,2.7972763,-1.5558004,-8.735201,0.89886475,0.70160854,-2.1692483,8.356503,-4.5691633,0.73940444,7.6929774,-0.9537384,-0.18335658,-1.4515064,0.0,0.0,0.0,0.0,22,-0.5950001,-16.28884,-0.6119997,-0.32500035,-12.48,2.64,-1.485,-8.684999,0.86,0.8,-2.14,8.16,-4.56,0.585,7.605,-0.94,-0.18,-1.4200001,0.0,0.0,0.0,0.0,22,0.37559825,-7.472797,-0.11818978,0.1619808,0.83257324,0.7966837,-0.14866269,-0.63061196,-0.44631267,-0.5788572,0.20644714,1.4902774,-0.57446283,0.62377155,1.1628186,0.46673882,0.24843787,-0.15019831,0.0,0.0,0.0,0.0,22,-0.5950001,-16.28884,-0.6119997,-0.32500035,-3.7333333,9.946667,0.08888889,-3.4166667,0.8888889,0.2777778,-1.6444445,-1.76,-2.2266667,-5.422222,3.3333333,0.33888888,0.9222222,0.85,0.0,0.0,0.0,0.0
149,2.981574389999878,1789462733.5559661,-0.002440651,0.020089611,-0.004731735,0.0007988203,0.0056533813,-80.026375,-96.10744,-100.125206,-90.01898,0.024472047,0.0010437012,-0.0066719055,79.98882,96.06308,100.12948,90.02899,-0.007182312,0.00035705566,0.0,0.0,0.0,0.0,0.0,0.0,-0.0,0.0,0.0,0.0,0.0,0.059999086,0.0,-0.0,0.0,0.0,0.0,0.0,0.0,0.0,-0.059999086,-0.0,0.0,0.0,0.0,0.0,-0.002440651,0.019990789,-0.004160664,0.000809018,0.0056877136,-80.02635,-96.10741,-100.12524,-90.01897,0.024458313,0.0010437012,-0.0067634583,79.98893,96.06304,100.12945,90.02901,-0.007168579,0.00035705566,0.0,0.0,0.0,0.0,22,-0.9885818,-16.6891,-0.7619421,-0.389466,-12.531134,2.7907975,-1.5458323,-8.811253,0.8972927,0.8191125,-2.1754007,8.352239,-4.529819,0.59180844,7.692277,-0.9524487,-0.13700585,-1.4522963,0.0,0.0,0.0,0.0,22,-0.8330001,-16.077295,-0.6119997,-0.32500035,-12.36,2.76,-1.4399999,-8.73,0.86,0.82,-2.16,8.16,-4.44,0.585,7.6499996,-0.92,-0.18,-1.44,0.0,0.0,0.0,0.0,22,0.35995346,-7.466249,-0.11858854,0.16197918,0.84128356,0.7994848,-0.15301786,-0.6196663,-0.4444535,-0.57925177,0.20860745,1.4923205,-0.59306854,0.6419924,1.1630563,0.4658844,0.25505468,-0.1497528,0.0,0.0,0.0,0.0,22,-0.8330001,-16.077295,-0.6119997,-0.32500035,-3.7066667,9.96,0.07777778,-3.4166667,0.90555555,0.2777778,-1.6388888,-1.84,-2.3333333,-5.45,3.3777778,0.31666666,0.9,0.8833333,0.0,0.0,0.0,0.0
150,3.001357832999929,1789462733.5757496,-0.002440651,0.020089611,-0.004731735,0.0007988203,0.0056648254,-80.02638,-96.10742,-100.125206,-90.01892,0.024485778,0.0010162353,-0.0066833496,79.988815,96.063065,100.12948,90.02903,-0.007196045,0.00034332275,0.0,0.0,0.0,0.0,0.0,0.0,-0.0,0.0,0.0,0.0,0.0,0.059999086,0.059999086,0.059999086,0.0,0.0,0.0,0.0,0.0,0.0,-0.059999086,-0.0,0.0,0.0,0.0,0.0,-0.002440651,0.019990789,-0.004160664,0.000809018,0.0056877136,-80.02635,-96.10741,-100.12524,-90.01897,0.024458313,0.0010437012,-0.0067634583,79.98893,96.06304,100.12945,90.02901,-0.007168579,0.00035705566,0.0,0.0,0.0,0.0,22,-0.98238754,-16.692272,-0.7611646,-0.38946286,-12.533567,2.7967129,-1.5498956,-8.808521,0.84707886,0.7629628,-2.1743393,8.353737,-4.527424,0.5907213,7.6914606,-0.9543873,-0.13336627,-1.4511794,0.0,0.0,0.0,0.0,22,-0.8330001,-16.28884,-0.74799967,-0.35000035,-12.48,2.64,-1.5749999,-8.73,0.88,0.88,-2.16,8.16,-4.44,0.585,7.6499996,-0.92,-0.18,-1.4200001,0.0,0.0,0.0,0.0,22,0.35659286,-7.46386,-0.11897729,0.16197762,0.84178126,0.79722697,-0.15196274,-0.62237036,-0.44785395,-0.58205616,0.20827688,1.492222,-0.59270716,0.6434796,1.1638627,0.46692723,0.25182128,-0.15050031,0.0,0.0,0.0,0.0,22,-0.8330001,-16.28884,-0.74799967,-0.35000035,-3.8666666,9.88,0.10555556,-3.4222221,0.87222224,0.25555557,-1.6666666,-1.68,-2.1466668,-5.3944445,3.3555555,0.33333334,0.9222222,0.8111111,0.0,0.0,0.0,0.0
151,3.0211991399992257,1789462733.5955908,-0.002440651,0.020089611,-0.004731735,0.0007988203,0.0056648254,-80.026375,-96.10742,-100.12522,-90.018936,0.024430847,0.0010162353,-0.0066833496,79.98882,96.06305,100.12946,90.029015,-0.007168579,0.00031585695,0.0,0.0,0.0,0.0,0.0,0.0,-0.0,0.0,0.0,0.0,0.0,0.0,0.059999086,-0.0,0.0,0.0,0.0,0.0,0.0,0.0,-0.0,-0.059999086,0.0,0.0,0.0,0.0,-0.002440651,0.019990789,-0.004160664,0.000809018,0.0056877136,-80.02635,-96.10741,-100.12524,-90.01897,0.024458313,0.0010437012,-0.0067634583,79.98893,96.06304,100.12945,90.02901,-0.007168579,0.00035705566,0.0,0.0,0.0,0.0,22,-0.9818515,-16.658484,-0.7603672,-0.38945967,-12.513211,2.7895184,-1.5440785,-8.733126,0.8476254,0.82348025,-2.1703749,8.348383,-4.5252137,0.5867293,7.6856356,-0.9535309,-0.19594504,-1.39703,0.0,0.0,0.0,0.0,22,-0.8330001,-16.077295,-0.6119997,-0.35000035,-12.48,2.64,-1.53,-8.684999,0.88,0.82,-2.14,8.16,-4.56,0.63,7.605,-0.96000004,-0.18,-1.44,0.0,0.0,0.0,0.0,22,0.35641748,-7.4795537,-0.119376004,0.16197602,0.83252454,0.7997936,-0.15516458,-0.63267213,-0.44812688,-0.5824334,0.20725144,1.4947268,-0.5946851,0.6452999,1.1675899,0.4663824,0.25507116,-0.15063569,0.0,0.0,0.0,0.0,22,-0.8330001,-16.077295,-0.6119997,-0.35000035,-3.8266666,10.066667,0.07777778,-3.3888888,0.87777776,0.2777778,-1.65,-1.8533334,-2.16,-5.4722223,3.3555555,0.33333334,0.84444445,0.8277778,0.0,0.0,0.0,0.0
152,3.0415929539994977,1789462733.615985,-0.002440651,0.020090014,-0.004731735,0.0007988203,0.0056648254,-80.026375,-96.10744,-100.12524,-90.01897,0.024417114,0.0010162353,-0.0066719055,79.98882,96.06305,100.12946,90.02901,-0.007168579,0.00034332275,0.0,0.0,0.0,0.0,0.0,0.0,-0.0,0.0,0.0,0.0,0.0,0.0,0.0,-0.059999086,0.0,0.0,0.0,0.0,0.0,0.0,-0.0,-0.0,0.0,0.0,0.0,0.0,-0.002440651,0.019990789,-0.004160664,0.000809018,0.0056877136,-80.02635,-96.10741,-100.12524,-90.01897,0.024458313,0.0010437012,-0.0067634583,79.98893,96.06304,100.12945,90.02901,-0.007168579,0.00035705566,0.0,0.0,0.0,0.0,22,-0.9871625,-16.66311,-0.75954914,-0.3894564,-12.510782,2.787151,-1.5373082,-8.73431,0.8979267,0.8828749,-2.168496,8.349641,-4.5239763,0.5878374,7.6905694,-0.9506029,-0.19545804,-1.4521645,0.0,0.0,0.0,0.0,22,-0.8330001,-16.28884,-0.6119997,-0.32500035,-12.48,2.76,-1.4399999,-8.73,0.86,0.82,-2.16,8.28,-4.44,0.53999996,7.6949997,-0.96000004,-0.18,-1.4,0.0,0.0,0.0,0.0,22,0.358976,-7.4774976,-0.1197855,0.16197439,0.83045727,0.800854,-0.15883073,-0.63110745,-0.44540897,-0.5828601,0.20537984,1.4933549,-0.59545827,0.64416355,1.1651453,0.46376124,0.2545911,-0.14949061,0.0,0.0,0.0,0.0,22,-0.8330001,-16.28884,-0.6119997,-0.32500035,-3.8133333,9.933333,0.12777779,-3.4333334,0.85,0.24444444,-1.6444445,-1.7866666,-2.2666667,-5.4555554,3.3277779,0.36666667,0.89444447,0.8333333,0.0,0.0,0.0,0.0
153,3.0611620339986985,1789462733.6355538,-0.002440651,0.020090014,-0.004731735,0.0007988203,0.0056648254,-80.026375,-96.10745,-100.12526,-90.01895,0.024458313,0.0010299683,-0.0066833496,79.98882,96.06305,100.12945,90.02901,-0.007196045,0.00035705566,0.0,0.0,0.0,0.0,0.0,0.0,-0.0,0.0,0.0,0.0,0.0,-0.059999086,0.059999086,-0.0,0.0,0.0,0.0,0.0,0.0,0.0,-0.0,-0.0,0.0,0.0,0.0,0.0,-0.002440651,0.019990789,-0.004160664,0.000809018,0.0056877136,-80.02635,-96.10741,-100.12524,-90.01897,0.024458313,0.0010437012,-0.0067634583,79.98893,96.06304,100.12945,90.02901,-0.007168579,0.00035705566,0.0,0.0,0.0,0.0,22,-0.980675,-16.638222,-0.75877213,-0.38945326,-12.491717,2.7861214,-1.5423986,-8.658119,0.84589887,0.8232904,-2.1664798,8.351295,-4.5230904,0.5865979,7.6905565,-0.95200664,-0.19485112,-1.4511586,0.0,0.0,0.0,0.0,22,-0.5950001,-16.28884,-0.74799967,-0.32500035,-12.36,2.76,-1.485,-8.684999,0.88,0.86,-2.16,8.16,-4.44,0.53999996,7.605,-0.92,-0.16,-1.4200001,0.0,0.0,0.0,0.0,22,0.35578397,-7.488732,-0.12017382,0.16197282,0.82201713,0.8022194,-0.15589854,-0.641741,-0.44611073,-0.58302134,0.20594716,1.49311,-0.5956968,0.6453744,1.165574,0.46516538,0.25478423,-0.15084974,0.0,0.0,0.0,0.0,22,-0.5950001,-16.28884,-0.74799967,-0.32500035,-3.7333333,9.906667,0.07777778,-3.461111,0.9,0.28333333,-1.6555556,-1.8,-2.3466666,-5.4666667,3.3944445,0.31111112,0.85555553,0.8277778,0.0,0.0,0.0,0.0
154,3.08140161999836,1789462733.6557934,-0.002440651,0.020090014,-0.004731735,0.0007988203,0.0056533813,-80.02636,-96.10742,-100.12526,-90.01897,0.024458313,0.0010437012,-0.0066719055,79.98884,96.063065,100.12945,90.02901,-0.007168579,0.00037078856,0.0,0.0,0.0,0.0,0.0,0.0,-0.0,0.0,0.0,0.0,0.0,-0.059999086,0.0,-0.0,0.0,0.0,0.0,0.0,0.0,0.0,0.059999086,0.059999086,0.0,0.0,0.0,0.0,-0.002440651,0.019990789,-0.004160664,0.000809018,0.0056877136,-80.02635,-96.10741,-100.12524,-90.01897,0.024458313,0.0010437012,-0.0067634583,79.98893,96.06304,100.12945,90.02901,-0.007168579,0.00035705566,0.0,0.0,0.0,0.0,22,-0.9748207,-16.64383,-0.757975,-0.38945004,-12.489454,2.7848983,-1.5434935,-8.655719,0.8962804,0.82326394,-2.166558,8.3522415,-4.5213375,0.5823426,7.695341,-0.9524666,-0.25515234,-1.5044296,0.0,0.0,0.0,0.0,22,-0.8330001,-16.077295,-0.6119997,-0.32500035,-12.36,2.64,-1.53,-8.639999,0.86,0.78000003,-2.14,8.16,-4.32,0.49499997,7.605,-0.92,-0.18,-1.44,0.0,0.0,0.0,0.0,22,0.3527272,-7.4856772,-0.12057228,0.16197121,0.8216998,0.8014715,-0.15554565,-0.644177,-0.4437585,-0.5829802,0.2056739,1.491811,-0.5976657,0.6466012,1.1632847,0.4656491,0.2557491,-0.151209,0.0,0.0,0.0,0.0,22,-0.8330001,-16.077295,-0.6119997,-0.32500035,-3.7733333,9.946667,0.08888889,-3.4222221,0.8666667,0.2611111,-1.65,-1.84,-2.24,-5.483333,3.3611112,0.2888889,0.87222224,0.8055556,0.0,0.0,0.0,0.0
155,3.101520588999847,1789462733.6759124,-0.002440651,0.020090014,-0.004731735,0.0007988203,0.0056648254,-80.02638,-96.10747,-100.12524,-90.01897,0.024472047,0.0010437012,-0.0066719055,79.988815,96.06305,100.12945,90.02899,-0.007196045,0.00034332275,0.0,0.0,0.0,0.0,0.0,0.0,-0.0,0.0,0.0,0.0,-0.059999086,0.0,0.0,0.059999086,0.0,0.0,0.0,0.0,-0.059999086,0.0,-0.0,-0.0,0.0,0.0,0.0,0.0,-0.002440651,0.019990789,-0.004160664,0.000809018,0.0056877136,-80.02635,-96.10741,-100.12524,-90.01897,0.024458313,0.0010437012,-0.0067634583,79.98893,96.06304,100.12945,90.02901,-0.007168579,0.00035705566,0.0,0.0,0.0,0.0,22,-1.0009084,-16.68807,-0.7571578,-0.38944677,-12.51073,2.7754915,-1.4702183,-8.733252,0.89718425,0.77204096,-2.171151,8.366609,-4.519023,0.5879109,7.767817,-0.9530471,-0.19627811,-1.4550395,0.0,0.0,0.0,0.0,22,-0.5950001,-16.077295,-0.6119997,-0.32500035,-12.48,2.76,-1.53,-8.73,0.88,0.8,-2.14,8.28,-4.32,0.585,7.6499996,-0.92,-0.16,-1.44,0.0,0.0,0.0,0.0,22,0.36453077,-7.4659605,-0.1209808,0.16196957,0.83128995,0.807115,-0.16476734,-0.63217014,-0.4446953,-0.58769435,0.20735036,1.4857951,-0.5975009,0.6439886,1.1529639,0.46649513,0.25622392,-0.14951386,0.0,0.0,0.0,0.0,22,-0.5950001,-16.077295,-0.6119997,-0.32500035,-3.64,9.826667,0.07777778,-3.4166667,0.85555553,0.25,-1.6666666,-1.9066666,-2.3066666,-5.4666667,3.4055555,0.31111112,0.9111111,0.7888889,0.0,0.0,0.0,0.0
156,3.1212518389984325,1789462733.6956437,-0.002440651,0.020090014,-0.004731735,0.0007988203,0.0056762695,-80.026375,-96.10742,-100.12524,-90.01897,0.024458313,0.0010437012,-0.0066833496,79.988815,96.06305,100.12946,90.02899,-0.007196045,0.00034332275,0.0,0.0,0.0,0.0,0.0,0.0,-0.0,0.0,0.0,0.0,0.0,0.0,0.0,-0.0,0.0,0.0,0.0,0.0,0.0,-0.059999086,-0.059999086,-0.0,0.0,0.0,0.0,0.0,-0.002440651,0.019990789,-0.004160664,0.000809018,0.0056877136,-80.02635,-96.10741,-100.12524,-90.01897,0.024458313,0.0010437012,-0.0067634583,79.98893,96.06304,100.12945,90.02901,-0.007168579,0.00035705566,0.0,0.0,0.0,0.0,22,-0.9875106,-16.666899,-0.75638044,-0.38944364,-12.513036,2.7906969,-1.5431817,-8.734663,0.8982123,0.82322794,-2.1728528,8.348457,-4.519224,0.590567,7.692252,-0.90322644,-0.1341636,-1.4510128,0.0,0.0,0.0,0.0,22,-0.5950001,-16.077295,-0.74799967,-0.35000035,-12.36,2.76,-1.5749999,-8.684999,0.92,0.82,-2.16,8.28,-4.32,0.585,7.605,-0.92,-0.16,-1.4200001,0.0,0.0,0.0,0.0,22,0.35925782,-7.475829,-0.12136945,0.16196801,0.8311438,0.7992335,-0.15578002,-0.6307818,-0.4456743,-0.58292896,0.2090606,1.4948609,-0.5969022,0.64395416,1.1633732,0.46910205,0.25269032,-0.15060356,0.0,0.0,0.0,0.0,22,-0.5950001,-16.077295,-0.74799967,-0.35000035,-3.6666667,10.053333,0.083333336,-3.4444444,0.8666667,0.29444444,-1.6555556,-1.8266667,-2.2533333,-5.3722224,3.411111,0.35,0.85555553,0.81666666,0.0,0.0,0.0,0.0
157,3.141272435001156,1789462733.7156644,-0.002440651,0.020090416,-0.004731735,0.0007988203,0.0056648254,-80.026375,-96.10744,-100.12522,-90.01897,0.024417114,0.0010437012,-0.0066719055,79.98882,96.06308,100.12949,90.02899,-0.007168579,0.00032958985,0.0,0.0,0.0,0.0,0.0,0.0,-0.0,0.0,0.0,0.0,0.0,0.0,0.0,-0.059999086,0.0,0.0,0.0,0.0,0.059999086,0.0,-0.0,-0.0,0.0,0.0,0.0,0.0,-0.002440651,0.019990789,-0.004160664,0.000809018,0.0056877136,-80.02635,-96.10741,-100.12524,-90.01897,0.024458313,0.0010437012,-0.0067634583,79.98893,96.06304,100.12945,90.02901,-0.007168579,0.00035705566,0.0,0.0,0.0,0.0,22,-0.9872064,-16.638227,-0.7555838,-0.38944045,-12.510972,2.7885258,-1.5352341,-8.734567,0.90005773,0.88333076,-2.1709118,8.324649,-4.5148745,0.58589405,7.616693,-0.95416564,-0.19344543,-1.4464037,0.0,0.0,0.0,0.0,22,-0.5950001,-16.077295,-0.6119997,-0.32500035,-12.36,2.64,-1.485,-8.73,0.88,0.8,-2.14,8.16,-4.32,0.585,7.6499996,-0.94,-0.16,-1.4200001,0.0,0.0,0.0,0.0,22,0.3585666,-7.489237,-0.12176747,0.16196641,0.8312988,0.8000841,-0.16068313,-0.6313085,-0.44753152,-0.58328724,0.20712669,1.5054268,-0.6000472,0.6450994,1.1734169,0.46763727,0.25262135,-0.15191701,0.0,0.0,0.0,0.0,22,-0.5950001,-16.077295,-0.6119997,-0.32500035,-3.7733333,9.893333,0.14444445,-3.411111,0.87777776,0.26666668,-1.6611111,-1.84,-2.2666667,-5.427778,3.3833334,0.30555555,0.9166667,0.82222223,0.0,0.0,0.0,0.0
158,3.1613951590006764,1789462733.735787,-0.002440651,0.020090416,-0.004731735,0.0007988203,0.0056533813,-80.02638,-96.107475,-100.125244,-90.01895,0.024472047,0.0010437012,-0.0066719055,79.98882,96.063065,100.12946,90.02901,-0.007154846,0.00034332275,0.0,0.0,0.0,0.0,0.0,0.0,-0.0,0.0,0.0,0.0,-0.059999086,-0.059999086,0.0,-0.0,0.0,0.0,0.0,0.0,0.0,0.0,-0.0,-0.0,0.0,0.0,0.0,0.0,-0.002440651,0.019990789,-0.004160664,0.000809018,0.0056877136,-80.02635,-96.10741,-100.12524,-90.01897,0.024458313,0.0010437012,-0.0067634583,79.98893,96.06304,100.12945,90.02901,-0.007168579,0.00035705566,0.0,0.0,0.0,0.0,22,-1.0062864,-16.63382,-0.75478625,-0.38943723,-12.486229,2.7702327,-1.4624517,-8.660734,0.89893895,0.82548136,-2.1649132,8.345762,-4.5171447,0.5860663,7.6922092,-0.9540234,-0.19404536,-1.4518248,0.0,0.0,0.0,0.0,22,-0.5950001,-16.077295,-0.74799967,-0.32500035,-12.48,2.76,-1.53,-8.73,0.86,0.82,-2.1200001,8.28,-4.32,0.53999996,7.605,-0.92,-0.18,-1.44,0.0,0.0,0.0,0.0,22,0.36716488,-7.4915633,-0.12216637,0.1619648,0.81998825,0.81010306,-0.1694058,-0.6396018,-0.44677132,-0.58256716,0.20406887,1.4945998,-0.5983118,0.64532137,1.1634215,0.46718517,0.25282982,-0.14977324,0.0,0.0,0.0,0.0,22,-0.5950001,-16.077295,-0.74799967,-0.32500035,-3.7733333,10.026667,0.1,-3.3666666,0.89444447,0.2888889,-1.6388888,-1.8,-2.3066666,-5.388889,3.338889,0.33888888,0.9111111,0.84444445,0.0,0.0,0.0,0.0
159,3.1813436390002607,1789462733.7557356,-0.002440651,0.020090416,-0.004731735,0.0007988203,0.0056648254,-80.02638,-96.10742,-100.12526,-90.01898,0.02444458,0.0010437012,-0.0066719055,79.98882,96.06305,100.12946,90.029015,-0.007168579,0.00034332275,0.0,0.0,0.0,0.0,0.0,0.0,-0.0,0.0,0.0,0.0,0.0,0.0,0.0,-0.0,0.0,0.0,0.0,0.0,0.0,0.0,-0.0,-0.0,0.0,0.0,0.0,0.0,-0.002440651,0.019990789,-0.004160664,0.000809018,0.0056877136,-80.02635,-96.10741,-100.12524,-90.01897,0.024458313,0.0010437012,-0.0067634583,79.98893,96.06304,100.12945,90.02901,-0.007168579,0.00035705566,0.0,0.0,0.0,0.0,22,-0.98103875,-16.667751,-0.75398874,-0.38943404,-12.510235,2.7933252,-1.5415813,-8.732396,0.8996633,0.824506,-2.1687133,8.344193,-4.51528,0.58694655,7.6912627,-0.95226455,-0.1933951,-1.4523709,0.0,0.0,0.0,0.0,22,-0.47600007,-16.28884,-0.6119997,-0.35000035,-12.36,2.76,-1.485,-8.684999,0.86,0.82,-2.14,8.28,-4.2,0.585,7.6949997,-0.94,-0.16,-1.48,0.0,0.0,0.0,0.0,22,0.35562238,-7.4752307,-0.12256518,0.16196321,0.83057463,0.79906404,-0.15724953,-0.6322075,-0.44681966,-0.5837904,0.204948,1.4957277,-0.5995048,0.6448424,1.16435,0.4651276,0.2525853,-0.14921705,0.0,0.0,0.0,0.0,22,-0.47600007,-16.28884,-0.6119997,-0.35000035,-3.6933334,9.986667,0.13333334,-3.4444444,0.87777776,0.31666666,-1.6722223,-1.8666667,-2.2933333,-5.45,3.411111,0.28333333,0.9166667,0.8111111,0.0,0.0,0.0,0.0
160,3.201306349001243,1789462733.7756982,-0.002440651,0.020090416,-0.004731735,0.0007988203,0.0056648254,-80.026375,-96.10744,-100.12526,-90.01895,0.024430847,0.0010437012,-0.0066719055,79.98882,96.063065,100.12946,90.02903,-0.007196045,0.00031585695,0.0,0.0,0.0,0.0,0.0,0.0,-0.0,0.0,0.0,0.0,0.0,-0.059999086,0.0,-0.0,0.0,0.0,0.0,0.0,0.0,0.0,-0.0,-0.059999086,0.0,0.0,0.0,0.0,-0.002440651,0.019990789,-0.004160664,0.000809018,0.0056877136,-80.02635,-96.10741,-100.12524,-90.01897,0.024458313,0.0010437012,-0.0067634583,79.98893,96.06304,100.12945,90.02901,-0.007168579,0.00035705566,0.0,0.0,0.0,0.0,22,-0.98193353,-16.63476,-0.75319135,-0.38943082,-12.489628,2.788789,-1.5433108,-8.658101,0.8994217,0.82506275,-2.163985,8.337865,-4.5136275,0.5847441,7.689661,-0.95157003,-0.19537906,-1.3963989,0.0,0.0,0.0,0.0,22,-0.8330001,-16.28884,-0.74799967,-0.32500035,-12.48,2.76,-1.5749999,-8.684999,0.88,0.82,-2.16,8.16,-4.44,0.45,7.6499996,-0.92,-0.18,-1.48,0.0,0.0,0.0,0.0,22,0.35688582,-7.491222,-0.12296393,0.1619616,0.8208198,0.800409,-0.15504952,-0.6418344,-0.4471898,-0.5839419,0.20315337,1.49945,-0.6002595,0.6465922,1.1634297,0.4641292,0.25536528,-0.15117373,0.0,0.0,0.0,0.0,22,-0.8330001,-16.28884,-0.74799967,-0.32500035,-3.7866666,10.026667,0.13333334,-3.4333334,0.87777776,0.27222222,-1.6722223,-1.8133334,-2.32,-5.438889,3.3444445,0.3611111,0.87777776,0.8,0.0,0.0,0.0,0.0
161,3.2212285550012894,1789462733.7956204,-0.002440651,0.020090416,-0.004731735,0.0007988203,0.0056648254,-80.026375,-96.10744,-100.125244,-90.01898,0.02444458,0.0010299683,-0.0066719055,79.98882,96.063065,100.12946,90.02901,-0.007182312,0.00034332275,0.0,0.0,0.0,0.0,0.0,0.0,-0.0,0.0,0.0,0.0,0.0,0.0,0.0,-0.11999817,0.0,0.0,0.0,0.059999086,0.0,0.0,-0.0,-0.0,0.0,0.0,0.0,0.0,-0.002440651,0.019990789,-0.004160664,0.000809018,0.0056877136,-80.02635,-96.10741,-100.12524,-90.01897,0.024458313,0.0010437012,-0.0067634583,79.98893,96.06304,100.12945,90.02901,-0.007168579,0.00035705566,0.0,0.0,0.0,0.0,22,-0.9665333,-16.660551,-0.7523939,-0.38942763,-12.507101,2.7859344,-1.5322696,-8.733782,0.90049523,0.94536144,-2.1705341,8.3383665,-4.4943495,0.50965154,7.693292,-0.9516405,-0.2018513,-1.4510338,0.0,0.0,0.0,0.0,22,-0.5950001,-16.28884,-0.74799967,-0.32500035,-12.36,2.76,-1.485,-8.639999,0.84000003,0.8,-2.18,8.16,-4.68,0.585,7.6499996,-0.92,-0.18,-1.4200001,0.0,0.0,0.0,0.0,22,0.34976992,-7.4789443,-0.12336265,0.16196,0.8282001,0.8017019,-0.16091229,-0.63125765,-0.44768128,-0.5875299,0.20714398,1.4996566,-0.60834795,0.6563415,1.1622841,0.46488255,0.2584611,-0.15053107,0.0,0.0,0.0,0.0,22,-0.5950001,-16.28884,-0.74799967,-0.32500035,-3.6933334,9.88,0.06111111,-3.4333334,0.8611111,0.26666668,-1.65,-1.8533334,-2.2266667,-5.361111,3.3833334,0.33888888,0.8388889,0.78333336,0.0,0.0,0.0,0.0
162,3.2416265860010753,1789462733.8160183,-0.002440651,0.020090416,-0.004731735,0.0007988203,0.0056648254,-80.026375,-96.10744,-100.125206,-90.018936,0.02444458,0.0010162353,-0.0066833496,79.98882,96.06303,100.12945,90.029015,-0.007182312,0.00035705566,0.0,0.0,0.0,0.0,0.0,0.0,-0.0,0.0,0.0,0.0,0.0,0.0,0.059999086,-0.0,0.0,0.0,0.0,0.0,0.0,0.0,-0.0,-0.0,0.0,0.0,0.0,0.0,-0.002440651,0.019990789,-0.004160664,0.000809018,0.0056877136,-80.02635,-96.10741,-100.12524,-90.01897,0.024458313,0.0010437012,-0.0067634583,79.98893,96.06304,100.12945,90.02901,-0.007168579,0.00035705566,0.0,0.0,0.0,0.0,22,-0.9821047,-16.669825,-0.7515766,-0.38942435,-12.509752,2.7940886,-1.5416429,-8.734324,0.8479232,0.82387334,-2.1715102,8.343563,-4.51379,0.5858137,7.6909103,-0.95022476,-0.19479243,-1.4532849,0.0,0.0,0.0,0.0,22,-0.5950001,-16.28884,-0.6119997,-0.32500035,-12.48,2.76,-1.4399999,-8.73,0.90000004,0.82,-2.16,8.28,-4.2,0.53999996,7.605,-0.92,-0.18,-1.4200001,0.0,0.0,0.0,0.0,22,0.3567342,-7.4739556,-0.123771325,0.16195837,0.83049285,0.79653776,-0.1566886,-0.6319502,-0.44841352,-0.58315486,0.2084887,1.496854,-0.59899247,0.6467491,1.1650938,0.46309105,0.25440437,-0.14863436,0.0,0.0,0.0,0.0,22,-0.5950001,-16.28884,-0.6119997,-0.32500035,-3.9066668,10.066667,0.12777779,-3.45,0.8666667,0.2888889,-1.6611111,-1.8266667,-2.2266667,-5.4722223,3.3611112,0.2777778,0.9222222,0.7888889,0.0,0.0,0.0,0.0
163,3.2615758089996234,1789462733.8359678,-0.002440651,0.020090817,-0.004731735,0.0007988203,0.0056533813,-80.026375,-96.10742,-100.12524,-90.01897,0.024430847,0.0010162353,-0.0066719055,79.98884,96.063095,100.12945,90.02901,-0.007196045,0.00035705566,0.0,0.0,0.0,0.0,0.0,0.0,-0.0,0.0,0.0,0.0,0.0,0.0,0.0,-0.0,0.0,0.0,0.0,0.0,0.0,0.0,-0.0,-0.0,0.0,0.0,0.0,0.0,-0.002440651,0.019990789,-0.004160664,0.000809018,0.0056877136,-80.02635,-96.10741,-100.12524,-90.01897,0.024458313,0.0010437012,-0.0067634583,79.98893,96.06304,100.12945,90.02901,-0.007168579,0.00035705566,0.0,0.0,0.0,0.0,22,-0.9822725,-16.669725,-0.7507782,-0.38942114,-12.505485,2.7929869,-1.5442048,-8.733546,0.8974311,0.82402384,-2.171686,8.340159,-4.513128,0.58442426,7.6914973,-0.9510944,-0.19427776,-1.4523025,0.0,0.0,0.0,0.0,22,-0.8330001,-16.28884,-0.6119997,-0.35000035,-12.48,3.0,-1.485,-8.73,0.86,0.84000003,-2.14,8.28,-4.56,0.585,7.6499996,-0.94,-0.16,-1.4200001,0.0,0.0,0.0,0.0,22,0.35688108,-7.4743323,-0.12417111,0.16195676,0.82817245,0.7977561,-0.1544465,-0.6319189,-0.44489086,-0.5828894,0.20867655,1.497986,-0.6010735,0.6459784,1.1644849,0.46425986,0.25428382,-0.14960518,0.0,0.0,0.0,0.0,22,-0.8330001,-16.28884,-0.6119997,-0.35000035,-3.7333333,9.88,0.08888889,-3.4555554,0.90555555,0.31666666,-1.6277778,-1.9466667,-2.28,-5.5,3.3888888,0.31666666,0.87222224,0.78333336,0.0,0.0,0.0,0.0
164,3.281671479999204,1789462733.8560631,-0.002440651,0.020090817,-0.004731735,0.0007988203,0.0056648254,-80.02636,-96.10741,-100.125244,-90.01895,0.024430847,0.0010162353,-0.0066719055,79.98884,96.06305,100.12946,90.02903,-0.007168579,0.00035705566,0.0,0.0,0.0,0.0,0.0,0.0,-0.0,0.0,0.0,0.0,0.059999086,-0.059999086,0.0,-0.059999086,0.0,0.0,0.0,0.0,0.0,0.059999086,-0.0,-0.0,0.0,0.0,0.0,0.0,-0.002440651,0.019990789,-0.004160664,0.000809018,0.0056877136,-80.02635,-96.10741,-100.12524,-90.01897,0.024458313,0.0010437012,-0.0067634583,79.98893,96.06304,100.12945,90.02901,-0.007168579,0.00035705566,0.0,0.0,0.0,0.0,22,-0.9614658,-16.647768,-0.7499814,-0.38941795,-12.488382,2.8038108,-1.6165094,-8.65722,0.8981941,0.87266105,-2.1677067,8.338854,-4.512938,0.5859903,7.6917653,-1.0055856,-0.19323523,-1.4522682,0.0,0.0,0.0,0.0,22,-0.5950001,-16.28884,-0.6119997,-0.32500035,-12.36,2.76,-1.485,-8.73,0.88,0.74,-2.16,8.28,-4.68,0.585,7.6949997,-0.94,-0.120000005,-1.44,0.0,0.0,0.0,0.0,22,0.34799445,-7.484489,-0.12456927,0.16195516,0.81935054,0.7930224,-0.14525764,-0.64317274,-0.44591624,-0.57596755,0.20763366,1.498863,-0.6006058,0.6455927,1.1638145,0.46571875,0.252446,-0.14962748,0.0,0.0,0.0,0.0,22,-0.5950001,-16.28884,-0.6119997,-0.32500035,-3.84,9.946667,0.094444446,-3.4,0.85,0.26666668,-1.6444445,-1.84,-2.16,-5.4,3.3777778,0.35555556,0.8888889,0.8,0.0,0.0,0.0,0.0
165,3.3016546860017115,1789462733.8760467,-0.002440651,0.020090817,-0.004731735,0.0007988203,0.0056648254,-80.02638,-96.10745,-100.12519,-90.01897,0.02444458,0.0009887696,-0.0066719055,79.98882,96.06304,100.12948,90.02901,-0.007196045,0.00034332275,0.0,0.0,0.0,0.0,0.0,0.0,-0.0,0.0,0.0,0.0,0.0,0.11999817,0.0,-0.0,-0.059999086,0.0,0.0,-0.059999086,0.0,0.0,-0.0,-0.0,0.0,0.0,0.0,0.0,-0.002440651,0.019990789,-0.004160664,0.000809018,0.0056877136,-80.02635,-96.10741,-100.12524,-90.01897,0.024458313,0.0010437012,-0.0067634583,79.98893,96.06304,100.12945,90.02901,-0.007168579,0.00035705566,0.0,0.0,0.0,0.0,22,-1.009918,-16.724466,-0.7491843,-0.38941473,-12.54323,2.795944,-1.5426149,-8.878311,0.89762056,0.8186898,-2.1292775,8.338928,-4.5278172,0.6635009,7.691319,-0.95435196,-0.18738775,-1.4499136,0.0,0.0,0.0,0.0,22,-0.8330001,-16.28884,-0.6119997,-0.35000035,-12.36,2.64,-1.485,-8.639999,0.86,0.78000003,-2.16,8.28,-4.44,0.49499997,7.605,-0.94,-0.18,-1.4200001,0.0,0.0,0.0,0.0,22,0.36946166,-7.4490805,-0.124967664,0.16195355,0.84506154,0.7993134,-0.15509778,-0.6152814,-0.44504294,-0.5779314,0.21443915,1.4993378,-0.5937003,0.6338561,1.1637952,0.46744257,0.25040624,-0.15161325,0.0,0.0,0.0,0.0,22,-0.8330001,-16.28884,-0.6119997,-0.35000035,-3.88,9.933333,0.08888889,-3.411111,0.87222224,0.27222222,-1.6666666,-1.8666667,-2.24,-5.3944445,3.3611112,0.3,0.8333333,0.8388889,0.0,0.0,0.0,0.0
166,3.321213708000869,1789462733.8956056,-0.002440651,0.020090817,-0.004731735,0.0007988203,0.0056762695,-80.026375,-96.10742,-100.12522,-90.01897,0.024485778,0.0010437012,-0.0066833496,79.98882,96.063065,100.12945,90.02901,-0.007182312,0.00034332275,0.0,0.0,0.0,0.0,0.0,0.0,-0.0,0.0,0.0,0.0,0.0,0.0,0.0,0.059999086,0.0,0.0,0.0,0.0,0.0,0.0,-0.0,-0.0,0.0,0.0,0.0,0.0,-0.002440651,0.019990789,-0.004160664,0.000809018,0.0056877136,-80.02635,-96.10741,-100.12524,-90.01897,0.024458313,0.0010437012,-0.0067634583,79.98893,96.06304,100.12945,90.02901,-0.007168579,0.00035705566,0.0,0.0,0.0,0.0,22,-0.97616684,-16.672781,-0.748407,-0.3894116,-12.509544,2.794469,-1.5481867,-8.733681,0.8972203,0.7620178,-2.1728427,8.338685,-4.5058537,0.58693755,7.693046,-0.9536938,-0.1946205,-1.4512254,0.0,0.0,0.0,0.0,22,-0.5950001,-16.077295,-0.74799967,-0.32500035,-12.36,2.64,-1.35,-8.73,0.86,0.82,-2.16,8.28,-4.44,0.53999996,7.6499996,-0.92,-0.16,-1.4200001,0.0,0.0,0.0,0.0,22,0.3535063,-7.47262,-0.12535623,0.16195199,0.8286852,0.79807603,-0.15289596,-0.63223463,-0.44465634,-0.5809977,0.20913997,1.4999833,-0.6042479,0.64422655,1.1628982,0.4668607,0.25425664,-0.15029499,0.0,0.0,0.0,0.0,22,-0.5950001,-16.077295,-0.74799967,-0.32500035,-3.7466667,9.866667,0.094444446,-3.411111,0.84444445,0.2611111,-1.6722223,-1.76,-2.2533333,-5.4166665,3.3444445,0.37777779,0.9222222,0.8111111,0.0,0.0,0.0,0.0
167,3.34158297400063,1789462733.9159749,-0.002440651,0.020090817,-0.004731735,0.000795421,0.0056648254,-80.0264,-96.10741,-100.12524,-90.01898,0.024485778,0.0010162353,-0.0066833496,79.98882,96.063065,100.12945,90.029015,-0.007196045,0.00035705566,0.0,0.0,0.0,0.0,0.0,0.0,-0.0,0.0,0.0,0.0,0.059999086,0.0,0.0,0.059999086,0.0,0.0,0.0,0.0,-0.059999086,0.0,-0.0,-0.0,0.0,0.0,0.0,0.0,-0.002440651,0.019990789,-0.004160664,0.000809018,0.0056877136,-80.02635,-96.10741,-100.12524,-90.01897,0.024458313,0.0010437012,-0.0067634583,79.98893,96.06304,100.12945,90.02901,-0.007168579,0.00035705566,0.0,0.0,0.0,0.0,22,-0.9483417,-16.704977,-0.7475898,-0.38938183,-12.509555,2.8183224,-1.6247145,-8.733454,0.8999898,0.7555877,-2.1700716,8.357582,-4.506508,0.5870887,7.76883,-0.9517771,-0.19502717,-1.4569266,0.0,0.0,0.0,0.0,22,-0.5950001,-16.28884,-0.6119997,-0.35000035,-12.36,2.76,-1.4399999,-8.594999,0.86,0.86,-2.16,8.16,-4.32,0.49499997,7.605,-0.94,-0.18,-1.4200001,0.0,0.0,0.0,0.0,22,0.34035096,-7.4580374,-0.12576479,0.16194218,0.8296612,0.78927696,-0.14205977,-0.6320457,-0.44706276,-0.57755727,0.20710234,1.491351,-0.6041088,0.6440446,1.1517867,0.46463427,0.2550637,-0.1478676,0.0,0.0,0.0,0.0,22,-0.5950001,-16.28884,-0.6119997,-0.35000035,-3.8133333,9.853333,0.06111111,-3.3722222,0.8888889,0.27222222,-1.6722223,-1.8533334,-2.2266667,-5.45,3.3888888,0.2777778,0.90555555,0.7777778,0.0,0.0,0.0,0.0
168,3.3613731500008726,1789462733.935765,-0.002440651,0.020090817,-0.004731735,0.000795421,0.0056648254,-80.02636,-96.10741,-100.12524,-90.01897,0.024458313,0.0010574341,-0.0066719055,79.988815,96.06303,100.12948,90.02901,-0.007168579,0.00037078856,0.0,0.0,0.0,0.0,0.0,0.0,-0.0,0.0,0.0,0.0,0.0,0.0,0.0,-0.0,0.0,0.0,0.0,-0.11999817,0.0,0.0,-0.0,-0.0,0.0,0.0,0.0,0.0,-0.002440651,0.019990789,-0.004160664,0.000809018,0.0056877136,-80.02635,-96.10741,-100.12524,-90.01897,0.024458313,0.0010437012,-0.0067634583,79.98893,96.06304,100.12945,90.02901,-0.007168579,0.00035705566,0.0,0.0,0.0,0.0,22,-1.0345047,-16.682993,-0.7468124,-0.38937357,-12.507128,2.7901266,-1.54307,-8.733326,0.9000056,0.82470155,-2.1717982,8.338431,-4.540665,0.738175,7.6926503,-0.9536134,-0.18323846,-1.4497811,0.0,0.0,0.0,0.0,22,-0.5950001,-16.077295,-0.74799967,-0.32500035,-12.36,2.64,-1.395,-8.639999,0.88,0.96000004,-2.14,8.28,-4.44,0.53999996,7.605,-0.94,-0.22,-1.4200001,0.0,0.0,0.0,0.0,22,0.3807434,-7.4681892,-0.12615345,0.16193601,0.82861084,0.79911846,-0.15577802,-0.6321676,-0.44745255,-0.5843309,0.20776285,1.4995269,-0.587511,0.62482846,1.1624352,0.4666277,0.2484788,-0.15244399,0.0,0.0,0.0,0.0,22,-0.5950001,-16.077295,-0.74799967,-0.32500035,-3.68,10.066667,0.094444446,-3.4222221,0.84444445,0.23888889,-1.6666666,-1.6933334,-2.28,-5.483333,3.3833334,0.32222223,0.87222224,0.8333333,0.0,0.0,0.0,0.0
169,3.3814412639985676,1789462733.9558332,-0.002440651,0.020091219,-0.004731735,0.000795421,0.0056533813,-80.02636,-96.10745,-100.12524,-90.01897,0.024472047,0.0010437012,-0.0066719055,79.98884,96.06305,100.12946,90.02901,-0.007168579,0.00035705566,0.0,0.0,0.0,0.0,0.0,0.0,-0.0,0.0,0.0,0.0,0.0,0.0,0.0,0.059999086,0.0,0.0,0.0,0.0,0.0,0.0,-0.0,-0.0,0.0,0.0,0.0,0.0,-0.002440651,0.019990789,-0.004160664,0.000809018,0.0056877136,-80.02635,-96.10741,-100.12524,-90.01897,0.024458313,0.0010437012,-0.0067634583,79.98893,96.06304,100.12945,90.02901,-0.007168579,0.00035705566,0.0,0.0,0.0,0.0,22,-0.97638667,-16.673298,-0.74599427,-0.38936684,-12.504831,2.7939699,-1.5462016,-8.734955,0.8983975,0.7588834,-2.1709769,8.334201,-4.503591,0.58749545,7.692426,-0.9532007,-0.19302991,-1.4488056,0.0,0.0,0.0,0.0,22,-0.5950001,-16.28884,-0.74799967,-0.32500035,-12.36,2.64,-1.53,-8.684999,0.84000003,0.78000003,-2.16,8.28,-4.44,0.53999996,7.6499996,-0.92,-0.16,-1.44,0.0,0.0,0.0,0.0,22,0.35369852,-7.4728923,-0.12656307,0.16193147,0.82803595,0.7968247,-0.15389073,-0.6305334,-0.44583088,-0.5774469,0.20731005,1.5012935,-0.6065993,0.6440086,1.1630512,0.4663665,0.25229904,-0.15304643,0.0,0.0,0.0,0.0,22,-0.5950001,-16.28884,-0.74799967,-0.32500035,-3.6533334,9.96,0.10555556,-3.4388888,0.8611111,0.2777778,-1.6555556,-1.8266667,-2.1466668,-5.411111,3.3722222,0.35555556,0.8833333,0.81666666,0.0,0.0,0.0,0.0
170,3.4012806579994503,1789462733.9756725,-0.002440651,0.020091219,-0.004731735,0.000795421,0.0056533813,-80.02638,-96.10744,-100.12522,-90.01899,0.02444458,0.0010162353,-0.0066719055,79.98882,96.06311,100.12946,90.02903,-0.007182312,0.00035705566,0.0,0.0,0.0,0.0,0.0,0.0,-0.0,0.0,0.0,0.0,0.0,0.059999086,-0.059999086,-0.0,0.0,0.0,0.0,0.11999817,0.0,0.0,-0.0,-0.0,0.0,0.0,0.0,0.0,-0.002440651,0.019990789,-0.004160664,0.000809018,0.0056877136,-80.02635,-96.10741,-100.12524,-90.01897,0.024458313,0.0010437012,-0.0067634583,79.98893,96.06304,100.12945,90.02901,-0.007168579,0.00035705566,0.0,0.0,0.0,0.0,22,-0.9291505,-16.68957,-0.7452173,-0.3893614,-12.524012,2.7988677,-1.5402186,-8.811201,0.9536284,0.8231248,-2.17502,8.33018,-4.46016,0.4324257,7.689986,-0.9528648,-0.20347401,-1.446274,0.0,0.0,0.0,0.0,22,-0.8330001,-16.077295,-0.74799967,-0.35000035,-12.36,2.76,-1.53,-8.775,0.86,0.92,-2.14,8.28,-4.44,0.49499997,7.6499996,-0.92,-0.18,-1.4200001,0.0,0.0,0.0,0.0,22,0.3315657,-7.4649606,-0.12695129,0.16192815,0.83685505,0.79603356,-0.15763488,-0.61942613,-0.44803205,-0.5823262,0.20915657,1.5028532,-0.6257454,0.66671425,1.1654534,0.46558383,0.25715664,-0.15556179,0.0,0.0,0.0,0.0,22,-0.8330001,-16.077295,-0.74799967,-0.35000035,-3.8133333,9.853333,0.12777779,-3.4055555,0.8388889,0.22777778,-1.6611111,-1.7733333,-2.1733334,-5.438889,3.3722222,0.33888888,0.9111111,0.8388889,0.0,0.0,0.0,0.0
171,3.4213518719989224,1789462733.9957438,-0.002440651,0.020091219,-0.004731735,0.000795421,0.0056648254,-80.026375,-96.10744,-100.12522,-90.01897,0.024499511,0.0010299683,-0.0066833496,79.98882,96.063065,100.12948,90.02899,-0.007196045,0.00034332275,0.0,0.0,0.0,0.0,0.0,0.0,-0.0,0.0,0.0,0.0,0.0,0.0,0.0,0.11999817,0.0,0.0,0.0,0.0,0.0,0.0,-0.0,-0.0,0.0,0.0,0.0,0.0,-0.002440651,0.019990789,-0.004160664,0.000809018,0.0056877136,-80.02635,-96.10741,-100.12524,-90.01897,0.024458313,0.0010437012,-0.0067634583,79.98893,96.06304,100.12945,90.02901,-0.007168579,0.00035705566,0.0,0.0,0.0,0.0,22,-0.9706869,-16.675562,-0.74442023,-0.38935643,-12.506902,2.7998025,-1.5529988,-8.737246,0.90063894,0.7026407,-2.1695962,8.334806,-4.500318,0.5866922,7.6908984,-0.9539199,-0.19595651,-1.447489,0.0,0.0,0.0,0.0,22,-0.5950001,-16.28884,-0.74799967,-0.35000035,-12.48,2.76,-1.5749999,-8.73,0.88,0.86,-2.16,8.28,-4.44,0.63,7.605,-0.94,-0.18,-1.4200001,0.0,0.0,0.0,0.0,22,0.3507822,-7.4716988,-0.1273497,0.1619253,0.82827914,0.79478997,-0.1500071,-0.6286768,-0.44805992,-0.5805347,0.20630844,1.5016398,-0.60643303,0.64433336,1.1641301,0.46738648,0.2560299,-0.15398364,0.0,0.0,0.0,0.0,22,-0.5950001,-16.28884,-0.74799967,-0.35000035,-3.6666667,9.933333,0.03888889,-3.3444445,0.8833333,0.26666668,-1.6722223,-1.8266667,-2.2133334,-5.4722223,3.411111,0.33333334,0.85555553,0.8055556,0.0,0.0,0.0,0.0
172,3.4416298050018668,1789462734.0160217,-0.002440651,0.020091219,-0.0047351345,0.000795421,0.0056533813,-80.026375,-96.10741,-100.125244,-90.01897,0.02444458,0.0010162353,-0.0066719055,79.98882,96.06304,100.12946,90.02901,-0.007168579,0.00032958985,0.0,0.0,0.0,0.0,0.0,0.0,-0.0,0.0,0.0,0.0,0.0,0.0,0.0,-0.059999086,0.0,0.0,0.0,0.0,0.0,0.0,-0.0,-0.0,0.0,0.0,0.0,0.0,-0.002440651,0.019990789,-0.004160664,0.000809018,0.0056877136,-80.02635,-96.10741,-100.12524,-90.01897,0.024458313,0.0010437012,-0.0067634583,79.98893,96.06304,100.12945,90.02901,-0.007168579,0.00035705566,0.0,0.0,0.0,0.0,22,-0.98777586,-16.67206,-0.7435653,-0.38935167,-12.502508,2.7912893,-1.5388173,-8.737159,0.9015262,0.8817603,-2.1706777,8.331684,-4.4988527,0.5849042,7.6908545,-0.95535696,-0.19294706,-1.4509263,0.0,0.0,0.0,0.0,22,-0.8330001,-15.865752,-0.74799967,-0.35000035,-12.24,2.76,-1.5749999,-8.73,0.88,0.76,-2.16,8.28,-4.32,0.49499997,7.6499996,-0.98,-0.16,-1.48,0.0,0.0,0.0,0.0,22,0.3596143,-7.47382,-0.12776004,0.16192271,0.8266094,0.79911196,-0.15730458,-0.62791854,-0.448992,-0.582423,0.20776385,1.5024807,-0.60722905,0.64694244,1.1645721,0.46852338,0.25224203,-0.15017559,0.0,0.0,0.0,0.0,22,-0.8330001,-15.865752,-0.74799967,-0.35000035,-3.6,9.946667,0.11111111,-3.3833334,0.8833333,0.25555557,-1.6611111,-1.7466667,-2.24,-5.4166665,3.3777778,0.31111112,0.90555555,0.84444445,0.0,0.0,0.0,0.0
173,3.4616809420003847,1789462734.0360727,-0.002440651,0.020091219,-0.0047351345,0.000795421,0.0056648254,-80.026375,-96.10744,-100.12524,-90.01895,0.024417114,0.0010299683,-0.0066719055,79.98882,96.06308,100.12946,90.02901,-0.007168579,0.00034332275,0.0,0.0,0.0,0.0,0.0,0.0,-0.0,0.0,0.0,0.0,0.0,0.0,0.0,-0.059999086,0.0,0.0,0.0,0.0,0.0,0.0,-0.0,-0.0,0.0,0.0,0.0,0.0,-0.002440651,0.019990789,-0.004160664,0.000809018,0.0056877136,-80.02635,-96.10741,-100.12524,-90.01897,0.024458313,0.0010437012,-0.0067634583,79.98893,96.06304,100.12945,90.02901,-0.007168579,0.00035705566,0.0,0.0,0.0,0.0,22,-0.9880946,-16.67333,-0.74274987,-0.3893472,-12.506146,2.790294,-1.5384239,-8.734479,0.90041137,0.88321173,-2.1722956,8.3305855,-4.496901,0.58304596,7.692272,-0.9545828,-0.19356748,-1.4485655,0.0,0.0,0.0,0.0,22,-0.5950001,-16.28884,-0.6119997,-0.35000035,-12.24,2.64,-1.485,-8.684999,0.90000004,0.84000003,-2.16,8.28,-4.44,0.49499997,7.6949997,-0.94,-0.16,-1.4200001,0.0,0.0,0.0,0.0,22,0.3599266,-7.4728107,-0.12817445,0.16192037,0.82854056,0.80022115,-0.15679814,-0.63103265,-0.4481787,-0.58307546,0.2090323,1.5031297,-0.6085,0.6474987,1.1631429,0.4677519,0.25286278,-0.1528859,0.0,0.0,0.0,0.0,22,-0.5950001,-16.28884,-0.6119997,-0.35000035,-3.92,10.013333,0.10555556,-3.4055555,0.8833333,0.28333333,-1.6555556,-1.9066666,-2.28,-5.461111,3.3666666,0.29444444,0.8833333,0.8055556,0.0,0.0,0.0,0.0
174,3.481686572999024,1789462734.0560784,-0.002440651,0.020091219,-0.0047351345,0.000795421,0.0056533813,-80.026375,-96.10742,-100.12522,-90.01898,0.02444458,0.0010162353,-0.0066833496,79.98882,96.063065,100.12945,90.02899,-0.007182312,0.00037078856,0.0,0.0,0.0,0.0,0.0,0.0,-0.0,0.0,0.0,0.0,0.0,0.0,0.0,-0.0,0.0,0.0,0.0,0.0,0.0,0.0,-0.0,0.059999086,0.0,0.0,0.0,0.0,-0.002440651,0.019990789,-0.004160664,0.000809018,0.0056877136,-80.02635,-96.10741,-100.12524,-90.01897,0.024458313,0.0010437012,-0.0067634583,79.98893,96.06304,100.12945,90.02901,-0.007168579,0.00035705566,0.0,0.0,0.0,0.0,22,-0.98168355,-16.680998,-0.7419404,-0.3893428,-12.502613,2.7940936,-1.5425864,-8.735758,0.89991486,0.8194015,-2.173395,8.335528,-4.4959574,0.58433896,7.69689,-0.95393217,-0.19551015,-1.5039229,0.0,0.0,0.0,0.0,22,-0.8330001,-16.077295,-0.6119997,-0.35000035,-12.6,2.76,-1.4399999,-8.684999,0.88,0.76,-2.16,8.28,-4.32,0.45,7.605,-0.92,-0.14,-1.4200001,0.0,0.0,0.0,0.0,22,0.3563868,-7.4687953,-0.12858286,0.16191812,0.82671416,0.79797953,-0.15558247,-0.63016826,-0.44706997,-0.5786061,0.2105042,1.501751,-0.60901636,0.6466127,1.1614566,0.4674071,0.25521398,-0.1515264,0.0,0.0,0.0,0.0,22,-0.8330001,-16.077295,-0.6119997,-0.35000035,-3.7733333,10.053333,0.08888889,-3.4722223,0.8666667,0.2611111,-1.6555556,-1.8,-2.1866667,-5.477778,3.3888888,0.35,0.87777776,0.8611111,0.0,0.0,0.0,0.0
175,3.501446651000151,1789462734.0758386,-0.002440651,0.020091621,-0.0047351345,0.000795421,0.0056648254,-80.026375,-96.10745,-100.12526,-90.01898,0.024430847,0.0010162353,-0.0066719055,79.98882,96.06304,100.12948,90.02901,-0.007168579,0.00035705566,0.0,0.0,0.0,0.0,0.0,0.0,-0.0,0.0,0.0,0.0,-0.059999086,-0.059999086,0.0,-0.059999086,0.0,0.0,0.0,0.0,0.0,0.0,-0.0,-0.0,0.0,0.0,0.0,0.0,-0.002440651,0.019990789,-0.004160664,0.000809018,0.0056877136,-80.02635,-96.10741,-100.12524,-90.01897,0.024458313,0.0010437012,-0.0067634583,79.98893,96.06304,100.12945,90.02901,-0.007168579,0.00035705566,0.0,0.0,0.0,0.0,22,-1.0136242,-16.640863,-0.7411534,-0.38933858,-12.481178,2.7721868,-1.4605135,-8.661351,0.89929557,0.88392085,-2.1665895,8.3280735,-4.493705,0.5868948,7.6927114,-0.952967,-0.19512649,-1.4510336,0.0,0.0,0.0,0.0,22,-0.5950001,-16.28884,-0.74799967,-0.32500035,-12.36,2.88,-1.485,-8.73,0.88,0.78000003,-2.16,8.16,-4.56,0.53999996,7.6499996,-0.92,-0.16,-1.4200001,0.0,0.0,0.0,0.0,22,0.371727,-7.488468,-0.12897892,0.16191597,0.8155479,0.8066313,-0.16888748,-0.63863057,-0.44653687,-0.58117855,0.20663688,1.5047847,-0.6103982,0.6448856,1.1622577,0.4661367,0.25444403,-0.15076162,0.0,0.0,0.0,0.0,22,-0.5950001,-16.28884,-0.74799967,-0.32500035,-3.7066667,9.946667,0.094444446,-3.4166667,0.87777776,0.24444444,-1.6444445,-1.7466667,-2.2133334,-5.45,3.3166666,0.32222223,0.8333333,0.81666666,0.0,0.0,0.0,0.0
176,3.521384448999015,1789462734.0957763,-0.002440651,0.020091621,-0.0047351345,0.000795421,0.0056648254,-80.026375,-96.10745,-100.125244,-90.01895,0.024499511,0.0010299683,-0.0066719055,79.988815,96.06308,100.12946,90.02898,-0.007154846,0.00034332275,0.0,0.0,0.0,0.0,0.0,0.0,-0.0,0.0,0.0,0.0,0.0,0.0,0.059999086,0.11999817,0.0,0.0,0.0,0.0,0.0,-0.059999086,-0.0,-0.0,0.0,0.0,0.0,0.0,-0.002440651,0.019990789,-0.004160664,0.000809018,0.0056877136,-80.02635,-96.10741,-100.12524,-90.01897,0.024458313,0.0010437012,-0.0067634583,79.98893,96.06304,100.12945,90.02901,-0.007168579,0.00035705566,0.0,0.0,0.0,0.0,22,-0.97015184,-16.677683,-0.74034953,-0.38933426,-12.506771,2.8029404,-1.5504545,-8.733589,0.84639996,0.70483536,-2.171742,8.32631,-4.49244,0.58508646,7.6926994,-0.8990833,-0.1980884,-1.4531128,0.0,0.0,0.0,0.0,22,-0.5950001,-16.28884,-0.6119997,-0.32500035,-12.36,2.52,-1.4399999,-8.73,0.86,0.84000003,-2.14,8.16,-4.56,0.53999996,7.605,-0.94,-0.22,-1.44,0.0,0.0,0.0,0.0,22,0.35023543,-7.470852,-0.12938175,0.1619138,0.8288175,0.79222745,-0.15197001,-0.6314558,-0.4465535,-0.58271587,0.2085161,1.5060817,-0.6088816,0.6454466,1.162641,0.46528518,0.25702968,-0.14831313,0.0,0.0,0.0,0.0,22,-0.5950001,-16.28884,-0.6119997,-0.32500035,-3.7733333,10.04,0.1,-3.3611112,0.8666667,0.3,-1.6333333,-1.7066667,-2.2133334,-5.4166665,3.3888888,0.31666666,0.87222224,0.8055556,0.0,0.0,0.0,0.0
177,3.541560900001059,1789462734.1159527,-0.002440651,0.020091621,-0.0047351345,0.000795421,0.0056648254,-80.02636,-96.10745,-100.12526,-90.01897,0.02444458,0.0010299683,-0.0066833496,79.98884,96.06304,100.12945,90.02901,-0.007182312,0.00032958985,0.0,0.0,0.0,0.0,0.0,0.0,-0.0,0.0,0.0,0.0,0.0,-0.059999086,0.0,-0.0,0.0,0.0,0.0,0.0,0.0,0.0,-0.0,-0.0,0.0,0.0,0.0,0.0,-0.002440651,0.019990789,-0.004160664,0.000809018,0.0056877136,-80.02635,-96.10741,-100.12524,-90.01897,0.024458313,0.0010437012,-0.0067634583,79.98893,96.06304,100.12945,90.02901,-0.007168579,0.00035705566,0.0,0.0,0.0,0.0,22,-0.9816547,-16.649075,-0.7395264,-0.38932988,-12.484631,2.7913706,-1.5434018,-8.660241,0.8995388,0.8245343,-2.165627,8.328542,-4.493516,0.5880028,7.693026,-0.9513422,-0.19679956,-1.4518201,0.0,0.0,0.0,0.0,22,-0.5950001,-16.500383,-0.74799967,-0.32500035,-12.36,2.64,-1.53,-8.684999,0.88,0.76,-2.16,8.28,-4.44,0.49499997,7.6499996,-0.92,-0.16,-1.4200001,0.0,0.0,0.0,0.0,22,0.35667267,-7.4842563,-0.12979382,0.16191159,0.81802344,0.7977463,-0.15377164,-0.6397529,-0.44699937,-0.5837143,0.20533954,1.50526,-0.61135614,0.64372385,1.1627676,0.46451265,0.25653028,-0.14924097,0.0,0.0,0.0,0.0,22,-0.5950001,-16.500383,-0.74799967,-0.32500035,-3.8933334,10.066667,0.13333334,-3.461111,0.87777776,0.2777778,-1.65,-1.8666667,-2.24,-5.4166665,3.35,0.35555556,0.85555553,0.85555553,0.0,0.0,0.0,0.0
178,3.5615797960017517,1789462734.1359715,-0.002440651,0.020091621,-0.0047351345,0.000795421,0.0056648254,-80.02636,-96.10747,-100.12524,-90.01897,0.024458313,0.0010299683,-0.0066719055,79.98882,96.063065,100.12948,90.02901,-0.007182312,0.00034332275,0.0,0.0,0.0,0.0,0.0,0.0,-0.0,0.0,0.0,0.0,-0.059999086,0.0,0.0,-0.0,0.0,0.0,0.0,0.0,0.0,0.0,-0.0,-0.0,0.0,0.0,0.0,0.0,-0.002440651,0.019990789,-0.004160664,0.000809018,0.0056877136,-80.02635,-96.10741,-100.12524,-90.01897,0.024458313,0.0010437012,-0.0067634583,79.98893,96.06304,100.12945,90.02901,-0.007168579,0.00035705566,0.0,0.0,0.0,0.0,22,-1.0078589,-16.670895,-0.73872375,-0.3893256,-12.502342,2.7742047,-1.4641186,-8.736636,0.89728,0.8301892,-2.1710498,8.324599,-4.4894166,0.5861568,7.691819,-0.9543842,-0.19426662,-1.4514973,0.0,0.0,0.0,0.0,22,-0.5950001,-16.28884,-0.74799967,-0.35000035,-12.36,2.64,-1.485,-8.684999,0.84000003,0.82,-2.16,8.28,-4.44,0.53999996,7.605,-0.98,-0.120000005,-1.44,0.0,0.0,0.0,0.0,22,0.368247,-7.474219,-0.13019541,0.16190945,0.82613504,0.80551404,-0.16727914,-0.6288729,-0.44478726,-0.5867628,0.20784448,1.5069237,-0.612663,0.64468944,1.1631057,0.4675549,0.25399953,-0.14990924,0.0,0.0,0.0,0.0,22,-0.5950001,-16.28884,-0.74799967,-0.35000035,-3.8133333,10.026667,0.055555556,-3.3888888,0.89444447,0.25555557,-1.6722223,-1.76,-2.1866667,-5.5111113,3.3888888,0.35555556,0.89444447,0.82222223,0.0,0.0,0.0,0.0
179,3.581767048999609,1789462734.156159,-0.002440651,0.020091621,-0.0047351345,0.000795421,0.0056648254,-80.026375,-96.10742,-100.12522,-90.01897,0.024472047,0.0010437012,-0.0066719055,79.98882,96.06305,100.12948,90.02901,-0.007196045,0.00035705566,0.0,0.0,0.0,0.0,0.0,0.0,-0.0,0.0,0.0,0.0,0.0,0.0,-0.059999086,-0.0,0.0,0.0,0.0,0.0,0.0,0.0,-0.059999086,-0.0,0.0,0.0,0.0,0.0,-0.002440651,0.019990789,-0.004160664,0.000809018,0.0056877136,-80.02635,-96.10741,-100.12524,-90.01897,0.024458313,0.0010437012,-0.0067634583,79.98893,96.06304,100.12945,90.02901,-0.007168579,0.00035705566,0.0,0.0,0.0,0.0,22,-0.98752177,-16.67792,-0.73792136,-0.3893213,-12.5028715,2.7950974,-1.5423894,-8.739113,0.951074,0.8219808,-2.171621,8.325023,-4.4909954,0.59115124,7.690963,-0.95282537,-0.13448021,-1.4522947,0.0,0.0,0.0,0.0,22,-0.8330001,-16.077295,-0.6119997,-0.35000035,-12.24,2.64,-1.485,-8.73,0.88,0.82,-2.16,8.28,-4.32,0.53999996,7.605,-0.92,-0.18,-1.4200001,0.0,0.0,0.0,0.0,22,0.35927114,-7.4709535,-0.13059676,0.1619073,0.8257629,0.7975988,-0.15548803,-0.62687886,-0.44608608,-0.5819283,0.20805906,1.5063123,-0.6118597,0.64265877,1.1639448,0.46598035,0.25316614,-0.14945982,0.0,0.0,0.0,0.0,22,-0.8330001,-16.077295,-0.6119997,-0.35000035,-3.5866666,9.96,0.12777779,-3.411111,0.8611111,0.27222222,-1.6722223,-1.8266667,-2.2266667,-5.4666667,3.3888888,0.34444445,0.93333334,0.84444445,0.0,0.0,0.0,0.0
180,3.60168130600141,1789462734.1760733,-0.002440651,0.020091621,-0.0047351345,0.000795421,0.0056648254,-80.026375,-96.10744,-100.125244,-90.01897,0.024430847,0.0010437012,-0.0066833496,79.98882,96.063065,100.12946,90.02901,-0.007182312,0.00034332275,0.0,0.0,0.0,0.0,0.0,0.0,-0.0,0.0,0.0,0.0,0.0,0.0,0.0,-0.059999086,0.0,0.0,0.0,0.0,0.0,0.0,-0.0,-0.0,0.0,0.0,0.0,0.0,-0.002440651,0.019990789,-0.004160664,0.000809018,0.0056877136,-80.02635,-96.10741,-100.12524,-90.01897,0.024458313,0.0010437012,-0.0067634583,79.98893,96.06304,100.12945,90.02901,-0.007168579,0.00035705566,0.0,0.0,0.0,0.0,22,-0.9874315,-16.676647,-0.7371191,-0.38931704,-12.503671,2.792769,-1.537058,-8.734989,0.9003238,0.88210446,-2.173135,8.326209,-4.486926,0.58492345,7.692286,-0.95390767,-0.19424167,-1.450435,0.0,0.0,0.0,0.0,22,-0.47600007,-16.28884,-0.6119997,-0.35000035,-12.6,2.76,-1.5749999,-8.684999,0.86,0.76,-2.14,8.16,-4.32,0.585,7.6499996,-0.98,-0.16,-1.44,0.0,0.0,0.0,0.0,22,0.35926804,-7.471357,-0.13099797,0.16190515,0.8269632,0.79860425,-0.15784481,-0.6301165,-0.44777706,-0.5823222,0.20958479,1.5062687,-0.6138199,0.64586127,1.1630402,0.4670804,0.25398698,-0.15095268,0.0,0.0,0.0,0.0,22,-0.47600007,-16.28884,-0.6119997,-0.35000035,-3.6666667,10.0,0.11666667,-3.4555554,0.8666667,0.24444444,-1.6777778,-1.8533334,-2.2266667,-5.3722224,3.3444445,0.31666666,0.9166667,0.87222224,0.0,0.0,0.0,0.0
181,3.6213247349987796,1789462734.1957166,-0.002440651,0.020091621,-0.0047351345,0.000795421,0.0056648254,-80.026375,-96.10744,-100.12524,-90.01897,0.024458313,0.0010574341,-0.0066833496,79.98884,96.063065,100.12945,90.029015,-0.007182312,0.00032958985,0.0,0.0,0.0,0.0,0.0,0.0,-0.0,0.0,0.0,0.0,0.0,0.0,0.0,-0.0,0.0,0.0,0.0,0.0,0.0,0.0,-0.0,-0.0,0.0,0.0,0.0,0.0,-0.002440651,0.019990789,-0.004160664,0.000809018,0.0056877136,-80.02635,-96.10741,-100.12524,-90.01897,0.024458313,0.0010437012,-0.0067634583,79.98893,96.06304,100.12945,90.02901,-0.007168579,0.00035705566,0.0,0.0,0.0,0.0,22,-0.9818955,-16.679045,-0.7363369,-0.38931286,-12.503688,2.7962027,-1.5421712,-8.736217,0.8998927,0.8228856,-2.1729372,8.326144,-4.487934,0.5857188,7.690082,-0.954153,-0.19460735,-1.450981,0.0,0.0,0.0,0.0,22,-0.5950001,-16.28884,-0.6119997,-0.35000035,-12.48,2.64,-1.485,-8.684999,0.88,0.82,-2.16,8.28,-4.44,0.585,7.6499996,-0.94,-0.16,-1.44,0.0,0.0,0.0,0.0,22,0.35647893,-7.4697804,-0.1313891,0.16190307,0.8268487,0.7967341,-0.15525036,-0.6293205,-0.44733092,-0.5824403,0.20903555,1.5059094,-0.6142736,0.64504725,1.165653,0.46702713,0.25435922,-0.1500408,0.0,0.0,0.0,0.0,22,-0.5950001,-16.28884,-0.6119997,-0.35000035,-3.7866666,9.893333,0.08888889,-3.4277778,0.85555553,0.2777778,-1.6611111,-1.8533334,-2.2133334,-5.4666667,3.3666666,0.33888888,0.8333333,0.78333336,0.0,0.0,0.0,0.0
182,3.6417689720001363,1789462734.2161608,-0.002440651,0.020092022,-0.0047351345,0.000795421,0.0056533813,-80.026375,-96.10744,-100.125206,-90.01897,0.02444458,0.0010437012,-0.0066719055,79.98882,96.063065,100.12946,90.02899,-0.007154846,0.00032958985,0.0,0.0,0.0,0.0,0.0,0.0,-0.0,0.0,0.0,0.0,0.0,0.059999086,0.0,-0.0,0.059999086,0.0,0.0,0.0,0.0,0.0,0.059999086,-0.0,0.0,0.0,0.0,0.0,-0.002440651,0.019990789,-0.004160664,0.000809018,0.0056877136,-80.02635,-96.10741,-100.12524,-90.01897,0.024458313,0.0010437012,-0.0067634583,79.98893,96.06304,100.12945,90.02901,-0.007168579,0.00035705566,0.0,0.0,0.0,0.0,22,-0.9784534,-16.71153,-0.73551524,-0.38930848,-12.526196,2.7992423,-1.54169,-8.813576,0.89906204,0.8202991,-2.2308853,8.322345,-4.4796286,0.5779403,7.6905723,-0.95329237,-0.25408244,-1.4506159,0.0,0.0,0.0,0.0,22,-0.8330001,-16.28884,-0.6119997,-0.32500035,-12.6,2.64,-1.53,-8.73,0.86,0.8,-2.16,8.28,-4.32,0.49499997,7.605,-0.98,-0.18,-1.4200001,0.0,0.0,0.0,0.0,22,0.3552387,-7.4542747,-0.1317998,0.16190088,0.838436,0.79524726,-0.15568843,-0.61998165,-0.4464956,-0.57945037,0.21114726,1.5071609,-0.618338,0.6502162,1.1647189,0.46678185,0.25450212,-0.15039441,0.0,0.0,0.0,0.0,22,-0.8330001,-16.28884,-0.6119997,-0.32500035,-3.72,9.92,0.08888889,-3.4722223,0.87777776,0.30555555,-1.6611111,-1.8666667,-2.28,-5.422222,3.3944445,0.33333334,0.89444447,0.85,0.0,0.0,0.0,0.0
183,3.6615576119984325,1789462734.2359495,-0.002440651,0.020092022,-0.0047351345,0.000795421,0.0056648254,-80.026375,-96.10745,-100.12522,-90.01898,0.024499511,0.0010299683,-0.0066719055,79.98882,96.063065,100.12945,90.02899,-0.007168579,0.00032958985,0.0,0.0,0.0,0.0,0.0,0.0,-0.0,0.0,0.0,0.0,0.0,0.0,0.0,-0.0,0.0,0.0,0.0,0.0,0.0,0.0,-0.0,-0.0,0.0,0.0,0.0,0.0,-0.002440651,0.019990789,-0.004160664,0.000809018,0.0056877136,-80.02635,-96.10741,-100.12524,-90.01897,0.024458313,0.0010437012,-0.0067634583,79.98893,96.06304,100.12945,90.02901,-0.007168579,0.00035705566,0.0,0.0,0.0,0.0,22,-0.9832019,-16.680206,-0.734733,-0.3893043,-12.503757,2.799221,-1.543172,-8.733375,0.89956754,0.81716454,-2.1702712,8.321857,-4.4800067,0.586514,7.6921134,-0.95219624,-0.19636908,-1.4516989,0.0,0.0,0.0,0.0,22,-0.8330001,-16.28884,-0.74799967,-0.35000035,-12.36,2.64,-1.53,-8.594999,0.88,0.74,-2.16,8.16,-4.32,0.53999996,7.6499996,-0.94,-0.22,-1.44,0.0,0.0,0.0,0.0,22,0.3577729,-7.4691625,-0.132191,0.1618988,0.8271746,0.79394835,-0.1537413,-0.6325917,-0.44670695,-0.57789505,0.20711139,1.5074811,-0.6187521,0.64419264,1.163584,0.46566764,0.255738,-0.14930403,0.0,0.0,0.0,0.0,22,-0.8330001,-16.28884,-0.74799967,-0.35000035,-3.7733333,9.906667,0.10555556,-3.45,0.87777776,0.23333333,-1.6666666,-1.7466667,-2.1733334,-5.4444447,3.3611112,0.35,0.8611111,0.8055556,0.0,0.0,0.0,0.0
184,3.6817071299992676,1789462734.256099,-0.002440651,0.020092022,-0.0047351345,0.000795421,0.0056648254,-80.026375,-96.10744,-100.12524,-90.01897,0.02444458,0.0010162353,-0.0066833496,79.98882,96.06304,100.12946,90.02901,-0.007182312,0.00035705566,0.0,0.0,0.0,0.0,0.0,0.0,-0.0,0.0,0.0,0.0,0.0,0.0,0.0,-0.0,0.0,0.0,0.0,-0.059999086,0.0,0.0,-0.059999086,-0.0,0.0,0.0,0.0,0.0,-0.002440651,0.019990789,-0.004160664,0.000809018,0.0056877136,-80.02635,-96.10741,-100.12524,-90.01897,0.024458313,0.0010437012,-0.0067634583,79.98893,96.06304,100.12945,90.02901,-0.007168579,0.00035705566,0.0,0.0,0.0,0.0,22,-0.9826788,-16.687162,-0.7339107,-0.38929993,-12.503214,2.7983491,-1.5421569,-8.733967,0.8998004,0.8181134,-2.1698606,8.325617,-4.502692,0.66862804,7.6910214,-0.953199,-0.1302404,-1.4526138,0.0,0.0,0.0,0.0,22,-0.8330001,-16.077295,-0.74799967,-0.35000035,-12.48,2.76,-1.53,-8.684999,0.88,0.8,-2.16,8.16,-4.44,0.585,7.605,-0.92,-0.16,-1.44,0.0,0.0,0.0,0.0,22,0.35717627,-7.465937,-0.13260219,0.16189662,0.82676566,0.794939,-0.15512791,-0.63157946,-0.4472375,-0.5772571,0.20706998,1.5063653,-0.60759485,0.63079447,1.1642562,0.46628007,0.25155514,-0.14910097,0.0,0.0,0.0,0.0,22,-0.8330001,-16.077295,-0.74799967,-0.35000035,-3.6533334,10.026667,0.094444446,-3.4222221,0.85555553,0.27222222,-1.6555556,-1.84,-2.2933333,-5.438889,3.35,0.32777777,0.9222222,0.7722222,0.0,0.0,0.0,0.0
185,3.701287717001833,1789462734.2756796,-0.002440651,0.020092022,-0.0047351345,0.000795421,0.0056648254,-80.02638,-96.10742,-100.12524,-90.01897,0.02444458,0.0010574341,-0.0066719055,79.98882,96.06304,100.12943,90.029015,-0.007168579,0.00031585695,0.0,0.0,0.0,0.0,0.0,0.0,-0.0,0.0,0.0,0.0,0.059999086,0.0,0.0,-0.0,0.059999086,0.0,0.0,0.0,-0.059999086,0.0,-0.0,-0.059999086,0.0,0.0,0.0,0.0,-0.002440651,0.019990789,-0.004160664,0.000809018,0.0056877136,-80.02635,-96.10741,-100.12524,-90.01897,0.024458313,0.0010437012,-0.0067634583,79.98893,96.06304,100.12945,90.02901,-0.007168579,0.00035705566,0.0,0.0,0.0,0.0,22,-0.95491165,-16.713627,-0.7331286,-0.3892958,-12.508453,2.8199496,-1.6179755,-8.738462,0.9006414,0.81470996,-2.2265146,8.335754,-4.4807467,0.5888155,7.7611628,-0.9520861,-0.1932009,-1.404308,0.0,0.0,0.0,0.0,22,-0.8330001,-16.28884,-0.74799967,-0.35000035,-12.36,2.64,-1.53,-8.594999,0.90000004,0.78000003,-2.14,8.04,-4.44,0.53999996,7.6499996,-0.92,-0.120000005,-1.44,0.0,0.0,0.0,0.0,22,0.3439345,-7.4536233,-0.13299328,0.16189453,0.8289716,0.78652865,-0.14500168,-0.6296077,-0.44802037,-0.5768396,0.20937179,1.5012577,-0.6176644,0.64268404,1.157105,0.46494275,0.25258416,-0.14595816,0.0,0.0,0.0,0.0,22,-0.8330001,-16.28884,-0.74799967,-0.35000035,-3.6666667,9.973333,0.055555556,-3.4,0.85555553,0.2888889,-1.6722223,-1.7866666,-2.2133334,-5.4555554,3.35,0.32777777,0.85,0.81666666,0.0,0.0,0.0,0.0
186,3.7214985559985507,1789462734.2958903,-0.002440651,0.020092022,-0.0047351345,0.000795421,0.0056533813,-80.026375,-96.10744,-100.12522,-90.01898,0.024417114,0.0010162353,-0.0066719055,79.988815,96.06305,100.12946,90.02899,-0.007168579,0.00034332275,0.0,0.0,0.0,0.0,0.0,0.0,-0.0,0.0,0.0,0.0,0.0,0.0,-0.059999086,-0.0,0.0,0.0,-0.049999237,0.059999086,0.0,0.0,-0.0,-0.0,0.0,0.0,0.0,0.0,-0.002440651,0.019990789,-0.004160664,0.000809018,0.0056877136,-80.02635,-96.10741,-100.12524,-90.01897,0.024458313,0.0010437012,-0.0067634583,79.98893,96.06304,100.12945,90.02901,-0.007168579,0.00035705566,0.0,0.0,0.0,0.0,22,-0.9307526,-16.666151,-0.73232645,-0.3892915,-12.502329,2.7992318,-1.5410306,-8.7333,0.95383966,0.82467973,-2.1715217,8.309344,-4.277409,0.4851354,7.689526,-0.95165795,-0.20197195,-1.4503493,0.0,0.0,0.0,0.0,22,-0.5950001,-16.077295,-0.74799967,-0.32500035,-12.48,2.64,-1.5749999,-8.684999,0.92,0.8,-2.14,8.16,-4.44,0.53999996,7.605,-0.92,-0.22,-1.4200001,0.0,0.0,0.0,0.0,22,0.3365807,-7.4742913,-0.13339436,0.1618924,0.8279437,0.7943184,-0.15610418,-0.63270575,-0.44854656,-0.58300287,0.20875485,1.5122415,-0.6420124,0.6628388,1.1636331,0.46538913,0.2556165,-0.15051574,0.0,0.0,0.0,0.0,22,-0.5950001,-16.077295,-0.74799967,-0.32500035,-3.8133333,10.053333,0.1,-3.4277778,0.85,0.2888889,-1.65,-1.84,-2.2533333,-5.5055556,3.4166667,0.32222223,0.8833333,0.82222223,0.0,0.0,0.0,0.0
187,3.7414574930007802,1789462734.3158493,-0.002440651,0.020092022,-0.0047351345,0.000795421,0.0056533813,-80.02636,-96.10742,-100.12522,-90.01895,0.024430847,0.0010299683,-0.0066719055,79.98882,96.06308,100.12948,90.02901,-0.007182312,0.00035705566,0.0,0.0,0.0,0.0,0.0,0.0,-0.0,0.0,0.0,0.049999237,0.0,0.059999086,0.059999086,-0.059999086,0.0,0.0,0.0,0.0,0.0,0.0,-0.0,-0.0,0.0,0.0,0.0,0.0,-0.002440651,0.019990789,-0.004160664,0.000809018,0.0056877136,-80.02635,-96.10741,-100.12524,-90.01897,0.024458313,0.0010437012,-0.0067634583,79.98893,96.06304,100.12945,90.02901,-0.007168579,0.00035705566,0.0,0.0,0.0,0.0,22,-1.012384,-16.697767,-0.73152435,-0.38928723,-12.51404,2.6172473,-1.5110557,-8.805961,0.84901917,0.88972574,-2.175877,8.318265,-4.476452,0.58290094,7.691167,-0.9528663,-0.1911236,-1.4501361,0.0,0.0,0.0,0.0,22,-0.8330001,-16.28884,-0.74799967,-0.35000035,-12.36,2.52,-1.485,-8.684999,0.88,0.94,-2.14,8.16,-4.32,0.53999996,7.605,-0.94,-0.18,-1.44,0.0,0.0,0.0,0.0,22,0.36666915,-7.4596786,-0.13379544,0.16189025,0.8347554,0.8095881,-0.16626786,-0.62257606,-0.44936043,-0.5871549,0.21030597,1.5092932,-0.6196474,0.6472464,1.1636267,0.46604466,0.2509127,-0.15154536,0.0,0.0,0.0,0.0,22,-0.8330001,-16.28884,-0.74799967,-0.35000035,-3.8,9.92,0.1388889,-3.3611112,0.87222224,0.32777777,-1.6611111,-1.84,-2.2533333,-5.5055556,3.3777778,0.30555555,0.8833333,0.8277778,0.0,0.0,0.0,0.0
188,3.7614782029995695,1789462734.33587,-0.002440651,0.020092424,-0.0047351345,0.000795421,0.0056533813,-80.026375,-96.10744,-100.125244,-90.01899,0.024417114,0.0010162353,-0.0066719055,79.98882,96.06304,100.12946,90.02901,-0.007168579,0.00035705566,0.0,0.0,0.0,0.0,0.0,0.0,-0.0,0.0,0.0,0.0,0.0,0.0,-0.059999086,-0.059999086,-0.059999086,0.0,0.0,0.0,0.0,0.0,-0.0,-0.0,0.0,0.0,0.0,0.0,-0.002440651,0.019990789,-0.004160664,0.000809018,0.0056877136,-80.02635,-96.10741,-100.12524,-90.01897,0.024458313,0.0010437012,-0.0067634583,79.98893,96.06304,100.12945,90.02901,-0.007168579,0.00035705566,0.0,0.0,0.0,0.0,22,-0.9865706,-16.675398,-0.7307229,-0.38928297,-12.49619,2.7948253,-1.5338148,-8.728344,0.9527497,0.88500226,-2.116948,8.3170595,-4.4754996,0.5860877,7.693211,-0.9524899,-0.19552077,-1.4511448,0.0,0.0,0.0,0.0,22,-0.5950001,-16.077295,-0.74799967,-0.32500035,-12.24,2.76,-1.53,-8.684999,0.88,0.8,-2.14,8.16,-4.32,0.53999996,7.6499996,-0.94,-0.18,-1.44,0.0,0.0,0.0,0.0,22,0.35841486,-7.471958,-0.13419592,0.16188812,0.8244859,0.79729587,-0.16066958,-0.6343179,-0.44716808,-0.58476436,0.20749477,1.5100628,-0.61994076,0.6453296,1.1619955,0.46566996,0.25492853,-0.15053049,0.0,0.0,0.0,0.0,22,-0.5950001,-16.077295,-0.74799967,-0.32500035,-3.7733333,9.96,0.083333336,-3.3888888,0.87222224,0.2888889,-1.6666666,-1.84,-2.3066666,-5.4333334,3.3666666,0.33333334,0.93333334,0.79444444,0.0,0.0,0.0,0.0
189,3.7813814660003118,1789462734.3557734,-0.002440651,0.020092424,-0.0047351345,0.000795421,0.0056648254,-80.026375,-96.10744,-100.12519,-90.01895,0.024458313,0.0010162353,-0.0066719055,79.98882,96.063065,100.12945,90.02901,-0.007182312,0.00034332275,0.0,0.0,0.0,0.0,0.0,0.0,-0.0,0.0,0.0,0.0,0.0,0.059999086,0.0,-0.0,0.0,0.0,0.0,0.0,0.0,0.0,-0.0,-0.0,0.0,0.0,0.0,0.0,-0.002440651,0.019990789,-0.004160664,0.000809018,0.0056877136,-80.02635,-96.10741,-100.12524,-90.01897,0.024458313,0.0010437012,-0.0067634583,79.98893,96.06304,100.12945,90.02901,-0.007168579,0.00035705566,0.0,0.0,0.0,0.0,22,-0.9827372,-16.71022,-0.7299205,-0.38927868,-12.522943,2.8004966,-1.5405647,-8.808446,0.90000457,0.82053727,-2.1759386,8.31644,-4.474201,0.5860401,7.6936936,-0.9525306,-0.19470546,-1.4507396,0.0,0.0,0.0,0.0,22,-0.5950001,-16.077295,-0.6119997,-0.32500035,-12.6,2.64,-1.485,-8.639999,0.90000004,0.76,-2.16,8.28,-4.44,0.585,7.605,-0.92,-0.18,-1.4200001,0.0,0.0,0.0,0.0,22,0.3568438,-7.455201,-0.1345972,0.16188599,0.8364084,0.7946118,-0.15650924,-0.6230618,-0.44773787,-0.58004576,0.21028166,1.510261,-0.6205707,0.6445048,1.1619244,0.4657117,0.25451317,-0.15056705,0.0,0.0,0.0,0.0,22,-0.5950001,-16.077295,-0.6119997,-0.32500035,-3.7466667,10.066667,0.1,-3.4277778,0.87777776,0.31111112,-1.6555556,-1.8266667,-2.28,-5.45,3.3277779,0.31666666,0.8833333,0.8333333,0.0,0.0,0.0,0.0
190,3.8013574319993495,1789462734.3757493,-0.002440651,0.020092424,-0.0047351345,0.000795421,0.0056533813,-80.026375,-96.10745,-100.12524,-90.018936,0.024417114,0.0010299683,-0.0066719055,79.988815,96.06305,100.12945,90.02899,-0.007196045,0.00034332275,0.0,0.0,0.0,0.0,0.0,0.0,-0.0,0.0,0.0,0.0,-0.059999086,0.0,0.0,-0.059999086,0.0,0.0,0.0,0.0,-0.059999086,0.0,-0.0,-0.0,0.0,0.0,0.0,0.0,-0.002440651,0.019990789,-0.004160664,0.000809018,0.0056877136,-80.02635,-96.10741,-100.12524,-90.01897,0.024458313,0.0010437012,-0.0067634583,79.98893,96.06304,100.12945,90.02901,-0.007168579,0.00035705566,0.0,0.0,0.0,0.0,22,-1.011896,-16.703773,-0.7291183,-0.38927442,-12.499215,2.776236,-1.4582229,-8.731397,0.90058845,0.8909316,-2.1697438,8.335036,-4.473021,0.58548313,7.77002,-0.952169,-0.19101882,-1.4542041,0.0,0.0,0.0,0.0,22,-0.5950001,-16.28884,-0.74799967,-0.32500035,-12.6,2.88,-1.4399999,-8.73,0.90000004,0.84000003,-2.16,8.28,-4.32,0.49499997,7.605,-0.92,-0.16,-1.4200001,0.0,0.0,0.0,0.0,22,0.37002704,-7.4584556,-0.13499838,0.16188385,0.8266229,0.8056352,-0.1705002,-0.6341558,-0.4487121,-0.5877107,0.20666593,1.5019368,-0.62017345,0.64545214,1.1502643,0.4656386,0.25122872,-0.15001613,0.0,0.0,0.0,0.0,22,-0.5950001,-16.28884,-0.74799967,-0.32500035,-3.76,9.893333,0.13333334,-3.4,0.87222224,0.2888889,-1.65,-1.8266667,-2.2,-5.483333,3.288889,0.30555555,0.89444447,0.79444444,0.0,0.0,0.0,0.0
191,3.8215110070013907,1789462734.3959029,-0.002440651,0.020092424,-0.0047351345,0.000795421,0.0056648254,-80.026375,-96.10742,-100.125244,-90.01897,0.024499511,0.0010162353,-0.0066833496,79.98882,96.06308,100.12949,90.02901,-0.007168579,0.00037078856,0.0,0.0,0.0,0.0,0.0,0.0,-0.0,0.0,0.0,0.0,0.0,0.0,0.0,0.059999086,0.0,0.0,0.0,0.059999086,0.0,0.0,-0.0,-0.0,0.0,0.0,0.0,0.0,-0.002440651,0.019990789,-0.004160664,0.000809018,0.0056877136,-80.02635,-96.10741,-100.12524,-90.01897,0.024458313,0.0010437012,-0.0067634583,79.98893,96.06304,100.12945,90.02901,-0.007168579,0.00035705566,0.0,0.0,0.0,0.0,22,-0.9485493,-16.680101,-0.7283161,-0.38927016,-12.503927,2.8016894,-1.5431085,-8.732411,0.9012414,0.76415026,-2.1689353,8.314899,-4.4521003,0.5079144,7.6914086,-0.9527601,-0.19927171,-1.4508015,0.0,0.0,0.0,0.0,22,-0.95200014,-16.28884,-0.74799967,-0.35000035,-12.36,2.76,-1.53,-8.73,0.90000004,0.82,-2.16,8.16,-4.44,0.585,7.6499996,-0.94,-0.18,-1.44,0.0,0.0,0.0,0.0,22,0.3400781,-7.469023,-0.1353995,0.16188172,0.8281355,0.7939164,-0.1568652,-0.6327339,-0.4486813,-0.58339304,0.20622447,1.511725,-0.6305713,0.65684307,1.1629015,0.46601552,0.25570852,-0.15120015,0.0,0.0,0.0,0.0,22,-0.95200014,-16.28884,-0.74799967,-0.35000035,-3.7333333,9.96,0.094444446,-3.3888888,0.89444447,0.26666668,-1.6777778,-1.8666667,-2.2666667,-5.4888887,3.3666666,0.36666667,0.8888889,0.81666666,0.0,0.0,0.0,0.0
192,3.8412311259999115,1789462734.415623,-0.002440651,0.020092424,-0.0047351345,0.000795421,0.0056648254,-80.02636,-96.10744,-100.12519,-90.01897,0.024485778,0.0010437012,-0.0066719055,79.98882,96.063065,100.12946,90.02901,-0.007154846,0.00034332275,0.0,0.0,0.0,0.0,0.0,0.0,-0.0,0.0,0.0,0.0,0.0,0.059999086,0.0,0.11999817,0.0,0.0,0.0,0.0,0.0,0.0,-0.0,-0.0,0.0,0.0,0.0,0.0,-0.002440651,0.019990789,-0.004160664,0.000809018,0.0056877136,-80.02635,-96.10741,-100.12524,-90.01897,0.024458313,0.0010437012,-0.0067634583,79.98893,96.06304,100.12945,90.02901,-0.007168579,0.00035705566,0.0,0.0,0.0,0.0,22,-0.97216326,-16.713552,-0.72751397,-0.38926587,-12.52436,2.8042045,-1.5509293,-8.810781,0.899444,0.70255095,-2.1730669,8.313815,-4.4708366,0.58370423,7.6925945,-0.95336986,-0.19444,-1.450684,0.0,0.0,0.0,0.0,22,-0.5950001,-16.28884,-0.6119997,-0.32500035,-12.36,2.76,-1.53,-8.684999,0.88,0.82,-2.14,8.16,-4.32,0.49499997,7.6499996,-0.94,-0.18,-1.4200001,0.0,0.0,0.0,0.0,22,0.35177034,-7.4537587,-0.1358006,0.16187958,0.83771175,0.79205406,-0.15114404,-0.620739,-0.44685754,-0.5799372,0.20672116,1.5115644,-0.62192476,0.6467715,1.1625537,0.46655136,0.25348145,-0.15059361,0.0,0.0,0.0,0.0,22,-0.5950001,-16.28884,-0.6119997,-0.32500035,-3.7333333,10.026667,0.11666667,-3.4444444,0.85555553,0.27222222,-1.6833333,-1.84,-2.24,-5.4333334,3.3666666,0.30555555,0.9166667,0.7722222,0.0,0.0,0.0,0.0
193,3.8614757879986428,1789462734.4358675,-0.002440651,0.020092424,-0.0047351345,0.000795421,0.0056533813,-80.02638,-96.10744,-100.12524,-90.01897,0.024458313,0.0010162353,-0.0066947937,79.98882,96.063065,100.12946,90.02899,-0.0071411133,0.00032958985,0.0,0.0,0.0,0.0,0.0,0.0,-0.0,0.0,0.0,0.0,0.0,0.0,0.0,-0.0,0.0,-0.049999237,0.0,0.0,0.0,0.0,-0.0,-0.0,0.0,0.0,0.0,0.0,-0.002440651,0.019990789,-0.004160664,0.000809018,0.0056877136,-80.02635,-96.10741,-100.12524,-90.01897,0.024458313,0.0010437012,-0.0067634583,79.98893,96.06304,100.12945,90.02901,-0.007168579,0.00035705566,0.0,0.0,0.0,0.0,22,-0.9266457,-16.708567,-0.7267118,-0.3892616,-12.498574,2.8020742,-1.5378435,-8.735918,0.9006623,0.8204441,-2.169203,8.505768,-4.4770136,0.58768404,7.718469,-0.9531678,-0.19536406,-1.4568908,0.0,0.0,0.0,0.0,22,-0.5950001,-16.077295,-0.6119997,-0.32500035,-12.48,2.76,-1.53,-8.684999,0.90000004,0.76,-2.16,8.28,-4.2,0.63,7.6499996,-0.92,-0.16,-1.4200001,0.0,0.0,0.0,0.0,22,0.33895814,-7.4603086,-0.13620168,0.16187744,0.82511765,0.7944446,-0.15905757,-0.6296636,-0.44811508,-0.5799392,0.2065173,1.4891107,-0.62046653,0.6445062,1.1547178,0.46663234,0.25454512,-0.14831756,0.0,0.0,0.0,0.0,22,-0.5950001,-16.077295,-0.6119997,-0.32500035,-3.7333333,9.853333,0.06666667,-3.4277778,0.8833333,0.27222222,-1.6388888,-1.8666667,-2.28,-5.438889,3.3611112,0.32777777,0.9166667,0.78333336,0.0,0.0,0.0,0.0
194,3.8815520700009074,1789462734.4559438,-0.002440651,0.020092424,-0.0047351345,0.000795421,0.0056648254,-80.026375,-96.10744,-100.125244,-90.01895,0.024458313,0.0010299683,-0.0066833496,79.98884,96.06303,100.12946,90.02901,-0.007182312,0.00035705566,0.0,0.0,0.0,0.0,0.0,0.0,-0.0,0.0,0.0,0.0,0.0,0.0,0.0,-0.0,0.0,0.0,0.0,0.0,0.0,0.0,-0.0,-0.0,0.0,0.0,0.0,0.0,-0.002440651,0.019990789,-0.004160664,0.000809018,0.0056877136,-80.02635,-96.10741,-100.12524,-90.01897,0.024458313,0.0010437012,-0.0067634583,79.98893,96.06304,100.12945,90.02901,-0.007168579,0.00035705566,0.0,0.0,0.0,0.0,22,-0.9824689,-16.685867,-0.7259097,-0.38925734,-12.50076,2.8015654,-1.5383363,-8.733757,0.89940816,0.82271445,-2.1691256,8.315107,-4.4711747,0.58404654,7.6919127,-0.9514419,-0.19221066,-1.4534504,0.0,0.0,0.0,0.0,22,-0.5950001,-16.077295,-0.74799967,-0.32500035,-12.48,2.76,-1.53,-8.73,0.88,0.86,-2.16,8.16,-4.44,0.585,7.605,-0.92,-0.18,-1.44,0.0,0.0,0.0,0.0,22,0.35702476,-7.4664373,-0.13660274,0.16187531,0.8255998,0.7929731,-0.15851699,-0.6314068,-0.4471615,-0.58220404,0.2060933,1.5112339,-0.62238276,0.6476845,1.1632167,0.46462318,0.25206408,-0.14816779,0.0,0.0,0.0,0.0,22,-0.5950001,-16.077295,-0.74799967,-0.32500035,-3.7333333,9.92,0.094444446,-3.4444444,0.87222224,0.25555557,-1.6777778,-1.76,-2.24,-5.4722223,3.3777778,0.3,0.8611111,0.85555553,0.0,0.0,0.0,0.0
195,3.90173718799997,1789462734.476129,-0.002440651,0.020092826,-0.0047351345,0.000795421,0.0056648254,-80.026375,-96.10745,-100.125206,-90.01898,0.024485778,0.0010437012,-0.0066719055,79.98882,96.06304,100.12946,90.02899,-0.007154846,0.00032958985,0.0,0.0,0.0,0.0,0.0,0.0,-0.0,0.0,0.0,0.0,0.0,0.11999817,0.0,0.059999086,0.0,0.0,0.0,0.0,0.0,0.0,-0.0,-0.0,0.0,0.0,0.0,0.0,-0.002440651,0.019990789,-0.004160664,0.000809018,0.0056877136,-80.02635,-96.10741,-100.12524,-90.01897,0.024458313,0.0010437012,-0.0067634583,79.98893,96.06304,100.12945,90.02901,-0.007168579,0.00035705566,0.0,0.0,0.0,0.0,22,-0.9799274,-16.74079,-0.72508806,-0.38925296,-12.5407915,2.8088467,-1.5454248,-8.885059,0.9011686,0.7632927,-2.1813135,8.311546,-4.46751,0.5822541,7.6923847,-0.95272744,-0.19322285,-1.4507725,0.0,0.0,0.0,0.0,22,-0.8330001,-16.28884,-0.74799967,-0.35000035,-12.36,2.64,-1.4399999,-8.684999,0.90000004,0.8,-2.16,8.16,-4.44,0.49499997,7.6499996,-0.92,-0.16,-1.44,0.0,0.0,0.0,0.0,22,0.35629225,-7.441224,-0.1370134,0.16187312,0.84406054,0.7896513,-0.15352273,-0.6107265,-0.44828352,-0.5821105,0.2120729,1.5125073,-0.6232479,0.6490236,1.1627175,0.46620616,0.2522933,-0.15011343,0.0,0.0,0.0,0.0,22,-0.8330001,-16.28884,-0.74799967,-0.35000035,-3.72,9.866667,0.08888889,-3.4333334,0.87222224,0.28333333,-1.6611111,-1.88,-2.1866667,-5.411111,3.3722222,0.3,0.9222222,0.8,0.0,0.0,0.0,0.0
196,3.9213099000007787,1789462734.4957018,-0.002440651,0.020092826,-0.0047351345,0.000795421,0.0056648254,-80.026375,-96.10742,-100.12524,-90.01895,0.02444458,0.0010437012,-0.0066833496,79.988815,96.063065,100.12946,90.02901,-0.007168579,0.00034332275,0.0,0.0,0.0,0.0,0.0,0.0,-0.0,0.0,0.0,0.0,0.0,0.0,0.0,-0.0,0.0,0.0,0.0,0.0,0.0,0.0,-0.0,-0.0,0.0,0.0,0.0,0.0,-0.002440651,0.019990789,-0.004160664,0.000809018,0.0056877136,-80.02635,-96.10741,-100.12524,-90.01897,0.024458313,0.0010437012,-0.0067634583,79.98893,96.06304,100.12945,90.02901,-0.007168579,0.00035705566,0.0,0.0,0.0,0.0,22,-0.982644,-16.686905,-0.72430587,-0.3892488,-12.500018,2.7992535,-1.5419735,-8.735303,0.8998781,0.82297826,-2.1700082,8.312811,-4.463584,0.5821587,7.690983,-0.9522282,-0.19514467,-1.4516516,0.0,0.0,0.0,0.0,22,-0.8330001,-16.28884,-0.6119997,-0.32500035,-12.48,2.76,-1.4399999,-8.684999,0.88,0.78000003,-2.16,8.28,-4.56,0.49499997,7.6499996,-0.92,-0.16,-1.44,0.0,0.0,0.0,0.0,22,0.35725006,-7.4659467,-0.13740459,0.16187103,0.82509923,0.79551256,-0.15522088,-0.630293,-0.44763222,-0.582066,0.20663175,1.5126333,-0.62440443,0.6482555,1.1641091,0.4654092,0.25461087,-0.14958586,0.0,0.0,0.0,0.0,22,-0.8330001,-16.28884,-0.6119997,-0.32500035,-3.7866666,9.933333,0.094444446,-3.4333334,0.8888889,0.34444445,-1.65,-1.8266667,-2.2533333,-5.5111113,3.3333333,0.35555556,0.9166667,0.8111111,0.0,0.0,0.0,0.0
197,3.941553508000652,1789462734.5159454,-0.002440651,0.020092826,-0.0047351345,0.000795421,0.0056648254,-80.026375,-96.10741,-100.12524,-90.01897,0.024513245,0.0010299683,-0.0066719055,79.98882,96.06305,100.12946,90.029015,-0.007168579,0.00034332275,0.0,0.0,0.0,0.0,0.0,0.0,-0.0,0.0,0.0,0.0,0.0,0.0,0.0,0.11999817,0.0,0.0,0.0,0.0,0.0,0.0,-0.0,-0.0,0.0,0.0,0.0,0.0,-0.002440651,0.019990789,-0.004160664,0.000809018,0.0056877136,-80.02635,-96.10741,-100.12524,-90.01897,0.024458313,0.0010437012,-0.0067634583,79.98893,96.06304,100.12945,90.02901,-0.007168579,0.00035705566,0.0,0.0,0.0,0.0,22,-0.9711726,-16.68995,-0.72348356,-0.3892444,-12.50173,2.8059983,-1.5511206,-8.73484,0.8992847,0.69998574,-2.167953,8.309731,-4.4644537,0.5838752,7.690021,-0.95208126,-0.19396615,-1.4523702,0.0,0.0,0.0,0.0,22,-0.95200014,-16.28884,-0.74799967,-0.35000035,-12.48,2.88,-1.485,-8.684999,0.86,0.8,-2.14,8.16,-4.32,0.45,7.6499996,-0.92,-0.18,-1.44,0.0,0.0,0.0,0.0,22,0.35126674,-7.4642777,-0.13781576,0.16186884,0.8264428,0.7917755,-0.1515976,-0.63075304,-0.44671115,-0.5781484,0.2049449,1.5134265,-0.62496686,0.64695734,1.1650528,0.4649645,0.2534445,-0.14885853,0.0,0.0,0.0,0.0,22,-0.95200014,-16.28884,-0.74799967,-0.35000035,-3.8,9.946667,0.12777779,-3.4055555,0.8833333,0.2888889,-1.6444445,-1.7866666,-2.2666667,-5.4444447,3.3666666,0.36666667,0.84444445,0.79444444,0.0,0.0,0.0,0.0
198,3.9611470509989886,1789462734.535539,-0.002440651,0.020092826,-0.0047351345,0.000795421,0.0056648254,-80.026375,-96.10744,-100.12522,-90.01898,0.02444458,0.0010299683,-0.0066719055,79.98884,96.063065,100.12945,90.02901,-0.007168579,0.00034332275,0.0,0.0,0.0,0.0,0.0,0.0,-0.0,0.0,0.0,0.0,0.0,0.0,0.0,-0.0,0.0,0.0,0.0,0.0,-0.059999086,0.0,-0.0,-0.0,0.0,0.0,0.0,0.0,-0.002440651,0.019990789,-0.004160664,0.000809018,0.0056877136,-80.02635,-96.10741,-100.12524,-90.01897,0.024458313,0.0010437012,-0.0067634583,79.98893,96.06304,100.12945,90.02901,-0.007168579,0.00035705566,0.0,0.0,0.0,0.0,22,-0.98179305,-16.714985,-0.7227015,-0.38924024,-12.501051,2.8004317,-1.5397781,-8.735083,0.8989435,0.82024634,-2.1668253,8.328754,-4.4678955,0.5823457,7.766521,-0.9531433,-0.19341792,-1.457599,0.0,0.0,0.0,0.0,22,-0.5950001,-16.077297,-0.6119997,-0.35000035,-12.36,2.76,-1.5749999,-8.775,0.88,0.86,-2.14,8.28,-4.44,0.53999996,7.6949997,-0.92,-0.16,-1.48,0.0,0.0,0.0,0.0,22,0.3568339,-7.4528575,-0.13820684,0.16186677,0.8263854,0.7945775,-0.15690765,-0.63093877,-0.44609648,-0.5793218,0.20382276,1.5047073,-0.6241767,0.6480516,1.1536484,0.46631634,0.25289983,-0.14654517,0.0,0.0,0.0,0.0,22,-0.5950001,-16.077297,-0.6119997,-0.35000035,-3.76,9.986667,0.10555556,-3.4333334,0.8611111,0.24444444,-1.6555556,-1.92,-2.3333333,-5.4555554,3.3333333,0.3888889,0.9111111,0.8055556,0.0,0.0,0.0,0.0
199,3.981531810000888,1789462734.5559237,-0.002440651,0.020092826,-0.0047351345,0.000795421,0.0056533813,-80.026375,-96.10747,-100.12524,-90.01899,0.02444458,0.0010437012,-0.0066833496,79.98882,96.06304,100.12946,90.029015,-0.007168579,0.00034332275,0.0,0.0,0.0,0.0,0.0,0.0,-0.0,0.0,0.0,0.0,0.0,0.0,-0.059999086,-0.0,0.0,0.0,0.0,0.0,0.0,0.0,-0.0,-0.0,0.0,0.0,0.0,0.0,-0.002440651,0.019990789,-0.004160664,0.000809018,0.0056877136,-80.02635,-96.10741,-100.12524,-90.01897,0.024458313,0.0010437012,-0.0067634583,79.98893,96.06304,100.12945,90.02901,-0.007168579,0.00035705566,0.0,0.0,0.0,0.0,22,-0.98234975,-16.689064,-0.72189933,-0.38923597,-12.498231,2.8002973,-1.5395697,-8.733112,0.9520747,0.82354164,-2.168792,8.310044,-4.461901,0.5842906,7.690603,-0.9537781,-0.19253281,-1.45268,0.0,0.0,0.0,0.0,22,-0.8330001,-16.077297,-0.6119997,-0.32500035,-12.24,2.64,-1.62,-8.73,0.86,0.8,-2.16,8.16,-4.68,0.53999996,7.6499996,-0.94,-0.18,-1.4200001,0.0,0.0,0.0,0.0,22,0.35684824,-7.464611,-0.13860793,0.16186462,0.82551044,0.79482514,-0.15615526,-0.6325186,-0.44649714,-0.5825891,0.20543884,1.5140802,-0.6262148,0.64693516,1.1644517,0.4666612,0.252027,-0.14852868,0.0,0.0,0.0,0.0,22,-0.8330001,-16.077297,-0.6119997,-0.32500035,-3.68,9.893333,0.12777779,-3.4333334,0.85555553,0.2611111,-1.6888889,-1.9333333,-2.1866667,-5.427778,3.3666666,0.37222221,0.8833333,0.8,0.0,0.0,0.0,0.0
200,4.001438396000594,1789462734.5758302,-0.002440651,0.020092826,-0.0047351345,0.000795421,0.0056648254,-80.02636,-96.10742,-100.12524,-90.01895,0.024472047,0.0010437012,-0.0066833496,79.98882,96.063065,100.12948,90.02901,-0.007182312,0.00034332275,0.0,0.0,0.0,0.0,0.0,0.0,-0.0,0.0,0.0,0.0,0.0,0.0,0.0,0.059999086,0.0,0.0,0.0,0.0,0.0,0.0,-0.0,-0.0,0.0,0.0,0.0,0.0,-0.002440651,0.019990789,-0.004160664,0.000809018,0.0056877136,-80.02635,-96.10741,-100.12524,-90.01897,0.024458313,0.0010437012,-0.0067634583,79.98893,96.06304,100.12945,90.02901,-0.007168579,0.00035705566,0.0,0.0,0.0,0.0,22,-0.97609204,-16.691301,-0.72109723,-0.3892317,-12.501637,2.8018744,-1.5457026,-8.731511,0.89977837,0.76551485,-2.1686282,8.309276,-4.458892,0.58425367,7.689666,-0.95137113,-0.1907559,-1.451049,0.0,0.0,0.0,0.0,22,-0.8330001,-16.28884,-0.6119997,-0.32500035,-12.36,2.76,-1.4399999,-8.73,0.86,0.82,-2.16,8.28,-4.44,0.49499997,7.6499996,-0.92,-0.18,-1.4200001,0.0,0.0,0.0,0.0,22,0.35343716,-7.4631624,-0.139009,0.1618625,0.8269819,0.7927279,-0.15389009,-0.63408905,-0.4475183,-0.5839166,0.20528546,1.5144032,-0.62855035,0.6461085,1.1649463,0.46455565,0.2506496,-0.15014856,0.0,0.0,0.0,0.0,22,-0.8330001,-16.28884,-0.6119997,-0.32500035,-3.7733333,9.893333,0.072222225,-3.3277779,0.87222224,0.2611111,-1.6555556,-1.8933333,-2.3066666,-5.4055557,3.3833334,0.33333334,0.8611111,0.8333333,0.0,0.0,0.0,0.0
201,4.021435709000798,1789462734.5958273,-0.002440651,0.020093227,-0.0047351345,0.000795421,0.0056648254,-80.02636,-96.10745,-100.12526,-90.01898,0.024472047,0.0010437012,-0.0066719055,79.98882,96.06305,100.12945,90.02899,-0.007182312,0.00035705566,0.0,0.0,0.0,0.0,0.0,0.0,-0.0,0.0,0.0,0.0,0.0,-0.059999086,0.0,0.059999086,0.0,0.0,0.0,0.0,0.0,-0.059999086,-0.0,-0.0,0.0,0.0,0.0,0.0,-0.002440651,0.019990789,-0.004160664,0.000809018,0.0056877136,-80.02635,-96.10741,-100.12524,-90.01897,0.024458313,0.0010437012,-0.0067634583,79.98893,96.06304,100.12945,90.02901,-0.007168579,0.00035705566,0.0,0.0,0.0,0.0,22,-0.9766545,-16.664629,-0.72029406,-0.38922742,-12.480793,2.7996979,-1.5448557,-8.6551,0.90126705,0.7622054,-2.1627152,8.305869,-4.458408,0.58395815,7.6924434,-0.8997447,-0.19399913,-1.4527149,0.0,0.0,0.0,0.0,22,-0.5950001,-16.077297,-0.6119997,-0.35000035,-12.36,2.76,-1.5749999,-8.73,0.90000004,0.72,-2.14,8.28,-4.32,0.53999996,7.6499996,-0.98,-0.22,-1.44,0.0,0.0,0.0,0.0,22,0.3543523,-7.475665,-0.13941117,0.16186036,0.8169983,0.7938212,-0.15383884,-0.64498436,-0.4484219,-0.5806005,0.20230623,1.5155318,-0.62837344,0.646888,1.1629658,0.46566385,0.25392073,-0.14883184,0.0,0.0,0.0,0.0,22,-0.5950001,-16.077297,-0.6119997,-0.35000035,-3.7866666,9.8133335,0.1,-3.4,0.8666667,0.3,-1.6444445,-1.8133334,-2.3066666,-5.4333334,3.3611112,0.32777777,0.8888889,0.81666666,0.0,0.0,0.0,0.0
202,4.041029072999663,1789462734.6154208,-0.002440651,0.020093227,-0.0047351345,0.000795421,0.0056648254,-80.026375,-96.10744,-100.12522,-90.01897,0.02444458,0.0010437012,-0.0066719055,79.98882,96.063065,100.12946,90.029015,-0.007182312,0.00035705566,0.0,0.0,0.0,0.0,0.0,0.0,-0.0,0.0,0.0,0.0,0.0,0.0,0.0,-0.059999086,0.0,0.0,0.0,0.0,0.0,0.0,-0.0,-0.0,0.0,0.0,0.0,0.0,-0.002440651,0.019990789,-0.004160664,0.000809018,0.0056877136,-80.02635,-96.10741,-100.12524,-90.01897,0.024458313,0.0010437012,-0.0067634583,79.98893,96.06304,100.12945,90.02901,-0.007168579,0.00035705566,0.0,0.0,0.0,0.0,22,-0.9877407,-16.690012,-0.7194925,-0.38922316,-12.49911,2.7987354,-1.5361278,-8.732064,0.89946556,0.8841672,-2.1691895,8.305088,-4.4570374,0.5849956,7.6905756,-0.9510398,-0.19356167,-1.4530529,0.0,0.0,0.0,0.0,22,-0.8330001,-16.077297,-0.6119997,-0.32500035,-12.36,2.76,-1.485,-8.73,0.88,0.82,-2.16,8.16,-4.44,0.53999996,7.605,-0.92,-0.16,-1.4200001,0.0,0.0,0.0,0.0,22,0.35956416,-7.463917,-0.1398117,0.16185822,0.8252152,0.79534566,-0.15782638,-0.63397884,-0.44693986,-0.58466876,0.20586231,1.515877,-0.6290781,0.6453298,1.164431,0.46392697,0.2534737,-0.14848639,0.0,0.0,0.0,0.0,22,-0.8330001,-16.077297,-0.6119997,-0.32500035,-3.6933334,10.04,0.11111111,-3.4444444,0.8666667,0.2888889,-1.65,-1.88,-2.1866667,-5.383333,3.4055555,0.35555556,0.9777778,0.8333333,0.0,0.0,0.0,0.0
203,4.061555167001643,1789462734.635947,-0.002440651,0.020093227,-0.0047351345,0.000795421,0.0056648254,-80.026375,-96.10745,-100.12524,-90.01899,0.02444458,0.0010025024,-0.0066833496,79.988815,96.06305,100.12946,90.02901,-0.007182312,0.00037078856,0.0,0.0,0.0,0.0,0.0,0.0,-0.0,0.0,0.0,0.0,0.0,0.0,-0.059999086,-0.0,-0.059999086,0.0,-0.049999237,0.0,0.0,0.0,-0.0,-0.0,0.0,0.0,0.0,0.0,-0.002440651,0.019990789,-0.004160664,0.000809018,0.0056877136,-80.02635,-96.10741,-100.12524,-90.01897,0.024458313,0.0010437012,-0.0067634583,79.98893,96.06304,100.12945,90.02901,-0.007168579,0.00035705566,0.0,0.0,0.0,0.0,22,-0.95815164,-16.675592,-0.7186706,-0.38921878,-12.494162,2.8026137,-1.5423881,-8.729973,0.95214236,0.83124363,-2.1125798,8.298946,-4.2753897,0.5586017,7.687482,-0.9511793,-0.19657949,-1.4512637,0.0,0.0,0.0,0.0,22,-0.5950001,-16.077297,-0.6119997,-0.35000035,-12.36,2.64,-1.62,-8.73,0.88,0.76,-2.16,8.16,-4.32,0.53999996,7.6499996,-0.88,-0.16,-1.4200001,0.0,0.0,0.0,0.0,22,0.34990147,-7.469532,-0.14022249,0.16185603,0.82229185,0.79279184,-0.15359919,-0.6331777,-0.4465629,-0.59027046,0.20361997,1.5179988,-0.6434553,0.65437615,1.165457,0.46454594,0.25374225,-0.15016314,0.0,0.0,0.0,0.0,22,-0.5950001,-16.077297,-0.6119997,-0.35000035,-3.7066667,10.0,0.06111111,-3.4,0.8611111,0.25555557,-1.6277778,-1.8266667,-2.1733334,-5.477778,3.3833334,0.29444444,0.8888889,0.85,0.0,0.0,0.0,0.0
204,4.081461870999192,1789462734.6558537,-0.002440651,0.020093227,-0.0047351345,0.000795421,0.0056648254,-80.026375,-96.10744,-100.12524,-90.01898,0.024485778,0.0010437012,-0.0066719055,79.98882,96.06304,100.12946,90.02898,-0.007168579,0.00035705566,0.0,0.0,0.0,0.0,0.0,0.0,-0.0,0.0,0.0,0.0,0.0,0.0,0.0,-0.0,0.0,0.0,0.0,-0.059999086,0.0,-0.059999086,-0.0,-0.0,0.0,0.0,0.0,0.0,-0.002440651,0.019990789,-0.004160664,0.000809018,0.0056877136,-80.02635,-96.10741,-100.12524,-90.01897,0.024458313,0.0010437012,-0.0067634583,79.98893,96.06304,100.12945,90.02901,-0.007168579,0.00035705566,0.0,0.0,0.0,0.0,22,-1.0090039,-16.697237,-0.7178887,-0.3892146,-12.49825,2.8030317,-1.5405918,-8.734419,0.8991898,0.82724893,-2.16904,8.305642,-4.474008,0.6597983,7.6895146,-0.8999727,-0.18725492,-1.4515018,0.0,0.0,0.0,0.0,22,-0.5950001,-16.28884,-0.74799967,-0.35000035,-12.48,2.52,-1.53,-8.684999,0.88,0.8,-2.2,8.16,-4.44,0.49499997,7.6499996,-0.92,-0.16,-1.4200001,0.0,0.0,0.0,0.0,22,0.36932358,-7.4606676,-0.14061336,0.16185395,0.8243589,0.792714,-0.15584476,-0.63120854,-0.44634873,-0.58747256,0.2057306,1.5154458,-0.6215364,0.6367282,1.1654427,0.46611392,0.24979483,-0.15001822,0.0,0.0,0.0,0.0,22,-0.5950001,-16.28884,-0.74799967,-0.35000035,-3.8,10.053333,0.072222225,-3.3333333,0.85555553,0.29444444,-1.6722223,-1.8533334,-2.24,-5.4666667,3.3166666,0.32222223,0.9388889,0.8,0.0,0.0,0.0,0.0
205,4.101202688001649,1789462734.6755946,-0.002440651,0.020093227,-0.0047351345,0.000795421,0.0056648254,-80.026375,-96.10744,-100.125244,-90.01897,0.02444458,0.0010025024,-0.0066833496,79.98882,96.063065,100.12943,90.029015,-0.007182312,0.00035705566,0.0,0.0,0.0,0.0,0.0,0.0,-0.0,0.0,0.0,0.0,0.0,0.0,0.0,-0.0,0.0,0.0,0.0,0.0,-0.059999086,0.0,-0.0,-0.0,0.0,0.0,0.0,0.0,-0.002440651,0.019990789,-0.004160664,0.000809018,0.0056877136,-80.02635,-96.10741,-100.12524,-90.01897,0.024458313,0.0010437012,-0.0067634583,79.98893,96.06304,100.12945,90.02901,-0.007168579,0.00035705566,0.0,0.0,0.0,0.0,22,-0.9807613,-16.718588,-0.7170867,-0.38921034,-12.497707,2.803058,-1.5387915,-8.733846,0.89805275,0.82277274,-2.169883,8.32461,-4.4550605,0.5846232,7.767097,-0.9525526,-0.19451906,-1.457191,0.0,0.0,0.0,0.0,22,-0.8330001,-16.077297,-0.74799967,-0.32500035,-12.36,2.76,-1.4399999,-8.684999,0.92,0.74,-2.2,8.16,-4.32,0.53999996,7.6499996,-0.92,-0.16,-1.4200001,0.0,0.0,0.0,0.0,22,0.35582235,-7.4511366,-0.14101432,0.16185181,0.8239505,0.79280955,-0.15760693,-0.6313551,-0.44550616,-0.5818059,0.20766446,1.5075951,-0.6302497,0.6456431,1.153408,0.46542728,0.25444636,-0.147247,0.0,0.0,0.0,0.0,22,-0.8330001,-16.077297,-0.74799967,-0.32500035,-3.6266668,10.08,0.13333334,-3.3611112,0.8666667,0.33333334,-1.6722223,-1.8133334,-2.2666667,-5.422222,3.3888888,0.35,0.8055556,0.8333333,0.0,0.0,0.0,0.0
206,4.121398917999613,1789462734.6957908,-0.002440651,0.020093227,-0.0047351345,0.000795421,0.0056648254,-80.026375,-96.10744,-100.12524,-90.019005,0.024417114,0.0010162353,-0.0066833496,79.98882,96.06304,100.12948,90.029015,-0.007168579,0.00034332275,0.0,0.0,0.0,0.0,0.0,0.0,-0.0,0.0,0.0,0.0,0.0,-0.059999086,-0.059999086,-0.059999086,0.0,0.0,0.0,0.0,0.0,0.0,-0.0,-0.0,0.0,0.0,0.0,0.0,-0.002440651,0.019990789,-0.004160664,0.000809018,0.0056877136,-80.02635,-96.10741,-100.12524,-90.01897,0.024458313,0.0010437012,-0.0067634583,79.98893,96.06304,100.12945,90.02901,-0.007168579,0.00035705566,0.0,0.0,0.0,0.0,22,-0.9868082,-16.665253,-0.71628463,-0.38920608,-12.477649,2.7978878,-1.5346044,-8.658292,0.9531812,0.8842459,-2.1630483,8.304034,-4.4536314,0.5848133,7.689902,-0.951856,-0.19374199,-1.4498831,0.0,0.0,0.0,0.0,22,-0.8330001,-16.077297,-0.6119997,-0.35000035,-12.6,2.76,-1.53,-8.73,0.84000003,0.82,-2.14,8.16,-4.32,0.53999996,7.605,-0.92,-0.18,-1.38,0.0,0.0,0.0,0.0,22,0.3590273,-7.475332,-0.14141533,0.16184968,0.81495494,0.7954677,-0.15911826,-0.64270365,-0.44732898,-0.5839193,0.20340145,1.5170106,-0.62984157,0.6462844,1.164633,0.46474138,0.2532872,-0.15125881,0.0,0.0,0.0,0.0,22,-0.8330001,-16.077297,-0.6119997,-0.35000035,-3.7333333,9.893333,0.05,-3.4388888,0.85555553,0.30555555,-1.6611111,-1.8666667,-2.28,-5.422222,3.3777778,0.29444444,0.85555553,0.8277778,0.0,0.0,0.0,0.0
207,4.141525531998923,1789462734.7159173,-0.002440651,0.020093227,-0.0047351345,0.000795421,0.0056648254,-80.026375,-96.10744,-100.12522,-90.01898,0.024430847,0.0010299683,-0.0066719055,79.98882,96.06308,100.12945,90.02901,-0.007182312,0.00034332275,0.0,0.0,0.0,0.0,0.0,0.0,-0.0,0.0,0.0,0.0,0.0,0.0,-0.059999086,-0.059999086,0.0,0.0,0.0,0.0,0.0,0.0,-0.0,-0.0,0.0,0.0,0.0,0.0,-0.002440651,0.019990789,-0.004160664,0.000809018,0.0056877136,-80.02635,-96.10741,-100.12524,-90.01897,0.024458313,0.0010437012,-0.0067634583,79.98893,96.06304,100.12945,90.02901,-0.007168579,0.00035705566,0.0,0.0,0.0,0.0,22,-0.98726255,-16.692654,-0.71548253,-0.3892018,-12.4965725,2.8002234,-1.5337557,-8.73416,0.9520445,0.8811511,-2.1684577,8.30129,-4.4512796,0.5850536,7.690491,-0.9502071,-0.19400738,-1.4489702,0.0,0.0,0.0,0.0,22,-0.5950001,-16.28884,-0.6119997,-0.35000035,-12.24,2.76,-1.485,-8.73,0.86,0.78000003,-2.16,8.16,-4.32,0.63,7.6949997,-0.88,-0.16,-1.44,0.0,0.0,0.0,0.0,22,0.3590265,-7.462641,-0.14181636,0.16184755,0.8232732,0.7944456,-0.15992753,-0.6319415,-0.4467771,-0.58121336,0.20553067,1.5175008,-0.63152325,0.64473623,1.1648717,0.4633928,0.25394696,-0.15216564,0.0,0.0,0.0,0.0,22,-0.5950001,-16.28884,-0.6119997,-0.35000035,-3.8933334,9.906667,0.11666667,-3.4277778,0.85,0.2888889,-1.6777778,-1.8666667,-2.2133334,-5.4722223,3.3888888,0.31666666,0.8388889,0.85555553,0.0,0.0,0.0,0.0
208,4.161262018998968,1789462734.7356539,-0.002440651,0.02009363,-0.0047351345,0.000795421,0.0056648254,-80.0264,-96.10744,-100.12524,-90.01897,0.024403382,0.0010162353,-0.0066719055,79.98882,96.06308,100.12948,90.029015,-0.007182312,0.000302124,0.0,0.0,0.0,0.0,0.0,0.0,-0.0,0.0,0.0,-0.049999237,0.0,0.0,0.0,-0.059999086,0.0,0.0,0.0,0.059999086,0.0,0.0,-0.059999086,-0.11999817,0.0,0.0,0.0,0.0,-0.002440651,0.019990789,-0.004160664,0.000809018,0.0056877136,-80.02635,-96.10741,-100.12524,-90.01897,0.024458313,0.0010437012,-0.0067634583,79.98893,96.06304,100.12945,90.02901,-0.007168579,0.00035705566,0.0,0.0,0.0,0.0,22,-0.94227844,-16.687363,-0.7146794,-0.38919753,-12.504376,2.9837322,-1.5587832,-8.734932,0.8998875,0.8772448,-2.1717577,8.289946,-4.4320884,0.51355726,7.679111,-0.9486906,-0.13988666,-1.3413727,0.0,0.0,0.0,0.0,22,-0.5950001,-16.28884,-0.74799967,-0.35000035,-12.36,2.88,-1.53,-8.684999,0.88,0.78000003,-2.14,8.16,-4.56,0.49499997,7.6499996,-0.92,-0.16,-1.4200001,0.0,0.0,0.0,0.0,22,0.3425068,-7.4670033,-0.14221852,0.1618454,0.8258224,0.77974737,-0.15269072,-0.6327887,-0.44718677,-0.5792895,0.2087403,1.5232991,-0.6403059,0.65346414,1.1703563,0.46161988,0.25538978,-0.1521056,0.0,0.0,0.0,0.0,22,-0.5950001,-16.28884,-0.74799967,-0.35000035,-3.84,9.986667,0.06111111,-3.3777778,0.90555555,0.26666668,-1.6611111,-1.9333333,-2.16,-5.4333334,3.3833334,0.32222223,0.90555555,0.8111111,0.0,0.0,0.0,0.0
209,4.181473103999451,1789462734.7558649,-0.002440651,0.02009363,-0.0047351345,0.000795421,0.0056533813,-80.026375,-96.10744,-100.12524,-90.01897,0.02444458,0.0010162353,-0.0066719055,79.98884,96.06305,100.12945,90.02901,-0.007196045,0.00035705566,0.0,0.0,0.0,0.0,0.0,0.0,-0.0,0.0,0.0,0.0,0.0,0.0,0.0,-0.0,0.0,0.0,0.0,0.0,0.0,0.0,-0.059999086,-0.0,0.0,0.0,0.0,0.0,-0.002440651,0.019990789,-0.004160664,0.000809018,0.0056877136,-80.02635,-96.10741,-100.12524,-90.01897,0.024458313,0.0010437012,-0.0067634583,79.98893,96.06304,100.12945,90.02901,-0.007168579,0.00035705566,0.0,0.0,0.0,0.0,22,-0.9872079,-16.695936,-0.71387786,-0.38919327,-12.496131,2.804244,-1.5392194,-8.732124,0.90034163,0.82385916,-2.1706295,8.299963,-4.4538264,0.5904016,7.6898336,-0.9502628,-0.13332723,-1.4508995,0.0,0.0,0.0,0.0,22,-0.8330001,-16.077297,-0.6119997,-0.35000035,-12.48,2.64,-1.53,-8.73,0.88,0.82,-2.16,8.16,-4.32,0.53999996,7.605,-0.94,-0.18,-1.4200001,0.0,0.0,0.0,0.0,22,0.35902178,-7.4609895,-0.14261903,0.16184327,0.82469714,0.7920877,-0.15700911,-0.6335175,-0.44779217,-0.5828731,0.20809025,1.5181925,-0.6312299,0.64277846,1.1655035,0.4634302,0.25222963,-0.1505824,0.0,0.0,0.0,0.0,22,-0.8330001,-16.077297,-0.6119997,-0.35000035,-3.7866666,9.973333,0.03888889,-3.4333334,0.87777776,0.28333333,-1.65,-1.8,-2.1866667,-5.422222,3.4166667,0.30555555,0.87222224,0.82222223,0.0,0.0,0.0,0.0
210,4.201493256001413,1789462734.775885,-0.002440651,0.02009363,-0.0047351345,0.000795421,0.0056648254,-80.026375,-96.10742,-100.12522,-90.01895,0.024458313,0.0010437012,-0.0066719055,79.98884,96.06305,100.12948,90.02901,-0.007182312,0.00035705566,0.0,0.0,0.0,0.0,0.0,0.0,-0.0,0.0,0.0,0.0,0.0,0.0,0.0,0.059999086,0.0,0.0,0.0,-0.059999086,0.0,0.0,-0.0,-0.0,0.0,0.0,0.0,0.0,-0.002440651,0.019990789,-0.004160664,0.000809018,0.0056877136,-80.02635,-96.10741,-100.12524,-90.01897,0.024458313,0.0010437012,-0.0067634583,79.98893,96.06304,100.12945,90.02901,-0.007168579,0.00035705566,0.0,0.0,0.0,0.0,22,-1.0027851,-16.700472,-0.713056,-0.3891889,-12.498656,2.8063025,-1.5471509,-8.735393,0.8970747,0.76041025,-2.1727533,8.300077,-4.4678016,0.6632767,7.6894073,-0.95203435,-0.18675897,-1.4522414,0.0,0.0,0.0,0.0,22,-0.95200014,-16.28884,-0.74799967,-0.32500035,-12.36,2.64,-1.5749999,-8.73,0.86,0.74,-2.16,8.28,-4.32,0.53999996,7.6499996,-0.92,-0.18,-1.4,0.0,0.0,0.0,0.0,22,0.3659416,-7.459637,-0.1430298,0.16184108,0.8252606,0.7915946,-0.15203372,-0.6306836,-0.44481188,-0.5783709,0.20950308,1.5183778,-0.625887,0.6326138,1.1650784,0.46514308,0.24971084,-0.14922866,0.0,0.0,0.0,0.0,22,-0.95200014,-16.28884,-0.74799967,-0.32500035,-3.68,9.826667,0.11111111,-3.4166667,0.87777776,0.26666668,-1.6611111,-1.88,-2.2266667,-5.4666667,3.35,0.2888889,0.9111111,0.8,0.0,0.0,0.0,0.0
211,4.221467807001318,1789462734.7958598,-0.002440651,0.02009363,-0.0047351345,0.000795421,0.0056533813,-80.026375,-96.10744,-100.12526,-90.01898,0.024430847,0.0010299683,-0.0066719055,79.98882,96.06304,100.12943,90.029015,-0.007154846,0.00035705566,0.0,0.0,0.0,0.0,0.0,0.0,-0.0,0.0,0.0,0.0,0.0,-0.059999086,0.0,-0.0,0.0,0.0,0.0,0.0,0.0,0.0,0.059999086,-0.0,0.0,0.0,0.0,0.0,-0.002440651,0.019990789,-0.004160664,0.000809018,0.0056877136,-80.02635,-96.10741,-100.12524,-90.01897,0.024458313,0.0010437012,-0.0067634583,79.98893,96.06304,100.12945,90.02901,-0.007168579,0.00035705566,0.0,0.0,0.0,0.0,22,-0.9755592,-16.666218,-0.71227413,-0.3891847,-12.475423,2.8010347,-1.5404011,-8.6597595,0.900694,0.8166367,-2.1640928,8.296732,-4.4422126,0.58125496,7.692338,-0.9525001,-0.24964805,-1.4506046,0.0,0.0,0.0,0.0,22,-0.8330001,-16.28884,-0.6119997,-0.32500035,-12.24,2.64,-1.485,-8.73,0.88,0.84000003,-2.1200001,8.16,-4.44,0.53999996,7.605,-0.94,-0.16,-1.4200001,0.0,0.0,0.0,0.0,22,0.3533598,-7.4757066,-0.14342067,0.161839,0.81497824,0.79432094,-0.15575084,-0.6403661,-0.4478542,-0.57524943,0.20414457,1.5200361,-0.63654155,0.6471381,1.1633997,0.46540323,0.25027734,-0.15085778,0.0,0.0,0.0,0.0,22,-0.8330001,-16.28884,-0.6119997,-0.32500035,-3.8,9.933333,0.10555556,-3.3833334,0.81666666,0.2777778,-1.65,-1.7733333,-2.2666667,-5.411111,3.3777778,0.31111112,0.9388889,0.7888889,0.0,0.0,0.0,0.0
212,4.241597878000903,1789462734.8159897,-0.002440651,0.02009363,-0.0047351345,0.000795421,0.0056533813,-80.02638,-96.10745,-100.125244,-90.01897,0.02444458,0.0010437012,-0.0066833496,79.98882,96.063065,100.12945,90.029015,-0.007182312,0.00035705566,0.0,0.0,0.0,0.0,0.0,0.0,-0.0,0.0,0.0,0.0,0.0,0.0,0.0,-0.059999086,0.0,0.0,0.0,0.0,0.0,0.0,-0.0,-0.0,0.0,0.0,0.0,0.0,-0.002440651,0.019990789,-0.004160664,0.000809018,0.0056877136,-80.02635,-96.10741,-100.12524,-90.01897,0.024458313,0.0010437012,-0.0067634583,79.98893,96.06304,100.12945,90.02901,-0.007168579,0.00035705566,0.0,0.0,0.0,0.0,22,-0.98765653,-16.69425,-0.711452,-0.38918033,-12.493866,2.8018234,-1.5352719,-8.735569,0.897545,0.87932265,-2.169314,8.29979,-4.4443393,0.5832132,7.6900754,-0.952676,-0.19061856,-1.4502907,0.0,0.0,0.0,0.0,22,-0.5950001,-16.28884,-0.6119997,-0.35000035,-12.36,2.64,-1.53,-8.684999,0.86,0.82,-2.14,8.16,-4.32,0.49499997,7.6499996,-0.92,-0.16,-1.4200001,0.0,0.0,0.0,0.0,22,0.3595053,-7.462383,-0.14383166,0.1618368,0.8230772,0.79552686,-0.1578449,-0.6296606,-0.44500378,-0.57977146,0.2060872,1.5186139,-0.63517714,0.6468724,1.1652269,0.46556616,0.25059462,-0.15116428,0.0,0.0,0.0,0.0,22,-0.5950001,-16.28884,-0.6119997,-0.35000035,-3.7733333,9.96,0.06666667,-3.461111,0.8833333,0.29444444,-1.6388888,-1.8133334,-2.2666667,-5.477778,3.3444445,0.28333333,0.9111111,0.79444444,0.0,0.0,0.0,0.0
213,4.261605491999944,1789462734.8359973,-0.002440651,0.02009363,-0.0047351345,0.000795421,0.0056533813,-80.02636,-96.10742,-100.12522,-90.01897,0.02444458,0.0010299683,-0.0066719055,79.98884,96.06305,100.12946,90.02901,-0.007182312,0.00031585695,0.0,0.0,0.0,0.0,0.0,0.0,-0.0,0.0,0.0,0.049999237,0.0,0.0,0.0,-0.059999086,-0.059999086,0.0,0.0,0.0,0.0,0.0,-0.0,-0.059999086,0.0,0.0,0.0,0.0,-0.002440651,0.019990789,-0.004160664,0.000809018,0.0056877136,-80.02635,-96.10741,-100.12524,-90.01897,0.024458313,0.0010437012,-0.0067634583,79.98893,96.06304,100.12945,90.02901,-0.007168579,0.00035705566,0.0,0.0,0.0,0.0,22,-1.0123127,-16.674198,-0.71064997,-0.38917607,-12.482483,2.6191218,-1.5095389,-8.727807,0.89692634,0.88703173,-2.1111827,8.291797,-4.4450703,0.58335495,7.68557,-0.95262915,-0.193942,-1.3932328,0.0,0.0,0.0,0.0,22,-0.8330001,-16.28884,-0.74799967,-0.35000035,-12.36,2.76,-1.5749999,-8.73,0.88,0.82,-2.14,8.28,-4.44,0.53999996,7.6499996,-0.94,-0.18,-1.4200001,0.0,0.0,0.0,0.0,22,0.3669781,-7.470242,-0.14423268,0.16183467,0.81937975,0.809417,-0.16661651,-0.63369566,-0.44454223,-0.5847131,0.20207414,1.5221686,-0.6356552,0.64714986,1.1667777,0.46581224,0.25392726,-0.15384635,0.0,0.0,0.0,0.0,22,-0.8330001,-16.28884,-0.74799967,-0.35000035,-3.76,9.773334,0.1,-3.4555554,0.8666667,0.26666668,-1.6611111,-1.76,-2.2533333,-5.477778,3.4,0.3,0.8888889,0.79444444,0.0,0.0,0.0,0.0
214,4.281467281001824,1789462734.8558593,-0.002440651,0.02009363,-0.0047351345,0.000795421,0.0056648254,-80.026375,-96.10742,-100.125206,-90.01897,0.024472047,0.0010574341,-0.0066833496,79.98884,96.06303,100.12946,90.029015,-0.007168579,0.00034332275,0.0,0.0,0.0,0.0,0.0,0.0,-0.0,0.0,0.0,0.0,0.059999086,0.0,0.0,0.059999086,0.059999086,0.0,0.0,-0.059999086,0.0,0.0,-0.0,-0.0,0.0,0.0,0.0,0.0,-0.002440651,0.019990789,-0.004160664,0.000809018,0.0056877136,-80.02635,-96.10741,-100.12524,-90.01897,0.024458313,0.0010437012,-0.0067634583,79.98893,96.06304,100.12945,90.02901,-0.007168579,0.00035705566,0.0,0.0,0.0,0.0,22,-0.97772425,-16.715553,-0.70986795,-0.3891719,-12.503417,2.824844,-1.6218038,-8.739814,0.89876896,0.754694,-2.2229707,8.298697,-4.4630404,0.65950876,7.6894326,-0.95365596,-0.18754973,-1.4486768,0.0,0.0,0.0,0.0,22,-0.8330001,-16.28884,-0.74799967,-0.32500035,-12.48,2.64,-1.53,-8.684999,0.86,0.8,-2.18,8.16,-4.44,0.53999996,7.6499996,-0.92,-0.18,-1.4200001,0.0,0.0,0.0,0.0,22,0.35494623,-7.451363,-0.14462367,0.16183259,0.8273683,0.7844547,-0.14250536,-0.629212,-0.44613838,-0.576017,0.20611623,1.5198549,-0.62803715,0.63715696,1.1654285,0.46647176,0.25013915,-0.1523985,0.0,0.0,0.0,0.0,22,-0.8330001,-16.28884,-0.74799967,-0.32500035,-3.7066667,9.946667,0.13333334,-3.4444444,0.87777776,0.28333333,-1.6611111,-1.76,-2.1866667,-5.45,3.338889,0.31666666,0.9,0.75,0.0,0.0,0.0,0.0
215,4.301311901999725,1789462734.8757038,-0.002440651,0.020094031,-0.0047351345,0.000795421,0.0056648254,-80.02638,-96.10741,-100.12524,-90.01898,0.024430847,0.0010437012,-0.0066604614,79.988815,96.06304,100.12948,90.02901,-0.007168579,0.00034332275,0.0,0.0,0.0,0.0,0.0,0.0,-0.0,0.0,0.0,0.0,0.059999086,0.0,0.0,-0.0,0.059999086,0.0,0.0,-0.059999086,0.0,-0.059999086,-0.0,-0.0,0.0,0.0,0.0,0.0,-0.002440651,0.019990789,-0.004160664,0.000809018,0.0056877136,-80.02635,-96.10741,-100.12524,-90.01897,0.024458313,0.0010437012,-0.0067634583,79.98893,96.06304,100.12945,90.02901,-0.007168579,0.00035705566,0.0,0.0,0.0,0.0,22,-0.98268026,-16.714718,-0.7090665,-0.38916764,-12.50248,2.8259206,-1.6173457,-8.737429,0.8994099,0.8186733,-2.2241857,8.294983,-4.4559608,0.66161454,7.6871433,-0.8981672,-0.18713385,-1.4494491,0.0,0.0,0.0,0.0,22,-0.5950001,-16.28884,-0.6119997,-0.35000035,-12.24,2.76,-1.53,-8.684999,0.88,0.88,-2.14,8.16,-4.2,0.49499997,7.56,-0.92,-0.16,-1.4200001,0.0,0.0,0.0,0.0,22,0.35708287,-7.451888,-0.14502414,0.16183046,0.8268081,0.78417754,-0.1447775,-0.6307566,-0.44648904,-0.5802566,0.20770139,1.5194464,-0.6302525,0.6346672,1.1672282,0.46371734,0.24974613,-0.15161094,0.0,0.0,0.0,0.0,22,-0.5950001,-16.28884,-0.6119997,-0.35000035,-3.76,9.84,0.15555556,-3.3777778,0.87777776,0.25555557,-1.6666666,-1.9066666,-2.24,-5.388889,3.3277779,0.35555556,0.9111111,0.8277778,0.0,0.0,0.0,0.0
216,4.321451542000432,1789462734.8958433,-0.002440651,0.020094031,-0.0047351345,0.000795421,0.0056533813,-80.026375,-96.10742,-100.125244,-90.01895,0.02444458,0.0010162353,-0.0066833496,79.98884,96.06308,100.12945,90.029015,-0.007196045,0.00032958985,0.0,0.0,0.0,0.0,0.0,0.0,-0.0,0.0,0.0,0.0,0.0,0.0,0.0,-0.0,0.0,0.0,0.0,0.0,0.0,0.0,-0.0,-0.0,0.0,0.0,0.0,0.0,-0.002440651,0.019990789,-0.004160664,0.000809018,0.0056877136,-80.02635,-96.10741,-100.12524,-90.01897,0.024458313,0.0010437012,-0.0067634583,79.98893,96.06304,100.12945,90.02901,-0.007168579,0.00035705566,0.0,0.0,0.0,0.0,22,-0.9814764,-16.697998,-0.7082642,-0.38916335,-12.493061,2.8027914,-1.5406646,-8.733429,0.8985888,0.8242029,-2.1706758,8.2948885,-4.4406023,0.58431053,7.690487,-0.950693,-0.19365136,-1.4502306,0.0,0.0,0.0,0.0,22,-0.5950001,-16.077297,-0.6119997,-0.35000035,-12.12,2.52,-1.53,-8.684999,0.88,0.8,-2.14,8.28,-4.32,0.53999996,7.6499996,-0.94,-0.16,-1.4200001,0.0,0.0,0.0,0.0,22,0.35609037,-7.460271,-0.14542541,0.16182832,0.82251877,0.7943633,-0.15568142,-0.6318105,-0.44631958,-0.58318216,0.20821361,1.5217791,-0.6384273,0.6452974,1.1647587,0.46358725,0.25405234,-0.15046409,0.0,0.0,0.0,0.0,22,-0.5950001,-16.077297,-0.6119997,-0.35000035,-3.7866666,9.986667,0.094444446,-3.4166667,0.90555555,0.27222222,-1.6277778,-1.88,-2.2,-5.422222,3.3666666,0.43333334,0.9111111,0.8277778,0.0,0.0,0.0,0.0
217,4.341369363999547,1789462734.9157612,-0.002440651,0.020094031,-0.0047351345,0.000795421,0.0056648254,-80.02638,-96.10744,-100.125244,-90.01895,0.024430847,0.0010162353,-0.0066833496,79.988815,96.063065,100.12948,90.029015,-0.007168579,0.00034332275,0.0,0.0,0.0,0.0,0.0,0.0,-0.0,0.0,0.0,0.0,0.0,-0.059999086,0.0,-0.0,0.0,0.0,0.0,0.0,0.0,0.0,-0.0,-0.0,0.0,0.0,0.0,0.0,-0.002440651,0.019990789,-0.004160664,0.000809018,0.0056877136,-80.02635,-96.10741,-100.12524,-90.01897,0.024458313,0.0010437012,-0.0067634583,79.98893,96.06304,100.12945,90.02901,-0.007168579,0.00035705566,0.0,0.0,0.0,0.0,22,-0.9812939,-16.671503,-0.70746195,-0.38915908,-12.475623,2.803896,-1.5404193,-8.657514,0.90069354,0.82429177,-2.1649656,8.293533,-4.4359293,0.5827422,7.6913605,-0.95180905,-0.19457437,-1.4508679,0.0,0.0,0.0,0.0,22,-0.8330001,-16.28884,-0.6119997,-0.35000035,-12.36,2.88,-1.485,-8.73,0.90000004,0.82,-2.16,8.16,-4.44,0.585,7.605,-0.92,-0.18,-1.4200001,0.0,0.0,0.0,0.0,22,0.35636616,-7.4725933,-0.14582658,0.16182618,0.8140908,0.79428107,-0.15545902,-0.6430608,-0.44843245,-0.5828693,0.20543596,1.5226797,-0.63827235,0.6472556,1.1630182,0.46470115,0.25419268,-0.15017511,0.0,0.0,0.0,0.0,22,-0.8330001,-16.28884,-0.6119997,-0.35000035,-3.7733333,9.826667,0.072222225,-3.4,0.87777776,0.26666668,-1.6611111,-1.9466667,-2.3866668,-5.477778,3.4277778,0.31111112,0.8388889,0.8611111,0.0,0.0,0.0,0.0
218,4.361564301998442,1789462734.9359562,-0.002440651,0.020094031,-0.0047351345,0.000795421,0.0056762695,-80.026375,-96.10742,-100.12522,-90.01897,0.024485778,0.0010574341,-0.0066719055,79.98884,96.06304,100.12945,90.02899,-0.007168579,0.00034332275,0.0,0.0,0.0,0.0,0.0,0.0,-0.0,0.0,0.0,0.0,0.0,0.0,0.0,0.059999086,0.0,0.0,0.0,0.0,0.0,-0.059999086,-0.0,-0.0,0.0,0.0,0.0,0.0,-0.002440651,0.019990789,-0.004160664,0.000809018,0.0056877136,-80.02635,-96.10741,-100.12524,-90.01897,0.024458313,0.0010437012,-0.0067634583,79.98893,96.06304,100.12945,90.02901,-0.007168579,0.00035705566,0.0,0.0,0.0,0.0,22,-0.977706,-16.700855,-0.7066397,-0.3891547,-12.496638,2.8078399,-1.5445651,-8.734692,0.9003194,0.76143175,-2.1707618,8.291366,-4.4387784,0.58398145,7.690349,-0.89926016,-0.19233938,-1.4500942,0.0,0.0,0.0,0.0,22,-0.5950001,-16.28884,-0.74799967,-0.32500035,-12.36,2.64,-1.5749999,-8.684999,0.88,0.84000003,-2.14,8.16,-4.32,0.49499997,7.605,-0.94,-0.18,-1.4200001,0.0,0.0,0.0,0.0,22,0.3549311,-7.458515,-0.14623773,0.16182399,0.82241905,0.7910077,-0.15426435,-0.63141304,-0.44773623,-0.5801369,0.20723309,1.5225718,-0.6390068,0.64694226,1.1648272,0.46518335,0.25198826,-0.15094015,0.0,0.0,0.0,0.0,22,-0.5950001,-16.28884,-0.74799967,-0.32500035,-3.72,9.946667,0.12777779,-3.411111,0.8666667,0.27222222,-1.65,-1.7866666,-2.28,-5.4888887,3.4222221,0.29444444,0.87777776,0.8055556,0.0,0.0,0.0,0.0
219,4.381536327000504,1789462734.955928,-0.002440651,0.020094031,-0.0047351345,0.000795421,0.0056648254,-80.026375,-96.10745,-100.12524,-90.01898,0.02444458,0.0010574341,-0.0066833496,79.988846,96.063065,100.12948,90.02901,-0.007196045,0.00035705566,0.0,0.0,0.0,0.0,0.0,0.0,-0.0,0.0,0.0,0.0,0.0,0.0,0.0,-0.0,0.059999086,0.0,0.0,0.0,0.0,0.0,-0.059999086,-0.0,0.0,0.0,0.0,0.0,-0.002440651,0.019990789,-0.004160664,0.000809018,0.0056877136,-80.02635,-96.10741,-100.12524,-90.01897,0.024458313,0.0010437012,-0.0067634583,79.98893,96.06304,100.12945,90.02901,-0.007168579,0.00035705566,0.0,0.0,0.0,0.0,22,-0.98877513,-16.706877,-0.7058376,-0.38915044,-12.498221,2.8067474,-1.5376557,-8.738284,0.8991159,0.8184714,-2.227129,8.293362,-4.443723,0.5867957,7.688844,-0.9517316,-0.13049828,-1.4508797,0.0,0.0,0.0,0.0,22,-0.8330001,-16.28884,-0.6119997,-0.32500035,-12.36,2.52,-1.5749999,-8.639999,0.86,0.8,-2.14,8.04,-4.32,0.53999996,7.6499996,-0.92,-0.16,-1.4200001,0.0,0.0,0.0,0.0,22,0.36048734,-7.4555774,-0.14663883,0.16182186,0.82405955,0.7909891,-0.15770184,-0.62990004,-0.44625106,-0.5774335,0.21032721,1.5222381,-0.6369986,0.645753,1.1655103,0.46490607,0.24947324,-0.15050729,0.0,0.0,0.0,0.0,22,-0.8330001,-16.28884,-0.6119997,-0.32500035,-3.6533334,9.96,0.12222222,-3.4,0.8666667,0.26666668,-1.6388888,-1.84,-2.3466666,-5.4333334,3.338889,0.33333334,0.90555555,0.8277778,0.0,0.0,0.0,0.0
220,4.401586632000544,1789462734.9759786,-0.002440651,0.020094031,-0.0047351345,0.000795421,0.0056648254,-80.02636,-96.10744,-100.12524,-90.01897,0.02444458,0.0010574341,-0.0066833496,79.98882,96.063065,100.12946,90.029045,-0.007168579,0.00035705566,0.0,0.0,0.0,0.0,0.0,0.0,-0.0,0.0,0.0,0.0,0.0,0.0,0.0,-0.059999086,0.059999086,0.0,0.0,0.059999086,0.0,0.11999817,-0.0,-0.0,0.0,0.0,0.0,0.0,-0.002440651,0.019990789,-0.004160664,0.000809018,0.0056877136,-80.02635,-96.10741,-100.12524,-90.01897,0.024458313,0.0010437012,-0.0067634583,79.98893,96.06304,100.12945,90.02901,-0.007168579,0.00035705566,0.0,0.0,0.0,0.0,22,-0.96131957,-16.699436,-0.70503545,-0.38914615,-12.498281,2.8021643,-1.5313706,-8.740081,0.9009041,0.8794841,-2.2265854,8.290141,-4.415777,0.50600994,7.689884,-1.0572742,-0.19969174,-1.4477652,0.0,0.0,0.0,0.0,22,-0.8330001,-16.28884,-0.6119997,-0.32500035,-12.24,2.52,-1.53,-8.73,0.90000004,0.68,-2.14,8.16,-4.44,0.585,7.515,-0.92,-0.18,-1.4200001,0.0,0.0,0.0,0.0,22,0.3473743,-7.4593186,-0.14703989,0.16181973,0.8245003,0.79217136,-0.16180524,-0.62810993,-0.4483517,-0.579895,0.20979662,1.5237858,-0.6479366,0.6584868,1.1649411,0.46477503,0.2563042,-0.15361302,0.0,0.0,0.0,0.0,22,-0.8330001,-16.28884,-0.6119997,-0.32500035,-3.8533332,9.933333,0.11111111,-3.411111,0.89444447,0.27222222,-1.6555556,-1.8133334,-2.24,-5.4333334,3.3888888,0.34444445,0.8833333,0.82222223,0.0,0.0,0.0,0.0
221,4.421449773999484,1789462734.9958415,-0.002440651,0.020094031,-0.0047351345,0.000795421,0.0056648254,-80.02636,-96.10741,-100.12522,-90.01898,0.024430847,0.0010437012,-0.0066833496,79.98884,96.06305,100.12948,90.029015,-0.007196045,0.00034332275,0.0,0.0,0.0,0.0,0.0,0.0,-0.0,0.0,0.0,0.0,0.0,0.0,0.0,-0.059999086,0.0,0.0,0.0,0.0,0.059999086,0.0,-0.0,-0.0,0.0,0.0,0.0,0.0,-0.002440651,0.019990789,-0.004160664,0.000809018,0.0056877136,-80.02635,-96.10741,-100.12524,-90.01897,0.024458313,0.0010437012,-0.0067634583,79.98893,96.06304,100.12945,90.02901,-0.007168579,0.00035705566,0.0,0.0,0.0,0.0,22,-0.9891492,-16.673105,-0.7042534,-0.389142,-12.493828,2.8017893,-1.5323855,-8.734757,0.9004035,0.8765472,-2.171216,8.271014,-4.4310474,0.58219355,7.615119,-0.9518306,-0.19258371,-1.4442296,0.0,0.0,0.0,0.0,22,-0.47600007,-16.077297,-0.6119997,-0.32500035,-12.6,2.88,-1.53,-8.684999,0.88,0.8,-2.16,8.28,-4.2,0.53999996,7.605,-0.92,-0.16,-1.4200001,0.0,0.0,0.0,0.0,22,0.36050874,-7.4715314,-0.14743093,0.16181764,0.82231903,0.7924514,-0.16160728,-0.63136005,-0.447548,-0.5765611,0.20807602,1.5327437,-0.6437352,0.6481812,1.1745213,0.46473166,0.2530273,-0.15385188,0.0,0.0,0.0,0.0,22,-0.47600007,-16.077297,-0.6119997,-0.32500035,-3.76,9.893333,0.08888889,-3.4055555,0.8333333,0.2888889,-1.6666666,-1.8,-2.24,-5.4166665,3.4166667,0.37222221,0.89444447,0.7888889,0.0,0.0,0.0,0.0
222,4.441548671999044,1789462735.0159407,-0.002440651,0.020094031,-0.0047351345,0.000795421,0.0056648254,-80.026375,-96.10744,-100.12522,-90.01895,0.024430847,0.0010025024,-0.0066719055,79.98884,96.06305,100.12946,90.02899,-0.007182312,0.00032958985,0.0,0.0,0.0,0.0,0.0,0.0,-0.0,0.0,0.0,0.0,0.0,0.0,0.0,-0.11999817,0.0,0.0,0.0,0.0,0.059999086,0.0,-0.0,-0.0,0.0,0.0,0.0,0.0,-0.002440651,0.019990789,-0.004160664,0.000809018,0.0056877136,-80.02635,-96.10741,-100.12524,-90.01897,0.024458313,0.0010437012,-0.0067634583,79.98893,96.06304,100.12945,90.02901,-0.007168579,0.00035705566,0.0,0.0,0.0,0.0,22,-0.9949481,-16.671951,-0.7034513,-0.38913772,-12.492491,2.799035,-1.5287191,-8.7367325,0.8998924,0.9403032,-2.1688929,8.268074,-4.429821,0.5830754,7.615494,-0.9540071,-0.19323777,-1.4425533,0.0,0.0,0.0,0.0,22,-0.5950001,-16.28884,-0.74799967,-0.35000035,-12.36,2.76,-1.4399999,-8.73,0.88,0.78000003,-2.14,8.16,-4.2,0.49499997,7.6499996,-0.94,-0.18,-1.4200001,0.0,0.0,0.0,0.0,22,0.36353168,-7.472403,-0.14783199,0.16181551,0.8213591,0.7959806,-0.16182321,-0.6293903,-0.4476491,-0.5817597,0.20684354,1.5334203,-0.6443557,0.6472766,1.1745474,0.46750617,0.2532926,-0.1551593,0.0,0.0,0.0,0.0,22,-0.5950001,-16.28884,-0.74799967,-0.35000035,-3.7733333,9.986667,0.11111111,-3.3944445,0.8888889,0.2611111,-1.6666666,-1.84,-2.2933333,-5.427778,3.4055555,0.29444444,0.9111111,0.7888889,0.0,0.0,0.0,0.0
223,4.461724307999248,1789462735.0361161,-0.002440651,0.020094432,-0.0047351345,0.000795421,0.0056648254,-80.02638,-96.10744,-100.12524,-90.01898,0.02444458,0.0010162353,-0.0066833496,79.98882,96.06305,100.12945,90.02903,-0.007182312,0.00034332275,0.0,0.0,0.0,0.0,0.0,0.0,-0.0,0.0,0.0,0.0,0.0,0.0,0.0,-0.0,-0.059999086,0.0,0.0,0.0,0.0,0.059999086,-0.0,-0.0,0.0,0.0,0.0,0.0,-0.002440651,0.019990789,-0.004160664,0.000809018,0.0056877136,-80.02635,-96.10741,-100.12524,-90.01897,0.024458313,0.0010437012,-0.0067634583,79.98893,96.06304,100.12945,90.02901,-0.007168579,0.00035705566,0.0,0.0,0.0,0.0,22,-0.9816263,-16.696648,-0.7026486,-0.38913345,-12.489128,2.8064923,-1.538538,-8.73009,0.90044785,0.8219827,-2.112637,8.289474,-4.4315314,0.5837705,7.690308,-1.0068408,-0.19385323,-1.4487172,0.0,0.0,0.0,0.0,22,-0.8330001,-16.077297,-0.74799967,-0.32500035,-12.36,2.76,-1.5749999,-8.73,0.88,0.82,-2.16,8.28,-4.44,0.63,7.6499996,-0.94,-0.16,-1.44,0.0,0.0,0.0,0.0,22,0.35638398,-7.460746,-0.14823373,0.16181336,0.81979036,0.7933921,-0.15710165,-0.6331127,-0.4475721,-0.5809267,0.20352153,1.5241644,-0.64114493,0.6464963,1.1648691,0.46699995,0.25389352,-0.15227221,0.0,0.0,0.0,0.0,22,-0.8330001,-16.077297,-0.74799967,-0.32500035,-3.7733333,10.0,0.094444446,-3.3555555,0.85555553,0.2777778,-1.6833333,-1.88,-2.1466668,-5.4333334,3.3722222,0.2777778,0.87222224,0.8055556,0.0,0.0,0.0,0.0
224,4.4817586290009785,1789462735.0561504,-0.002440651,0.020094432,-0.0047351345,0.000795421,0.0056648254,-80.026375,-96.10741,-100.12522,-90.01897,0.02444458,0.0010437012,-0.0066719055,79.98884,96.06304,100.12943,90.02901,-0.007196045,0.00032958985,0.0,0.0,0.0,0.0,0.0,0.0,-0.0,0.0,0.0,0.0,0.059999086,0.0,0.0,-0.0,0.0,0.0,0.0,-0.059999086,-0.059999086,0.0,-0.0,-0.0,0.0,0.0,0.0,0.0,-0.002440651,0.019990789,-0.004160664,0.000809018,0.0056877136,-80.02635,-96.10741,-100.12524,-90.01897,0.024458313,0.0010437012,-0.0067634583,79.98893,96.06304,100.12945,90.02901,-0.007168579,0.00035705566,0.0,0.0,0.0,0.0,22,-0.98125297,-16.740639,-0.70182675,-0.38912907,-12.495215,2.8254597,-1.6162363,-8.735216,0.90084726,0.81753474,-2.167596,8.3060465,-4.455047,0.66038644,7.7652826,-0.95360905,-0.18704756,-1.4548961,0.0,0.0,0.0,0.0,22,-0.8330001,-16.28884,-0.6119997,-0.32500035,-12.48,2.64,-1.4399999,-8.684999,0.90000004,0.82,-2.14,8.28,-4.2,0.49499997,7.605,-0.94,-0.16,-1.44,0.0,0.0,0.0,0.0,22,0.35629025,-7.4401026,-0.14864446,0.16181117,0.82283676,0.7833965,-0.14551243,-0.63093317,-0.4482201,-0.5794665,0.20448215,1.517034,-0.6310576,0.6356807,1.1549575,0.46671632,0.25049928,-0.1486486,0.0,0.0,0.0,0.0,22,-0.8330001,-16.28884,-0.6119997,-0.32500035,-3.6666667,9.8133335,0.055555556,-3.4444444,0.87777776,0.2611111,-1.6722223,-1.8533334,-2.32,-5.411111,3.2833333,0.35,0.87777776,0.79444444,0.0,0.0,0.0,0.0
225,4.501480088998505,1789462735.075872,-0.002440651,0.020094432,-0.0047351345,0.000795421,0.0056533813,-80.02638,-96.10741,-100.12524,-90.01897,0.02444458,0.0010299683,-0.0066719055,79.98884,96.06304,100.12945,90.02901,-0.007168579,0.00034332275,0.0,0.0,0.0,0.0,0.0,0.0,-0.0,0.0,0.0,0.0,0.0,0.0,0.0,-0.0,0.0,0.0,0.0,0.0,0.0,0.0,-0.0,-0.0,0.0,0.0,0.0,0.0,-0.002440651,0.019990789,-0.004160664,0.000809018,0.0056877136,-80.02635,-96.10741,-100.12524,-90.01897,0.024458313,0.0010437012,-0.0067634583,79.98893,96.06304,100.12945,90.02901,-0.007168579,0.00035705566,0.0,0.0,0.0,0.0,22,-0.98077,-16.702845,-0.70104486,-0.3891249,-12.491697,2.8093262,-1.5383245,-8.734546,0.90047437,0.8237106,-2.16778,8.283949,-4.4316297,0.5859428,7.6914177,-0.95176387,-0.1941596,-1.448693,0.0,0.0,0.0,0.0,22,-0.8330001,-16.28884,-0.6119997,-0.32500035,-12.6,2.76,-1.53,-8.73,0.88,0.88,-2.14,8.28,-4.32,0.63,7.6499996,-0.94,-0.22,-1.44,0.0,0.0,0.0,0.0,22,0.3553603,-7.4578934,-0.14903532,0.1618091,0.8222765,0.79104817,-0.15809079,-0.6311604,-0.44791052,-0.58264655,0.2050429,1.5269662,-0.64193964,0.6448003,1.163693,0.46495768,0.25384077,-0.15227553,0.0,0.0,0.0,0.0,22,-0.8330001,-16.28884,-0.6119997,-0.32500035,-3.8666666,9.88,0.08888889,-3.3777778,0.87222224,0.2888889,-1.6444445,-1.88,-2.2133334,-5.427778,3.3833334,0.3611111,0.9,0.8333333,0.0,0.0,0.0,0.0
226,4.521552948001045,1789462735.0959446,-0.002440651,0.020094432,-0.0047351345,0.000795421,0.0056648254,-80.026375,-96.10741,-100.12524,-90.01895,0.024472047,0.0010299683,-0.0066833496,79.98884,96.06305,100.12946,90.02901,-0.007209778,0.00035705566,0.0,0.0,0.0,0.0,0.0,0.0,-0.0,0.0,0.0,0.0,0.0,0.0,0.0,-0.0,0.0,0.0,0.0,0.0,0.0,0.0,-0.059999086,-0.0,0.0,0.0,0.0,0.0,-0.002440651,0.019990789,-0.004160664,0.000809018,0.0056877136,-80.02635,-96.10741,-100.12524,-90.01897,0.024458313,0.0010437012,-0.0067634583,79.98893,96.06304,100.12945,90.02901,-0.007168579,0.00035705566,0.0,0.0,0.0,0.0,22,-0.9865313,-16.704903,-0.7002429,-0.38912064,-12.492953,2.8086917,-1.5378187,-8.735337,0.9016255,0.82248455,-2.1679382,8.2867,-4.4335,0.59014887,7.6892657,-0.9532529,-0.1327937,-1.4484317,0.0,0.0,0.0,0.0,22,-0.5950001,-16.28884,-0.6119997,-0.32500035,-12.24,2.76,-1.485,-8.73,0.90000004,0.76,-2.14,8.04,-4.32,0.63,7.605,-0.94,-0.18,-1.4200001,0.0,0.0,0.0,0.0,22,0.35836434,-7.456653,-0.14943627,0.16180696,0.82183075,0.7896922,-0.15854941,-0.6303778,-0.44936395,-0.5822068,0.20520689,1.5258614,-0.6409091,0.6427269,1.1654062,0.46643132,0.2522204,-0.15288855,0.0,0.0,0.0,0.0,22,-0.5950001,-16.28884,-0.6119997,-0.32500035,-3.6666667,9.92,0.08888889,-3.4333334,0.9,0.3,-1.65,-1.9066666,-2.2266667,-5.427778,3.3222222,0.31666666,0.8888889,0.82222223,0.0,0.0,0.0,0.0
227,4.5414943610012415,1789462735.115886,-0.002440651,0.020094432,-0.0047351345,0.0007920218,0.0056648254,-80.026375,-96.10745,-100.125206,-90.01892,0.024430847,0.0010437012,-0.0066719055,79.98884,96.06304,100.12948,90.02901,-0.007168579,0.00032958985,0.0,0.0,0.0,0.0,0.0,0.0,-0.0,0.0,0.0,0.0,-0.059999086,0.059999086,0.059999086,-0.0,0.0,0.0,0.0,0.0,0.059999086,0.0,-0.0,-0.0,0.0,0.0,0.0,0.0,-0.002440651,0.019990789,-0.004160664,0.000809018,0.0056877136,-80.02635,-96.10741,-100.12524,-90.01897,0.024458313,0.0010437012,-0.0067634583,79.98893,96.06304,100.12945,90.02901,-0.007168579,0.00035705566,0.0,0.0,0.0,0.0,22,-1.0099789,-16.698568,-0.6994408,-0.38909793,-12.510551,2.7906585,-1.4602145,-8.812205,0.8470277,0.8306247,-2.1706707,8.263339,-4.42749,0.5845492,7.614166,-0.9534156,-0.19351114,-1.4433905,0.0,0.0,0.0,0.0,22,-0.5950001,-16.28884,-0.74799967,-0.35000035,-12.36,2.88,-1.53,-8.775,0.90000004,0.8,-2.14,8.28,-4.32,0.585,7.6499996,-0.92,-0.16,-1.38,0.0,0.0,0.0,0.0,22,0.36948365,-7.4597673,-0.14983727,0.1618042,0.8298459,0.7983043,-0.16958532,-0.61898535,-0.44784778,-0.5861693,0.20466098,1.5359788,-0.64368147,0.64616245,1.1753771,0.46661904,0.25321317,-0.15427345,0.0,0.0,0.0,0.0,22,-0.5950001,-16.28884,-0.74799967,-0.35000035,-3.8133333,9.88,0.08888889,-3.4555554,0.8611111,0.2777778,-1.6555556,-1.7733333,-2.2266667,-5.461111,3.3777778,0.3888889,0.8833333,0.85555553,0.0,0.0,0.0,0.0
228,4.561497722999775,1789462735.1358898,-0.002440651,0.020094432,-0.0047351345,0.0007920218,0.0056648254,-80.026375,-96.10742,-100.12524,-90.01897,0.02444458,0.0010299683,-0.0066719055,79.98882,96.06308,100.12946,90.02899,-0.007182312,0.00034332275,0.0,0.0,0.0,0.0,0.0,0.0,-0.0,0.0,0.0,0.0,0.0,0.0,0.0,-0.0,0.0,0.0,0.0,0.0,0.0,0.0,-0.0,-0.0,0.0,0.0,0.0,0.0,-0.002440651,0.019990789,-0.004160664,0.000809018,0.0056877136,-80.02635,-96.10741,-100.12524,-90.01897,0.024458313,0.0010437012,-0.0067634583,79.98893,96.06304,100.12945,90.02901,-0.007168579,0.00035705566,0.0,0.0,0.0,0.0,22,-0.98082346,-16.703932,-0.69863874,-0.38908526,-12.49201,2.80724,-1.5374258,-8.736131,0.89845103,0.82269764,-2.1665664,8.282126,-4.4269247,0.5845905,7.690324,-0.95206517,-0.19229598,-1.4494745,0.0,0.0,0.0,0.0,22,-0.95200014,-16.28884,-0.6119997,-0.32500035,-12.36,2.88,-1.53,-8.684999,0.8,0.76,-2.16,8.16,-4.2,0.53999996,7.605,-0.94,-0.14,-1.4200001,0.0,0.0,0.0,0.0,22,0.3554175,-7.457601,-0.15023829,0.16179422,0.821142,0.7913737,-0.15843368,-0.62958986,-0.44589624,-0.5816198,0.203849,1.5274656,-0.642717,0.6448129,1.1643108,0.46555874,0.25239086,-0.15146682,0.0,0.0,0.0,0.0,22,-0.95200014,-16.28884,-0.6119997,-0.32500035,-3.7466667,9.973333,0.083333336,-3.411111,0.8666667,0.26666668,-1.6611111,-1.84,-2.2933333,-5.4055557,3.3777778,0.35555556,0.90555555,0.7888889,0.0,0.0,0.0,0.0
229,4.581604228998913,1789462735.155996,-0.002440651,0.020094432,-0.0047351345,0.0007920218,0.0056533813,-80.026375,-96.10742,-100.12522,-90.01897,0.024485778,0.0010025024,-0.0066833496,79.98884,96.06305,100.12945,90.02899,-0.007168579,0.00034332275,0.0,0.0,0.0,0.0,0.0,0.0,-0.0,0.0,0.0,0.0,0.0,0.0,0.0,0.059999086,-0.059999086,0.0,0.0,0.0,0.0,0.0,-0.0,-0.0,0.0,0.0,0.0,0.0,-0.002440651,0.019990789,-0.004160664,0.000809018,0.0056877136,-80.02635,-96.10741,-100.12524,-90.01897,0.024458313,0.0010437012,-0.0067634583,79.98893,96.06304,100.12945,90.02901,-0.007168579,0.00035705566,0.0,0.0,0.0,0.0,22,-0.9753862,-16.700577,-0.69781655,-0.38907567,-12.487455,2.8117583,-1.5416757,-8.728678,0.8994668,0.761993,-2.1123734,8.283568,-4.4281764,0.5835627,7.6926174,-0.95284593,-0.19329815,-1.4490504,0.0,0.0,0.0,0.0,22,-0.8330001,-16.077297,-0.6119997,-0.35000035,-12.36,2.76,-1.485,-8.684999,0.88,0.8,-2.16,8.04,-4.32,0.45,7.605,-0.94,-0.16,-1.44,0.0,0.0,0.0,0.0,22,0.35283226,-7.4589863,-0.15064935,0.16178738,0.82046133,0.7881979,-0.15670814,-0.6349531,-0.44688994,-0.58064735,0.2036694,1.5274303,-0.6429749,0.6466825,1.1624376,0.46633902,0.25300825,-0.15188581,0.0,0.0,0.0,0.0,22,-0.8330001,-16.077297,-0.6119997,-0.35000035,-3.7466667,9.946667,0.072222225,-3.411111,0.85,0.26666668,-1.65,-1.8266667,-2.2266667,-5.461111,3.411111,0.2888889,0.9,0.7777778,0.0,0.0,0.0,0.0
230,4.601658570998552,1789462735.1760504,-0.002440651,0.020094834,-0.0047351345,0.0007920218,0.0056762695,-80.026375,-96.10747,-100.12522,-90.01895,0.024430847,0.0010437012,-0.0066719055,79.98884,96.06305,100.12945,90.02901,-0.007182312,0.00035705566,0.0,0.0,0.0,0.0,0.0,0.0,-0.0,0.0,0.0,0.0,0.0,0.059999086,0.0,-0.11999817,0.0,0.0,0.0,0.0,0.0,0.0,-0.0,-0.0,0.0,0.0,0.0,0.0,-0.002440651,0.019990789,-0.004160664,0.000809018,0.0056877136,-80.02635,-96.10741,-100.12524,-90.01897,0.024458313,0.0010437012,-0.0067634583,79.98893,96.06304,100.12945,90.02901,-0.007168579,0.00035705566,0.0,0.0,0.0,0.0,22,-0.99414283,-16.73102,-0.69701517,-0.38906816,-12.513956,2.8055434,-1.5253588,-8.807399,0.8985973,0.94184774,-2.1754885,8.281034,-4.4264812,0.5842652,7.6904736,-0.9528119,-0.1922187,-1.450464,0.0,0.0,0.0,0.0,22,-0.95200014,-16.077297,-0.74799967,-0.35000035,-12.36,2.76,-1.53,-8.684999,0.86,0.84000003,-2.2,8.28,-4.32,0.49499997,7.6499996,-0.92,-0.16,-1.44,0.0,0.0,0.0,0.0,22,0.36269602,-7.4444304,-0.15104982,0.16178252,0.83129084,0.7916489,-0.16400026,-0.62343836,-0.44635412,-0.58326155,0.20949827,1.5277076,-0.64407086,0.6459627,1.1645586,0.46600786,0.25232852,-0.15082297,0.0,0.0,0.0,0.0,22,-0.95200014,-16.077297,-0.74799967,-0.35000035,-3.88,9.973333,0.1,-3.4055555,0.85,0.31111112,-1.6388888,-1.8533334,-2.2533333,-5.388889,3.4,0.35555556,0.84444445,0.8333333,0.0,0.0,0.0,0.0
231,4.621481435999158,1789462735.1958733,-0.002440651,0.020094834,-0.0047351345,0.0007920218,0.0056648254,-80.02638,-96.10744,-100.125244,-90.01897,0.024485778,0.0010162353,-0.0066719055,79.988846,96.06304,100.12948,90.029015,-0.007196045,0.00032958985,0.0,0.0,0.0,0.0,0.0,0.0,-0.0,0.0,0.0,0.0,0.0,0.0,0.0,0.059999086,0.0,0.0,0.0,0.0,0.059999086,0.0,-0.0,-0.0,0.0,0.0,0.0,0.0,-0.002440651,0.019990789,-0.004160664,0.000809018,0.0056877136,-80.02635,-96.10741,-100.12524,-90.01897,0.024458313,0.0010437012,-0.0067634583,79.98893,96.06304,100.12945,90.02901,-0.007168579,0.00035705566,0.0,0.0,0.0,0.0,22,-0.9778196,-16.680744,-0.69623286,-0.38906175,-12.49152,2.8122282,-1.5446166,-8.732414,0.8979341,0.7660317,-2.1681767,8.260066,-4.425377,0.5856863,7.6144447,-0.95283216,-0.19224112,-1.4459724,0.0,0.0,0.0,0.0,22,-0.8330001,-16.28884,-0.6119997,-0.35000035,-12.72,2.76,-1.53,-8.684999,0.84000003,0.82,-2.14,8.16,-4.08,0.53999996,7.6499996,-0.92,-0.16,-1.4200001,0.0,0.0,0.0,0.0,22,0.35465252,-7.467726,-0.15144107,0.16177872,0.82077813,0.7902867,-0.15326568,-0.6328919,-0.44535944,-0.58467394,0.20584622,1.5375245,-0.6455247,0.6449659,1.1750437,0.46574044,0.25276047,-0.15166374,0.0,0.0,0.0,0.0,22,-0.8330001,-16.28884,-0.6119997,-0.35000035,-3.8533332,9.893333,0.10555556,-3.4444444,0.8833333,0.32777777,-1.6611111,-1.7866666,-2.3333333,-5.427778,3.411111,0.30555555,0.85,0.73888886,0.0,0.0,0.0,0.0
232,4.641283234999719,1789462735.215675,-0.002440651,0.020094834,-0.0047351345,0.0007920218,0.0056648254,-80.026375,-96.10744,-100.125206,-90.01898,0.024485778,0.0010437012,-0.0066604614,79.98884,96.06305,100.12948,90.02901,-0.007168579,0.00035705566,0.0,0.0,0.0,0.0,0.0,0.0,-0.0,0.0,0.0,0.0,0.0,0.059999086,-0.059999086,0.11999817,0.0,0.0,0.0,0.0,0.0,0.0,-0.0,-0.0,0.0,0.0,0.0,0.0,-0.002440651,0.019990789,-0.004160664,0.000809018,0.0056877136,-80.02635,-96.10741,-100.12524,-90.01897,0.024458313,0.0010437012,-0.0067634583,79.98893,96.06304,100.12945,90.02901,-0.007168579,0.00035705566,0.0,0.0,0.0,0.0,22,-0.971632,-16.73549,-0.69543064,-0.38905573,-12.511671,2.817509,-1.5470712,-8.810907,0.9490245,0.70328164,-2.1734867,8.277347,-4.4233675,0.5873869,7.6891017,-0.9527468,-0.19520035,-1.4493675,0.0,0.0,0.0,0.0,22,-0.8330001,-16.28884,-0.74799967,-0.35000035,-12.6,2.64,-1.485,-8.684999,0.84000003,0.8,-2.14,8.16,-4.32,0.63,7.605,-0.96000004,-0.18,-1.44,0.0,0.0,0.0,0.0,22,0.35114723,-7.4427104,-0.15184225,0.16177538,0.83006215,0.7856726,-0.15326978,-0.6203819,-0.44369116,-0.58045125,0.20751528,1.5287228,-0.6460209,0.6428065,1.1650516,0.46594357,0.25493035,-0.15190193,0.0,0.0,0.0,0.0,22,-0.8330001,-16.28884,-0.74799967,-0.35000035,-3.8133333,9.986667,0.12777779,-3.4444444,0.84444445,0.2777778,-1.6333333,-1.7466667,-2.28,-5.4666667,3.3555555,0.33888888,0.89444447,0.7777778,0.0,0.0,0.0,0.0
233,4.661325182998553,1789462735.235717,-0.002440651,0.020094834,-0.0047351345,0.0007920218,0.0056533813,-80.026375,-96.10744,-100.12524,-90.01898,0.024430847,0.0010437012,-0.0066604614,79.98882,96.06303,100.12946,90.02899,-0.007182312,0.00034332275,0.0,0.0,0.0,0.0,0.0,0.0,-0.0,0.0,0.0,0.0,0.0,0.0,0.0,-0.059999086,0.0,0.0,0.0,-0.059999086,0.0,0.0,-0.0,-0.0,0.0,0.0,0.0,0.0,-0.002440651,0.019990789,-0.004160664,0.000809018,0.0056877136,-80.02635,-96.10741,-100.12524,-90.01897,0.024458313,0.0010437012,-0.0067634583,79.98893,96.06304,100.12945,90.02901,-0.007168579,0.00035705566,0.0,0.0,0.0,0.0,22,-1.0139424,-16.7117,-0.6946285,-0.38905004,-12.488109,2.8054392,-1.5310912,-8.733878,0.8963017,0.8787654,-2.168089,8.278937,-4.442127,0.66086787,7.6891274,-0.9531594,-0.1888959,-1.4489716,0.0,0.0,0.0,0.0,22,-0.47600007,-16.28884,-0.74799967,-0.32500035,-12.36,2.88,-1.485,-8.73,0.86,0.78000003,-2.16,8.16,-4.32,0.585,7.605,-0.98,-0.18,-1.44,0.0,0.0,0.0,0.0,22,0.37157258,-7.453574,-0.15224338,0.16177234,0.81995374,0.7923401,-0.1615657,-0.6318599,-0.44344974,-0.5787151,0.20505644,1.5277578,-0.6353219,0.63546216,1.1654464,0.46658003,0.25202474,-0.15193108,0.0,0.0,0.0,0.0,22,-0.47600007,-16.28884,-0.74799967,-0.32500035,-3.6933334,9.92,0.11666667,-3.4277778,0.89444447,0.2611111,-1.6611111,-1.8133334,-2.2,-5.4166665,3.4055555,0.34444445,0.9166667,0.8333333,0.0,0.0,0.0,0.0
234,4.681292111999937,1789462735.255684,-0.002440651,0.020094834,-0.0047351345,0.0007920218,0.0056762695,-80.026375,-96.10741,-100.125244,-90.01897,0.024458313,0.0010437012,-0.0066719055,79.98884,96.06305,100.12949,90.02901,-0.007168579,0.00032958985,0.0,0.0,0.0,0.0,0.0,0.0,-0.0,0.0,0.0,0.0,0.0,-0.059999086,0.0,-0.0,0.0,0.0,0.0,0.0,0.059999086,0.0,-0.0,-0.0,0.0,0.0,0.0,0.0,-0.002440651,0.019990789,-0.004160664,0.000809018,0.0056877136,-80.02635,-96.10741,-100.12524,-90.01897,0.024458313,0.0010437012,-0.0067634583,79.98893,96.06304,100.12945,90.02901,-0.007168579,0.00035705566,0.0,0.0,0.0,0.0,22,-0.9814175,-16.653273,-0.6938263,-0.3890445,-12.472332,2.8053043,-1.5371699,-8.661418,0.8975998,0.81896347,-2.1622965,8.258039,-4.4195275,0.58650744,7.615049,-0.95493716,-0.19502312,-1.4434584,0.0,0.0,0.0,0.0,22,-0.5950001,-16.28884,-0.6119997,-0.32500035,-12.36,2.88,-1.4399999,-8.684999,0.86,0.86,-2.16,8.4,-4.32,0.53999996,7.6499996,-0.94,-0.16,-1.44,0.0,0.0,0.0,0.0,22,0.35598195,-7.481029,-0.15264447,0.16176946,0.81111264,0.79283464,-0.15887678,-0.6392402,-0.4450424,-0.5782551,0.20219785,1.5383451,-0.64746404,0.64363915,1.1739756,0.46814474,0.2547754,-0.15414712,0.0,0.0,0.0,0.0,22,-0.5950001,-16.28884,-0.6119997,-0.32500035,-3.7066667,10.133333,0.07777778,-3.4277778,0.87222224,0.26666668,-1.65,-1.8666667,-2.3066666,-5.461111,3.3777778,0.36666667,0.8666667,0.8333333,0.0,0.0,0.0,0.0
235,4.701441096000053,1789462735.275833,-0.002440651,0.020094834,-0.0047351345,0.0007920218,0.0056648254,-80.026375,-96.10745,-100.12524,-90.01898,0.024485778,0.0010162353,-0.0066719055,79.98884,96.06305,100.12945,90.02901,-0.007168579,0.00035705566,0.0,0.0,0.0,0.0,0.0,0.0,-0.0,0.0,0.0,0.0,-0.059999086,0.0,0.0,-0.0,0.0,0.0,0.0,0.0,0.0,0.0,-0.0,-0.0,0.0,0.0,0.0,0.0,-0.002440651,0.019990789,-0.004160664,0.000809018,0.0056877136,-80.02635,-96.10741,-100.12524,-90.01897,0.024458313,0.0010437012,-0.0067634583,79.98893,96.06304,100.12945,90.02901,-0.007168579,0.00035705566,0.0,0.0,0.0,0.0,22,-1.0085138,-16.702667,-0.69302416,-0.38903904,-12.487301,2.788384,-1.4602557,-8.734963,0.89921,0.82079375,-2.1680787,8.277679,-4.4204955,0.58560675,7.6907988,-0.95272857,-0.19505183,-1.4502832,0.0,0.0,0.0,0.0,22,-0.8330001,-16.28884,-0.6119997,-0.3000003,-12.24,2.64,-1.53,-8.639999,0.86,0.78000003,-2.14,8.04,-4.2,0.49499997,7.605,-0.94,-0.18,-1.4200001,0.0,0.0,0.0,0.0,22,0.3689053,-7.4578953,-0.15304554,0.16176668,0.818308,0.80033785,-0.16916415,-0.63077784,-0.44640064,-0.57787323,0.20578602,1.5290511,-0.6471046,0.6445173,1.1641697,0.46592495,0.25481024,-0.15095985,0.0,0.0,0.0,0.0,22,-0.8330001,-16.28884,-0.6119997,-0.3000003,-3.7466667,10.066667,0.12777779,-3.4,0.87777776,0.2611111,-1.6833333,-1.76,-2.2,-5.4555554,3.4222221,0.36666667,0.92777777,0.85,0.0,0.0,0.0,0.0
236,4.721382898998854,1789462735.2957747,-0.002440651,0.020094834,-0.0047351345,0.0007920218,0.0056533813,-80.02638,-96.10744,-100.12522,-90.01897,0.024485778,0.0010299683,-0.0066604614,79.98884,96.063065,100.12945,90.029015,-0.007182312,0.00037078856,0.0,0.0,0.0,0.0,0.0,0.0,-0.0,0.0,0.0,0.0,0.0,0.0,0.0,0.11999817,0.0,0.0,0.0,0.059999086,0.0,0.0,-0.0,-0.0,0.0,0.0,0.0,0.0,-0.002440651,0.019990789,-0.004160664,0.000809018,0.0056877136,-80.02635,-96.10741,-100.12524,-90.01897,0.024458313,0.0010437012,-0.0067634583,79.98893,96.06304,100.12945,90.02901,-0.007168579,0.00035705566,0.0,0.0,0.0,0.0,22,-0.946004,-16.70552,-0.69222206,-0.38903365,-12.488861,2.8173943,-1.5493022,-8.734434,0.9001186,0.70017344,-2.1694186,8.272902,-4.3997355,0.5066172,7.6909595,-0.9520996,-0.19924648,-1.4484884,0.0,0.0,0.0,0.0,22,-0.8330001,-16.28884,-0.74799967,-0.35000035,-12.48,2.76,-1.485,-8.73,0.90000004,0.8,-2.14,8.16,-4.2,0.49499997,7.605,-0.94,-0.22,-1.44,0.0,0.0,0.0,0.0,22,0.34025097,-7.456411,-0.15344661,0.16176395,0.82030994,0.7871331,-0.15094422,-0.6317392,-0.4475167,-0.57734174,0.20677325,1.530588,-0.6565166,0.65773654,1.1639783,0.46507373,0.25641844,-0.15310277,0.0,0.0,0.0,0.0,22,-0.8330001,-16.28884,-0.74799967,-0.35000035,-3.6666667,10.04,0.083333336,-3.4222221,0.8666667,0.2611111,-1.6444445,-1.84,-2.36,-5.4722223,3.3888888,0.35,0.8666667,0.8,0.0,0.0,0.0,0.0
237,4.741451871999743,1789462735.3158438,-0.002440651,0.020094834,-0.0047351345,0.0007920218,0.0056533813,-80.026375,-96.10742,-100.125244,-90.01898,0.024458313,0.0010299683,-0.0066833496,79.98884,96.06303,100.12943,90.02899,-0.007182312,0.00032958985,0.0,0.0,0.0,0.0,0.0,0.0,-0.0,0.0,0.0,0.0,0.0,-0.059999086,0.0,-0.0,0.0,0.0,0.0,-0.059999086,-0.059999086,0.0,-0.059999086,-0.0,0.0,0.0,0.0,0.0,-0.002440651,0.019990789,-0.004160664,0.000809018,0.0056877136,-80.02635,-96.10741,-100.12524,-90.01897,0.024458313,0.0010437012,-0.0067634583,79.98893,96.06304,100.12945,90.02901,-0.007168579,0.00035705566,0.0,0.0,0.0,0.0,22,-1.0122285,-16.71575,-0.6914199,-0.38902825,-12.467356,2.8074036,-1.5376889,-8.659498,0.899172,0.81857055,-2.1636157,8.301619,-4.443239,0.66652477,7.7655,-0.95246005,-0.13154168,-1.4550725,0.0,0.0,0.0,0.0,22,-0.5950001,-16.077297,-0.74799967,-0.32500035,-12.48,2.64,-1.53,-8.73,0.88,0.82,-2.16,8.16,-4.32,0.63,7.605,-0.92,-0.16,-1.44,0.0,0.0,0.0,0.0,22,0.37082487,-7.451743,-0.15384766,0.16176124,0.8101693,0.79106677,-0.15780127,-0.64116037,-0.44631216,-0.57784545,0.20390777,1.5181508,-0.63658065,0.6322971,1.1545584,0.46585518,0.2532529,-0.14836603,0.0,0.0,0.0,0.0,22,-0.5950001,-16.077297,-0.74799967,-0.32500035,-3.8,9.84,0.083333336,-3.4333334,0.8666667,0.27222222,-1.6333333,-1.7733333,-2.2133334,-5.461111,3.4222221,0.30555555,0.8666667,0.8,0.0,0.0,0.0,0.0
238,4.761799650001194,1789462735.3361914,-0.002440651,0.020095237,-0.0047351345,0.0007920218,0.0056762695,-80.02638,-96.10741,-100.125206,-90.01895,0.02444458,0.0010299683,-0.0066947937,79.98884,96.06305,100.12943,90.02901,-0.007168579,0.00032958985,0.0,0.0,0.0,0.0,0.0,0.0,-0.0,0.0,0.0,0.0,0.0,0.059999086,0.0,-0.0,0.0,0.0,0.0,0.0,0.0,0.0,-0.0,-0.0,0.0,0.0,0.0,0.0,-0.002440651,0.019990789,-0.004160664,0.000809018,0.0056877136,-80.02635,-96.10741,-100.12524,-90.01897,0.024458313,0.0010437012,-0.0067634583,79.98893,96.06304,100.12945,90.02901,-0.007168579,0.00035705566,0.0,0.0,0.0,0.0,22,-0.983172,-16.737461,-0.6905985,-0.38902277,-12.511874,2.812855,-1.5401714,-8.810162,0.90152025,0.819672,-2.1745417,8.27957,-4.416711,0.5844102,7.6909404,-0.95228946,-0.19397622,-1.4487182,0.0,0.0,0.0,0.0,22,-0.5950001,-16.28884,-0.6119997,-0.35000035,-12.36,2.64,-1.485,-8.684999,0.90000004,0.78000003,-2.16,8.04,-4.2,0.45,7.605,-0.92,-0.16,-1.4200001,0.0,0.0,0.0,0.0,22,0.35730165,-7.4413075,-0.15425813,0.16175848,0.82969046,0.79026777,-0.15570694,-0.6211349,-0.44923353,-0.5785449,0.2089869,1.5296682,-0.6490917,0.6456515,1.1644237,0.46549022,0.25376004,-0.15178716,0.0,0.0,0.0,0.0,22,-0.5950001,-16.28884,-0.6119997,-0.35000035,-3.76,9.853333,0.10555556,-3.4222221,0.8666667,0.24444444,-1.6666666,-1.8266667,-2.2133334,-5.45,3.2944446,0.2888889,0.85555553,0.8333333,0.0,0.0,0.0,0.0
239,4.781628199001716,1789462735.35602,-0.002440651,0.020095237,-0.0047351345,0.0007920218,0.0056648254,-80.026375,-96.10742,-100.12524,-90.01898,0.024430847,0.0010162353,-0.0066947937,79.988846,96.06305,100.12948,90.02901,-0.007168579,0.00037078856,0.0,0.0,0.0,0.0,0.0,0.0,-0.0,0.0,0.0,0.0,0.0,0.0,0.0,-0.11999817,0.0,0.0,0.0,0.0,0.0,0.0,-0.0,-0.0,0.0,0.0,0.0,0.0,-0.002440651,0.019990789,-0.004160664,0.000809018,0.0056877136,-80.02635,-96.10741,-100.12524,-90.01897,0.024458313,0.0010437012,-0.0067634583,79.98893,96.06304,100.12945,90.02901,-0.007168579,0.00035705566,0.0,0.0,0.0,0.0,22,-0.9933172,-16.709078,-0.6897961,-0.3890174,-12.4885025,2.8028839,-1.5273492,-8.73392,0.90029836,0.93904155,-2.1693127,8.280522,-4.418277,0.5828221,7.687319,-0.9521559,-0.19257662,-1.451724,0.0,0.0,0.0,0.0,22,-0.5950001,-16.28884,-0.6119997,-0.35000035,-12.48,2.64,-1.485,-8.684999,0.88,0.8,-2.14,8.16,-4.2,0.49499997,7.605,-0.92,-0.18,-1.4200001,0.0,0.0,0.0,0.0,22,0.36240256,-7.454403,-0.15465944,0.1617558,0.8195015,0.7941708,-0.16291939,-0.6318553,-0.44745642,-0.58041143,0.20705707,1.5283427,-0.64904547,0.6472281,1.1667594,0.4653572,0.25236976,-0.14984846,0.0,0.0,0.0,0.0,22,-0.5950001,-16.28884,-0.6119997,-0.35000035,-3.7866666,9.946667,0.094444446,-3.411111,0.85555553,0.25,-1.6555556,-1.88,-2.3333333,-5.427778,3.338889,0.31666666,0.92777777,0.8388889,0.0,0.0,0.0,0.0
240,4.8017485050004325,1789462735.3761404,-0.002440651,0.020095237,-0.0047351345,0.0007920218,0.0056648254,-80.02636,-96.10741,-100.12524,-90.01895,0.024430847,0.0010437012,-0.006706238,79.98882,96.06305,100.12946,90.02901,-0.007182312,0.00035705566,0.0,0.0,0.0,0.0,0.0,0.0,-0.0,0.0,0.0,0.0,0.0,0.0,0.0,-0.0,0.0,0.0,0.0,0.0,0.0,0.0,-0.0,-0.0,0.0,0.0,0.0,0.0,-0.002440651,0.019990789,-0.004160664,0.000809018,0.0056877136,-80.02635,-96.10741,-100.12524,-90.01897,0.024458313,0.0010437012,-0.0067634583,79.98893,96.06304,100.12945,90.02901,-0.007168579,0.00035705566,0.0,0.0,0.0,0.0,22,-0.9812169,-16.712288,-0.6889939,-0.38901207,-12.489507,2.8078392,-1.5371741,-8.732779,0.8974684,0.8242096,-2.169581,8.281736,-4.4121094,0.58378375,7.6883297,-0.95505303,-0.19250338,-1.4498276,0.0,0.0,0.0,0.0,22,-0.8330001,-16.28884,-0.6119997,-0.35000035,-12.36,2.64,-1.395,-8.775,0.84000003,0.82,-2.16,7.92,-4.44,0.53999996,7.6499996,-0.92,-0.18,-1.4200001,0.0,0.0,0.0,0.0,22,0.35583478,-7.4525676,-0.15506062,0.16175313,0.8201338,0.7901193,-0.1586122,-0.6329981,-0.44519752,-0.58267224,0.2066164,1.5285901,-0.6504029,0.64624107,1.1661588,0.46825302,0.2526989,-0.1513775,0.0,0.0,0.0,0.0,22,-0.8330001,-16.28884,-0.6119997,-0.35000035,-3.8666666,9.84,0.094444446,-3.3944445,0.8388889,0.2888889,-1.6444445,-1.7733333,-2.2266667,-5.422222,3.3944445,0.32222223,0.81666666,0.85,0.0,0.0,0.0,0.0
241,4.821520437999425,1789462735.3959122,-0.002440651,0.020095237,-0.0047351345,0.0007920218,0.0056648254,-80.02636,-96.10744,-100.12524,-90.01898,0.02444458,0.0010574341,-0.006706238,79.98884,96.06304,100.12946,90.02901,-0.007209778,0.00032958985,0.0,0.0,0.0,0.0,0.0,0.0,-0.0,0.0,0.0,0.0,0.0,0.0,0.0,-0.0,0.0,0.0,0.0,0.0,0.0,0.0,-0.0,-0.0,0.0,0.0,0.0,0.0,-0.002440651,0.019990789,-0.004160664,0.000809018,0.0056877136,-80.02635,-96.10741,-100.12524,-90.01897,0.024458313,0.0010437012,-0.0067634583,79.98893,96.06304,100.12945,90.02901,-0.007168579,0.00035705566,0.0,0.0,0.0,0.0,22,-0.98120916,-16.71198,-0.68821174,-0.38900685,-12.488819,2.8099275,-1.5349979,-8.734616,0.8981522,0.8292579,-2.169363,8.279041,-4.4137306,0.5834457,7.6899505,-0.9558067,-0.19177914,-1.4517473,0.0,0.0,0.0,0.0,22,-0.5950001,-16.28884,-0.74799967,-0.32500035,-12.48,2.88,-1.485,-8.684999,0.84000003,0.8,-2.16,8.04,-4.32,0.585,7.605,-0.92,-0.14,-1.44,0.0,0.0,0.0,0.0,22,0.35579142,-7.4531417,-0.15545173,0.16175053,0.81957656,0.7881445,-0.15989463,-0.6311633,-0.44528008,-0.5881016,0.2060476,1.5309424,-0.6503245,0.64700806,1.1645224,0.4690086,0.25277478,-0.14873235,0.0,0.0,0.0,0.0,22,-0.5950001,-16.28884,-0.74799967,-0.32500035,-3.8133333,9.826667,0.11666667,-3.4,0.85555553,0.27222222,-1.6777778,-1.7866666,-2.2666667,-5.461111,3.3722222,0.36666667,0.9,0.8055556,0.0,0.0,0.0,0.0
242,4.841527440999926,1789462735.4159193,-0.002440651,0.020095237,-0.0047351345,0.0007920218,0.0056533813,-80.026375,-96.10742,-100.12526,-90.01897,0.02444458,0.0010162353,-0.0066947937,79.98884,96.06304,100.12948,90.029015,-0.007168579,0.00035705566,0.0,0.0,0.0,0.0,0.0,0.0,-0.0,0.0,0.0,0.0,0.0,-0.059999086,0.0,0.059999086,0.0,0.0,0.0,0.0,0.0,0.0,-0.0,-0.0,0.0,0.0,0.0,0.0,-0.002440651,0.019990789,-0.004160664,0.000809018,0.0056877136,-80.02635,-96.10741,-100.12524,-90.01897,0.024458313,0.0010437012,-0.0067634583,79.98893,96.06304,100.12945,90.02901,-0.007168579,0.00035705566,0.0,0.0,0.0,0.0,22,-0.9760082,-16.686829,-0.6874096,-0.38900152,-12.466489,2.8122318,-1.5422661,-8.657096,0.89795536,0.7643995,-2.163729,8.277309,-4.41259,0.58229494,7.6898055,-0.95237005,-0.19408381,-1.4483352,0.0,0.0,0.0,0.0,22,-0.8330001,-16.28884,-0.74799967,-0.35000035,-12.48,2.76,-1.485,-8.684999,0.86,0.84000003,-2.16,8.16,-4.08,0.49499997,7.605,-0.92,-0.18,-1.4200001,0.0,0.0,0.0,0.0,22,0.35383117,-7.4646664,-0.15585282,0.16174786,0.80966187,0.7883003,-0.15558022,-0.64315295,-0.44538012,-0.5817945,0.20443673,1.5305088,-0.6508616,0.64814144,1.1642237,0.4652736,0.25389645,-0.15285002,0.0,0.0,0.0,0.0,22,-0.8330001,-16.28884,-0.74799967,-0.35000035,-3.56,9.853333,0.055555556,-3.4,0.8611111,0.27222222,-1.6555556,-1.9066666,-2.32,-5.438889,3.4333334,0.32777777,0.9388889,0.84444445,0.0,0.0,0.0,0.0
243,4.861589460000687,1789462735.4359813,-0.002440651,0.020095237,-0.0047351345,0.0007920218,0.0056648254,-80.026375,-96.10742,-100.12524,-90.01898,0.024430847,0.0010299683,-0.0066833496,79.988846,96.06304,100.12945,90.02899,-0.007182312,0.0003845215,0.0,0.0,0.0,0.0,0.0,0.0,-0.0,0.0,0.0,0.0,0.0,0.0,0.0,-0.059999086,0.0,0.0,0.0,-0.059999086,0.0,0.0,-0.0,-0.0,0.0,0.0,0.0,0.0,-0.002440651,0.019990789,-0.004160664,0.000809018,0.0056877136,-80.02635,-96.10741,-100.12524,-90.01897,0.024458313,0.0010437012,-0.0067634583,79.98893,96.06304,100.12945,90.02901,-0.007168579,0.00035705566,0.0,0.0,0.0,0.0,22,-1.0149851,-16.718695,-0.6865874,-0.38899603,-12.488024,2.8088646,-1.531734,-8.732902,0.8982659,0.88304496,-2.1690013,8.277526,-4.433823,0.6578502,7.6885943,-0.9532361,-0.19156446,-1.4465466,0.0,0.0,0.0,0.0,22,-0.95200014,-16.28884,-0.6119997,-0.35000035,-12.36,2.52,-1.485,-8.639999,0.88,0.76,-2.14,8.04,-4.32,0.49499997,7.6499996,-0.94,-0.18,-1.4200001,0.0,0.0,0.0,0.0,22,0.37263426,-7.449355,-0.15626393,0.16174512,0.8192522,0.79011536,-0.16093594,-0.6328832,-0.44540498,-0.5829387,0.20642918,1.5291246,-0.64187986,0.63788927,1.1662761,0.4666624,0.25477338,-0.15535243,0.0,0.0,0.0,0.0,22,-0.95200014,-16.28884,-0.6119997,-0.35000035,-3.7866666,10.0,0.13333334,-3.4166667,0.9,0.28333333,-1.6611111,-1.8933333,-2.16,-5.3944445,3.3944445,0.31111112,0.90555555,0.84444445,0.0,0.0,0.0,0.0
244,4.8812710079982935,1789462735.455663,-0.002440651,0.020095237,-0.0047351345,0.0007920218,0.0056648254,-80.026375,-96.10744,-100.125244,-90.01897,0.024458313,0.0010299683,-0.006706238,79.98884,96.06305,100.12948,90.029015,-0.007168579,0.00034332275,0.0,0.0,0.0,0.0,0.0,0.0,-0.0,0.0,0.0,0.0,0.0,0.0,0.0,-0.0,0.0,0.0,0.0,0.0,0.0,0.0,-0.0,-0.0,0.0,0.0,0.0,0.0,-0.002440651,0.019990789,-0.004160664,0.000809018,0.0056877136,-80.02635,-96.10741,-100.12524,-90.01897,0.024458313,0.0010437012,-0.0067634583,79.98893,96.06304,100.12945,90.02901,-0.007168579,0.00035705566,0.0,0.0,0.0,0.0,22,-0.981112,-16.713923,-0.6858053,-0.38899085,-12.489022,2.8117895,-1.5353055,-8.73398,0.8959988,0.821471,-2.169629,8.279379,-4.4097986,0.5842249,7.6868863,-0.9534696,-0.19372556,-1.4480399,0.0,0.0,0.0,0.0,22,-0.8330001,-16.500383,-0.74799967,-0.35000035,-12.24,2.88,-1.5749999,-8.684999,0.86,0.82,-2.16,8.16,-4.2,0.63,7.605,-0.92,-0.16,-1.4200001,0.0,0.0,0.0,0.0,22,0.35571417,-7.4520063,-0.15665497,0.16174251,0.82012945,0.78872955,-0.1594707,-0.631384,-0.44342017,-0.58070225,0.20706975,1.5295799,-0.6524735,0.6457573,1.1671203,0.4663726,0.25355276,-0.1527701,0.0,0.0,0.0,0.0,22,-0.8330001,-16.500383,-0.74799967,-0.35000035,-3.7066667,10.04,0.06666667,-3.4222221,0.85,0.28333333,-1.6777778,-1.8,-2.2533333,-5.422222,3.3888888,0.3,0.89444447,0.87777776,0.0,0.0,0.0,0.0
245,4.901533775999269,1789462735.4759257,-0.002440651,0.020095237,-0.0047351345,0.0007920218,0.0056533813,-80.02636,-96.10742,-100.12524,-90.01897,0.024485778,0.0010299683,-0.0066833496,79.98884,96.06304,100.12945,90.02901,-0.007154846,0.00035705566,0.0,0.0,0.0,0.0,0.0,0.0,-0.0,0.0,0.0,0.0,0.0,0.0,0.0,-0.0,0.0,0.0,0.0,-0.059999086,-0.059999086,0.0,-0.0,-0.0,0.0,0.0,0.0,0.0,-0.002440651,0.019990789,-0.004160664,0.000809018,0.0056877136,-80.02635,-96.10741,-100.12524,-90.01897,0.024458313,0.0010437012,-0.0067634583,79.98893,96.06304,100.12945,90.02901,-0.007168579,0.00035705566,0.0,0.0,0.0,0.0,22,-1.0077127,-16.745754,-0.6850032,-0.3889855,-12.485473,2.8119323,-1.5371827,-8.736798,0.89588404,0.8198177,-2.1711836,8.296442,-4.430454,0.6598782,7.7620916,-0.95417917,-0.18816662,-1.4536184,0.0,0.0,0.0,0.0,22,-0.8330001,-16.500383,-0.74799967,-0.35000035,-12.6,2.76,-1.4399999,-8.684999,0.88,0.82,-2.16,8.04,-4.32,0.53999996,7.605,-0.92,-0.16,-1.38,0.0,0.0,0.0,0.0,22,0.3686041,-7.437818,-0.15705603,0.16173984,0.81853485,0.7865999,-0.15798047,-0.62898535,-0.4433032,-0.5798359,0.20863925,1.5202482,-0.64317065,0.63583636,1.1574305,0.4673,0.25059465,-0.15046886,0.0,0.0,0.0,0.0,22,-0.8330001,-16.500383,-0.74799967,-0.35000035,-3.8666666,10.0,0.083333336,-3.4055555,0.87222224,0.28333333,-1.6666666,-1.88,-2.2666667,-5.438889,3.3111112,0.32777777,0.8388889,0.8,0.0,0.0,0.0,0.0
246,4.921369871000934,1789462735.4957616,-0.002440651,0.020095237,-0.0047351345,0.0007920218,0.0056648254,-80.02636,-96.10742,-100.125206,-90.01897,0.02444458,0.0010299683,-0.0066833496,79.98884,96.06304,100.12946,90.02901,-0.007154846,0.00035705566,0.0,0.0,0.0,0.0,0.0,0.0,-0.0,0.0,0.0,0.0,0.0,0.059999086,0.0,-0.059999086,0.0,0.0,0.0,0.0,0.0,0.0,-0.0,0.059999086,0.0,0.0,0.0,0.0,-0.002440651,0.019990789,-0.004160664,0.000809018,0.0056877136,-80.02635,-96.10741,-100.12524,-90.01897,0.024458313,0.0010437012,-0.0067634583,79.98893,96.06304,100.12945,90.02901,-0.007168579,0.00035705566,0.0,0.0,0.0,0.0,22,-0.98915184,-16.745113,-0.68420106,-0.38898015,-12.506525,2.8104525,-1.5323415,-8.813163,0.8974305,0.88192695,-2.1753838,8.277881,-4.4077806,0.58346695,7.693396,-0.95386976,-0.19482903,-1.5032582,0.0,0.0,0.0,0.0,22,-0.8330001,-16.28884,-0.74799967,-0.35000035,-12.36,2.76,-1.485,-8.684999,0.86,0.76,-2.1200001,8.04,-4.08,0.53999996,7.605,-0.94,-0.22,-1.38,0.0,0.0,0.0,0.0,22,0.3605894,-7.4380875,-0.1574571,0.16173717,0.82741845,0.7879698,-0.16022028,-0.6181577,-0.4448481,-0.5821974,0.20992014,1.5288866,-0.6535219,0.64691657,1.163504,0.46708274,0.25427794,-0.15117577,0.0,0.0,0.0,0.0,22,-0.8330001,-16.28884,-0.74799967,-0.35000035,-3.7333333,10.1866665,0.072222225,-3.4166667,0.8833333,0.2777778,-1.6555556,-1.92,-2.2266667,-5.5111113,3.4166667,0.31666666,0.8833333,0.8333333,0.0,0.0,0.0,0.0
247,4.941042422000464,1789462735.5154343,-0.002440651,0.020095637,-0.0047351345,0.0007920218,0.0056648254,-80.02636,-96.10741,-100.12524,-90.01898,0.024403382,0.0010437012,-0.006706238,79.98884,96.06304,100.12946,90.029015,-0.007168579,0.00031585695,0.0,0.0,0.0,0.0,0.0,0.0,-0.0,0.0,0.0,0.0,0.0,0.0,0.0,-0.059999086,0.0,0.0,0.0,0.0,0.0,0.0,-0.0,-0.059999086,0.0,0.0,0.0,0.0,-0.002440651,0.019990789,-0.004160664,0.000809018,0.0056877136,-80.02635,-96.10741,-100.12524,-90.01897,0.024458313,0.0010437012,-0.0067634583,79.98893,96.06304,100.12945,90.02901,-0.007168579,0.00035705566,0.0,0.0,0.0,0.0,22,-0.9876713,-16.708069,-0.68339956,-0.38897482,-12.486508,2.8083868,-1.5303941,-8.736659,0.90014255,0.88474464,-2.1689112,8.272905,-4.406105,0.5819022,7.684603,-0.953153,-0.19247575,-1.39373,0.0,0.0,0.0,0.0,22,-0.8330001,-16.288841,-0.6119997,-0.32500035,-12.36,2.76,-1.305,-8.684999,0.92,0.8,-2.14,8.04,-4.44,0.63,7.6499996,-0.94,-0.16,-1.44,0.0,0.0,0.0,0.0,22,0.35942906,-7.455343,-0.15785769,0.1617345,0.8182495,0.7889513,-0.16255988,-0.6291513,-0.44726697,-0.5838238,0.20602638,1.5328712,-0.65415263,0.64847547,1.1672834,0.46605518,0.252327,-0.15305276,0.0,0.0,0.0,0.0,22,-0.8330001,-16.288841,-0.6119997,-0.32500035,-3.7333333,9.933333,0.08888889,-3.3833334,0.8611111,0.32777777,-1.6722223,-1.7333333,-2.2133334,-5.4944444,3.3777778,0.32777777,0.8833333,0.79444444,0.0,0.0,0.0,0.0
248,4.961696062000556,1789462735.5360878,-0.002440651,0.020095637,-0.0047351345,0.0007920218,0.0056533813,-80.02636,-96.1074,-100.12524,-90.01897,0.024458313,0.0010299683,-0.006706238,79.98882,96.06305,100.12946,90.02903,-0.007182312,0.00034332275,0.0,0.0,0.0,0.0,0.0,0.0,-0.0,0.0,0.0,0.0,0.059999086,0.0,0.0,-0.0,0.0,0.0,-0.049999237,0.0,0.0,0.059999086,-0.0,-0.0,0.0,0.0,0.0,0.0,-0.002440651,0.019990789,-0.004160664,0.000809018,0.0056877136,-80.02635,-96.10741,-100.12524,-90.01897,0.024458313,0.0010437012,-0.0067634583,79.98893,96.06304,100.12945,90.02901,-0.007168579,0.00035705566,0.0,0.0,0.0,0.0,22,-0.9306974,-16.711832,-0.6825973,-0.38896948,-12.486864,2.831281,-1.6114382,-8.734181,0.89981437,0.8201893,-2.1694648,8.268976,-4.224774,0.55534244,7.685957,-1.0077099,-0.19875072,-1.4485996,0.0,0.0,0.0,0.0,22,-0.8330001,-16.288841,-0.6119997,-0.32500035,-12.6,2.64,-1.485,-8.73,0.88,0.82,-2.2,8.04,-4.32,0.53999996,7.6499996,-0.94,-0.16,-1.4200001,0.0,0.0,0.0,0.0,22,0.33672523,-7.451316,-0.15825891,0.16173184,0.81931746,0.7783402,-0.14977868,-0.6316346,-0.44716156,-0.5823878,0.20695,1.533228,-0.6685203,0.65677804,1.1664016,0.46806607,0.25622755,-0.15171407,0.0,0.0,0.0,0.0,22,-0.8330001,-16.288841,-0.6119997,-0.32500035,-3.7466667,9.986667,0.1,-3.4333334,0.8888889,0.31666666,-1.6555556,-1.9466667,-2.2533333,-5.422222,3.3833334,0.32777777,0.85,0.8055556,0.0,0.0,0.0,0.0
249,4.9814004079998995,1789462735.5557923,-0.002440651,0.020095637,-0.0047351345,0.0007920218,0.0056648254,-80.026375,-96.10745,-100.125244,-90.01898,0.024472047,0.0010437012,-0.0066947937,79.98884,96.06305,100.12946,90.02903,-0.007182312,0.00034332275,0.0,0.0,0.0,0.0,0.0,0.0,-0.0,0.0,0.0,0.0,0.0,0.0,0.0,-0.0,0.0,0.0,0.0,0.0,0.0,0.0,-0.0,-0.0,0.0,0.0,0.0,0.0,-0.002440651,0.019990789,-0.004160664,0.000809018,0.0056877136,-80.02635,-96.10741,-100.12524,-90.01897,0.024458313,0.0010437012,-0.0067634583,79.98893,96.06304,100.12945,90.02901,-0.007168579,0.00035705566,0.0,0.0,0.0,0.0,22,-0.9817441,-16.71545,-0.68179506,-0.38896415,-12.485563,2.811784,-1.53362,-8.735381,0.8997107,0.82567656,-2.1683815,8.273094,-4.4028893,0.5832858,7.6914806,-0.952093,-0.19501601,-1.4498054,0.0,0.0,0.0,0.0,22,-0.8330001,-16.500383,-0.6119997,-0.35000035,-12.36,2.52,-1.395,-8.684999,0.88,0.76,-2.16,8.16,-4.32,0.53999996,7.6499996,-0.94,-0.2,-1.44,0.0,0.0,0.0,0.0,22,0.35632363,-7.45187,-0.15866007,0.16172916,0.8173102,0.7893139,-0.16055822,-0.6300146,-0.44681725,-0.58526516,0.2055187,1.5323232,-0.65640736,0.64664584,1.1628875,0.46470204,0.25527796,-0.15096062,0.0,0.0,0.0,0.0,22,-0.8330001,-16.500383,-0.6119997,-0.35000035,-3.8266666,9.866667,0.08888889,-3.4388888,0.84444445,0.22777778,-1.6444445,-1.7733333,-2.36,-5.477778,3.4222221,0.33888888,0.87777776,0.82222223,0.0,0.0,0.0,0.0
