Joint_L0_deg,Joint_L1_deg,Joint_L2_U_deg,Joint_L3_U_deg,Joint_L2_R_deg,Joint_L2_L_deg,Joint_L3_R_deg,Joint_L3_L_deg,Joint_L4_R_deg,Joint_L4_L_deg,Joint_L5_R_deg,Joint_L5_L_deg,Joint_L6_R_deg,Joint_L6_L_deg,Joint_L7_R_deg,Joint_L7_L_deg,Joint_L8_R_deg,Joint_L8_L_deg
0.0,0.0,0.0,0.0,0.0,0.0,79.98490905761719,-79.98490905761719,96.14231872558594,-96.14231872558594,100.0957260131836,-100.0957260131836,90.00020599365234,-90.00020599365234,0.0,0.0,0.0,0.0
-1.0628188107375536e-08,0.0,0.0,0.0,0.002103830687701702,-0.002104035345837474,79.97911071777344,-79.97911071777344,96.14566040039062,-96.14566040039062,100.08846282958984,-100.08846282958984,90.00814819335938,-90.00814819335938,-0.00801169965416193,0.008013737387955189,0.0007964323158375919,0.0007963455864228308
-4.2227430441243996e-08,0.0,0.0,0.0,0.008358843624591827,-0.008359657600522041,79.96187591552734,-79.96187591552734,96.15557861328125,-96.15557861328125,100.06686401367188,-100.06685638427734,90.03176879882812,-90.03176879882812,-0.03183171525597572,0.03183981403708458,0.003164348192512989,0.003164003835991025
-9.4369745795575e-08,0.0,0.0,0.0,0.01868032105267048,-0.018682140856981277,79.93344116210938,-79.93344116210938,96.17195129394531,-96.17195129394531,100.03121185302734,-100.03121185302734,90.07074737548828,-90.07074737548828,-0.0711374431848526,0.07115553319454193,0.007071677129715681,0.007070907391607761
-1.6662717428062024e-07,0.0,0.0,0.0,0.03298354893922806,-0.03298676013946533,79.89402770996094,-79.8940200805664,96.19464111328125,-96.19464874267578,99.98181915283203,-99.9818115234375,90.12474822998047,-90.124755859375,-0.1256062537431717,0.1256382018327713,0.012486347928643227,0.012484989129006863
-2.5857173113763565e-07,0.0,0.0,0.0,0.051183804869651794,-0.05118878558278084,79.8438720703125,-79.8438720703125,96.22351837158203,-96.22352600097656,99.9189682006836,-99.91895294189453,90.19347381591797,-90.19347381591797,-0.1949155330657959,0.19496509432792664,0.01937629096210003,0.0193741824477911
-3.6977533568460785e-07,0.0,0.0,0.0,0.07319636642932892,-0.07320348918437958,79.78321838378906,-79.78321838378906,96.2584457397461,-96.25846099853516,99.84294891357422,-99.84293365478516,90.27659606933594,-90.27659606933594,-0.27874261140823364,0.27881351113319397,0.02770942822098732,0.027706412598490715
-4.998101985620451e-07,0.0,0.0,0.0,0.0989365205168724,-0.09894614666700363,79.71229553222656,-79.71228790283203,96.29928588867188,-96.2992935180664,99.75405883789062,-99.75403594970703,90.37379455566406,-90.37379455566406,-0.3767649829387665,0.3768607974052429,0.037453699856996536,0.03744962066411972
-6.482480898739595e-07,0.0,0.0,0.0,0.12831954658031464,-0.1283320188522339,79.63133239746094,-79.6313247680664,96.34590148925781,-96.34591674804688,99.652587890625,-99.65255737304688,90.4847412109375,-90.4847412109375,-0.4886598587036133,0.48878413438796997,0.048577018082141876,0.04857173189520836
-8.14661291315133e-07,0.0,0.0,0.0,0.161260724067688,-0.1612764298915863,79.54056549072266,-79.5405502319336,96.39816284179688,-96.39818572998047,99.53882598876953,-99.53878784179688,90.60912322998047,-90.60912322998047,-0.6141048073768616,0.6142610311508179,0.06104733794927597,0.061040688306093216
-9.986217719415436e-07,0.0,0.0,0.0,0.19767536222934723,-0.19769461452960968,79.44023132324219,-79.44021606445312,96.4559326171875,-96.45596313476562,99.41307830810547,-99.41302490234375,90.74662780761719,-90.74662780761719,-0.7527772188186646,0.7529686093330383,0.07483256608247757,0.07482442259788513
-1.1997013871223317e-06,0.0,0.0,0.0,0.23747871816158295,-0.2375018149614334,79.33055114746094,-79.33053588867188,96.51908111572266,-96.51911163330078,99.27561950683594,-99.27555847167969,90.89692687988281,-90.89692687988281,-0.9043542146682739,0.9045841693878174,0.08990063518285751,0.08989085257053375
-1.4174721627568942e-06,0.0,0.0,0.0,0.2805860638618469,-0.28061339259147644,79.21177673339844,-79.21175384521484,96.58747863769531,-96.58750915527344,99.12674713134766,-99.12667846679688,91.0596923828125,-91.05970001220703,-1.0685133934020996,1.0687851905822754,0.10621947795152664,0.10620792210102081
-1.651506295274885e-06,0.0,0.0,0.0,0.32691267132759094,-0.326944500207901,79.08412170410156,-79.08409881591797,96.66097259521484,-96.66101837158203,98.96676635742188,-98.96668243408203,91.234619140625,-91.23462677001953,-1.2449320554733276,1.2452486753463745,0.1237570270895958,0.12374354898929596
-1.9013757537322817e-06,0.0,0.0,0.0,0.37637388706207275,-0.37641051411628723,78.94783782958984,-78.94780731201172,96.73944854736328,-96.73949432373047,98.79595184326172,-98.79586029052734,91.42138671875,-91.42139434814453,-1.4332876205444336,1.4336522817611694,0.14248120784759521,0.14246568083763123
-2.166652393498225e-06,0.0,0.0,0.0,0.42888495326042175,-0.4289267063140869,78.80314636230469,-78.80310821533203,96.82275390625,-96.82280731201172,98.61461639404297,-98.614501953125,91.61966705322266,-91.61967468261719,-1.6332577466964722,1.633673071861267,0.16235995292663574,0.16234226524829865
-2.446908638376044e-06,0.0,0.0,0.0,0.48436111211776733,-0.48440828919410706,78.65027618408203,-78.65025329589844,96.9107666015625,-96.91082763671875,98.42303466796875,-98.42291259765625,91.82913970947266,-91.82914733886719,-1.844519019126892,1.844988226890564,0.18336117267608643,0.18334120512008667
-2.741715888987528e-06,0.0,0.0,0.0,0.542717695236206,-0.5427705645561218,78.4894790649414,-78.48944854736328,97.00334930419922,-97.00342559814453,98.22150421142578,-98.22136688232422,92.04949951171875,-92.04950714111328,-2.0667498111724854,2.0672755241394043,0.2054528146982193,0.20543044805526733
-3.0506464554491686e-06,0.0,0.0,0.0,0.6038699746131897,-0.6039287447929382,78.32098388671875,-78.32093811035156,97.10037231445312,-97.10044860839844,98.01032257080078,-98.01016998291016,92.28040313720703,-92.28041076660156,-2.299626588821411,2.3002114295959473,0.22860278189182281,0.2285778820514679
-3.3732726478774566e-06,0.0,0.0,0.0,0.6677332520484924,-0.6677982211112976,78.14500427246094,-78.14495849609375,97.20169067382812,-97.2017822265625,97.7897720336914,-97.78961181640625,92.52155303955078,-92.52156066894531,-2.5428273677825928,2.5434741973876953,0.2527790665626526,0.25275152921676636
-3.7091663216415327e-06,0.0,0.0,0.0,0.7342227697372437,-0.7342942953109741,77.96179962158203,-77.96174621582031,97.30718231201172,-97.3072738647461,97.56016540527344,-97.55997467041016,92.77261352539062,-92.77262115478516,-2.796029567718506,2.7967405319213867,0.2779495418071747,0.27791929244995117
-4.057898877363186e-06,0.0,0.0,0.0,0.803253710269928,-0.8033319711685181,77.77159118652344,-77.77153015136719,97.41670227050781,-97.41680145263672,97.32176971435547,-97.32157135009766,93.03327941894531,-93.03328704833984,-3.0589096546173096,3.059687614440918,0.30408206582069397,0.30404898524284363
-4.419043307279935e-06,0.0,0.0,0.0,0.8747416734695435,-0.8748268485069275,77.57461547851562,-77.57454681396484,97.53012084960938,-97.53023529052734,97.07489013671875,-97.07466888427734,93.30321502685547,-93.30322265625,-3.331146478652954,3.331993579864502,0.331144779920578,0.3311087489128113
-4.792171694134595e-06,0.0,0.0,0.0,0.9486017823219299,-0.9486940503120422,77.37109375,-77.37102508544922,97.64730072021484,-97.64742279052734,96.81982421875,-96.81958770751953,93.58209991455078,-93.58211517333984,-3.6124167442321777,3.613335371017456,0.3591054379940033,0.359066367149353
-5.176854756427929e-06,0.0,0.0,0.0,1.0247490406036377,-1.0248488187789917,77.16127014160156,-77.16120147705078,97.76811218261719,-97.76824188232422,96.55685424804688,-96.55659484863281,93.86963653564453,-93.86964416503906,-3.9023971557617188,3.9033892154693604,0.38793203234672546,0.3878897726535797
-5.5726654863974545e-06,0.0,0.0,0.0,1.1030991077423096,-1.1032065153121948,76.94538116455078,-76.94530487060547,97.89241790771484,-97.8925552368164,96.2862777709961,-96.28600311279297,94.16548156738281,-94.16549682617188,-4.200765132904053,4.201833724975586,0.41759243607521057,0.41754695773124695
-5.979175966785988e-06,0.0,0.0,0.0,1.1835670471191406,-1.1836822032928467,76.7236557006836,-76.72357940673828,98.02008056640625,-98.02023315429688,96.00839233398438,-96.00809478759766,94.46932983398438,-94.46934509277344,-4.507199287414551,4.508345603942871,0.44805461168289185,0.4480058252811432
-6.3959587350836955e-06,0.0,0.0,0.0,1.266068458557129,-1.2661917209625244,76.49633026123047,-76.4962387084961,98.15097045898438,-98.15113067626953,95.72348022460938,-95.72315979003906,94.78084564208984,-94.7808609008789,-4.821376800537109,4.82260274887085,0.4792866110801697,0.4792344272136688
-6.82258405504399e-06,0.0,0.0,0.0,1.3505181074142456,-1.3506495952606201,76.26363372802734,-76.26354217529297,98.28495788574219,-98.28512573242188,95.43183898925781,-95.43150329589844,95.0997314453125,-95.09974670410156,-5.142973899841309,5.14428186416626,0.5112560987472534,0.5112004280090332
-7.2586240094096866e-06,0.0,0.0,0.0,1.4368315935134888,-1.4369715452194214,76.02580261230469,-76.02570343017578,98.42189025878906,-98.42208099365234,95.1337661743164,-95.13340759277344,95.42564392089844,-95.42566680908203,-5.471668243408203,5.47305965423584,0.5439311861991882,0.5438719391822815
-7.703653864155058e-06,0.0,0.0,0.0,1.524924397468567,-1.5250728130340576,75.78306579589844,-75.78296661376953,98.56165313720703,-98.56185150146484,94.82955169677734,-94.82916259765625,95.75828552246094,-95.75830078125,-5.807138919830322,5.808615207672119,0.5772798657417297,0.5772169828414917
-8.157241609296761e-06,0.0,0.0,0.0,1.6147112846374512,-1.6148685216903687,75.5356674194336,-75.53555297851562,98.7041015625,-98.70430755615234,94.51947784423828,-94.51907348632812,96.09732055664062,-96.09733581542969,-6.1490607261657715,6.1506242752075195,0.6112698316574097,0.6112032532691956
-8.618962056061719e-06,0.0,0.0,0.0,1.7061078548431396,-1.7062739133834839,75.28382873535156,-75.28370666503906,98.84910583496094,-98.84932708740234,94.20384979248047,-94.20342254638672,96.44242858886719,-96.44245147705078,-6.497112274169922,6.498764514923096,0.6458691954612732,0.6457988619804382
-9.08838501345599e-06,0.0,0.0,0.0,1.7990293502807617,-1.7992045879364014,75.02778625488281,-75.02766418457031,98.99652862548828,-98.99675750732422,93.88294982910156,-93.88249969482422,96.79329681396484,-96.79331970214844,-6.850971221923828,6.852713584899902,0.6810458302497864,0.6809717416763306
-9.565083928464446e-06,0.0,0.0,0.0,1.8933910131454468,-1.8935754299163818,74.76777648925781,-74.76764678955078,99.14623260498047,-99.146484375,93.55708312988281,-93.55661010742188,97.14960479736328,-97.14962768554688,-7.210314750671387,7.2121477127075195,0.7167676091194153,0.7166896462440491
-1.004863042908255e-05,0.0,0.0,0.0,1.9891082048416138,-1.9893020391464233,74.50403594970703,-74.50389862060547,99.298095703125,-99.29834747314453,93.22653198242188,-93.22603607177734,97.51103210449219,-97.51105499267578,-7.574820041656494,7.576745986938477,0.7530026435852051,0.7529206871986389
-1.0538597962295171e-05,0.0,0.0,0.0,2.0860962867736816,-2.086299419403076,74.23678588867188,-74.23664093017578,99.45196533203125,-99.45223236083984,92.89159393310547,-92.89107513427734,97.87725067138672,-97.87728118896484,-7.944164752960205,7.946185111999512,0.789718747138977,0.7896327972412109
-1.1034555427613668e-05,0.0,0.0,0.0,2.1842703819274902,-2.184483051300049,73.96627807617188,-73.96612548828125,99.60772705078125,-99.60800170898438,92.55255889892578,-92.55201721191406,98.24795532226562,-98.24798583984375,-8.318026542663574,8.320141792297363,0.8268837928771973,0.8267938494682312
-1.1536077181517612e-05,0.0,0.0,0.0,2.283545732498169,-2.2837679386138916,73.6927261352539,-73.69257354736328,99.76522827148438,-99.76551818847656,92.209716796875,-92.20915222167969,98.62281799316406,-98.62284088134766,-8.69608211517334,8.69829273223877,0.8644657135009766,0.864371657371521
-1.2042733942507766e-05,0.0,0.0,0.0,2.3838374614715576,-2.3840694427490234,73.4163818359375,-73.41621398925781,99.92434692382812,-99.92465209960938,91.86337280273438,-91.86277770996094,99.00151824951172,-99.00154113769531,-9.078006744384766,9.080315589904785,0.9024324417114258,0.9023342728614807
-1.2554102795547806e-05,0.0,0.0,0.0,2.4850618839263916,-2.4853036403656006,73.13745880126953,-73.13729095458984,100.08494567871094,-100.08525848388672,91.51380920410156,-91.51318359375,99.38374328613281,-99.3837661743164,-9.463484764099121,9.46589183807373,0.9407522678375244,0.9406499266624451
-1.306974718318088e-05,0.0,0.0,0.0,2.587132692337036,-2.5873844623565674,72.85621643066406,-72.85603332519531,100.24687957763672,-100.24720764160156,91.16131591796875,-91.1606674194336,99.76915740966797,-99.7691879272461,-9.85218620300293,9.854691505432129,0.9793925881385803,0.9792859554290771
-1.3589244190370664e-05,0.0,0.0,0.0,2.6899662017822266,-2.690228223800659,72.57286071777344,-72.57266998291016,100.41002655029297,-100.41036987304688,90.80618286132812,-90.80551147460938,100.1574478149414,-100.15748596191406,-10.243791580200195,10.246397018432617,1.0183215141296387,1.0182106494903564
-1.4112164535617922e-05,0.0,0.0,0.0,2.7934772968292236,-2.7937493324279785,72.28764343261719,-72.28744506835938,100.57424926757812,-100.5746078491211,90.44872283935547,-90.4480209350586,100.54830932617188,-100.54833984375,-10.63797664642334,10.640682220458984,1.057507038116455,1.057391881942749
-1.463808166590752e-05,0.0,0.0,0.0,2.8975818157196045,-2.8978638648986816,72.00078582763672,-72.00057983398438,100.73941802978516,-100.73978424072266,90.08920288085938,-90.0884780883789,100.94140625,-100.94144439697266,-11.034422874450684,11.037227630615234,1.0969170331954956,1.0967977046966553
-1.5166565390245523e-05,0.0,0.0,0.0,3.002194404602051,-3.00248646736145,71.71253204345703,-71.71231842041016,100.90538787841797,-100.90576934814453,89.72793579101562,-89.7271957397461,101.33641815185547,-101.3364486694336,-11.432802200317383,11.435709953308105,1.136519432067871,1.136395812034607
-1.5697192793595605e-05,0.0,0.0,0.0,3.1072306632995605,-3.1075334548950195,71.42311096191406,-71.42288970947266,101.07202911376953,-101.07242584228516,89.36520385742188,-89.36442565917969,101.7330322265625,-101.73307037353516,-11.832797050476074,11.835805892944336,1.1762824058532715,1.176154375076294
-1.6229527318500914e-05,0.0,0.0,0.0,3.2126057147979736,-3.212918519973755,71.13275909423828,-71.13253784179688,101.23921203613281,-101.23961639404297,89.00129699707031,-89.00050354003906,102.13092803955078,-102.13096618652344,-12.23408031463623,12.237191200256348,1.2161734104156494,1.2160409688949585
-1.676314786891453e-05,0.0,0.0,0.0,3.318234920501709,-3.3185579776763916,70.84170532226562,-70.84147644042969,101.40679168701172,-101.40721893310547,88.63652038574219,-88.63569641113281,102.52977752685547,-102.52982330322266,-12.636331558227539,12.639545440673828,1.2561607360839844,1.2560240030288696
-1.7297625163337216e-05,0.0,0.0,0.0,3.4240338802337646,-3.4243671894073486,70.55017852783203,-70.54994201660156,101.57464599609375,-101.57508087158203,88.27115631103516,-88.27030181884766,102.92927551269531,-102.92931365966797,-13.039230346679688,13.042546272277832,1.2962123155593872,1.296071171760559
-1.7832529920269735e-05,0.0,0.0,0.0,3.5299172401428223,-3.5302608013153076,70.25843048095703,-70.2581787109375,101.74263763427734,-101.74308776855469,87.90550231933594,-87.90461730957031,103.32908630371094,-103.3291244506836,-13.442449569702148,13.445867538452148,1.3362958431243896,1.3361502885818481
-1.836743285821285e-05,0.0,0.0,0.0,3.6358001232147217,-3.6361541748046875,69.96666717529297,-69.96641540527344,101.91061401367188,-101.91107940673828,87.53984832763672,-87.53893280029297,103.72889709472656,-103.72894287109375,-13.845667839050293,13.849188804626465,1.376379132270813,1.3762294054031372
-1.890191197162494e-05,0.0,0.0,0.0,3.7415990829467773,-3.7419636249542236,69.67514038085938,-69.67488098144531,102.0784683227539,-102.07894897460938,87.17447662353516,-87.17353820800781,104.1283950805664,-104.12843322753906,-14.248566627502441,14.252189636230469,1.4164308309555054,1.4162765741348267
-1.9435530703049153e-05,0.0,0.0,0.0,3.8472282886505127,-3.847602605819702,69.38409423828125,-69.38381958007812,102.24605560302734,-102.24654388427734,86.80970001220703,-86.80873107910156,104.5272445678711,-104.52729034423828,-14.65081787109375,14.654542922973633,1.4564180374145508,1.4562593698501587
-1.9967870684922673e-05,0.0,0.0,0.0,3.952603578567505,-3.952988624572754,69.09373474121094,-69.09346008300781,102.41323852539062,-102.41374206542969,86.44579315185547,-86.4448013305664,104.92514038085938,-104.92518615722656,-15.052103042602539,15.055931091308594,1.4963092803955078,1.4961464405059814
-2.0498493540799245e-05,0.0,0.0,0.0,4.057640075683594,-4.058034896850586,68.80431365966797,-68.80403137207031,102.57987976074219,-102.58039855957031,86.08306121826172,-86.08204650878906,105.3217544555664,-105.32180786132812,-15.452095985412598,15.456025123596191,1.536072015762329,1.535904884338379
-2.102697908412665e-05,0.0,0.0,0.0,4.162252426147461,-4.162657737731934,68.51605987548828,-68.5157699584961,102.745849609375,-102.74637603759766,85.72179412841797,-85.72075653076172,105.71676635742188,-105.71681213378906,-15.85047721862793,15.854506492614746,1.5756745338439941,1.5755029916763306
-2.155289621441625e-05,0.0,0.0,0.0,4.266356945037842,-4.266772270202637,68.22920227050781,-68.22891235351562,102.91101837158203,-102.91156005859375,85.36227416992188,-85.36121368408203,106.10986328125,-106.10991668701172,-16.24692153930664,16.251054763793945,1.6150845289230347,1.6149088144302368
-2.2075813831179403e-05,0.0,0.0,0.0,4.36986780166626,-4.370293140411377,67.9439926147461,-67.94367980957031,103.07524108886719,-103.07579040527344,85.00481414794922,-85.00372314453125,106.50071716308594,-106.50077056884766,-16.64110565185547,16.645336151123047,1.6542699337005615,1.6540898084640503
-2.2595313566853292e-05,0.0,0.0,0.0,4.472701549530029,-4.473136901855469,67.66063690185547,-67.66032409667969,103.23838806152344,-103.23896026611328,84.6496810913086,-84.64856719970703,106.88902282714844,-106.88906860351562,-17.032712936401367,17.037044525146484,1.6931990385055542,1.6930147409439087
-2.3110958863981068e-05,0.0,0.0,0.0,4.574772834777832,-4.575218200683594,67.37938690185547,-67.37906646728516,103.40032196044922,-103.40090942382812,84.29719543457031,-84.29605102539062,107.2744369506836,-107.27449035644531,-17.42141342163086,17.425844192504883,1.7318392992019653,1.7316508293151855
-2.3622325898031704e-05,0.0,0.0,0.0,4.675996780395508,-4.676451683044434,67.10047149658203,-67.10014343261719,103.56092071533203,-103.56151580810547,83.94762420654297,-83.94645690917969,107.65665435791016,-107.6567153930664,-17.8068904876709,17.811418533325195,1.7701590061187744,1.7699662446975708
-2.4128981749527156e-05,0.0,0.0,0.0,4.7762885093688965,-4.7767534255981445,66.8241195678711,-66.82378387451172,103.72003936767578,-103.72064208984375,83.60128021240234,-83.60008239746094,108.03535461425781,-108.03541564941406,-18.188817977905273,18.19344139099121,1.8081258535385132,1.8079291582107544
-2.4630504412925802e-05,0.0,0.0,0.0,4.875564098358154,-4.876038551330566,66.55056762695312,-66.55023193359375,103.8775405883789,-103.87816619873047,83.25843811035156,-83.25721740722656,108.41021728515625,-108.41027069091797,-18.566871643066406,18.57159423828125,1.8457077741622925,1.8455069065093994
-2.5126462787739e-05,0.0,0.0,0.0,4.973737716674805,-4.974222183227539,66.28005981445312,-66.27970886230469,104.03329467773438,-104.033935546875,82.91940307617188,-82.91815948486328,108.78092193603516,-108.78097534179688,-18.940732955932617,18.94554901123047,1.8828729391098022,1.8826677799224854
-2.5616427592467517e-05,0.0,0.0,0.0,5.070725440979004,-5.071218967437744,66.0128173828125,-66.01245880126953,104.18716430664062,-104.18781280517578,82.58446502685547,-82.58320617675781,109.14714050292969,-109.1471939086914,-19.310077667236328,19.314987182617188,1.919588565826416,1.919379711151123
-2.609997864055913e-05,0.0,0.0,0.0,5.166443347930908,-5.166946887969971,65.74906921386719,-65.74870300292969,104.33902740478516,-104.33968353271484,82.25391387939453,-82.25262451171875,109.5085678100586,-109.50862884521484,-19.674585342407227,19.679588317871094,1.9558240175247192,1.955611228942871
-2.657667573657818e-05,0.0,0.0,0.0,5.260804653167725,-5.261316776275635,65.48906707763672,-65.48869323730469,104.48873138427734,-104.48941040039062,81.92804718017578,-81.9267349243164,109.86487579345703,-109.86493682861328,-20.033926010131836,20.03902244567871,1.9915456771850586,1.9913288354873657
-2.7046100512961857e-05,0.0,0.0,0.0,5.353726387023926,-5.354247570037842,65.23301696777344,-65.2326431274414,104.63615417480469,-104.6368408203125,81.60714721679688,-81.6058120727539,110.21574401855469,-110.21580505371094,-20.387786865234375,20.39297103881836,2.0267224311828613,2.0265018939971924
-2.7507820050232112e-05,0.0,0.0,0.0,5.445123195648193,-5.445653438568115,64.98118591308594,-64.98080444335938,104.78115844726562,-104.7818603515625,81.29151916503906,-81.2901611328125,110.56085205078125,-110.56092071533203,-20.735837936401367,20.741113662719727,2.061321973800659,2.0610976219177246
-2.7961406885879114e-05,0.0,0.0,0.0,5.534910202026367,-5.5354485511779785,64.73377990722656,-64.73339080810547,104.92361450195312,-104.92431640625,80.9814453125,-80.98007202148438,110.89988708496094,-110.89995574951172,-21.077760696411133,21.083120346069336,2.0953116416931152,2.095083713531494
-2.840643355739303e-05,0.0,0.0,0.0,5.623002529144287,-5.623549938201904,64.49104309082031,-64.49065399169922,105.06336975097656,-105.0640869140625,80.67723083496094,-80.67582702636719,111.23252868652344,-111.23258972167969,-21.41322898864746,21.41867446899414,2.128660202026367,2.1284286975860596
-2.884247987822164e-05,0.0,0.0,0.0,5.709316253662109,-5.709872245788574,64.25321960449219,-64.25281524658203,105.20030975341797,-105.20104217529297,80.37915802001953,-80.37773132324219,111.55844116210938,-111.55850982666016,-21.741924285888672,21.747453689575195,2.1613354682922363,2.161100149154663
-2.9269102014950477e-05,0.0,0.0,0.0,5.793766021728516,-5.79433012008667,64.02051544189453,-64.0201187133789,105.33428955078125,-105.33503723144531,80.08751678466797,-80.08606719970703,111.87732696533203,-111.87739562988281,-22.063522338867188,22.069133758544922,2.193305015563965,2.193066358566284
-2.968588705698494e-05,0.0,0.0,0.0,5.876267433166504,-5.876839637756348,63.793190002441406,-63.79277801513672,105.4651870727539,-105.46593475341797,79.80260467529297,-79.80113983154297,112.18885040283203,-112.18891906738281,-22.37769889831543,22.383390426635742,2.2245371341705322,2.224294900894165
-3.0092394808889367e-05,0.0,0.0,0.0,5.956735134124756,-5.957314968109131,63.571468353271484,-63.57105255126953,105.59284973144531,-105.59361267089844,79.52471923828125,-79.52323150634766,112.49269104003906,-112.49275970458984,-22.684131622314453,22.689903259277344,2.2549991607666016,2.254753589630127
-3.0488206903100945e-05,0.0,0.0,0.0,6.035085201263428,-6.035673141479492,63.35557174682617,-63.35515594482422,105.71714782714844,-105.7179183959961,79.25414276123047,-79.25263214111328,112.78854370117188,-112.78861236572266,-22.982501983642578,22.98834800720215,2.2846596240997314,2.2844109535217285
-3.0872888601152226e-05,0.0,0.0,0.0,6.111232280731201,-6.1118268966674805,63.145755767822266,-63.14533233642578,105.83795928955078,-105.83873748779297,78.99117279052734,-78.9896469116211,113.0760726928711,-113.07614135742188,-23.27248191833496,23.278400421142578,2.313486099243164,2.3132340908050537
-3.124601425952278e-05,0.0,0.0,0.0,6.185092449188232,-6.185694217681885,62.94224166870117,-62.94180679321289,105.95513916015625,-105.9559326171875,78.7361068725586,-78.73456573486328,113.35496520996094,-113.35503387451172,-23.55375099182129,23.55974006652832,2.3414466381073,2.3411917686462402
-3.160716005368158e-05,0.0,0.0,0.0,6.256580352783203,-6.257189750671387,62.745262145996094,-62.74482345581055,106.06856536865234,-106.0693588256836,78.48922729492188,-78.4876708984375,113.6249008178711,-113.62496948242188,-23.82598876953125,23.832048416137695,2.368509531021118,2.3682515621185303
-3.1955896702129394e-05,0.0,0.0,0.0,6.325611591339111,-6.32622766494751,62.55504608154297,-62.554603576660156,106.1780776977539,-106.17889404296875,78.2508316040039,-78.24925994873047,113.88555908203125,-113.88563537597656,-24.088871002197266,24.094995498657227,2.3946421146392822,2.394381523132324
-3.2291787647409365e-05,0.0,0.0,0.0,6.392100811004639,-6.392723083496094,62.37184143066406,-62.371395111083984,106.2835693359375,-106.28438568115234,78.02122497558594,-78.01962280273438,114.1366195678711,-114.1366958618164,-24.342069625854492,24.3482608795166,2.4198124408721924,2.419548988342285
-3.261441452195868e-05,0.0,0.0,0.0,6.4559645652771,-6.456593036651611,62.195865631103516,-62.19541549682617,106.3848876953125,-106.3857192993164,77.80067443847656,-77.79906463623047,114.37776947021484,-114.37784576416016,-24.58527183532715,24.591524124145508,2.443988800048828,2.443722724914551
-3.29233480442781e-05,0.0,0.0,0.0,6.517117023468018,-6.517751216888428,62.027366638183594,-62.02690887451172,106.4819107055664,-106.48274230957031,77.58949279785156,-77.5878677368164,114.60867309570312,-114.60875701904297,-24.81814956665039,24.824460983276367,2.4671387672424316,2.4668703079223633
-3.3218155294889584e-05,0.0,0.0,0.0,6.575473308563232,-6.576113700866699,61.86656951904297,-61.86610412597656,106.57449340820312,-106.57533264160156,77.3879623413086,-77.38632202148438,114.82903289794922,-114.8291015625,-25.040380477905273,25.0467472076416,2.4892303943634033,2.488959550857544
-3.34984106302727e-05,0.0,0.0,0.0,6.630949020385742,-6.631594657897949,61.71370315551758,-61.7132453918457,106.66250610351562,-106.6633529663086,77.19638061523438,-77.19473266601562,115.03849792480469,-115.03858184814453,-25.25164222717285,25.2580623626709,2.5102314949035645,2.509958267211914
-3.3763684768928215e-05,0.0,0.0,0.0,6.683460712432861,-6.68411111831665,61.56901168823242,-61.56855010986328,106.74581909179688,-106.74667358398438,77.01504516601562,-77.01337432861328,115.23677825927734,-115.23686218261719,-25.451610565185547,25.458084106445312,2.5301103591918945,2.529834747314453
-3.40135557053145e-05,0.0,0.0,0.0,6.732921600341797,-6.733577251434326,61.43273162841797,-61.43225860595703,106.82428741455078,-106.82514953613281,76.84423065185547,-76.8425521850586,115.42354583740234,-115.42362976074219,-25.63996696472168,25.646486282348633,2.5488345623016357,2.5485570430755615
-3.424758688197471e-05,0.0,0.0,0.0,6.779247760772705,-6.779908180236816,61.30507278442383,-61.304603576660156,106.89778900146484,-106.8986587524414,76.68424987792969,-76.68255615234375,115.59848022460938,-115.59856414794922,-25.81638526916504,25.82295036315918,2.5663721561431885,2.5660927295684814
-3.446535629336722e-05,0.0,0.0,0.0,6.822354793548584,-6.823019027709961,61.18629837036133,-61.18582534790039,106.96617889404297,-106.96704864501953,76.53538513183594,-76.53367614746094,115.76124572753906,-115.7613296508789,-25.98054313659668,25.987150192260742,2.582690715789795,2.582409620285034
-3.46664382959716e-05,0.0,0.0,0.0,6.862158298492432,-6.862826347351074,61.07662582397461,-61.07614517211914,107.02933502197266,-107.03020477294922,76.3979263305664,-76.39620971679688,115.91155242919922,-115.91162872314453,-26.13212013244629,26.138765335083008,2.5977590084075928,2.5974762439727783
-3.485039997030981e-05,0.0,0.0,0.0,6.898573398590088,-6.899245262145996,60.97628402709961,-60.97580337524414,107.08710479736328,-107.08798217773438,76.27217102050781,-76.27044677734375,116.04905700683594,-116.04913330078125,-26.270793914794922,26.277475357055664,2.611544132232666,2.611259937286377
-3.5016812034882605e-05,0.0,0.0,0.0,6.931514739990234,-6.932189464569092,60.88551712036133,-60.885032653808594,107.13936614990234,-107.14025115966797,76.15841674804688,-76.15667724609375,116.17343139648438,-116.17351531982422,-26.396238327026367,26.402950286865234,2.624014377593994,2.6237287521362305
-3.516524884616956e-05,0.0,0.0,0.0,6.960897922515869,-6.961575031280518,60.80455017089844,-60.8040657043457,107.18598175048828,-107.1868667602539,76.05693817138672,-76.0551986694336,116.28437805175781,-116.28446197509766,-26.508132934570312,26.514875411987305,2.6351377964019775,2.6348509788513184
-3.529528476065025e-05,0.0,0.0,0.0,6.986638069152832,-6.98731803894043,60.73362731933594,-60.7331428527832,107.22682189941406,-107.22770690917969,75.96804809570312,-75.96630096435547,116.38157653808594,-116.38166046142578,-26.606157302856445,26.61292266845703,2.6448822021484375,2.644594192504883
-3.540649049682543e-05,0.0,0.0,0.0,7.008650779724121,-7.009332656860352,60.6729736328125,-60.672481536865234,107.2617416381836,-107.26263427734375,75.89202880859375,-75.8902816772461,116.4646987915039,-116.46478271484375,-26.68998146057129,26.69676971435547,2.653215169906616,2.652926445007324
-3.5498433135217056e-05,0.0,0.0,0.0,7.026850700378418,-7.0275349617004395,60.62282180786133,-60.62233352661133,107.29061889648438,-107.29151916503906,75.82917785644531,-75.82742309570312,116.5334243774414,-116.53350830078125,-26.759292602539062,26.766098022460938,2.6601054668426514,2.659815788269043
-3.557069067028351e-05,0.0,0.0,0.0,7.041153907775879,-7.041839122772217,60.58340835571289,-60.582916259765625,107.31330871582031,-107.314208984375,75.77978515625,-75.77802276611328,116.5874252319336,-116.58750915527344,-26.81376075744629,26.820579528808594,2.6655197143554688,2.6652297973632812
-3.562283382052556e-05,0.0,0.0,0.0,7.051475524902344,-7.052161693572998,60.554969787597656,-60.55447769165039,107.32968139648438,-107.33058166503906,75.74413299560547,-75.74237823486328,116.62639617919922,-116.62648010253906,-26.85306739807129,26.85989761352539,2.6694273948669434,2.6691367626190186
-3.5654433304443955e-05,0.0,0.0,0.0,7.057730674743652,-7.058417797088623,60.53773498535156,-60.5372428894043,107.33960723876953,-107.34050750732422,75.7225341796875,-75.72077941894531,116.65003204345703,-116.65010833740234,-26.876888275146484,26.88372230529785,2.671795129776001,2.671504497528076
-3.566505984053947e-05,0.0,0.0,0.0,7.0598344802856445,-7.060521602630615,60.53193664550781,-60.53144454956055,107.34294891357422,-107.3438491821289,75.71527099609375,-75.71350860595703,116.65796661376953,-116.65805053710938,-26.884899139404297,26.891735076904297,2.6725916862487793,2.6723005771636963
-3.566505984053947e-05,0.0,0.0,0.0,7.0598344802856445,-7.060521602630615,60.53193664550781,-60.53144454956055,107.34294891357422,-107.3438491821289,75.71527099609375,-75.71350860595703,116.65796661376953,-116.65805053710938,-26.884899139404297,26.891735076904297,2.6725916862487793,2.6723005771636963
-3.566505984053947e-05,0.0,0.0,0.0,7.0598344802856445,-7.060521602630615,60.53193664550781,-60.53144454956055,107.34294891357422,-107.3438491821289,75.71527099609375,-75.71350860595703,116.65796661376953,-116.65805053710938,-26.884899139404297,26.891735076904297,2.6725916862487793,2.6723005771636963
-3.566505984053947e-05,0.0,0.0,0.0,7.0598344802856445,-7.060521602630615,60.53193664550781,-60.53144454956055,107.34294891357422,-107.3438491821289,75.71527099609375,-75.71350860595703,116.65796661376953,-116.65805053710938,-26.884899139404297,26.891735076904297,2.6725916862487793,2.6723005771636963
-5.202016109251417e-05,0.0,0.0,0.0,6.999342918395996,-7.000027656555176,60.67550277709961,-60.67502975463867,107.29154205322266,-107.29242706298828,75.94205474853516,-75.9403076171875,116.59745025634766,-116.59751892089844,-26.728744506835938,26.735565185546875,2.7508468627929688,2.7505526542663574
-5.202016109251417e-05,0.0,0.0,0.0,6.999342918395996,-7.000027656555176,60.67550277709961,-60.67502975463867,107.29154205322266,-107.29242706298828,75.94205474853516,-75.9403076171875,116.59745025634766,-116.59751892089844,-26.728744506835938,26.735565185546875,2.7508468627929688,2.7505526542663574
-3.2410047424491495e-05,0.0,0.0,0.0,6.910329341888428,-6.91104793548584,60.84897994995117,-60.84849548339844,107.23919677734375,-107.24008178710938,76.25518798828125,-76.25349426269531,116.53779602050781,-116.53788757324219,-26.530899047851562,26.53771209716797,2.874690055847168,2.87445068359375
-4.388263187138364e-05,0.0,0.0,0.0,6.854362487792969,-6.85504674911499,60.96006774902344,-60.959590911865234,107.20431518554688,-107.2052001953125,76.45413208007812,-76.45238494873047,116.498046875,-116.49813842773438,-26.404491424560547,26.41131591796875,2.953249216079712,2.952984094619751
-2.2404889023164287e-05,0.0,0.0,0.0,6.790984630584717,-6.791683197021484,61.08674621582031,-61.08626174926758,107.1642074584961,-107.16509246826172,76.68011474609375,-76.67840576171875,116.4522933959961,-116.4524154663086,-26.26055908203125,26.26740264892578,3.0422990322113037,3.0420546531677246
-2.3365384549833834e-05,0.0,0.0,0.0,6.720827102661133,-6.721523284912109,61.22868347167969,-61.22825622558594,107.11824035644531,-107.11911010742188,76.93187713623047,-76.93019104003906,116.39984130859375,-116.39998626708984,-26.099607467651367,26.10643196105957,3.1412925720214844,3.1410775184631348
-2.5473136702203192e-05,0.0,0.0,0.0,6.644378662109375,-6.645086288452148,61.38554000854492,-61.38509750366211,107.06617736816406,-107.06706237792969,77.20824432373047,-77.20655059814453,116.34044647216797,-116.34059143066406,-25.92212677001953,25.92894744873047,3.2497661113739014,3.2495431900024414
-2.5179651856888086e-05,0.0,0.0,0.0,6.5621514320373535,-6.562853813171387,61.55693054199219,-61.55647277832031,107.00778198242188,-107.0086669921875,77.50798034667969,-77.50625610351562,116.2737808227539,-116.2739486694336,-25.728683471679688,25.73552131652832,3.367081880569458,3.3668606281280518
-2.0830742869293317e-05,0.0,0.0,0.0,6.474605560302734,-6.475313186645508,61.74242401123047,-61.74199295043945,106.94285583496094,-106.94373321533203,77.82978820800781,-77.82808685302734,116.19963073730469,-116.19979858398438,-25.519838333129883,25.52666473388672,3.492769241333008,3.4925575256347656
-2.9688644644920714e-05,0.0,0.0,0.0,6.382251739501953,-6.382970333099365,61.941680908203125,-61.941246032714844,106.8710708618164,-106.87197875976562,78.17252349853516,-78.1707763671875,116.11766052246094,-116.11785888671875,-25.29615592956543,25.30299949645996,3.6262643337249756,3.626049280166626
-1.8002618162427098e-05,0.0,0.0,0.0,6.285634517669678,-6.286355495452881,62.15433883666992,-62.153907775878906,106.79220581054688,-106.79310607910156,78.53475952148438,-78.53304290771484,116.0275650024414,-116.02775573730469,-25.058168411254883,25.065004348754883,3.7669572830200195,3.7667336463928223
-1.5814823200344108e-05,0.0,0.0,0.0,6.18520450592041,-6.1859307289123535,62.37992858886719,-62.37953186035156,106.70599365234375,-106.70687103271484,78.91533660888672,-78.91364288330078,115.92903137207031,-115.92928314208984,-24.806495666503906,24.81334114074707,3.9143776893615723,3.9142067432403564
-5.6229000620078295e-06,0.0,0.0,0.0,6.081475257873535,-6.082216739654541,62.61815643310547,-62.61775588989258,106.6121597290039,-106.61304473876953,79.31287384033203,-79.31118774414062,115.82176971435547,-115.82202911376953,-24.541667938232422,24.548507690429688,4.067892074584961,4.0677490234375
9.851747563516255e-06,0.0,0.0,0.0,5.9749603271484375,-5.9757256507873535,62.86860656738281,-62.86820983886719,106.51044464111328,-106.51133728027344,79.72616577148438,-79.7245101928711,115.70551300048828,-115.705810546875,-24.264244079589844,24.27108383178711,4.2270684242248535,4.226960182189941
3.044903678528499e-05,0.0,0.0,0.0,5.866118907928467,-5.866888046264648,63.13090515136719,-63.130523681640625,106.40058898925781,-106.4014892578125,80.1539077758789,-80.15226745605469,115.57990264892578,-115.58021545410156,-23.974794387817383,23.981624603271484,4.391306400299072,4.391218185424805
3.317043956485577e-05,0.0,0.0,0.0,5.755457878112793,-5.756196975708008,63.404693603515625,-63.40431213378906,106.28233337402344,-106.2832260131836,80.5948257446289,-80.59317016601562,115.44473266601562,-115.44503021240234,-23.673873901367188,23.680727005004883,4.560153007507324,4.560031414031982
5.077952300780453e-05,0.0,0.0,0.0,5.643336772918701,-5.644097328186035,63.68958282470703,-63.6891975402832,106.15546417236328,-106.15635681152344,81.04762268066406,-81.04598999023438,115.29962921142578,-115.29998779296875,-23.36205291748047,23.368919372558594,4.732960224151611,4.732923984527588
4.2401868995511904e-05,0.0,0.0,0.0,5.530269622802734,-5.531052112579346,63.98515701293945,-63.98480987548828,106.01974487304688,-106.0206527709961,81.5110855102539,-81.50946044921875,115.14444732666016,-115.14483642578125,-23.039905548095703,23.04676628112793,4.909449577331543,4.909364223480225
7.858052413212135e-05,0.0,0.0,0.0,5.416615962982178,-5.417420387268066,64.2911376953125,-64.290771484375,105.87495422363281,-105.87586212158203,81.98388671875,-81.98231506347656,114.97888946533203,-114.97930908203125,-22.70795440673828,22.714826583862305,5.088924884796143,5.088925838470459
6.433318048948422e-05,0.0,0.0,0.0,5.302855968475342,-5.303636074066162,64.6070785522461,-64.60672760009766,105.72090911865234,-105.72183227539062,82.46501922607422,-82.46338653564453,114.80278778076172,-114.8031997680664,-22.366748809814453,22.37363052368164,5.271128177642822,5.271065711975098
8.183554018614814e-05,0.0,0.0,0.0,5.189315319061279,-5.19010591506958,64.93262481689453,-64.93231201171875,105.55742645263672,-105.55833435058594,82.95301818847656,-82.95143127441406,114.61587524414062,-114.61632537841797,-22.016849517822266,22.023723602294922,5.455432891845703,5.4554314613342285
8.423678082181141e-05,0.0,0.0,0.0,5.076336860656738,-5.077136039733887,65.2674560546875,-65.26712036132812,105.3843765258789,-105.38529205322266,83.44690704345703,-83.44532775878906,114.41802978515625,-114.41848754882812,-21.65874481201172,21.66564178466797,5.641507148742676,5.64150333404541
8.573088416596875e-05,0.0,0.0,0.0,4.9642839431762695,-4.965086936950684,65.61119079589844,-65.61087036132812,105.20158386230469,-105.2025146484375,83.94548034667969,-83.94387817382812,114.20907592773438,-114.20956420898438,-21.29298210144043,21.299880981445312,5.82891845703125,5.828904151916504
9.853748633759096e-05,0.0,0.0,0.0,4.8534464836120605,-4.854274272918701,65.96345520019531,-65.96315002441406,105.00897216796875,-105.00990295410156,84.44759368896484,-84.44603729248047,113.9889144897461,-113.9894027709961,-20.920089721679688,20.926958084106445,6.017276287078857,6.017308712005615
0.0001030731582432054,0.0,0.0,0.0,4.744156837463379,-4.7449750900268555,66.32391357421875,-66.3236312866211,104.80644226074219,-104.807373046875,84.9521713256836,-84.95059204101562,113.75740051269531,-113.7579574584961,-20.540517807006836,20.54741859436035,6.206180572509766,6.206235885620117
0.00011214450205443427,0.0,0.0,0.0,4.636647701263428,-4.637486934661865,66.69218444824219,-66.69194030761719,104.59394073486328,-104.5948715209961,85.45811462402344,-85.45658874511719,113.51454162597656,-113.51509857177734,-20.15482521057129,20.161712646484375,6.39530611038208,6.395368576049805
0.00010995670891134068,0.0,0.0,0.0,4.531188488006592,-4.532033920288086,67.06795501708984,-67.06771087646484,104.37139129638672,-104.37232971191406,85.96443176269531,-85.96292114257812,113.26023864746094,-113.26081848144531,-19.763479232788086,19.770389556884766,6.5842814445495605,6.5843505859375
0.00011726714728865772,0.0,0.0,0.0,4.428003311157227,-4.428852081298828,67.45085144042969,-67.45062255859375,104.13880157470703,-104.13973236083984,86.47008514404297,-86.46857452392578,112.99446105957031,-112.99508666992188,-19.366962432861328,19.373878479003906,6.772739887237549,6.772860527038574
0.00012863300798926502,0.0,0.0,0.0,4.327305793762207,-4.32815408706665,67.84052276611328,-67.8403091430664,103.89620208740234,-103.89714050292969,86.9740982055664,-86.97260284423828,112.71727752685547,-112.71788787841797,-18.965740203857422,18.9726505279541,6.960417747497559,6.960510730743408
0.00014304043725132942,0.0,0.0,0.0,4.229262351989746,-4.230120658874512,68.23663330078125,-68.23643493652344,103.64356994628906,-103.64451599121094,87.47553253173828,-87.47406005859375,112.42867279052734,-112.42931365966797,-18.56026840209961,18.56719207763672,7.14702844619751,7.147127628326416
0.00013807788491249084,0.0,0.0,0.0,4.134080410003662,-4.134937286376953,68.63885498046875,-68.6386489868164,103.38102722167969,-103.38197326660156,87.9734878540039,-87.97200775146484,112.12876892089844,-112.12943267822266,-18.1510009765625,18.157949447631836,7.332253456115723,7.332332134246826
0.00014143961016088724,0.0,0.0,0.0,4.041849613189697,-4.042690753936768,69.04679870605469,-69.04664611816406,103.10865020751953,-103.10958099365234,88.46704864501953,-88.46559143066406,111.817626953125,-111.81830596923828,-17.73838233947754,17.74533462524414,7.515799522399902,7.515871047973633
0.00016000919276848435,0.0,0.0,0.0,3.95274019241333,-3.9536030292510986,69.460205078125,-69.46002960205078,102.8265151977539,-102.82746887207031,88.9554214477539,-88.9539566040039,111.4953842163086,-111.49610137939453,-17.322834014892578,17.329792022705078,7.697403907775879,7.697513103485107
0.00016273059009108692,0.0,0.0,0.0,3.8668391704559326,-3.8677151203155518,69.87863159179688,-69.87847900390625,102.53482055664062,-102.53577423095703,89.43775939941406,-89.43632507324219,111.16224670410156,-111.1629867553711,-16.904794692993164,16.91176414489746,7.876875400543213,7.877004623413086
0.00017020110681187361,0.0,0.0,0.0,3.784271001815796,-3.7851486206054688,70.3017807006836,-70.30165100097656,102.23369598388672,-102.23464965820312,89.91325378417969,-89.91183471679688,110.81834411621094,-110.81908416748047,-16.48465919494629,16.491619110107422,8.053948402404785,8.054080963134766
0.0001889841369120404,0.0,0.0,0.0,3.7050912380218506,-3.7059714794158936,70.72930908203125,-70.72917938232422,101.92337036132812,-101.9243392944336,90.38121795654297,-90.37979888916016,110.46392059326172,-110.46466064453125,-16.062814712524414,16.069774627685547,8.22841739654541,8.22854232788086
0.0001870631385827437,0.0,0.0,0.0,3.629342794418335,-3.630230665206909,71.16091918945312,-71.1607894897461,101.60403442382812,-101.60501098632812,90.84095001220703,-90.83953094482422,110.09921264648438,-110.0999984741211,-15.639629364013672,15.646621704101562,8.400050163269043,8.400190353393555
0.0002050457551376894,0.0,0.0,0.0,3.5570878982543945,-3.5579991340637207,71.5962142944336,-71.59611511230469,101.27598571777344,-101.2769775390625,91.29173278808594,-91.29035186767578,109.72453308105469,-109.72535705566406,-15.21551513671875,15.222502708435059,8.568686485290527,8.568843841552734
0.0002080873236991465,0.0,0.0,0.0,3.4883809089660645,-3.4893064498901367,72.03490447998047,-72.03480529785156,100.9394760131836,-100.94046020507812,91.7328872680664,-91.73153686523438,109.34017944335938,-109.34102630615234,-14.790812492370605,14.797826766967773,8.734088897705078,8.7342529296875
0.00021358348021749407,0.0,0.0,0.0,3.423215627670288,-3.424128770828247,72.47661590576172,-72.47654724121094,100.59477233886719,-100.59576416015625,92.16397094726562,-92.16260528564453,108.94646453857422,-108.94734191894531,-14.365904808044434,14.372917175292969,8.896127700805664,8.896308898925781
0.000227777476538904,0.0,0.0,0.0,3.36160945892334,-3.3625214099884033,72.92101287841797,-72.92093658447266,100.24225616455078,-100.24327087402344,92.5843276977539,-92.58295440673828,108.54380798339844,-108.54469299316406,-13.941121101379395,13.948136329650879,9.054670333862305,9.05480670928955
0.00022681697737425566,0.0,0.0,0.0,3.3035385608673096,-3.3044629096984863,73.36772918701172,-73.36768341064453,99.88226318359375,-99.88326263427734,92.99337768554688,-92.99205017089844,108.13252258300781,-108.1334228515625,-13.516800880432129,13.523813247680664,9.209444046020508,9.209620475769043
0.00022687033924739808,0.0,0.0,0.0,3.2490060329437256,-3.249906063079834,73.81647491455078,-73.81645202636719,99.51512145996094,-99.51612854003906,93.3907699584961,-93.38941955566406,107.7131118774414,-107.71402740478516,-13.093273162841797,13.100301742553711,9.360466003417969,9.360597610473633
0.00024138449225574732,0.0,0.0,0.0,3.197970390319824,-3.1988792419433594,74.26687622070312,-74.26685333251953,99.14128112792969,-99.1423110961914,93.77596282958984,-93.7746353149414,107.28597259521484,-107.2868881225586,-12.67082691192627,12.677854537963867,9.507511138916016,9.507648468017578
0.0002366353728575632,0.0,0.0,0.0,3.1504127979278564,-3.151310682296753,74.71858978271484,-74.71857452392578,98.76116943359375,-98.7621841430664,94.14861297607422,-94.14728546142578,106.85159301757812,-106.85253143310547,-12.249780654907227,12.256834030151367,9.65049934387207,9.650611877441406
0.0002476810768712312,0.0,0.0,0.0,3.106259822845459,-3.107168197631836,75.17129516601562,-75.17131805419922,98.37520599365234,-98.37621307373047,94.50829315185547,-94.50701141357422,106.41047668457031,-106.41145324707031,-11.830429077148438,11.83749008178711,9.789222717285156,9.78939151763916
0.0002617683494463563,0.0,0.0,0.0,3.0654664039611816,-3.0663750171661377,75.62460327148438,-75.62464904785156,97.98384857177734,-97.98487091064453,94.85472869873047,-94.85346221923828,105.96314239501953,-105.96412658691406,-11.413073539733887,11.420136451721191,9.923712730407715,9.92386245727539
0.0002668376255314797,0.0,0.0,0.0,3.0279951095581055,-3.028902053833008,76.07819366455078,-76.07821655273438,97.58758544921875,-97.58861541748047,95.1876449584961,-95.18638610839844,105.5101318359375,-105.51111602783203,-10.997980117797852,11.005049705505371,10.053841590881348,10.053991317749023
0.0002851403842214495,0.0,0.0,0.0,2.993762493133545,-2.994673490524292,76.53167724609375,-76.53172302246094,97.18690490722656,-97.18795013427734,95.50675201416016,-95.50550842285156,105.05196380615234,-105.05298614501953,-10.58542537689209,10.592494010925293,10.179473876953125,10.179656028747559
0.0002815652114804834,0.0,0.0,0.0,2.962691307067871,-2.9636178016662598,76.98474884033203,-76.98480987548828,96.78230285644531,-96.7833480834961,95.81182861328125,-95.81062316894531,104.58926391601562,-104.5903091430664,-10.175660133361816,10.182748794555664,10.30058479309082,10.300760269165039
0.0002833794860634953,0.0,0.0,0.0,2.93472957611084,-2.935643434524536,77.4370346069336,-77.43709564208984,96.37432861328125,-96.37539672851562,96.10282897949219,-96.10159301757812,104.12262725830078,-104.12367248535156,-9.768948554992676,9.776043891906738,10.417140007019043,10.41729736328125
0.00029554576030932367,0.0,0.0,0.0,2.9097683429718018,-2.9106805324554443,77.88819122314453,-77.88827514648438,95.96351623535156,-95.96458435058594,96.37948608398438,-96.37828826904297,103.65269470214844,-103.65374755859375,-9.365545272827148,9.37264347076416,10.52908992767334,10.529203414916992
0.0003100065514445305,0.0,0.0,0.0,2.8877131938934326,-2.8886160850524902,78.33784484863281,-78.3379135131836,95.5504379272461,-95.55150604248047,96.6418228149414,-96.640625,103.18002319335938,-103.18111419677734,-8.965656280517578,8.972784996032715,10.636313438415527,10.636475563049316
0.00032404044759459794,0.0,0.0,0.0,2.8685076236724854,-2.869419813156128,78.78560638427734,-78.78568267822266,95.1356201171875,-95.13671112060547,96.8897705078125,-96.88859558105469,102.70531463623047,-102.7063980102539,-8.56959056854248,8.576692581176758,10.73889446258545,10.739056587219238
0.0003137417952530086,0.0,0.0,0.0,2.8520395755767822,-2.8529345989227295,79.23109436035156,-79.23120880126953,94.71967315673828,-94.72075653076172,97.12333679199219,-97.12215423583984,102.22918701171875,-102.23030090332031,-8.177529335021973,8.184660911560059,10.836793899536133,10.836882591247559
0.00034175626933574677,0.0,0.0,0.0,2.838200807571411,-2.8391029834747314,79.67402648925781,-79.67412567138672,94.30313873291016,-94.3042221069336,97.34253692626953,-97.34140014648438,101.75230407714844,-101.75343322753906,-7.789700984954834,7.7968316078186035,10.929927825927734,10.930108070373535
0.00033828779123723507,0.0,0.0,0.0,2.8269219398498535,-2.8277974128723145,80.1139907836914,-80.11408996582031,93.8865966796875,-93.88768768310547,97.5475082397461,-97.54634857177734,101.27536010742188,-101.27649688720703,-7.406346321105957,7.413496971130371,11.018426895141602,11.01854419708252
0.00034842637251131237,0.0,0.0,0.0,2.818057060241699,-2.8189330101013184,80.55060577392578,-80.55072784423828,93.47065734863281,-93.47174072265625,97.73827362060547,-97.7371597290039,100.79902648925781,-100.80015563964844,-7.027681827545166,7.034833908081055,11.102253913879395,11.102334022521973
0.00034671882167458534,0.0,0.0,0.0,2.811542510986328,-2.8124313354492188,80.9835205078125,-80.9836654663086,93.05591583251953,-93.0570068359375,97.91510772705078,-97.91400909423828,100.3239517211914,-100.32511138916016,-6.6539106369018555,6.661050796508789,11.181425094604492,11.181550979614258
0.0003541359619703144,0.0,0.0,0.0,2.8072099685668945,-2.8081042766571045,81.41234588623047,-81.4124984741211,92.64295959472656,-92.64405822753906,98.07811737060547,-98.07704162597656,99.85083770751953,-99.85201263427734,-6.285247802734375,6.292395114898682,11.255987167358398,11.256125450134277
0.00037590719875879586,0.0,0.0,0.0,2.8050434589385986,-2.8059327602386475,81.8366928100586,-81.83684539794922,92.23234558105469,-92.23345184326172,98.22758483886719,-98.2265396118164,99.38031768798828,-99.38151550292969,-5.9219279289245605,5.9290852546691895,11.326043128967285,11.326176643371582
0.0003664089599624276,0.0,0.0,0.0,2.804922342300415,-2.8057618141174316,82.25621795654297,-82.2563705444336,91.82469177246094,-91.82579040527344,98.36382293701172,-98.36274719238281,98.91312408447266,-98.914306640625,-5.564152240753174,5.571320533752441,11.391644477844238,11.391685485839844
0.00036672913120128214,0.0,0.0,0.0,2.8066718578338623,-2.80751633644104,82.6705322265625,-82.67070007324219,91.42053985595703,-91.42166137695312,98.4870834350586,-98.48600006103516,98.44989013671875,-98.45111083984375,-5.21213960647583,5.2193145751953125,11.452810287475586,11.452837944030762
0.00036614216514863074,0.0,0.0,0.0,2.810230016708374,-2.8110668659210205,83.07927703857422,-83.07942199707031,91.02050018310547,-91.02161407470703,98.59770202636719,-98.59663391113281,97.9913101196289,-97.99252319335938,-4.866108417510986,4.873290061950684,11.509615898132324,11.509693145751953
0.00038337771547958255,0.0,0.0,0.0,2.81544828414917,-2.816298007965088,83.48202514648438,-83.48218536376953,90.6251220703125,-90.62623596191406,98.6960678100586,-98.69506072998047,97.53800201416016,-97.53923797607422,-4.526275157928467,4.533464431762695,11.562260627746582,11.562339782714844
0.00040039984742179513,0.0,0.0,0.0,2.822314977645874,-2.823146104812622,83.87841033935547,-83.87860107421875,90.23499298095703,-90.23609924316406,98.78260803222656,-98.7816162109375,97.09064483642578,-97.0918960571289,-4.192846775054932,4.200030326843262,11.61076545715332,11.610812187194824
0.00040296115912497044,0.0,0.0,0.0,2.830587148666382,-2.831416130065918,84.26808166503906,-84.26826477050781,89.85064697265625,-89.85176086425781,98.85774993896484,-98.85677337646484,96.6498794555664,-96.6511001586914,-3.866044521331787,3.873203992843628,11.65528678894043,11.655333518981934
0.0004009334370493889,0.0,0.0,0.0,2.8402457237243652,-2.8410332202911377,84.65061950683594,-84.65082550048828,89.47261810302734,-89.47372436523438,98.92192840576172,-98.92092895507812,96.21627807617188,-96.2175064086914,-3.5460875034332275,3.553239583969116,11.695886611938477,11.695924758911133
0.00040450860979035497,0.0,0.0,0.0,2.851083755493164,-2.851897716522217,85.02565002441406,-85.02584075927734,89.10145568847656,-89.10256958007812,98.97566986083984,-98.9747085571289,95.79049682617188,-95.791748046875,-3.2331888675689697,3.240373373031616,11.732763290405273,11.732799530029297
0.0004198231908958405,0.0,0.0,0.0,2.8630850315093994,-2.8638744354248047,85.3927993774414,-85.39299774169922,88.73767852783203,-88.7387924194336,99.01953125,-99.0185775756836,95.37315368652344,-95.37442779541016,-2.9276082515716553,2.9347927570343018,11.766080856323242,11.766094207763672
0.0004175286740064621,0.0,0.0,0.0,2.876086711883545,-2.8768749237060547,85.75170135498047,-85.75188446044922,88.38175201416016,-88.38286590576172,99.05396270751953,-99.05301666259766,94.96483612060547,-94.96610260009766,-2.6295740604400635,2.6367714405059814,11.79587173461914,11.795900344848633
0.00042105047032237053,0.0,0.0,0.0,2.889981985092163,-2.8907713890075684,86.10193634033203,-86.10212707519531,88.03423309326172,-88.03536987304688,99.07962799072266,-99.07868194580078,94.56610870361328,-94.56737518310547,-2.339296579360962,2.3464858531951904,11.8224515914917,11.822465896606445
0.0004197698144707829,0.0,0.0,0.0,2.9046690464019775,-2.905435562133789,86.4431381225586,-86.4433364868164,87.69556427001953,-87.6966781616211,99.09696960449219,-99.09603881835938,94.17748260498047,-94.17875671386719,-2.0570261478424072,2.064220428466797,11.845832824707031,11.845839500427246
0.0004200366383884102,0.0,0.0,0.0,2.9200048446655273,-2.9207446575164795,86.77490997314453,-86.77509307861328,87.3662109375,-87.36734008789062,99.10674285888672,-99.10579681396484,93.79955291748047,-93.80084228515625,-1.783019781112671,1.7902323007583618,11.866324424743652,11.8662109375
0.00042660001781769097,0.0,0.0,0.0,2.935889959335327,-2.936642646789551,87.09685516357422,-87.0970458984375,87.04668426513672,-87.04781341552734,99.10944366455078,-99.10852813720703,93.43285369873047,-93.43412780761719,-1.5175238847732544,1.5247206687927246,11.88395881652832,11.883895874023438
0.00044266163604333997,0.0,0.0,0.0,2.952209711074829,-2.9529685974121094,87.40859985351562,-87.40880584716797,86.73737335205078,-86.7385025024414,99.1057357788086,-99.10484313964844,93.07781982421875,-93.0791244506836,-1.2607650756835938,1.2679613828659058,11.898978233337402,11.898966789245605
0.00044629015610553324,0.0,0.0,0.0,2.9688637256622314,-2.9696006774902344,87.70980834960938,-87.71001434326172,86.43870544433594,-86.43983459472656,99.09626007080078,-99.0953598022461,92.73505401611328,-92.73635864257812,-1.0130195617675781,1.0202168226242065,11.911592483520508,11.911540985107422
0.0004430351546034217,0.0,0.0,0.0,2.9856982231140137,-2.986417531967163,88.00000762939453,-88.0002212524414,86.15115356445312,-86.15226745605469,99.08161926269531,-99.08074188232422,92.40496063232422,-92.4062728881836,-0.7745470404624939,0.7817516326904297,11.921961784362793,11.921863555908203
0.0004494918102864176,0.0,0.0,0.0,3.002633810043335,-3.003347158432007,88.27888488769531,-88.27909088134766,85.87505340576172,-85.87616729736328,99.06255340576172,-99.06168365478516,92.08805847167969,-92.08936309814453,-0.5456333756446838,0.5528414845466614,11.930288314819336,11.930198669433594
0.000466140394564718,0.0,0.0,0.0,3.019522190093994,-3.020238161087036,88.5460433959961,-88.5462417602539,85.6108169555664,-85.61192321777344,99.03958892822266,-99.03875732421875,91.7847671508789,-91.78607177734375,-0.32653099298477173,0.3337423503398895,11.936698913574219,11.936652183532715
0.00045973711530677974,0.0,0.0,0.0,3.0362801551818848,-3.036987066268921,88.80104064941406,-88.80126190185547,85.35885620117188,-85.35994720458984,99.01344299316406,-99.01261901855469,91.49555206298828,-91.4968490600586,-0.11754021793603897,0.12473095208406448,11.941473960876465,11.941420555114746
0.00045626863720826805,0.0,0.0,0.0,3.052762985229492,-3.053494930267334,89.0435562133789,-89.04377746582031,85.11949920654297,-85.12061309814453,98.98479461669922,-98.9839859008789,91.22079467773438,-91.22211456298828,0.08108805865049362,-0.0738927349448204,11.944741249084473,11.944722175598145
0.0004544277035165578,0.0,0.0,0.0,3.0688672065734863,-3.0695972442626953,89.27320098876953,-89.2734146118164,84.89315795898438,-84.89425659179688,98.95419311523438,-98.95340728759766,90.96095275878906,-90.9622573852539,0.26909708976745605,-0.2618914544582367,11.946734428405762,11.946708679199219
0.0004494384629651904,0.0,0.0,0.0,3.0845324993133545,-3.0852386951446533,89.48956298828125,-89.48977661132812,84.6801528930664,-84.68123626708984,98.92225646972656,-98.92147827148438,90.71644592285156,-90.7177505493164,0.4461231529712677,-0.43890848755836487,11.947564125061035,11.947504997253418
0.00047152984188869596,0.0,0.0,0.0,3.099595546722412,-3.100290536880493,89.6922836303711,-89.69247436523438,84.48082733154297,-84.48194885253906,98.88972473144531,-98.88893127441406,90.48764038085938,-90.48895263671875,0.6119256615638733,-0.6047160625457764,11.947508811950684,11.947415351867676
0.0004733441164717078,0.0,0.0,0.0,3.1139473915100098,-3.1146352291107178,89.88092803955078,-89.88114166259766,84.29557037353516,-84.29667663574219,98.85704803466797,-98.85627746582031,90.27496337890625,-90.27627563476562,0.7661835551261902,-0.7589801549911499,11.946640014648438,11.9465913772583
0.00045680225593969226,0.0,0.0,0.0,3.127497434616089,-3.1282005310058594,90.0,-90.0,84.12466430664062,-84.12577056884766,98.82494354248047,-98.82417297363281,90.07878112792969,-90.080078125,0.9086205959320068,-0.9014216065406799,11.945241928100586,11.945173263549805
0.0004437888856045902,0.0,0.0,0.0,3.147012948989868,-3.147688150405884,90.0,-90.0,83.9046859741211,-83.90573120117188,98.79324340820312,-98.79253387451172,89.95215606689453,-89.95355224609375,1.1117063760757446,-1.104619026184082,11.943496704101562,11.943461418151855
0.00042651998228393495,0.0,0.0,0.0,3.1699106693267822,-3.170546293258667,90.0,-90.0,83.6615219116211,-83.66256713867188,98.76409149169922,-98.76335906982422,89.87469482421875,-89.87617492675781,1.3458372354507446,-1.3388102054595947,11.942237854003906,11.94210433959961
0.00042946147732436657,0.0,0.0,0.0,3.19992995262146,-3.200568914413452,90.0,-90.0,83.36677551269531,-83.36778259277344,98.73655700683594,-98.73588562011719,89.870361328125,-89.87184143066406,1.6434986591339111,-1.6364972591400146,11.940911293029785,11.940812110900879
0.000418829353293404,0.0,0.0,0.0,3.22127628326416,-3.2218868732452393,90.0,-90.0,83.15999603271484,-83.16100311279297,98.71188354492188,-98.71118927001953,89.82415008544922,-89.82565307617188,1.8456368446350098,-1.8386526107788086,11.940022468566895,11.93988037109375
0.00041161227272823453,0.0,0.0,0.0,3.2421655654907227,-3.2427780628204346,90.0,-90.0,82.96563720703125,-82.96662139892578,98.69000244140625,-98.6893310546875,89.79935455322266,-89.80085754394531,2.038541555404663,-2.03155517578125,11.939257621765137,11.9391450881958
0.00041938963113352656,0.0,0.0,0.0,3.261418104171753,-3.2619924545288086,90.0,-90.0,82.79269409179688,-82.7936782836914,98.67144775390625,-98.67076110839844,89.78911590576172,-89.79060363769531,2.2119648456573486,-2.2049918174743652,11.938714981079102,11.938559532165527
0.000421604112489149,0.0,0.0,0.0,3.272338390350342,-3.2729461193084717,90.0,-90.0,82.69216918945312,-82.69315338134766,98.65694427490234,-98.65628814697266,89.75187683105469,-89.75336456298828,2.307992935180664,-2.301023244857788,11.938359260559082,11.938231468200684
0.00042764723184518516,0.0,0.0,0.0,3.2825024127960205,-3.2831270694732666,90.0,-90.0,82.60266876220703,-82.60365295410156,98.6460189819336,-98.64539337158203,89.739013671875,-89.74052429199219,2.3965892791748047,-2.38960862159729,11.938055038452148,11.93797779083252
0.0004292080120649189,0.0,0.0,0.0,3.2910842895507812,-3.2916855812072754,90.0,-90.0,82.5303726196289,-82.5313720703125,98.63925170898438,-98.63858795166016,89.74623107910156,-89.74773406982422,2.4708423614501953,-2.4638831615448,11.937904357910156,11.93776798248291
0.0004292080120649189,0.0,0.0,0.0,3.2910842895507812,-3.2916855812072754,90.0,-90.0,82.5303726196289,-82.5313720703125,98.63925170898438,-98.63858795166016,89.74623107910156,-89.74773406982422,2.4708423614501953,-2.4638831615448,11.937904357910156,11.93776798248291
0.00040974465082399547,0.0,0.0,0.0,3.299489974975586,-3.3000643253326416,90.0,-90.0,82.45931243896484,-82.46028137207031,98.6317367553711,-98.63105773925781,89.746337890625,-89.74784088134766,2.5427918434143066,-2.5358119010925293,11.937739372253418,11.937583923339844
0.000412879599025473,0.0,0.0,0.0,3.3108630180358887,-3.3114399909973145,90.0,-90.0,82.35924530029297,-82.3602294921875,98.61644744873047,-98.61576080322266,89.70834350585938,-89.70984649658203,2.638223886489868,-2.631253242492676,11.937422752380371,11.937264442443848
0.0004247123724780977,0.0,0.0,0.0,3.335413932800293,-3.3360047340393066,90.0,-90.0,82.15470123291016,-82.15567779541016,98.59033203125,-98.58966827392578,89.68050384521484,-89.68201446533203,2.8409812450408936,-2.8340113162994385,11.936893463134766,11.936744689941406
0.0004280274151824415,0.0,0.0,0.0,3.3733041286468506,-3.373897075653076,90.0,-90.0,81.85116577148438,-81.8521499633789,98.55359649658203,-98.55294036865234,89.66188049316406,-89.66337585449219,3.145272731781006,-3.1383001804351807,11.936365127563477,11.936225891113281
0.00044259493006393313,0.0,0.0,0.0,3.4171528816223145,-3.417738676071167,90.0,-90.0,81.50933074951172,-81.51029968261719,98.50579833984375,-98.50518798828125,89.60580444335938,-89.6073226928711,3.4826955795288086,-3.4757044315338135,11.935859680175781,11.9357271194458
0.0004357780853752047,0.0,0.0,0.0,3.4776904582977295,-3.4782590866088867,90.0,-90.0,81.06327056884766,-81.06424713134766,98.44586944580078,-98.44523620605469,89.57060241699219,-89.57210540771484,3.9286043643951416,-3.9216389656066895,11.9356050491333,11.935453414916992
0.00043260978418402374,0.0,0.0,0.0,3.5460264682769775,-3.546569585800171,90.0,-90.0,80.5816879272461,-80.58267974853516,98.37328338623047,-98.37263488769531,89.50310516357422,-89.50462341308594,4.405643463134766,-4.398660659790039,11.935629844665527,11.935431480407715
0.00042720031342469156,0.0,0.0,0.0,3.6259524822235107,-3.626502275466919,90.0,-90.0,80.04695892333984,-80.04794311523438,98.28697967529297,-98.2863540649414,89.42184448242188,-89.4233627319336,4.934423923492432,-4.927443027496338,11.936017990112305,11.935826301574707
0.0004348442598711699,0.0,0.0,0.0,3.7282097339630127,-3.7287487983703613,90.0,-90.0,79.40721130371094,-79.4081802368164,98.18559265136719,-98.18500518798828,89.3737564086914,-89.37527465820312,5.574201583862305,-5.56722354888916,11.937252044677734,11.93708324432373
0.00043332346831448376,0.0,0.0,0.0,3.840642213821411,-3.841146469116211,90.0,-90.0,78.74247741699219,-78.74344635009766,98.06848907470703,-98.06790161132812,89.29652404785156,-89.29804229736328,6.235022068023682,-6.228033542633057,11.93907356262207,11.938821792602539
0.00044686379260383546,0.0,0.0,0.0,3.9681925773620605,-3.968695640563965,90.0,-90.0,78.03228759765625,-78.03327178955078,97.93447875976562,-97.93392181396484,89.2111587524414,-89.21270751953125,6.940622806549072,-6.933636665344238,11.941587448120117,11.941366195678711
0.0004359848680905998,0.0,0.0,0.0,4.112990379333496,-4.113473892211914,90.0,-90.0,77.27381134033203,-77.27479553222656,97.78244018554688,-97.78189086914062,89.12422180175781,-89.12576293945312,7.694803237915039,-7.6878228187561035,11.944951057434082,11.944687843322754
0.0004541275557130575,0.0,0.0,0.0,4.287225246429443,-4.2876667976379395,90.0,-90.0,76.42147827148438,-76.42244720458984,97.61112976074219,-97.6106185913086,89.07787322998047,-89.07943725585938,8.549254417419434,-8.542271614074707,11.94981861114502,11.949545860290527
0.00044434916344471276,0.0,0.0,0.0,4.474287509918213,-4.47470760345459,90.0,-90.0,75.55909729003906,-75.5600814819336,97.42007446289062,-97.4195556640625,89.00675201416016,-89.00831604003906,9.41035270690918,-9.403361320495605,11.955316543579102,11.954971313476562
0.00044821115443482995,0.0,0.0,0.0,4.680729866027832,-4.681182384490967,90.0,-90.0,74.66255950927734,-74.66352081298828,97.208251953125,-97.20780181884766,88.93524169921875,-88.936767578125,10.305834770202637,-10.298860549926758,11.961567878723145,11.961302757263184
0.00044954518671147525,0.0,0.0,0.0,4.908785343170166,-4.909156322479248,90.0,-90.0,73.72924041748047,-73.73019409179688,96.97501373291016,-96.97453308105469,88.86983489990234,-88.87138366699219,11.239054679870605,-11.232064247131348,11.968742370605469,11.968366622924805
0.0004549279692582786,0.0,0.0,0.0,5.171967029571533,-5.172341823577881,90.0,-90.0,72.7171630859375,-72.71810150146484,96.71949005126953,-96.71905517578125,88.85009765625,-88.85165405273438,12.257020950317383,-12.250028610229492,11.977325439453125,11.976959228515625
0.00045659547322429717,0.0,0.0,0.0,5.449824810028076,-5.4501776695251465,90.0,-90.0,71.70610809326172,-71.70703887939453,96.4417495727539,-96.44132232666016,88.81387329101562,-88.8154525756836,13.271615028381348,-13.264616966247559,11.985971450805664,11.985551834106445
0.00046654060133732855,0.0,0.0,0.0,5.750211238861084,-5.75056791305542,90.0,-90.0,70.67105102539062,-70.67198944091797,96.14138793945312,-96.14097595214844,88.78645324707031,-88.78801727294922,14.310935974121094,-14.303948402404785,11.994744300842285,11.994297981262207
0.00047483155503869057,0.0,0.0,0.0,6.074905872344971,-6.0752272605896,90.0,-90.0,69.61006927490234,-69.61097717285156,95.81835174560547,-95.81797790527344,88.77388763427734,-88.77545166015625,15.377630233764648,-15.370620727539062,12.003520965576172,12.00308895111084
0.0004829490790143609,0.0,0.0,0.0,6.438560485839844,-6.438885688781738,90.0,-90.0,68.4841079711914,-68.48501586914062,95.47258758544922,-95.47225189208984,88.81324768066406,-88.81483459472656,16.514249801635742,-16.50723648071289,12.012697219848633,12.012242317199707
0.0004903061781078577,0.0,0.0,0.0,6.816939830780029,-6.8172173500061035,90.0,-90.0,67.36840057373047,-67.36930084228516,95.10488891601562,-95.10454559326172,88.84590148925781,-88.84748840332031,17.638965606689453,-17.6319637298584,12.020482063293457,12.019943237304688
0.0005057874950580299,0.0,0.0,0.0,7.218664169311523,-7.218921661376953,90.0,-90.0,66.23851013183594,-66.2393798828125,94.71558380126953,-94.71527099609375,88.89652252197266,-88.89811706542969,18.778717041015625,-18.77170181274414,12.026731491088867,12.02619743347168
0.0005185274058021605,0.0,0.0,0.0,7.644888877868652,-7.645139217376709,90.0,-90.0,65.09282684326172,-65.09368896484375,94.3055648803711,-94.3052749633789,88.9705810546875,-88.97216796875,19.935190200805664,-19.92815589904785,12.031135559082031,12.030588150024414
0.0005069147446192801,0.0,0.0,0.0,8.11126708984375,-8.11144733428955,90.0,-90.0,63.89432907104492,-63.895198822021484,93.87566375732422,-93.8753662109375,89.10355377197266,-89.10517120361328,21.147727966308594,-21.140687942504883,12.033576011657715,12.032907485961914
0.0005145053728483617,0.0,0.0,0.0,8.589492797851562,-8.589665412902832,90.0,-90.0,62.715003967285156,-62.71585464477539,93.42743682861328,-93.4271469116211,89.2385025024414,-89.24011993408203,22.33934211730957,-22.33230209350586,12.032196998596191,12.031512260437012
0.0005197880673222244,0.0,0.0,0.0,9.088701248168945,-9.088861465454102,90.0,-90.0,61.53145217895508,-61.53231430053711,92.96234130859375,-92.96204376220703,89.39891052246094,-89.40054321289062,23.5350284576416,-23.527978897094727,12.026809692382812,12.026068687438965
0.0005465752328746021,0.0,0.0,0.0,9.625542640686035,-9.625720024108887,90.0,-90.0,60.30617141723633,-60.306983947753906,92.48174285888672,-92.48150634765625,89.62065124511719,-89.62226104736328,24.773595809936523,-24.766530990600586,12.016678810119629,12.015950202941895
0.0005399517831392586,0.0,0.0,0.0,10.170466423034668,-10.170592308044434,90.0,-90.0,59.106040954589844,-59.10685348510742,91.98809051513672,-91.98783874511719,89.84983825683594,-89.8514633178711,25.984716415405273,-25.977659225463867,12.000774383544922,11.999954223632812
0.000555293052457273,0.0,0.0,0.0,10.7476224899292,-10.747722625732422,90.0,-90.0,57.87678527832031,-57.87758255004883,91.483154296875,-91.48291015625,90.13656616210938,-90.1382064819336,27.224353790283203,-27.217288970947266,11.978086471557617,11.977254867553711
0.000546568538993597,0.0,0.0,0.0,11.329351425170898,-11.329437255859375,90.0,-90.0,56.676387786865234,-56.677188873291016,90.96964263916016,-90.96940612792969,90.43367767333984,-90.43533325195312,28.43227767944336,-28.425222396850586,11.94813346862793,11.94721794128418
0.0005822536186315119,0.0,0.0,0.0,11.923730850219727,-11.923815727233887,90.0,-90.0,55.485355377197266,-55.48614501953125,90.45004272460938,-90.44984436035156,90.76078796386719,-90.76246643066406,29.628435134887695,-29.62134552001953,11.910088539123535,11.909196853637695
0.0005888169980607927,0.0,0.0,0.0,12.545762062072754,-12.545828819274902,90.0,-90.0,54.27223205566406,-54.27298355102539,89.92697143554688,-89.92678833007812,91.14820861816406,-91.14984893798828,30.843786239624023,-30.836688995361328,11.8623628616333,11.861455917358398
0.0005963675794191658,0.0,0.0,0.0,13.164402961730957,-13.164454460144043,90.0,-90.0,53.09666442871094,-53.097412109375,89.40376281738281,-89.4035873413086,91.54564666748047,-91.54731750488281,32.01789855957031,-32.01081085205078,11.805705070495605,11.804723739624023
0.0006005630712024868,0.0,0.0,0.0,13.802163124084473,-13.802188873291016,90.0,-90.0,51.91233444213867,-51.913082122802734,88.88331604003906,-88.88312530517578,91.9962387084961,-91.99793243408203,33.196529388427734,-33.18941879272461,11.73788070678711,11.736836433410645
0.0006032511009834707,0.0,0.0,0.0,14.429699897766113,-14.429731369018555,90.0,-90.0,50.77265930175781,-50.77336883544922,88.36922454833984,-88.3690414428711,92.4537124633789,-92.45539093017578,34.326412200927734,-34.319313049316406,11.660700798034668,11.659672737121582
0.000638896191958338,0.0,0.0,0.0,15.06796646118164,-15.067981719970703,90.0,-90.0,49.63557052612305,-49.636260986328125,87.86476135253906,-87.86461639404297,92.95732879638672,-92.9590072631836,35.448570251464844,-35.44145202636719,11.57180404663086,11.570738792419434
0.0006358912796713412,0.0,0.0,0.0,15.6879301071167,-15.687935829162598,90.0,-90.0,48.55152130126953,-48.552215576171875,87.37381744384766,-87.3736572265625,93.46176147460938,-93.46345520019531,36.51356506347656,-36.506431579589844,11.474193572998047,11.473103523254395
0.0006510891253128648,0.0,0.0,0.0,16.308401107788086,-16.30840301513672,90.0,-90.0,47.483402252197266,-47.48406982421875,86.89997100830078,-86.89982604980469,94.00174713134766,-94.00345611572266,37.55729293823242,-37.55015182495117,11.365594863891602,11.364448547363281
0.0006683646934106946,0.0,0.0,0.0,16.90093231201172,-16.900955200195312,90.0,-90.0,46.47886276245117,-46.47947692871094,86.44729614257812,-86.44715118408203,94.53266906738281,-94.5343246459961,38.53409194946289,-38.526947021484375,11.250577926635742,11.249470710754395
0.0006839794223196805,0.0,0.0,0.0,17.469160079956055,-17.469146728515625,90.0,-90.0,45.528011322021484,-45.528629302978516,86.01960754394531,-86.01945495605469,95.06277465820312,-95.064453125,39.45374298095703,-39.44660186767578,11.129775047302246,11.128584861755371
0.0006773893837817013,0.0,0.0,0.0,18.008628845214844,-18.00861930847168,90.0,-90.0,44.63545227050781,-44.63603973388672,85.62085723876953,-85.62067413330078,95.58663177490234,-95.58831787109375,40.31231689453125,-40.30519104003906,11.00510025024414,11.00389289855957
0.0006967459921725094,0.0,0.0,0.0,18.51338768005371,-18.51338005065918,90.0,-90.0,43.80843734741211,-43.80900955200195,85.25505828857422,-85.25489044189453,96.09564971923828,-96.09735107421875,41.10346603393555,-41.0963249206543,10.879348754882812,10.878154754638672
0.0007214254001155496,0.0,0.0,0.0,18.976980209350586,-18.976980209350586,90.0,-90.0,43.055145263671875,-43.0556755065918,84.92620849609375,-84.92605590820312,96.57997131347656,-96.5816650390625,41.8202018737793,-41.81306076049805,10.755876541137695,10.754664421081543
0.0007305901381187141,0.0,0.0,0.0,19.392723083496094,-19.392749786376953,90.0,-90.0,42.38420486450195,-42.38471221923828,84.63823699951172,-84.63806915283203,97.02890014648438,-97.03059387207031,42.4552001953125,-42.44806671142578,10.63844108581543,10.637247085571289
0.0007377871661446989,0.0,0.0,0.0,19.742942810058594,-19.742969512939453,90.0,-90.0,41.822837829589844,-41.823333740234375,84.39498138427734,-84.39481353759766,97.412841796875,-97.41453552246094,42.98442077636719,-42.977272033691406,10.534248352050781,10.533024787902832
0.0007433033315464854,0.0,0.0,0.0,20.01910400390625,-20.01913070678711,90.0,-90.0,41.382781982421875,-41.38325881958008,84.20011138916016,-84.1999740600586,97.71735382080078,-97.71903991699219,43.3980712890625,-43.39093780517578,10.448447227478027,10.447237968444824
0.0007433700375258923,0.0,0.0,0.0,20.226070404052734,-20.226097106933594,90.0,-90.0,41.05390930175781,-41.05439376831055,84.05708312988281,-84.05694580078125,97.9505844116211,-97.95227813720703,43.706172943115234,-43.69902801513672,10.38223934173584,10.380982398986816
0.000743510143365711,0.0,0.0,0.0,20.353017807006836,-20.353050231933594,90.0,-90.0,40.852752685546875,-40.85322952270508,83.9691390991211,-83.96897888183594,98.09453582763672,-98.09622192382812,43.8942756652832,-43.88715744018555,10.340699195861816,10.33946418762207
0.000731377222109586,0.0,0.0,0.0,20.398136138916016,-20.398151397705078,90.0,-90.0,40.7812385559082,-40.78172302246094,83.93922424316406,-83.93907165527344,98.14691925048828,-98.14862823486328,43.96099090576172,-43.953857421875,10.325876235961914,10.32462215423584
0.0007198045495897532,0.0,0.0,0.0,20.41141700744629,-20.411457061767578,90.0,-90.0,40.76127243041992,-40.761749267578125,83.94450378417969,-83.9443588256836,98.1629409790039,-98.16464233398438,43.979713439941406,-43.972572326660156,10.330351829528809,10.329085350036621
0.0007198045495897532,0.0,0.0,0.0,20.41141700744629,-20.411457061767578,90.0,-90.0,40.76127243041992,-40.761749267578125,83.94450378417969,-83.9443588256836,98.1629409790039,-98.16464233398438,43.979713439941406,-43.972572326660156,10.330351829528809,10.329085350036621
0.0007275752141140401,0.0,0.0,0.0,20.437833786010742,-20.437829971313477,90.0,-90.0,40.73453140258789,-40.73501968383789,83.98682403564453,-83.98667907714844,98.15572357177734,-98.15744018554688,44.009395599365234,-44.002254486083984,10.389598846435547,10.388291358947754
0.0007275752141140401,0.0,0.0,0.0,20.437833786010742,-20.437829971313477,90.0,-90.0,40.73453140258789,-40.73501968383789,83.98682403564453,-83.98667907714844,98.15572357177734,-98.15744018554688,44.009395599365234,-44.002254486083984,10.389598846435547,10.388291358947754
0.000746284902561456,0.0,0.0,0.0,20.478199005126953,-20.47823143005371,90.0,-90.0,40.70109939575195,-40.70158767700195,84.06982421875,-84.0697021484375,98.12202453613281,-98.12372589111328,44.05049133300781,-44.04335403442383,10.509400367736816,10.508136749267578
0.000746284902561456,0.0,0.0,0.0,20.478199005126953,-20.47823143005371,90.0,-90.0,40.70109939575195,-40.70158767700195,84.06982421875,-84.0697021484375,98.12202453613281,-98.12372589111328,44.05049133300781,-44.04335403442383,10.509400367736816,10.508136749267578
0.000723753240890801,0.0,0.0,0.0,20.531599044799805,-20.53157615661621,90.0,-90.0,40.66239929199219,-40.66291809082031,84.19163513183594,-84.19149780273438,98.06167602539062,-98.06342315673828,44.10145568847656,-44.09431838989258,10.68761920928955,10.686312675476074
0.000723753240890801,0.0,0.0,0.0,20.531599044799805,-20.53157615661621,90.0,-90.0,40.66239929199219,-40.66291809082031,84.19163513183594,-84.19149780273438,98.06167602539062,-98.06342315673828,44.10145568847656,-44.09431838989258,10.68761920928955,10.686312675476074
0.0007129210280254483,0.0,0.0,0.0,20.597007751464844,-20.596965789794922,90.0,-90.0,40.61980056762695,-40.62033462524414,84.35015106201172,-84.35002136230469,97.97474670410156,-97.97652435302734,44.16074752807617,-44.153602600097656,10.921821594238281,10.920495986938477
0.0007129210280254483,0.0,0.0,0.0,20.597007751464844,-20.596965789794922,90.0,-90.0,40.61980056762695,-40.62033462524414,84.35015106201172,-84.35002136230469,97.97474670410156,-97.97652435302734,44.16074752807617,-44.153602600097656,10.921821594238281,10.920495986938477
0.0006888952921144664,0.0,0.0,0.0,20.67359733581543,-20.67352294921875,89.97203063964844,-89.97201538085938,40.57454299926758,-40.575111389160156,84.54330444335938,-84.54318237304688,97.86138916015625,-97.86320495605469,44.22687530517578,-44.2197265625,11.209805488586426,11.208403587341309
0.0006888952921144664,0.0,0.0,0.0,20.67359733581543,-20.67352294921875,89.97203063964844,-89.97201538085938,40.57454299926758,-40.575111389160156,84.54330444335938,-84.54318237304688,97.86138916015625,-97.86320495605469,44.22687530517578,-44.2197265625,11.209805488586426,11.208403587341309
0.0006918301223777235,0.0,0.0,0.0,20.763103485107422,-20.763051986694336,89.92806243896484,-89.92806243896484,40.52366638183594,-40.52423858642578,84.76893615722656,-84.76886749267578,97.72602844238281,-97.72785186767578,44.30207443237305,-44.294925689697266,11.548336029052734,11.546961784362793
0.0006918301223777235,0.0,0.0,0.0,20.763103485107422,-20.763051986694336,89.92806243896484,-89.92806243896484,40.52366638183594,-40.52423858642578,84.76893615722656,-84.76886749267578,97.72602844238281,-97.72785186767578,44.30207443237305,-44.294925689697266,11.548336029052734,11.546961784362793
0.0006813313812017441,0.0,0.0,0.0,20.86619758605957,-20.866090774536133,89.87867736816406,-89.87865447998047,40.46621322631836,-40.4668083190918,85.0248031616211,-85.02474212646484,97.57112121582031,-97.57296752929688,44.38686752319336,-44.37973403930664,11.934775352478027,11.933345794677734
0.0006813313812017441,0.0,0.0,0.0,20.86619758605957,-20.866090774536133,89.87867736816406,-89.87865447998047,40.46621322631836,-40.4668083190918,85.0248031616211,-85.02474212646484,97.57112121582031,-97.57296752929688,44.38686752319336,-44.37973403930664,11.934775352478027,11.933345794677734
0.0006716197240166366,0.0,0.0,0.0,20.982521057128906,-20.98239517211914,89.82449340820312,-89.8244400024414,40.402774810791016,-40.4034423828125,85.30860900878906,-85.30856323242188,97.39742279052734,-97.39935302734375,44.480350494384766,-44.47321701049805,12.366649627685547,12.365178108215332
0.0006716197240166366,0.0,0.0,0.0,20.982521057128906,-20.98239517211914,89.82449340820312,-89.8244400024414,40.402774810791016,-40.4034423828125,85.30860900878906,-85.30856323242188,97.39742279052734,-97.39935302734375,44.480350494384766,-44.47321701049805,12.366649627685547,12.365178108215332
0.0006434718379750848,0.0,0.0,0.0,21.11179542541504,-21.11165428161621,89.7661361694336,-89.76605224609375,40.33402633666992,-40.3347282409668,85.61800384521484,-85.61798858642578,97.20579528808594,-97.207763671875,44.581520080566406,-44.57438659667969,12.841445922851562,12.839923858642578
0.0006434718379750848,0.0,0.0,0.0,21.11179542541504,-21.11165428161621,89.7661361694336,-89.76605224609375,40.33402633666992,-40.3347282409668,85.61800384521484,-85.61798858642578,97.20579528808594,-97.207763671875,44.581520080566406,-44.57438659667969,12.841445922851562,12.839923858642578
0.0006327730370685458,0.0,0.0,0.0,21.25373649597168,-21.253524780273438,89.70420837402344,-89.70415496826172,40.26060104370117,-40.26132583618164,85.95075988769531,-85.9507827758789,96.99699401855469,-96.99901580810547,44.68940734863281,-44.68230438232422,13.356818199157715,13.35527229309082
0.0006212604348547757,0.0,0.0,0.0,21.330219268798828,-21.330005645751953,89.6722412109375,-89.67217254638672,40.222198486328125,-40.22294235229492,86.12527465820312,-86.12531280517578,96.88556671142578,-96.88760375976562,44.74546813964844,-44.738365173339844,13.63047981262207,13.628911018371582
0.0006274769548326731,0.0,0.0,0.0,21.40878677368164,-21.40859031677246,89.6396255493164,-89.6395492553711,40.18314743041992,-40.18394088745117,86.30461120605469,-86.30469512939453,96.77079772949219,-96.77287292480469,44.802764892578125,-44.7956657409668,13.911879539489746,13.910298347473145
0.0005840545636601746,0.0,0.0,0.0,21.49039649963379,-21.490137100219727,89.60648345947266,-89.60637664794922,40.143272399902344,-40.14406967163086,86.48870849609375,-86.48877716064453,96.65213012695312,-96.65424346923828,44.86122131347656,-44.854122161865234,14.202261924743652,14.200610160827637
0.0005836409982293844,0.0,0.0,0.0,21.57487678527832,-21.574642181396484,89.57283020019531,-89.57274627685547,40.102638244628906,-40.10346603393555,86.67720031738281,-86.67730712890625,96.5296859741211,-96.53180694580078,44.920711517333984,-44.913639068603516,14.501185417175293,14.499540328979492
0.0005762905348092318,0.0,0.0,0.0,21.662250518798828,-21.662006378173828,89.53878784179688,-89.53870391845703,40.06136703491211,-40.06220626831055,86.86981964111328,-86.8699722290039,96.4035415649414,-96.40570068359375,44.98114776611328,-44.97406768798828,14.808402061462402,14.8067626953125
0.0005634572589769959,0.0,0.0,0.0,21.752504348754883,-21.75221061706543,89.50445556640625,-89.50435638427734,40.01948547363281,-40.02035140991211,87.06636810302734,-87.06653594970703,96.27381134033203,-96.27598571777344,45.04235076904297,-45.035308837890625,15.123678207397461,15.121943473815918
0.0005403920076787472,0.0,0.0,0.0,21.845502853393555,-21.845195770263672,89.46988677978516,-89.46975708007812,39.97709274291992,-39.977996826171875,87.26648712158203,-87.26664733886719,96.14058685302734,-96.142822265625,45.10424041748047,-45.09718322753906,15.446589469909668,15.444862365722656
0.0005331349675543606,0.0,0.0,0.0,21.941219329833984,-21.940914154052734,89.43513488769531,-89.43500518798828,39.93429946899414,-39.93522262573242,87.469970703125,-87.47016143798828,96.00401306152344,-96.00624084472656,45.16668701171875,-45.15965270996094,15.776873588562012,15.775129318237305
0.0005261446931399405,0.0,0.0,0.0,22.039636611938477,-22.039262771606445,89.40029907226562,-89.4001693725586,39.891151428222656,-39.8921012878418,87.67650604248047,-87.67672729492188,95.86415100097656,-95.86644744873047,45.22953414916992,-45.2225227355957,16.11424446105957,16.11246109008789
0.000489218975417316,0.0,0.0,0.0,22.140636444091797,-22.140220642089844,89.365478515625,-89.36531066894531,39.847747802734375,-39.848758697509766,87.8858413696289,-87.88607025146484,95.72113800048828,-95.7235107421875,45.292724609375,-45.28570556640625,16.45835304260254,16.45648956298828
0.000495889107696712,0.0,0.0,0.0,22.244144439697266,-22.24372100830078,89.33069610595703,-89.33050537109375,39.8041877746582,-39.80519485473633,88.09772491455078,-88.09799194335938,95.57514190673828,-95.57749938964844,45.35607147216797,-45.34906768798828,16.808835983276367,16.806964874267578
0.00047088952851481736,0.0,0.0,0.0,22.35014533996582,-22.349712371826172,89.2960433959961,-89.29584503173828,39.76051330566406,-39.76154327392578,88.31192016601562,-88.31221771240234,95.4261703491211,-95.4285659790039,45.41950607299805,-45.41251754760742,17.165456771850586,17.163551330566406
0.0004726504266727716,0.0,0.0,0.0,22.458528518676758,-22.458091735839844,89.26158905029297,-89.26141357421875,39.71681213378906,-39.717857360839844,88.52814483642578,-88.52848052978516,95.27442932128906,-95.27684020996094,45.48286819458008,-45.475914001464844,17.527833938598633,17.525955200195312
0.0004303619498386979,0.0,0.0,0.0,22.56926918029785,-22.56878089904785,89.22742462158203,-89.22721099853516,39.67318344116211,-39.67425537109375,88.7461929321289,-88.74655151367188,95.11998748779297,-95.12244415283203,45.54608917236328,-45.53913879394531,17.895723342895508,17.893754959106445
0.000413473229855299,0.0,0.0,0.0,22.68226432800293,-22.681751251220703,89.1935806274414,-89.19335174560547,39.629676818847656,-39.630802154541016,88.96575164794922,-88.96613311767578,94.96296691894531,-94.96548461914062,45.609039306640625,-45.60211181640625,18.268714904785156,18.26671028137207
0.000390234577935189,0.0,0.0,0.0,22.79744529724121,-22.796894073486328,89.1601333618164,-89.15986633300781,39.58636474609375,-39.58750915527344,89.18672180175781,-89.1871337890625,94.80348205566406,-94.80602264404297,45.671630859375,-45.66470718383789,18.64667320251465,18.644611358642578
0.000380042678443715,0.0,0.0,0.0,22.914690017700195,-22.914108276367188,89.12713623046875,-89.12689971923828,39.54335403442383,-39.54452896118164,89.40869140625,-89.4091567993164,94.64173126220703,-94.64432525634766,45.73369216918945,-45.72681427001953,19.028972625732422,19.02692413330078
0.0003683032700791955,0.0,0.0,0.0,23.033931732177734,-23.033321380615234,89.09468078613281,-89.09439086914062,39.50068664550781,-39.50187683105469,89.63156127929688,-89.63203430175781,94.477783203125,-94.48037719726562,45.79521179199219,-45.7883415222168,19.415498733520508,19.413400650024414
0.0003460251318756491,0.0,0.0,0.0,23.155099868774414,-23.154457092285156,89.06278991699219,-89.06246948242188,39.45842742919922,-39.45965576171875,89.85502624511719,-89.85553741455078,94.311767578125,-94.31442260742188,45.85600662231445,-45.849151611328125,19.805856704711914,19.803714752197266
0.0003243873070459813,0.0,0.0,0.0,23.278066635131836,-23.277429580688477,89.03153228759766,-89.03121948242188,39.41666793823242,-39.41790008544922,90.07889556884766,-90.07945251464844,94.14384460449219,-94.14651489257812,45.91603088378906,-45.90919876098633,20.199735641479492,20.197607040405273
0.00028802186716347933,0.0,0.0,0.0,23.402786254882812,-23.402095794677734,89.00096893310547,-89.0005874633789,39.37543487548828,-39.37672805786133,90.30301666259766,-90.30358123779297,93.97410583496094,-93.97683715820312,45.975181579589844,-45.9683723449707,20.596832275390625,20.59459686279297
0.0002847935538738966,0.0,0.0,0.0,23.52912139892578,-23.5284423828125,88.97110748291016,-88.97073364257812,39.334835052490234,-39.33614730834961,90.52709197998047,-90.5277328491211,93.802734375,-93.80550384521484,46.03335952758789,-46.02655029296875,20.996755599975586,20.99456024169922
0.00026817162870429456,0.0,0.0,0.0,23.656970977783203,-23.656267166137695,88.94202423095703,-88.94163513183594,39.294898986816406,-39.296226501464844,90.75092315673828,-90.75159454345703,93.62987518310547,-93.63265228271484,46.09044647216797,-46.08368682861328,21.399137496948242,21.396900177001953
0.0002494419750291854,0.0,0.0,0.0,23.786273956298828,-23.785524368286133,88.91375732421875,-88.913330078125,39.25570297241211,-39.257080078125,90.9743423461914,-90.97504425048828,93.45561981201172,-93.4584732055664,46.14642333984375,-46.13967514038086,21.803756713867188,21.801483154296875
0.0002269503747811541,0.0,0.0,0.0,23.916873931884766,-23.916099548339844,88.88636779785156,-88.88593292236328,39.2172966003418,-39.21868896484375,91.19711303710938,-91.19783782958984,93.28019714355469,-93.28306579589844,46.2011604309082,-46.194454193115234,22.210128784179688,22.20783042907715
0.0002133433590643108,0.0,0.0,0.0,24.048648834228516,-24.04789161682129,88.85987091064453,-88.85942077636719,39.17973709106445,-39.18114471435547,91.41910552978516,-91.41988372802734,93.10370635986328,-93.10657501220703,46.254634857177734,-46.24794387817383,22.6180477142334,22.615766525268555
0.00019557420455385,0.0,0.0,0.0,24.181564331054688,-24.18075942993164,88.83429718017578,-88.83380126953125,39.14305114746094,-39.1445198059082,91.64012145996094,-91.64093017578125,92.92626190185547,-92.92921447753906,46.306724548339844,-46.30005645751953,23.027111053466797,23.02478790283203
0.00017244226182810962,0.0,0.0,0.0,24.31544303894043,-24.31460952758789,88.8096923828125,-88.80919647216797,39.10731887817383,-39.10880661010742,91.85990905761719,-91.86076354980469,92.74807739257812,-92.75106811523438,46.35740280151367,-46.350765228271484,23.436969757080078,23.43462562561035
0.00013623692211695015,0.0,0.0,0.0,24.450180053710938,-24.449310302734375,88.78608703613281,-88.78553771972656,39.07255172729492,-39.07405471801758,92.07836151123047,-92.07923126220703,92.56929016113281,-92.57229614257812,46.40658187866211,-46.39997100830078,23.847299575805664,23.844900131225586
0.00012396393867675215,0.0,0.0,0.0,24.585655212402344,-24.584753036499023,88.76350402832031,-88.76294708251953,39.038822174072266,-39.04033660888672,92.29524993896484,-92.29617309570312,92.39006042480469,-92.39310455322266,46.4542350769043,-46.447654724121094,24.257741928100586,24.255332946777344
0.00012204294034745544,0.0,0.0,0.0,24.721704483032227,-24.720815658569336,88.74193572998047,-88.74136352539062,39.006134033203125,-39.00766372680664,92.51045227050781,-92.51142120361328,92.21055603027344,-92.2136001586914,46.50028991699219,-46.49374008178711,24.667943954467773,24.665552139282227
0.00010462062346050516,0.0,0.0,0.0,24.85829734802246,-24.857370376586914,88.72144317626953,-88.72080993652344,38.97453689575195,-38.97610092163086,92.72378540039062,-92.72479248046875,92.0308837890625,-92.03398132324219,46.544715881347656,-46.538185119628906,25.07758140563965,25.075170516967773
7.48185848351568e-05,0.0,0.0,0.0,24.99521255493164,-24.994260787963867,88.7020034790039,-88.70136260986328,38.94404983520508,-38.945648193359375,92.9350814819336,-92.93612670898438,91.85128784179688,-91.85441589355469,46.58745574951172,-46.58096694946289,25.486268997192383,25.483806610107422
4.4963187974644825e-05,0.0,0.0,0.0,25.132375717163086,-25.13141441345215,88.68366241455078,-88.68299102783203,38.914710998535156,-38.91633605957031,93.14421844482422,-93.14530944824219,91.67186737060547,-91.6750259399414,46.62850570678711,-46.62204360961914,25.893707275390625,25.891218185424805
-1.9676815554703353e-06,0.0,0.0,0.0,25.26966094970703,-25.268638610839844,88.66641235351562,-88.66570281982422,38.88654708862305,-38.88819885253906,93.35102081298828,-93.35214233398438,91.49282836914062,-91.49604034423828,46.66781234741211,-46.66138458251953,26.29949951171875,26.296937942504883
-1.4747605746379122e-05,0.0,0.0,0.0,25.406879425048828,-25.40584945678711,88.6502456665039,-88.64949798583984,38.85955047607422,-38.86123275756836,93.55534362792969,-93.55647277832031,91.31434631347656,-91.31755065917969,46.705352783203125,-46.698970794677734,26.703292846679688,26.70072364807129
-4.6950881369411945e-05,0.0,0.0,0.0,25.543975830078125,-25.542909622192383,88.63517761230469,-88.6344223022461,38.833763122558594,-38.8354606628418,93.7570571899414,-93.75823974609375,91.13653564453125,-91.1397933959961,46.74112319946289,-46.73477554321289,27.104801177978516,27.102231979370117
-5.586214319919236e-05,0.0,0.0,0.0,25.68075180053711,-25.679683685302734,88.62117004394531,-88.62039947509766,38.8091926574707,-38.810916900634766,93.95600128173828,-93.9572525024414,90.95960235595703,-90.9629135131836,46.775108337402344,-46.76878356933594,27.50359535217285,27.501035690307617
-9.222756489180028e-05,0.0,0.0,0.0,25.81709861755371,-25.816003799438477,88.60830688476562,-88.60748291015625,38.785831451416016,-38.787574768066406,94.1521224975586,-94.15338134765625,90.78372955322266,-90.78705596923828,46.80731201171875,-46.801025390625,27.89942169189453,27.896820068359375
-0.00010375351121183485,0.0,0.0,0.0,25.952871322631836,-25.951751708984375,88.59648132324219,-88.59564208984375,38.763710021972656,-38.765464782714844,94.34519958496094,-94.34650421142578,90.60906982421875,-90.6124267578125,46.83772277832031,-46.83146286010742,28.291824340820312,28.289234161376953
-0.00015191167767625302,0.0,0.0,0.0,26.087928771972656,-26.086767196655273,88.58573913574219,-88.5848617553711,38.74279022216797,-38.744564056396484,94.53514099121094,-94.5364761352539,90.4358139038086,-90.439208984375,46.866336822509766,-46.860111236572266,28.680538177490234,28.677881240844727
-0.00014969721087254584,0.0,0.0,0.0,26.22214126586914,-26.220956802368164,88.57604217529297,-88.57513427734375,38.72308349609375,-38.724891662597656,94.72179412841797,-94.72319793701172,90.26411437988281,-90.26753234863281,46.893165588378906,-46.88698959350586,29.065143585205078,29.062456130981445
-0.00019969632558058947,0.0,0.0,0.0,26.35537338256836,-26.354158401489258,88.5673828125,-88.56643676757812,38.7045783996582,-38.706424713134766,94.90518951416016,-94.90658569335938,90.0940933227539,-90.09754943847656,46.91826629638672,-46.912132263183594,29.445478439331055,29.442747116088867
-0.00018886406905949116,0.0,0.0,0.0,26.487436294555664,-26.486251831054688,88.5597152709961,-88.55877685546875,38.687286376953125,-38.689125061035156,95.08499908447266,-95.08645629882812,89.92605590820312,-89.92950439453125,46.94160079956055,-46.93550109863281,29.820903778076172,29.818225860595703
-0.00021602473862003535,0.0,0.0,0.0,26.618253707885742,-26.617050170898438,88.55304718017578,-88.55205535888672,38.67115783691406,-38.67302703857422,95.26126861572266,-95.26276397705078,89.76001739501953,-89.76351165771484,46.9632568359375,-46.95717239379883,30.19132423400879,30.188627243041992
-0.00023200632131192833,0.0,0.0,0.0,26.74765968322754,-26.746423721313477,88.5473403930664,-88.54631042480469,38.656185150146484,-38.658084869384766,95.43386840820312,-95.43538665771484,89.59623718261719,-89.59974670410156,46.983211517333984,-46.97718048095703,30.556358337402344,30.553619384765625
-0.00026410288410261273,0.0,0.0,0.0,26.87550163269043,-26.874265670776367,88.54252624511719,-88.54148864746094,38.642364501953125,-38.64425277709961,95.60264587402344,-95.60421752929688,89.43486785888672,-89.43841552734375,47.00153732299805,-46.99549865722656,30.915546417236328,30.912841796875
-0.0002894492936320603,0.0,0.0,0.0,27.001636505126953,-27.000356674194336,88.53863525390625,-88.53755950927734,38.62965774536133,-38.63157272338867,95.76753234863281,-95.76911926269531,89.27610778808594,-89.2796630859375,47.01824951171875,-47.01228332519531,31.268640518188477,31.2658748626709
-0.0002970531932078302,0.0,0.0,0.0,27.125934600830078,-27.124652862548828,88.53556823730469,-88.53445434570312,38.61801528930664,-38.61994934082031,95.92841339111328,-95.93004608154297,89.12003326416016,-89.12361145019531,47.033416748046875,-47.02747344970703,31.615306854248047,31.612546920776367
-0.00031039342866279185,0.0,0.0,0.0,27.248207092285156,-27.24694061279297,88.53333282470703,-88.5322265625,38.607444763183594,-38.60938262939453,96.08524322509766,-96.0869140625,88.96691131591797,-88.97048950195312,47.04710006713867,-47.041194915771484,31.955177307128906,31.95245933532715
-0.00034427756327204406,0.0,0.0,0.0,27.368398666381836,-27.367061614990234,88.53189849853516,-88.53072357177734,38.59785842895508,-38.599822998046875,96.23793029785156,-96.23963165283203,88.81681823730469,-88.82044982910156,47.059326171875,-47.05344772338867,32.28802490234375,32.28522872924805
-0.000349667010596022,0.0,0.0,0.0,27.48630142211914,-27.484956741333008,88.5311508178711,-88.52996826171875,38.58927917480469,-38.59123611450195,96.38636779785156,-96.38811492919922,88.66996765136719,-88.6736068725586,47.07014846801758,-47.064308166503906,32.61347198486328,32.61070251464844
-0.00036836997605860233,0.0,0.0,0.0,27.601741790771484,-27.600418090820312,88.53109741210938,-88.52989196777344,38.58162307739258,-38.583595275878906,96.53044891357422,-96.53223419189453,88.5265121459961,-88.53015899658203,47.07966995239258,-47.0738525390625,32.9311408996582,32.92838668823242
-0.00038832693826407194,0.0,0.0,0.0,27.71465492248535,-27.713289260864258,88.53170776367188,-88.53046417236328,38.574851989746094,-38.57684326171875,96.67015838623047,-96.67194366455078,88.38662719726562,-88.39028930664062,47.08790588378906,-47.08212661743164,33.24073028564453,33.237953186035156
-0.0004109519359190017,0.0,0.0,0.0,27.824857711791992,-27.82345199584961,88.53290557861328,-88.53160095214844,38.568931579589844,-38.570945739746094,96.8052978515625,-96.80713653564453,88.25041961669922,-88.25414276123047,47.09495544433594,-47.089195251464844,33.54193878173828,33.53910827636719
-0.0004161012766417116,0.0,0.0,0.0,27.932144165039062,-27.930784225463867,88.53460693359375,-88.53330993652344,38.56382751464844,-38.56583786010742,96.9359130859375,-96.93775939941406,88.11812591552734,-88.12181091308594,47.100887298583984,-47.095157623291016,33.834415435791016,33.831634521484375
-0.0004433153080753982,0.0,0.0,0.0,28.036479949951172,-28.035091400146484,88.53681945800781,-88.53548431396484,38.55945587158203,-38.561492919921875,97.06184387207031,-97.06375122070312,87.98980712890625,-87.99353790283203,47.10576248168945,-47.100059509277344,34.11791229248047,34.11509323120117
-0.0004743713070638478,0.0,0.0,0.0,28.13768196105957,-28.136255264282227,88.53946685791016,-88.53812408447266,38.555824279785156,-38.55786895751953,97.18305969238281,-97.18498229980469,87.86569213867188,-87.86943817138672,47.10966110229492,-47.104007720947266,34.39206314086914,34.38922119140625
-0.0004743713070638478,0.0,0.0,0.0,28.13768196105957,-28.136255264282227,88.53946685791016,-88.53812408447266,38.555824279785156,-38.55786895751953,97.18305969238281,-97.18498229980469,87.86569213867188,-87.86943817138672,47.10966110229492,-47.104007720947266,34.39206314086914,34.38922119140625
-0.00048061454435810447,0.0,0.0,0.0,28.32953643798828,-28.32809066772461,88.54540252685547,-88.54401397705078,38.55009078979492,-38.55214309692383,97.41106414794922,-97.41304016113281,87.6311264038086,-87.63490295410156,47.11552047729492,-47.109901428222656,34.91010284423828,34.907291412353516
-0.00048061454435810447,0.0,0.0,0.0,28.32953643798828,-28.32809066772461,88.54540252685547,-88.54401397705078,38.55009078979492,-38.55214309692383,97.41106414794922,-97.41304016113281,87.6311264038086,-87.63490295410156,47.11552047729492,-47.109901428222656,34.91010284423828,34.907291412353516
-0.0005076684756204486,0.0,0.0,0.0,28.50794219970703,-28.50652313232422,88.55274200439453,-88.55132293701172,38.54658126831055,-38.54866409301758,97.61915588378906,-97.62116241455078,87.4146728515625,-87.41844177246094,47.11801528930664,-47.112457275390625,35.38827896118164,35.385467529296875
-0.0005076684756204486,0.0,0.0,0.0,28.50794219970703,-28.50652313232422,88.55274200439453,-88.55132293701172,38.54658126831055,-38.54866409301758,97.61915588378906,-97.62116241455078,87.4146728515625,-87.41844177246094,47.11801528930664,-47.112457275390625,35.38827896118164,35.385467529296875
-0.0005507840542122722,0.0,0.0,0.0,28.67095184326172,-28.66947364807129,88.56077575683594,-88.5593032836914,38.544925689697266,-38.54701232910156,97.80681610107422,-97.80888366699219,87.21776580810547,-87.22160339355469,47.118099212646484,-47.112571716308594,35.82304000854492,35.820194244384766
-0.0005507840542122722,0.0,0.0,0.0,28.67095184326172,-28.66947364807129,88.56077575683594,-88.5593032836914,38.544925689697266,-38.54701232910156,97.80681610107422,-97.80888366699219,87.21776580810547,-87.22160339355469,47.118099212646484,-47.112571716308594,35.82304000854492,35.820194244384766
-0.0005679128807969391,0.0,0.0,0.0,28.817367553710938,-28.815889358520508,88.56907653808594,-88.56756591796875,38.54465866088867,-38.546775817871094,97.97352600097656,-97.9755859375,87.04156494140625,-87.04540252685547,47.11638641357422,-47.11091613769531,36.211944580078125,36.209102630615234
-0.0005679128807969391,0.0,0.0,0.0,28.817367553710938,-28.815889358520508,88.56907653808594,-88.56756591796875,38.54465866088867,-38.546775817871094,97.97352600097656,-97.9755859375,87.04156494140625,-87.04540252685547,47.11638641357422,-47.11091613769531,36.211944580078125,36.209102630615234
-0.0005778647027909756,0.0,0.0,0.0,28.946069717407227,-28.944576263427734,88.57717895507812,-88.57566833496094,38.54541778564453,-38.54752731323242,98.11859893798828,-98.12071228027344,86.8871841430664,-86.89102935791016,47.113502502441406,-47.10807418823242,36.55252456665039,36.549686431884766
-0.0005778647027909756,0.0,0.0,0.0,28.946069717407227,-28.944576263427734,88.57717895507812,-88.57566833496094,38.54541778564453,-38.54752731323242,98.11859893798828,-98.12071228027344,86.8871841430664,-86.89102935791016,47.113502502441406,-47.10807418823242,36.55252456665039,36.549686431884766
-0.00061025470495224,0.0,0.0,0.0,29.055997848510742,-29.054494857788086,88.58475494384766,-88.58318328857422,38.54676055908203,-38.548892974853516,98.24143981933594,-98.24356079101562,86.75570678710938,-86.75957489013672,47.110008239746094,-47.1046028137207,36.842506408691406,36.839637756347656
-0.00061025470495224,0.0,0.0,0.0,29.055997848510742,-29.054494857788086,88.58475494384766,-88.58318328857422,38.54676055908203,-38.548892974853516,98.24143981933594,-98.24356079101562,86.75570678710938,-86.75957489013672,47.110008239746094,-47.1046028137207,36.842506408691406,36.839637756347656
-0.00061025470495224,0.0,0.0,0.0,29.055997848510742,-29.054494857788086,88.58475494384766,-88.58318328857422,38.54676055908203,-38.548892974853516,98.24143981933594,-98.24356079101562,86.75570678710938,-86.75957489013672,47.110008239746094,-47.1046028137207,36.842506408691406,36.839637756347656
-0.0006013968377374113,0.0,0.0,0.0,29.183000564575195,-29.181516647338867,88.59407806396484,-88.59251403808594,38.5490837097168,-38.55121612548828,98.3823471069336,-98.38452911376953,86.60420989990234,-86.60809326171875,47.104984283447266,-47.099609375,37.17661666870117,37.173797607421875
-0.0006013968377374113,0.0,0.0,0.0,29.183000564575195,-29.181516647338867,88.59407806396484,-88.59251403808594,38.5490837097168,-38.55121612548828,98.3823471069336,-98.38452911376953,86.60420989990234,-86.60809326171875,47.104984283447266,-47.099609375,37.17661666870117,37.173797607421875
-0.0006013968377374113,0.0,0.0,0.0,29.183000564575195,-29.181516647338867,88.59407806396484,-88.59251403808594,38.5490837097168,-38.55121612548828,98.3823471069336,-98.38452911376953,86.60420989990234,-86.60809326171875,47.104984283447266,-47.099609375,37.17661666870117,37.173797607421875
-0.0006013968377374113,0.0,0.0,0.0,29.183000564575195,-29.181516647338867,88.59407806396484,-88.59251403808594,38.5490837097168,-38.55121612548828,98.3823471069336,-98.38452911376953,86.60420989990234,-86.60809326171875,47.104984283447266,-47.099609375,37.17661666870117,37.173797607421875
-0.0006013968377374113,0.0,0.0,0.0,29.183000564575195,-29.181516647338867,88.59407806396484,-88.59251403808594,38.5490837097168,-38.55121612548828,98.3823471069336,-98.38452911376953,86.60420989990234,-86.60809326171875,47.104984283447266,-47.099609375,37.17661666870117,37.173797607421875
-0.0005906179430894554,0.0,0.0,0.0,29.285966873168945,-29.284494400024414,88.60223388671875,-88.60066223144531,38.5516242980957,-38.55375289916992,98.49539947509766,-98.49761199951172,86.48190307617188,-86.48577880859375,47.09990310668945,-47.09455108642578,37.446414947509766,37.443641662597656
-0.0005906179430894554,0.0,0.0,0.0,29.285966873168945,-29.284494400024414,88.60223388671875,-88.60066223144531,38.5516242980957,-38.55375289916992,98.49539947509766,-98.49761199951172,86.48190307617188,-86.48577880859375,47.09990310668945,-47.09455108642578,37.446414947509766,37.443641662597656
-0.0005906179430894554,0.0,0.0,0.0,29.285966873168945,-29.284494400024414,88.60223388671875,-88.60066223144531,38.5516242980957,-38.55375289916992,98.49539947509766,-98.49761199951172,86.48190307617188,-86.48577880859375,47.09990310668945,-47.09455108642578,37.446414947509766,37.443641662597656
-0.0005906179430894554,0.0,0.0,0.0,29.285966873168945,-29.284494400024414,88.60223388671875,-88.60066223144531,38.5516242980957,-38.55375289916992,98.49539947509766,-98.49761199951172,86.48190307617188,-86.48577880859375,47.09990310668945,-47.09455108642578,37.446414947509766,37.443641662597656
-0.0005906179430894554,0.0,0.0,0.0,29.285966873168945,-29.284494400024414,88.60223388671875,-88.60066223144531,38.5516242980957,-38.55375289916992,98.49539947509766,-98.49761199951172,86.48190307617188,-86.48577880859375,47.09990310668945,-47.09455108642578,37.446414947509766,37.443641662597656
-0.0005906179430894554,0.0,0.0,0.0,29.285966873168945,-29.284494400024414,88.60223388671875,-88.60066223144531,38.5516242980957,-38.55375289916992,98.49539947509766,-98.49761199951172,86.48190307617188,-86.48577880859375,47.09990310668945,-47.09455108642578,37.446414947509766,37.443641662597656
-0.0005906179430894554,0.0,0.0,0.0,29.285966873168945,-29.284494400024414,88.60223388671875,-88.60066223144531,38.5516242980957,-38.55375289916992,98.49539947509766,-98.49761199951172,86.48190307617188,-86.48577880859375,47.09990310668945,-47.09455108642578,37.446414947509766,37.443641662597656
-0.0005906179430894554,0.0,0.0,0.0,29.285966873168945,-29.284494400024414,88.60223388671875,-88.60066223144531,38.5516242980957,-38.55375289916992,98.49539947509766,-98.49761199951172,86.48190307617188,-86.48577880859375,47.09990310668945,-47.09455108642578,37.446414947509766,37.443641662597656
-0.0005906179430894554,0.0,0.0,0.0,29.285966873168945,-29.284494400024414,88.60223388671875,-88.60066223144531,38.5516242980957,-38.55375289916992,98.49539947509766,-98.49761199951172,86.48190307617188,-86.48577880859375,47.09990310668945,-47.09455108642578,37.446414947509766,37.443641662597656
-0.0005906179430894554,0.0,0.0,0.0,29.285966873168945,-29.284494400024414,88.60223388671875,-88.60066223144531,38.5516242980957,-38.55375289916992,98.49539947509766,-98.49761199951172,86.48190307617188,-86.48577880859375,47.09990310668945,-47.09455108642578,37.446414947509766,37.443641662597656
-0.0005906179430894554,0.0,0.0,0.0,29.285966873168945,-29.284494400024414,88.60223388671875,-88.60066223144531,38.5516242980957,-38.55375289916992,98.49539947509766,-98.49761199951172,86.48190307617188,-86.48577880859375,47.09990310668945,-47.09455108642578,37.446414947509766,37.443641662597656
-0.0005906179430894554,0.0,0.0,0.0,29.285966873168945,-29.284494400024414,88.60223388671875,-88.60066223144531,38.5516242980957,-38.55375289916992,98.49539947509766,-98.49761199951172,86.48190307617188,-86.48577880859375,47.09990310668945,-47.09455108642578,37.446414947509766,37.443641662597656
-0.0005906179430894554,0.0,0.0,0.0,29.285966873168945,-29.284494400024414,88.60223388671875,-88.60066223144531,38.5516242980957,-38.55375289916992,98.49539947509766,-98.49761199951172,86.48190307617188,-86.48577880859375,47.09990310668945,-47.09455108642578,37.446414947509766,37.443641662597656
-0.0005906179430894554,0.0,0.0,0.0,29.285966873168945,-29.284494400024414,88.60223388671875,-88.60066223144531,38.5516242980957,-38.55375289916992,98.49539947509766,-98.49761199951172,86.48190307617188,-86.48577880859375,47.09990310668945,-47.09455108642578,37.446414947509766,37.443641662597656
-0.0005906179430894554,0.0,0.0,0.0,29.285966873168945,-29.284494400024414,88.60223388671875,-88.60066223144531,38.5516242980957,-38.55375289916992,98.49539947509766,-98.49761199951172,86.48190307617188,-86.48577880859375,47.09990310668945,-47.09455108642578,37.446414947509766,37.443641662597656
-0.0005906179430894554,0.0,0.0,0.0,29.285966873168945,-29.284494400024414,88.60223388671875,-88.60066223144531,38.5516242980957,-38.55375289916992,98.49539947509766,-98.49761199951172,86.48190307617188,-86.48577880859375,47.09990310668945,-47.09455108642578,37.446414947509766,37.443641662597656
-0.0005906179430894554,0.0,0.0,0.0,29.285966873168945,-29.284494400024414,88.60223388671875,-88.60066223144531,38.5516242980957,-38.55375289916992,98.49539947509766,-98.49761199951172,86.48190307617188,-86.48577880859375,47.09990310668945,-47.09455108642578,37.446414947509766,37.443641662597656
-0.0005906179430894554,0.0,0.0,0.0,29.285966873168945,-29.284494400024414,88.60223388671875,-88.60066223144531,38.5516242980957,-38.55375289916992,98.49539947509766,-98.49761199951172,86.48190307617188,-86.48577880859375,47.09990310668945,-47.09455108642578,37.446414947509766,37.443641662597656
-0.0005906179430894554,0.0,0.0,0.0,29.285966873168945,-29.284494400024414,88.60223388671875,-88.60066223144531,38.5516242980957,-38.55375289916992,98.49539947509766,-98.49761199951172,86.48190307617188,-86.48577880859375,47.09990310668945,-47.09455108642578,37.446414947509766,37.443641662597656
-0.0005906179430894554,0.0,0.0,0.0,29.285966873168945,-29.284494400024414,88.60223388671875,-88.60066223144531,38.5516242980957,-38.55375289916992,98.49539947509766,-98.49761199951172,86.48190307617188,-86.48577880859375,47.09990310668945,-47.09455108642578,37.446414947509766,37.443641662597656
-0.0005906179430894554,0.0,0.0,0.0,29.285966873168945,-29.284494400024414,88.60223388671875,-88.60066223144531,38.5516242980957,-38.55375289916992,98.49539947509766,-98.49761199951172,86.48190307617188,-86.48577880859375,47.09990310668945,-47.09455108642578,37.446414947509766,37.443641662597656
-0.0005906179430894554,0.0,0.0,0.0,29.285966873168945,-29.284494400024414,88.60223388671875,-88.60066223144531,38.5516242980957,-38.55375289916992,98.49539947509766,-98.49761199951172,86.48190307617188,-86.48577880859375,47.09990310668945,-47.09455108642578,37.446414947509766,37.443641662597656
-0.0005906179430894554,0.0,0.0,0.0,29.285966873168945,-29.284494400024414,88.60223388671875,-88.60066223144531,38.5516242980957,-38.55375289916992,98.49539947509766,-98.49761199951172,86.48190307617188,-86.48577880859375,47.09990310668945,-47.09455108642578,37.446414947509766,37.443641662597656
-0.0005906179430894554,0.0,0.0,0.0,29.285966873168945,-29.284494400024414,88.60223388671875,-88.60066223144531,38.5516242980957,-38.55375289916992,98.49539947509766,-98.49761199951172,86.48190307617188,-86.48577880859375,47.09990310668945,-47.09455108642578,37.446414947509766,37.443641662597656
-0.0005906179430894554,0.0,0.0,0.0,29.285966873168945,-29.284494400024414,88.60223388671875,-88.60066223144531,38.5516242980957,-38.55375289916992,98.49539947509766,-98.49761199951172,86.48190307617188,-86.48577880859375,47.09990310668945,-47.09455108642578,37.446414947509766,37.443641662597656
-0.0005906179430894554,0.0,0.0,0.0,29.285966873168945,-29.284494400024414,88.60223388671875,-88.60066223144531,38.5516242980957,-38.55375289916992,98.49539947509766,-98.49761199951172,86.48190307617188,-86.48577880859375,47.09990310668945,-47.09455108642578,37.446414947509766,37.443641662597656
-0.0005906179430894554,0.0,0.0,0.0,29.285966873168945,-29.284494400024414,88.60223388671875,-88.60066223144531,38.5516242980957,-38.55375289916992,98.49539947509766,-98.49761199951172,86.48190307617188,-86.48577880859375,47.09990310668945,-47.09455108642578,37.446414947509766,37.443641662597656
-0.0005906179430894554,0.0,0.0,0.0,29.285966873168945,-29.284494400024414,88.60223388671875,-88.60066223144531,38.5516242980957,-38.55375289916992,98.49539947509766,-98.49761199951172,86.48190307617188,-86.48577880859375,47.09990310668945,-47.09455108642578,37.446414947509766,37.443641662597656
-0.0005906179430894554,0.0,0.0,0.0,29.285966873168945,-29.284494400024414,88.60223388671875,-88.60066223144531,38.5516242980957,-38.55375289916992,98.49539947509766,-98.49761199951172,86.48190307617188,-86.48577880859375,47.09990310668945,-47.09455108642578,37.446414947509766,37.443641662597656
-0.0005906179430894554,0.0,0.0,0.0,29.285966873168945,-29.284494400024414,88.60223388671875,-88.60066223144531,38.5516242980957,-38.55375289916992,98.49539947509766,-98.49761199951172,86.48190307617188,-86.48577880859375,47.09990310668945,-47.09455108642578,37.446414947509766,37.443641662597656
-0.0005906179430894554,0.0,0.0,0.0,29.285966873168945,-29.284494400024414,88.60223388671875,-88.60066223144531,38.5516242980957,-38.55375289916992,98.49539947509766,-98.49761199951172,86.48190307617188,-86.48577880859375,47.09990310668945,-47.09455108642578,37.446414947509766,37.443641662597656
-0.0005906179430894554,0.0,0.0,0.0,29.285966873168945,-29.284494400024414,88.60223388671875,-88.60066223144531,38.5516242980957,-38.55375289916992,98.49539947509766,-98.49761199951172,86.48190307617188,-86.48577880859375,47.09990310668945,-47.09455108642578,37.446414947509766,37.443641662597656
-0.0005906179430894554,0.0,0.0,0.0,29.285966873168945,-29.284494400024414,88.60223388671875,-88.60066223144531,38.5516242980957,-38.55375289916992,98.49539947509766,-98.49761199951172,86.48190307617188,-86.48577880859375,47.09990310668945,-47.09455108642578,37.446414947509766,37.443641662597656
-0.0005906179430894554,0.0,0.0,0.0,29.285966873168945,-29.284494400024414,88.60223388671875,-88.60066223144531,38.5516242980957,-38.55375289916992,98.49539947509766,-98.49761199951172,86.48190307617188,-86.48577880859375,47.09990310668945,-47.09455108642578,37.446414947509766,37.443641662597656
-0.0005906179430894554,0.0,0.0,0.0,29.285966873168945,-29.284494400024414,88.60223388671875,-88.60066223144531,38.5516242980957,-38.55375289916992,98.49539947509766,-98.49761199951172,86.48190307617188,-86.48577880859375,47.09990310668945,-47.09455108642578,37.446414947509766,37.443641662597656
-0.0005906179430894554,0.0,0.0,0.0,29.285966873168945,-29.284494400024414,88.60223388671875,-88.60066223144531,38.5516242980957,-38.55375289916992,98.49539947509766,-98.49761199951172,86.48190307617188,-86.48577880859375,47.09990310668945,-47.09455108642578,37.446414947509766,37.443641662597656
-0.0005906179430894554,0.0,0.0,0.0,29.285966873168945,-29.284494400024414,88.60223388671875,-88.60066223144531,38.5516242980957,-38.55375289916992,98.49539947509766,-98.49761199951172,86.48190307617188,-86.48577880859375,47.09990310668945,-47.09455108642578,37.446414947509766,37.443641662597656
-0.0005906179430894554,0.0,0.0,0.0,29.285966873168945,-29.284494400024414,88.60223388671875,-88.60066223144531,38.5516242980957,-38.55375289916992,98.49539947509766,-98.49761199951172,86.48190307617188,-86.48577880859375,47.09990310668945,-47.09455108642578,37.446414947509766,37.443641662597656
-0.0005906179430894554,0.0,0.0,0.0,29.285966873168945,-29.284494400024414,88.60223388671875,-88.60066223144531,38.5516242980957,-38.55375289916992,98.49539947509766,-98.49761199951172,86.48190307617188,-86.48577880859375,47.09990310668945,-47.09455108642578,37.446414947509766,37.443641662597656
-0.0005906179430894554,0.0,0.0,0.0,29.285966873168945,-29.284494400024414,88.60223388671875,-88.60066223144531,38.5516242980957,-38.55375289916992,98.49539947509766,-98.49761199951172,86.48190307617188,-86.48577880859375,47.09990310668945,-47.09455108642578,37.446414947509766,37.443641662597656
-0.0005906179430894554,0.0,0.0,0.0,29.285966873168945,-29.284494400024414,88.60223388671875,-88.60066223144531,38.5516242980957,-38.55375289916992,98.49539947509766,-98.49761199951172,86.48190307617188,-86.48577880859375,47.09990310668945,-47.09455108642578,37.446414947509766,37.443641662597656
-0.0005906179430894554,0.0,0.0,0.0,29.285966873168945,-29.284494400024414,88.60223388671875,-88.60066223144531,38.5516242980957,-38.55375289916992,98.49539947509766,-98.49761199951172,86.48190307617188,-86.48577880859375,47.09990310668945,-47.09455108642578,37.446414947509766,37.443641662597656
-0.0005906179430894554,0.0,0.0,0.0,29.285966873168945,-29.284494400024414,88.60223388671875,-88.60066223144531,38.5516242980957,-38.55375289916992,98.49539947509766,-98.49761199951172,86.48190307617188,-86.48577880859375,47.09990310668945,-47.09455108642578,37.446414947509766,37.443641662597656
-0.0005906179430894554,0.0,0.0,0.0,29.285966873168945,-29.284494400024414,88.60223388671875,-88.60066223144531,38.5516242980957,-38.55375289916992,98.49539947509766,-98.49761199951172,86.48190307617188,-86.48577880859375,47.09990310668945,-47.09455108642578,37.446414947509766,37.443641662597656
-0.0005906179430894554,0.0,0.0,0.0,29.285966873168945,-29.284494400024414,88.60223388671875,-88.60066223144531,38.5516242980957,-38.55375289916992,98.49539947509766,-98.49761199951172,86.48190307617188,-86.48577880859375,47.09990310668945,-47.09455108642578,37.446414947509766,37.443641662597656
-0.0005906179430894554,0.0,0.0,0.0,29.285966873168945,-29.284494400024414,88.60223388671875,-88.60066223144531,38.5516242980957,-38.55375289916992,98.49539947509766,-98.49761199951172,86.48190307617188,-86.48577880859375,47.09990310668945,-47.09455108642578,37.446414947509766,37.443641662597656
-0.0005906179430894554,0.0,0.0,0.0,29.285966873168945,-29.284494400024414,88.60223388671875,-88.60066223144531,38.5516242980957,-38.55375289916992,98.49539947509766,-98.49761199951172,86.48190307617188,-86.48577880859375,47.09990310668945,-47.09455108642578,37.446414947509766,37.443641662597656
-0.0005906179430894554,0.0,0.0,0.0,29.285966873168945,-29.284494400024414,88.60223388671875,-88.60066223144531,38.5516242980957,-38.55375289916992,98.49539947509766,-98.49761199951172,86.48190307617188,-86.48577880859375,47.09990310668945,-47.09455108642578,37.446414947509766,37.443641662597656
-0.0005906179430894554,0.0,0.0,0.0,29.285966873168945,-29.284494400024414,88.60223388671875,-88.60066223144531,38.5516242980957,-38.55375289916992,98.49539947509766,-98.49761199951172,86.48190307617188,-86.48577880859375,47.09990310668945,-47.09455108642578,37.446414947509766,37.443641662597656
-0.0005906179430894554,0.0,0.0,0.0,29.285966873168945,-29.284494400024414,88.60223388671875,-88.60066223144531,38.5516242980957,-38.55375289916992,98.49539947509766,-98.49761199951172,86.48190307617188,-86.48577880859375,47.09990310668945,-47.09455108642578,37.446414947509766,37.443641662597656
-0.0005906179430894554,0.0,0.0,0.0,29.285966873168945,-29.284494400024414,88.60223388671875,-88.60066223144531,38.5516242980957,-38.55375289916992,98.49539947509766,-98.49761199951172,86.48190307617188,-86.48577880859375,47.09990310668945,-47.09455108642578,37.446414947509766,37.443641662597656
-0.0005906179430894554,0.0,0.0,0.0,29.285966873168945,-29.284494400024414,88.60223388671875,-88.60066223144531,38.5516242980957,-38.55375289916992,98.49539947509766,-98.49761199951172,86.48190307617188,-86.48577880859375,47.09990310668945,-47.09455108642578,37.446414947509766,37.443641662597656
-0.0005906179430894554,0.0,0.0,0.0,29.285966873168945,-29.284494400024414,88.60223388671875,-88.60066223144531,38.5516242980957,-38.55375289916992,98.49539947509766,-98.49761199951172,86.48190307617188,-86.48577880859375,47.09990310668945,-47.09455108642578,37.446414947509766,37.443641662597656
-0.0005906179430894554,0.0,0.0,0.0,29.285966873168945,-29.284494400024414,88.60223388671875,-88.60066223144531,38.5516242980957,-38.55375289916992,98.49539947509766,-98.49761199951172,86.48190307617188,-86.48577880859375,47.09990310668945,-47.09455108642578,37.446414947509766,37.443641662597656
-0.0005906179430894554,0.0,0.0,0.0,29.285966873168945,-29.284494400024414,88.60223388671875,-88.60066223144531,38.5516242980957,-38.55375289916992,98.49539947509766,-98.49761199951172,86.48190307617188,-86.48577880859375,47.09990310668945,-47.09455108642578,37.446414947509766,37.443641662597656
-0.0005906179430894554,0.0,0.0,0.0,29.285966873168945,-29.284494400024414,88.60223388671875,-88.60066223144531,38.5516242980957,-38.55375289916992,98.49539947509766,-98.49761199951172,86.48190307617188,-86.48577880859375,47.09990310668945,-47.09455108642578,37.446414947509766,37.443641662597656
-0.0005906179430894554,0.0,0.0,0.0,29.285966873168945,-29.284494400024414,88.60223388671875,-88.60066223144531,38.5516242980957,-38.55375289916992,98.49539947509766,-98.49761199951172,86.48190307617188,-86.48577880859375,47.09990310668945,-47.09455108642578,37.446414947509766,37.443641662597656
-0.0005906179430894554,0.0,0.0,0.0,29.285966873168945,-29.284494400024414,88.60223388671875,-88.60066223144531,38.5516242980957,-38.55375289916992,98.49539947509766,-98.49761199951172,86.48190307617188,-86.48577880859375,47.09990310668945,-47.09455108642578,37.446414947509766,37.443641662597656
-0.0005906179430894554,0.0,0.0,0.0,29.285966873168945,-29.284494400024414,88.60223388671875,-88.60066223144531,38.5516242980957,-38.55375289916992,98.49539947509766,-98.49761199951172,86.48190307617188,-86.48577880859375,47.09990310668945,-47.09455108642578,37.446414947509766,37.443641662597656
-0.0005906179430894554,0.0,0.0,0.0,29.285966873168945,-29.284494400024414,88.60223388671875,-88.60066223144531,38.5516242980957,-38.55375289916992,98.49539947509766,-98.49761199951172,86.48190307617188,-86.48577880859375,47.09990310668945,-47.09455108642578,37.446414947509766,37.443641662597656
-0.0005906179430894554,0.0,0.0,0.0,29.285966873168945,-29.284494400024414,88.60223388671875,-88.60066223144531,38.5516242980957,-38.55375289916992,98.49539947509766,-98.49761199951172,86.48190307617188,-86.48577880859375,47.09990310668945,-47.09455108642578,37.446414947509766,37.443641662597656
-0.0005906179430894554,0.0,0.0,0.0,29.285966873168945,-29.284494400024414,88.60223388671875,-88.60066223144531,38.5516242980957,-38.55375289916992,98.49539947509766,-98.49761199951172,86.48190307617188,-86.48577880859375,47.09990310668945,-47.09455108642578,37.446414947509766,37.443641662597656
-0.0005906179430894554,0.0,0.0,0.0,29.285966873168945,-29.284494400024414,88.60223388671875,-88.60066223144531,38.5516242980957,-38.55375289916992,98.49539947509766,-98.49761199951172,86.48190307617188,-86.48577880859375,47.09990310668945,-47.09455108642578,37.446414947509766,37.443641662597656
-0.0005906179430894554,0.0,0.0,0.0,29.285966873168945,-29.284494400024414,88.60223388671875,-88.60066223144531,38.5516242980957,-38.55375289916992,98.49539947509766,-98.49761199951172,86.48190307617188,-86.48577880859375,47.09990310668945,-47.09455108642578,37.446414947509766,37.443641662597656
-0.0005906179430894554,0.0,0.0,0.0,29.285966873168945,-29.284494400024414,88.60223388671875,-88.60066223144531,38.5516242980957,-38.55375289916992,98.49539947509766,-98.49761199951172,86.48190307617188,-86.48577880859375,47.09990310668945,-47.09455108642578,37.446414947509766,37.443641662597656
-0.0005906179430894554,0.0,0.0,0.0,29.285966873168945,-29.284494400024414,88.60223388671875,-88.60066223144531,38.5516242980957,-38.55375289916992,98.49539947509766,-98.49761199951172,86.48190307617188,-86.48577880859375,47.09990310668945,-47.09455108642578,37.446414947509766,37.443641662597656
-0.0005906179430894554,0.0,0.0,0.0,29.285966873168945,-29.284494400024414,88.60223388671875,-88.60066223144531,38.5516242980957,-38.55375289916992,98.49539947509766,-98.49761199951172,86.48190307617188,-86.48577880859375,47.09990310668945,-47.09455108642578,37.446414947509766,37.443641662597656
-0.0005906179430894554,0.0,0.0,0.0,29.285966873168945,-29.284494400024414,88.60223388671875,-88.60066223144531,38.5516242980957,-38.55375289916992,98.49539947509766,-98.49761199951172,86.48190307617188,-86.48577880859375,47.09990310668945,-47.09455108642578,37.446414947509766,37.443641662597656
-0.0005906179430894554,0.0,0.0,0.0,29.285966873168945,-29.284494400024414,88.60223388671875,-88.60066223144531,38.5516242980957,-38.55375289916992,98.49539947509766,-98.49761199951172,86.48190307617188,-86.48577880859375,47.09990310668945,-47.09455108642578,37.446414947509766,37.443641662597656
-0.0005906179430894554,0.0,0.0,0.0,29.285966873168945,-29.284494400024414,88.60223388671875,-88.60066223144531,38.5516242980957,-38.55375289916992,98.49539947509766,-98.49761199951172,86.48190307617188,-86.48577880859375,47.09990310668945,-47.09455108642578,37.446414947509766,37.443641662597656
-0.0005906179430894554,0.0,0.0,0.0,29.285966873168945,-29.284494400024414,88.60223388671875,-88.60066223144531,38.5516242980957,-38.55375289916992,98.49539947509766,-98.49761199951172,86.48190307617188,-86.48577880859375,47.09990310668945,-47.09455108642578,37.446414947509766,37.443641662597656
-0.0005906179430894554,0.0,0.0,0.0,29.285966873168945,-29.284494400024414,88.60223388671875,-88.60066223144531,38.5516242980957,-38.55375289916992,98.49539947509766,-98.49761199951172,86.48190307617188,-86.48577880859375,47.09990310668945,-47.09455108642578,37.446414947509766,37.443641662597656
-0.0005906179430894554,0.0,0.0,0.0,29.285966873168945,-29.284494400024414,88.60223388671875,-88.60066223144531,38.5516242980957,-38.55375289916992,98.49539947509766,-98.49761199951172,86.48190307617188,-86.48577880859375,47.09990310668945,-47.09455108642578,37.446414947509766,37.443641662597656
-0.0005906179430894554,0.0,0.0,0.0,29.285966873168945,-29.284494400024414,88.60223388671875,-88.60066223144531,38.5516242980957,-38.55375289916992,98.49539947509766,-98.49761199951172,86.48190307617188,-86.48577880859375,47.09990310668945,-47.09455108642578,37.446414947509766,37.443641662597656
-0.0005906179430894554,0.0,0.0,0.0,29.285966873168945,-29.284494400024414,88.60223388671875,-88.60066223144531,38.5516242980957,-38.55375289916992,98.49539947509766,-98.49761199951172,86.48190307617188,-86.48577880859375,47.09990310668945,-47.09455108642578,37.446414947509766,37.443641662597656
-0.0005906179430894554,0.0,0.0,0.0,29.285966873168945,-29.284494400024414,88.60223388671875,-88.60066223144531,38.5516242980957,-38.55375289916992,98.49539947509766,-98.49761199951172,86.48190307617188,-86.48577880859375,47.09990310668945,-47.09455108642578,37.446414947509766,37.443641662597656
-0.0005906179430894554,0.0,0.0,0.0,29.285966873168945,-29.284494400024414,88.60223388671875,-88.60066223144531,38.5516242980957,-38.55375289916992,98.49539947509766,-98.49761199951172,86.48190307617188,-86.48577880859375,47.09990310668945,-47.09455108642578,37.446414947509766,37.443641662597656
-0.0005906179430894554,0.0,0.0,0.0,29.285966873168945,-29.284494400024414,88.60223388671875,-88.60066223144531,38.5516242980957,-38.55375289916992,98.49539947509766,-98.49761199951172,86.48190307617188,-86.48577880859375,47.09990310668945,-47.09455108642578,37.446414947509766,37.443641662597656
-0.0005906179430894554,0.0,0.0,0.0,29.285966873168945,-29.284494400024414,88.60223388671875,-88.60066223144531,38.5516242980957,-38.55375289916992,98.49539947509766,-98.49761199951172,86.48190307617188,-86.48577880859375,47.09990310668945,-47.09455108642578,37.446414947509766,37.443641662597656
-0.0005906179430894554,0.0,0.0,0.0,29.285966873168945,-29.284494400024414,88.60223388671875,-88.60066223144531,38.5516242980957,-38.55375289916992,98.49539947509766,-98.49761199951172,86.48190307617188,-86.48577880859375,47.09990310668945,-47.09455108642578,37.446414947509766,37.443641662597656
-0.0005906179430894554,0.0,0.0,0.0,29.285966873168945,-29.284494400024414,88.60223388671875,-88.60066223144531,38.5516242980957,-38.55375289916992,98.49539947509766,-98.49761199951172,86.48190307617188,-86.48577880859375,47.09990310668945,-47.09455108642578,37.446414947509766,37.443641662597656
-0.0005906179430894554,0.0,0.0,0.0,29.285966873168945,-29.284494400024414,88.60223388671875,-88.60066223144531,38.5516242980957,-38.55375289916992,98.49539947509766,-98.49761199951172,86.48190307617188,-86.48577880859375,47.09990310668945,-47.09455108642578,37.446414947509766,37.443641662597656
-0.0005906179430894554,0.0,0.0,0.0,29.285966873168945,-29.284494400024414,88.60223388671875,-88.60066223144531,38.5516242980957,-38.55375289916992,98.49539947509766,-98.49761199951172,86.48190307617188,-86.48577880859375,47.09990310668945,-47.09455108642578,37.446414947509766,37.443641662597656
-0.0005906179430894554,0.0,0.0,0.0,29.285966873168945,-29.284494400024414,88.60223388671875,-88.60066223144531,38.5516242980957,-38.55375289916992,98.49539947509766,-98.49761199951172,86.48190307617188,-86.48577880859375,47.09990310668945,-47.09455108642578,37.446414947509766,37.443641662597656
-0.0005906179430894554,0.0,0.0,0.0,29.285966873168945,-29.284494400024414,88.60223388671875,-88.60066223144531,38.5516242980957,-38.55375289916992,98.49539947509766,-98.49761199951172,86.48190307617188,-86.48577880859375,47.09990310668945,-47.09455108642578,37.446414947509766,37.443641662597656
-0.0005906179430894554,0.0,0.0,0.0,29.285966873168945,-29.284494400024414,88.60223388671875,-88.60066223144531,38.5516242980957,-38.55375289916992,98.49539947509766,-98.49761199951172,86.48190307617188,-86.48577880859375,47.09990310668945,-47.09455108642578,37.446414947509766,37.443641662597656
-0.0005906179430894554,0.0,0.0,0.0,29.285966873168945,-29.284494400024414,88.60223388671875,-88.60066223144531,38.5516242980957,-38.55375289916992,98.49539947509766,-98.49761199951172,86.48190307617188,-86.48577880859375,47.09990310668945,-47.09455108642578,37.446414947509766,37.443641662597656
-0.0005906179430894554,0.0,0.0,0.0,29.285966873168945,-29.284494400024414,88.60223388671875,-88.60066223144531,38.5516242980957,-38.55375289916992,98.49539947509766,-98.49761199951172,86.48190307617188,-86.48577880859375,47.09990310668945,-47.09455108642578,37.446414947509766,37.443641662597656
-0.0005906179430894554,0.0,0.0,0.0,29.285966873168945,-29.284494400024414,88.60223388671875,-88.60066223144531,38.5516242980957,-38.55375289916992,98.49539947509766,-98.49761199951172,86.48190307617188,-86.48577880859375,47.09990310668945,-47.09455108642578,37.446414947509766,37.443641662597656
-0.0005906179430894554,0.0,0.0,0.0,29.285966873168945,-29.284494400024414,88.60223388671875,-88.60066223144531,38.5516242980957,-38.55375289916992,98.49539947509766,-98.49761199951172,86.48190307617188,-86.48577880859375,47.09990310668945,-47.09455108642578,37.446414947509766,37.443641662597656
-0.0005906179430894554,0.0,0.0,0.0,29.285966873168945,-29.284494400024414,88.60223388671875,-88.60066223144531,38.5516242980957,-38.55375289916992,98.49539947509766,-98.49761199951172,86.48190307617188,-86.48577880859375,47.09990310668945,-47.09455108642578,37.446414947509766,37.443641662597656
-0.0005906179430894554,0.0,0.0,0.0,29.285966873168945,-29.284494400024414,88.60223388671875,-88.60066223144531,38.5516242980957,-38.55375289916992,98.49539947509766,-98.49761199951172,86.48190307617188,-86.48577880859375,47.09990310668945,-47.09455108642578,37.446414947509766,37.443641662597656
-0.0005906179430894554,0.0,0.0,0.0,29.285966873168945,-29.284494400024414,88.60223388671875,-88.60066223144531,38.5516242980957,-38.55375289916992,98.49539947509766,-98.49761199951172,86.48190307617188,-86.48577880859375,47.09990310668945,-47.09455108642578,37.446414947509766,37.443641662597656
-0.0005906179430894554,0.0,0.0,0.0,29.285966873168945,-29.284494400024414,88.60223388671875,-88.60066223144531,38.5516242980957,-38.55375289916992,98.49539947509766,-98.49761199951172,86.48190307617188,-86.48577880859375,47.09990310668945,-47.09455108642578,37.446414947509766,37.443641662597656
-0.0005906179430894554,0.0,0.0,0.0,29.285966873168945,-29.284494400024414,88.60223388671875,-88.60066223144531,38.5516242980957,-38.55375289916992,98.49539947509766,-98.49761199951172,86.48190307617188,-86.48577880859375,47.09990310668945,-47.09455108642578,37.446414947509766,37.443641662597656
-0.0005906179430894554,0.0,0.0,0.0,29.285966873168945,-29.284494400024414,88.60223388671875,-88.60066223144531,38.5516242980957,-38.55375289916992,98.49539947509766,-98.49761199951172,86.48190307617188,-86.48577880859375,47.09990310668945,-47.09455108642578,37.446414947509766,37.443641662597656
-0.0005906179430894554,0.0,0.0,0.0,29.285966873168945,-29.284494400024414,88.60223388671875,-88.60066223144531,38.5516242980957,-38.55375289916992,98.49539947509766,-98.49761199951172,86.48190307617188,-86.48577880859375,47.09990310668945,-47.09455108642578,37.446414947509766,37.443641662597656
-0.0005906179430894554,0.0,0.0,0.0,29.285966873168945,-29.284494400024414,88.60223388671875,-88.60066223144531,38.5516242980957,-38.55375289916992,98.49539947509766,-98.49761199951172,86.48190307617188,-86.48577880859375,47.09990310668945,-47.09455108642578,37.446414947509766,37.443641662597656
-0.0005906179430894554,0.0,0.0,0.0,29.285966873168945,-29.284494400024414,88.60223388671875,-88.60066223144531,38.5516242980957,-38.55375289916992,98.49539947509766,-98.49761199951172,86.48190307617188,-86.48577880859375,47.09990310668945,-47.09455108642578,37.446414947509766,37.443641662597656
-0.0005906179430894554,0.0,0.0,0.0,29.285966873168945,-29.284494400024414,88.60223388671875,-88.60066223144531,38.5516242980957,-38.55375289916992,98.49539947509766,-98.49761199951172,86.48190307617188,-86.48577880859375,47.09990310668945,-47.09455108642578,37.446414947509766,37.443641662597656
-0.0005906179430894554,0.0,0.0,0.0,29.285966873168945,-29.284494400024414,88.60223388671875,-88.60066223144531,38.5516242980957,-38.55375289916992,98.49539947509766,-98.49761199951172,86.48190307617188,-86.48577880859375,47.09990310668945,-47.09455108642578,37.446414947509766,37.443641662597656
-0.0005906179430894554,0.0,0.0,0.0,29.285966873168945,-29.284494400024414,88.60223388671875,-88.60066223144531,38.5516242980957,-38.55375289916992,98.49539947509766,-98.49761199951172,86.48190307617188,-86.48577880859375,47.09990310668945,-47.09455108642578,37.446414947509766,37.443641662597656
-0.0005906179430894554,0.0,0.0,0.0,29.285966873168945,-29.284494400024414,88.60223388671875,-88.60066223144531,38.5516242980957,-38.55375289916992,98.49539947509766,-98.49761199951172,86.48190307617188,-86.48577880859375,47.09990310668945,-47.09455108642578,37.446414947509766,37.443641662597656
-0.0005906179430894554,0.0,0.0,0.0,29.285966873168945,-29.284494400024414,88.60223388671875,-88.60066223144531,38.5516242980957,-38.55375289916992,98.49539947509766,-98.49761199951172,86.48190307617188,-86.48577880859375,47.09990310668945,-47.09455108642578,37.446414947509766,37.443641662597656
-0.0005906179430894554,0.0,0.0,0.0,29.285966873168945,-29.284494400024414,88.60223388671875,-88.60066223144531,38.5516242980957,-38.55375289916992,98.49539947509766,-98.49761199951172,86.48190307617188,-86.48577880859375,47.09990310668945,-47.09455108642578,37.446414947509766,37.443641662597656
-0.0005906179430894554,0.0,0.0,0.0,29.285966873168945,-29.284494400024414,88.60223388671875,-88.60066223144531,38.5516242980957,-38.55375289916992,98.49539947509766,-98.49761199951172,86.48190307617188,-86.48577880859375,47.09990310668945,-47.09455108642578,37.446414947509766,37.443641662597656
-0.0005906179430894554,0.0,0.0,0.0,29.285966873168945,-29.284494400024414,88.60223388671875,-88.60066223144531,38.5516242980957,-38.55375289916992,98.49539947509766,-98.49761199951172,86.48190307617188,-86.48577880859375,47.09990310668945,-47.09455108642578,37.446414947509766,37.443641662597656
-0.0005906179430894554,0.0,0.0,0.0,29.285966873168945,-29.284494400024414,88.60223388671875,-88.60066223144531,38.5516242980957,-38.55375289916992,98.49539947509766,-98.49761199951172,86.48190307617188,-86.48577880859375,47.09990310668945,-47.09455108642578,37.446414947509766,37.443641662597656
-0.0005906179430894554,0.0,0.0,0.0,29.285966873168945,-29.284494400024414,88.60223388671875,-88.60066223144531,38.5516242980957,-38.55375289916992,98.49539947509766,-98.49761199951172,86.48190307617188,-86.48577880859375,47.09990310668945,-47.09455108642578,37.446414947509766,37.443641662597656
-0.0005906179430894554,0.0,0.0,0.0,29.285966873168945,-29.284494400024414,88.60223388671875,-88.60066223144531,38.5516242980957,-38.55375289916992,98.49539947509766,-98.49761199951172,86.48190307617188,-86.48577880859375,47.09990310668945,-47.09455108642578,37.446414947509766,37.443641662597656
-0.0005906179430894554,0.0,0.0,0.0,29.285966873168945,-29.284494400024414,88.60223388671875,-88.60066223144531,38.5516242980957,-38.55375289916992,98.49539947509766,-98.49761199951172,86.48190307617188,-86.48577880859375,47.09990310668945,-47.09455108642578,37.446414947509766,37.443641662597656
-0.0005906179430894554,0.0,0.0,0.0,29.285966873168945,-29.284494400024414,88.60223388671875,-88.60066223144531,38.5516242980957,-38.55375289916992,98.49539947509766,-98.49761199951172,86.48190307617188,-86.48577880859375,47.09990310668945,-47.09455108642578,37.446414947509766,37.443641662597656
-0.0005906179430894554,0.0,0.0,0.0,29.285966873168945,-29.284494400024414,88.60223388671875,-88.60066223144531,38.5516242980957,-38.55375289916992,98.49539947509766,-98.49761199951172,86.48190307617188,-86.48577880859375,47.09990310668945,-47.09455108642578,37.446414947509766,37.443641662597656
-0.0005906179430894554,0.0,0.0,0.0,29.285966873168945,-29.284494400024414,88.60223388671875,-88.60066223144531,38.5516242980957,-38.55375289916992,98.49539947509766,-98.49761199951172,86.48190307617188,-86.48577880859375,47.09990310668945,-47.09455108642578,37.446414947509766,37.443641662597656
-0.0005906179430894554,0.0,0.0,0.0,29.285966873168945,-29.284494400024414,88.60223388671875,-88.60066223144531,38.5516242980957,-38.55375289916992,98.49539947509766,-98.49761199951172,86.48190307617188,-86.48577880859375,47.09990310668945,-47.09455108642578,37.446414947509766,37.443641662597656
-0.0005906179430894554,0.0,0.0,0.0,29.285966873168945,-29.284494400024414,88.60223388671875,-88.60066223144531,38.5516242980957,-38.55375289916992,98.49539947509766,-98.49761199951172,86.48190307617188,-86.48577880859375,47.09990310668945,-47.09455108642578,37.446414947509766,37.443641662597656
-0.0005906179430894554,0.0,0.0,0.0,29.285966873168945,-29.284494400024414,88.60223388671875,-88.60066223144531,38.5516242980957,-38.55375289916992,98.49539947509766,-98.49761199951172,86.48190307617188,-86.48577880859375,47.09990310668945,-47.09455108642578,37.446414947509766,37.443641662597656
-0.0005906179430894554,0.0,0.0,0.0,29.285966873168945,-29.284494400024414,88.60223388671875,-88.60066223144531,38.5516242980957,-38.55375289916992,98.49539947509766,-98.49761199951172,86.48190307617188,-86.48577880859375,47.09990310668945,-47.09455108642578,37.446414947509766,37.443641662597656
-0.0005906179430894554,0.0,0.0,0.0,29.285966873168945,-29.284494400024414,88.60223388671875,-88.60066223144531,38.5516242980957,-38.55375289916992,98.49539947509766,-98.49761199951172,86.48190307617188,-86.48577880859375,47.09990310668945,-47.09455108642578,37.446414947509766,37.443641662597656
-0.0005906179430894554,0.0,0.0,0.0,29.285966873168945,-29.284494400024414,88.60223388671875,-88.60066223144531,38.5516242980957,-38.55375289916992,98.49539947509766,-98.49761199951172,86.48190307617188,-86.48577880859375,47.09990310668945,-47.09455108642578,37.446414947509766,37.443641662597656
-0.0005906179430894554,0.0,0.0,0.0,29.285966873168945,-29.284494400024414,88.60223388671875,-88.60066223144531,38.5516242980957,-38.55375289916992,98.49539947509766,-98.49761199951172,86.48190307617188,-86.48577880859375,47.09990310668945,-47.09455108642578,37.446414947509766,37.443641662597656
-0.0005906179430894554,0.0,0.0,0.0,29.285966873168945,-29.284494400024414,88.60223388671875,-88.60066223144531,38.5516242980957,-38.55375289916992,98.49539947509766,-98.49761199951172,86.48190307617188,-86.48577880859375,47.09990310668945,-47.09455108642578,37.446414947509766,37.443641662597656
-0.0005906179430894554,0.0,0.0,0.0,29.285966873168945,-29.284494400024414,88.60223388671875,-88.60066223144531,38.5516242980957,-38.55375289916992,98.49539947509766,-98.49761199951172,86.48190307617188,-86.48577880859375,47.09990310668945,-47.09455108642578,37.446414947509766,37.443641662597656
-0.0005906179430894554,0.0,0.0,0.0,29.285966873168945,-29.284494400024414,88.60223388671875,-88.60066223144531,38.5516242980957,-38.55375289916992,98.49539947509766,-98.49761199951172,86.48190307617188,-86.48577880859375,47.09990310668945,-47.09455108642578,37.446414947509766,37.443641662597656
-0.0005906179430894554,0.0,0.0,0.0,29.285966873168945,-29.284494400024414,88.60223388671875,-88.60066223144531,38.5516242980957,-38.55375289916992,98.49539947509766,-98.49761199951172,86.48190307617188,-86.48577880859375,47.09990310668945,-47.09455108642578,37.446414947509766,37.443641662597656
-0.0005906179430894554,0.0,0.0,0.0,29.285966873168945,-29.284494400024414,88.60223388671875,-88.60066223144531,38.5516242980957,-38.55375289916992,98.49539947509766,-98.49761199951172,86.48190307617188,-86.48577880859375,47.09990310668945,-47.09455108642578,37.446414947509766,37.443641662597656
-0.0005906179430894554,0.0,0.0,0.0,29.285966873168945,-29.284494400024414,88.60223388671875,-88.60066223144531,38.5516242980957,-38.55375289916992,98.49539947509766,-98.49761199951172,86.48190307617188,-86.48577880859375,47.09990310668945,-47.09455108642578,37.446414947509766,37.443641662597656
-0.0005906179430894554,0.0,0.0,0.0,29.285966873168945,-29.284494400024414,88.60223388671875,-88.60066223144531,38.5516242980957,-38.55375289916992,98.49539947509766,-98.49761199951172,86.48190307617188,-86.48577880859375,47.09990310668945,-47.09455108642578,37.446414947509766,37.443641662597656
-0.0005906179430894554,0.0,0.0,0.0,29.285966873168945,-29.284494400024414,88.60223388671875,-88.60066223144531,38.5516242980957,-38.55375289916992,98.49539947509766,-98.49761199951172,86.48190307617188,-86.48577880859375,47.09990310668945,-47.09455108642578,37.446414947509766,37.443641662597656
-0.0005906179430894554,0.0,0.0,0.0,29.285966873168945,-29.284494400024414,88.60223388671875,-88.60066223144531,38.5516242980957,-38.55375289916992,98.49539947509766,-98.49761199951172,86.48190307617188,-86.48577880859375,47.09990310668945,-47.09455108642578,37.446414947509766,37.443641662597656
-0.0005906179430894554,0.0,0.0,0.0,29.285966873168945,-29.284494400024414,88.60223388671875,-88.60066223144531,38.5516242980957,-38.55375289916992,98.49539947509766,-98.49761199951172,86.48190307617188,-86.48577880859375,47.09990310668945,-47.09455108642578,37.446414947509766,37.443641662597656
-0.0005906179430894554,0.0,0.0,0.0,29.285966873168945,-29.284494400024414,88.60223388671875,-88.60066223144531,38.5516242980957,-38.55375289916992,98.49539947509766,-98.49761199951172,86.48190307617188,-86.48577880859375,47.09990310668945,-47.09455108642578,37.446414947509766,37.443641662597656
-0.0005906179430894554,0.0,0.0,0.0,29.285966873168945,-29.284494400024414,88.60223388671875,-88.60066223144531,38.5516242980957,-38.55375289916992,98.49539947509766,-98.49761199951172,86.48190307617188,-86.48577880859375,47.09990310668945,-47.09455108642578,37.446414947509766,37.443641662597656
-0.0005906179430894554,0.0,0.0,0.0,29.285966873168945,-29.284494400024414,88.60223388671875,-88.60066223144531,38.5516242980957,-38.55375289916992,98.49539947509766,-98.49761199951172,86.48190307617188,-86.48577880859375,47.09990310668945,-47.09455108642578,37.446414947509766,37.443641662597656
-0.0005906179430894554,0.0,0.0,0.0,29.285966873168945,-29.284494400024414,88.60223388671875,-88.60066223144531,38.5516242980957,-38.55375289916992,98.49539947509766,-98.49761199951172,86.48190307617188,-86.48577880859375,47.09990310668945,-47.09455108642578,37.446414947509766,37.443641662597656
-0.0005906179430894554,0.0,0.0,0.0,29.285966873168945,-29.284494400024414,88.60223388671875,-88.60066223144531,38.5516242980957,-38.55375289916992,98.49539947509766,-98.49761199951172,86.48190307617188,-86.48577880859375,47.09990310668945,-47.09455108642578,37.446414947509766,37.443641662597656
-0.0005906179430894554,0.0,0.0,0.0,29.285966873168945,-29.284494400024414,88.60223388671875,-88.60066223144531,38.5516242980957,-38.55375289916992,98.49539947509766,-98.49761199951172,86.48190307617188,-86.48577880859375,47.09990310668945,-47.09455108642578,37.446414947509766,37.443641662597656
-0.0005906179430894554,0.0,0.0,0.0,29.285966873168945,-29.284494400024414,88.60223388671875,-88.60066223144531,38.5516242980957,-38.55375289916992,98.49539947509766,-98.49761199951172,86.48190307617188,-86.48577880859375,47.09990310668945,-47.09455108642578,37.446414947509766,37.443641662597656
-0.0005906179430894554,0.0,0.0,0.0,29.285966873168945,-29.284494400024414,88.60223388671875,-88.60066223144531,38.5516242980957,-38.55375289916992,98.49539947509766,-98.49761199951172,86.48190307617188,-86.48577880859375,47.09990310668945,-47.09455108642578,37.446414947509766,37.443641662597656
-0.0005906179430894554,0.0,0.0,0.0,29.285966873168945,-29.284494400024414,88.60223388671875,-88.60066223144531,38.5516242980957,-38.55375289916992,98.49539947509766,-98.49761199951172,86.48190307617188,-86.48577880859375,47.09990310668945,-47.09455108642578,37.446414947509766,37.443641662597656
-0.0005906179430894554,0.0,0.0,0.0,29.285966873168945,-29.284494400024414,88.60223388671875,-88.60066223144531,38.5516242980957,-38.55375289916992,98.49539947509766,-98.49761199951172,86.48190307617188,-86.48577880859375,47.09990310668945,-47.09455108642578,37.446414947509766,37.443641662597656
-0.0005906179430894554,0.0,0.0,0.0,29.285966873168945,-29.284494400024414,88.60223388671875,-88.60066223144531,38.5516242980957,-38.55375289916992,98.49539947509766,-98.49761199951172,86.48190307617188,-86.48577880859375,47.09990310668945,-47.09455108642578,37.446414947509766,37.443641662597656
-0.0005906179430894554,0.0,0.0,0.0,29.285966873168945,-29.284494400024414,88.60223388671875,-88.60066223144531,38.5516242980957,-38.55375289916992,98.49539947509766,-98.49761199951172,86.48190307617188,-86.48577880859375,47.09990310668945,-47.09455108642578,37.446414947509766,37.443641662597656
-0.0005906179430894554,0.0,0.0,0.0,29.285966873168945,-29.284494400024414,88.60223388671875,-88.60066223144531,38.5516242980957,-38.55375289916992,98.49539947509766,-98.49761199951172,86.48190307617188,-86.48577880859375,47.09990310668945,-47.09455108642578,37.446414947509766,37.443641662597656
-0.0005906179430894554,0.0,0.0,0.0,29.285966873168945,-29.284494400024414,88.60223388671875,-88.60066223144531,38.5516242980957,-38.55375289916992,98.49539947509766,-98.49761199951172,86.48190307617188,-86.48577880859375,47.09990310668945,-47.09455108642578,37.446414947509766,37.443641662597656
-0.0005906179430894554,0.0,0.0,0.0,29.285966873168945,-29.284494400024414,88.60223388671875,-88.60066223144531,38.5516242980957,-38.55375289916992,98.49539947509766,-98.49761199951172,86.48190307617188,-86.48577880859375,47.09990310668945,-47.09455108642578,37.446414947509766,37.443641662597656
-0.0005906179430894554,0.0,0.0,0.0,29.285966873168945,-29.284494400024414,88.60223388671875,-88.60066223144531,38.5516242980957,-38.55375289916992,98.49539947509766,-98.49761199951172,86.48190307617188,-86.48577880859375,47.09990310668945,-47.09455108642578,37.446414947509766,37.443641662597656
-0.0005906179430894554,0.0,0.0,0.0,29.285966873168945,-29.284494400024414,88.60223388671875,-88.60066223144531,38.5516242980957,-38.55375289916992,98.49539947509766,-98.49761199951172,86.48190307617188,-86.48577880859375,47.09990310668945,-47.09455108642578,37.446414947509766,37.443641662597656
-0.0005906179430894554,0.0,0.0,0.0,29.285966873168945,-29.284494400024414,88.60223388671875,-88.60066223144531,38.5516242980957,-38.55375289916992,98.49539947509766,-98.49761199951172,86.48190307617188,-86.48577880859375,47.09990310668945,-47.09455108642578,37.446414947509766,37.443641662597656
-0.0005906179430894554,0.0,0.0,0.0,29.285966873168945,-29.284494400024414,88.60223388671875,-88.60066223144531,38.5516242980957,-38.55375289916992,98.49539947509766,-98.49761199951172,86.48190307617188,-86.48577880859375,47.09990310668945,-47.09455108642578,37.446414947509766,37.443641662597656
-0.0005906179430894554,0.0,0.0,0.0,29.285966873168945,-29.284494400024414,88.60223388671875,-88.60066223144531,38.5516242980957,-38.55375289916992,98.49539947509766,-98.49761199951172,86.48190307617188,-86.48577880859375,47.09990310668945,-47.09455108642578,37.446414947509766,37.443641662597656
-0.0005906179430894554,0.0,0.0,0.0,29.285966873168945,-29.284494400024414,88.60223388671875,-88.60066223144531,38.5516242980957,-38.55375289916992,98.49539947509766,-98.49761199951172,86.48190307617188,-86.48577880859375,47.09990310668945,-47.09455108642578,37.446414947509766,37.443641662597656
