Joint_L0_deg,Joint_L1_deg,Joint_L2_U_deg,Joint_L3_U_deg,Joint_L2_R_deg,Joint_L2_L_deg,Joint_L3_R_deg,Joint_L3_L_deg,Joint_L4_R_deg,Joint_L4_L_deg,Joint_L5_R_deg,Joint_L5_L_deg,Joint_L6_R_deg,Joint_L6_L_deg,Joint_L7_R_deg,Joint_L7_L_deg,Joint_L8_R_deg,Joint_L8_L_deg
0.0,0.0,0.0,0.0,0.0,0.0,79.98490905761719,-79.98490905761719,96.14231872558594,-96.14231872558594,100.0957260131836,-100.0957260131836,90.00020599365234,-90.00020599365234,0.0,0.0,0.0,0.0
-1.0628188107375536e-08,0.0,0.0,0.0,0.002103830687701702,-0.002104035345837474,79.97911071777344,-79.97911071777344,96.14566040039062,-96.14566040039062,100.08846282958984,-100.08846282958984,90.00814819335938,-90.00814819335938,-0.00801169965416193,0.008013737387955189,0.0007964323158375919,0.0007963455864228308
-4.2227430441243996e-08,0.0,0.0,0.0,0.008358843624591827,-0.008359657600522041,79.96187591552734,-79.96187591552734,96.15557861328125,-96.15557861328125,100.06686401367188,-100.06685638427734,90.03176879882812,-90.03176879882812,-0.03183171525597572,0.03183981403708458,0.003164348192512989,0.003164003835991025
-9.4369745795575e-08,0.0,0.0,0.0,0.01868032105267048,-0.018682140856981277,79.93344116210938,-79.93344116210938,96.17195129394531,-96.17195129394531,100.03121185302734,-100.03121185302734,90.07074737548828,-90.07074737548828,-0.0711374431848526,0.07115553319454193,0.007071677129715681,0.007070907391607761
-1.6662717428062024e-07,0.0,0.0,0.0,0.03298354893922806,-0.03298676013946533,79.89402770996094,-79.8940200805664,96.19464111328125,-96.19464874267578,99.98181915283203,-99.9818115234375,90.12474822998047,-90.124755859375,-0.1256062537431717,0.1256382018327713,0.012486347928643227,0.012484989129006863
-2.5857173113763565e-07,0.0,0.0,0.0,0.051183804869651794,-0.05118878558278084,79.8438720703125,-79.8438720703125,96.22351837158203,-96.22352600097656,99.9189682006836,-99.91895294189453,90.19347381591797,-90.19347381591797,-0.1949155330657959,0.19496509432792664,0.01937629096210003,0.0193741824477911
-3.6977533568460785e-07,0.0,0.0,0.0,0.07319636642932892,-0.07320348918437958,79.78321838378906,-79.78321838378906,96.2584457397461,-96.25846099853516,99.84294891357422,-99.84293365478516,90.27659606933594,-90.27659606933594,-0.27874261140823364,0.27881351113319397,0.02770942822098732,0.027706412598490715
-4.998101985620451e-07,0.0,0.0,0.0,0.0989365205168724,-0.09894614666700363,79.71229553222656,-79.71228790283203,96.29928588867188,-96.2992935180664,99.75405883789062,-99.75403594970703,90.37379455566406,-90.37379455566406,-0.3767649829387665,0.3768607974052429,0.037453699856996536,0.03744962066411972
-6.482480898739595e-07,0.0,0.0,0.0,0.12831954658031464,-0.1283320188522339,79.63133239746094,-79.6313247680664,96.34590148925781,-96.34591674804688,99.652587890625,-99.65255737304688,90.4847412109375,-90.4847412109375,-0.4886598587036133,0.48878413438796997,0.048577018082141876,0.04857173189520836
-8.14661291315133e-07,0.0,0.0,0.0,0.161260724067688,-0.1612764298915863,79.54056549072266,-79.5405502319336,96.39816284179688,-96.39818572998047,99.53882598876953,-99.53878784179688,90.60912322998047,-90.60912322998047,-0.6141048073768616,0.6142610311508179,0.06104733794927597,0.061040688306093216
-9.986217719415436e-07,0.0,0.0,0.0,0.19767536222934723,-0.19769461452960968,79.44023132324219,-79.44021606445312,96.4559326171875,-96.45596313476562,99.41307830810547,-99.41302490234375,90.74662780761719,-90.74662780761719,-0.7527772188186646,0.7529686093330383,0.07483256608247757,0.07482442259788513
-1.1997013871223317e-06,0.0,0.0,0.0,0.23747871816158295,-0.2375018149614334,79.33055114746094,-79.33053588867188,96.51908111572266,-96.51911163330078,99.27561950683594,-99.27555847167969,90.89692687988281,-90.89692687988281,-0.9043542146682739,0.9045841693878174,0.08990063518285751,0.08989085257053375
-1.4174721627568942e-06,0.0,0.0,0.0,0.2805860638618469,-0.28061339259147644,79.21177673339844,-79.21175384521484,96.58747863769531,-96.58750915527344,99.12674713134766,-99.12667846679688,91.0596923828125,-91.05970001220703,-1.0685133934020996,1.0687851905822754,0.10621947795152664,0.10620792210102081
-1.651506295274885e-06,0.0,0.0,0.0,0.32691267132759094,-0.326944500207901,79.08412170410156,-79.08409881591797,96.66097259521484,-96.66101837158203,98.96676635742188,-98.96668243408203,91.234619140625,-91.23462677001953,-1.2449320554733276,1.2452486753463745,0.1237570270895958,0.12374354898929596
-1.9013757537322817e-06,0.0,0.0,0.0,0.37637388706207275,-0.37641051411628723,78.94783782958984,-78.94780731201172,96.73944854736328,-96.73949432373047,98.79595184326172,-98.79586029052734,91.42138671875,-91.42139434814453,-1.4332876205444336,1.4336522817611694,0.14248120784759521,0.14246568083763123
-2.166652393498225e-06,0.0,0.0,0.0,0.42888495326042175,-0.4289267063140869,78.80314636230469,-78.80310821533203,96.82275390625,-96.82280731201172,98.61461639404297,-98.614501953125,91.61966705322266,-91.61967468261719,-1.6332577466964722,1.633673071861267,0.16235995292663574,0.16234226524829865
-2.446908638376044e-06,0.0,0.0,0.0,0.48436111211776733,-0.48440828919410706,78.65027618408203,-78.65025329589844,96.9107666015625,-96.91082763671875,98.42303466796875,-98.42291259765625,91.82913970947266,-91.82914733886719,-1.844519019126892,1.844988226890564,0.18336117267608643,0.18334120512008667
-2.741715888987528e-06,0.0,0.0,0.0,0.542717695236206,-0.5427705645561218,78.4894790649414,-78.48944854736328,97.00334930419922,-97.00342559814453,98.22150421142578,-98.22136688232422,92.04949951171875,-92.04950714111328,-2.0667498111724854,2.0672755241394043,0.2054528146982193,0.20543044805526733
-3.0506464554491686e-06,0.0,0.0,0.0,0.6038699746131897,-0.6039287447929382,78.32098388671875,-78.32093811035156,97.10037231445312,-97.10044860839844,98.01032257080078,-98.01016998291016,92.28040313720703,-92.28041076660156,-2.299626588821411,2.3002114295959473,0.22860278189182281,0.2285778820514679
-3.3732726478774566e-06,0.0,0.0,0.0,0.6677332520484924,-0.6677982211112976,78.14500427246094,-78.14495849609375,97.20169067382812,-97.2017822265625,97.7897720336914,-97.78961181640625,92.52155303955078,-92.52156066894531,-2.5428273677825928,2.5434741973876953,0.2527790665626526,0.25275152921676636
-3.7091663216415327e-06,0.0,0.0,0.0,0.7342227697372437,-0.7342942953109741,77.96179962158203,-77.96174621582031,97.30718231201172,-97.3072738647461,97.56016540527344,-97.55997467041016,92.77261352539062,-92.77262115478516,-2.796029567718506,2.7967405319213867,0.2779495418071747,0.27791929244995117
-4.057898877363186e-06,0.0,0.0,0.0,0.803253710269928,-0.8033319711685181,77.77159118652344,-77.77153015136719,97.41670227050781,-97.41680145263672,97.32176971435547,-97.32157135009766,93.03327941894531,-93.03328704833984,-3.0589096546173096,3.059687614440918,0.30408206582069397,0.30404898524284363
-4.419043307279935e-06,0.0,0.0,0.0,0.8747416734695435,-0.8748268485069275,77.57461547851562,-77.57454681396484,97.53012084960938,-97.53023529052734,97.07489013671875,-97.07466888427734,93.30321502685547,-93.30322265625,-3.331146478652954,3.331993579864502,0.331144779920578,0.3311087489128113
-4.792171694134595e-06,0.0,0.0,0.0,0.9486017823219299,-0.9486940503120422,77.37109375,-77.37102508544922,97.64730072021484,-97.64742279052734,96.81982421875,-96.81958770751953,93.58209991455078,-93.58211517333984,-3.6124167442321777,3.613335371017456,0.3591054379940033,0.359066367149353
-5.176854756427929e-06,0.0,0.0,0.0,1.0247490406036377,-1.0248488187789917,77.16127014160156,-77.16120147705078,97.76811218261719,-97.76824188232422,96.55685424804688,-96.55659484863281,93.86963653564453,-93.86964416503906,-3.9023971557617188,3.9033892154693604,0.38793203234672546,0.3878897726535797
-5.5726654863974545e-06,0.0,0.0,0.0,1.1030991077423096,-1.1032065153121948,76.94538116455078,-76.94530487060547,97.89241790771484,-97.8925552368164,96.2862777709961,-96.28600311279297,94.16548156738281,-94.16549682617188,-4.200765132904053,4.201833724975586,0.41759243607521057,0.41754695773124695
-5.979175966785988e-06,0.0,0.0,0.0,1.1835670471191406,-1.1836822032928467,76.7236557006836,-76.72357940673828,98.02008056640625,-98.02023315429688,96.00839233398438,-96.00809478759766,94.46932983398438,-94.46934509277344,-4.507199287414551,4.508345603942871,0.44805461168289185,0.4480058252811432
-6.3959587350836955e-06,0.0,0.0,0.0,1.266068458557129,-1.2661917209625244,76.49633026123047,-76.4962387084961,98.15097045898438,-98.15113067626953,95.72348022460938,-95.72315979003906,94.78084564208984,-94.7808609008789,-4.821376800537109,4.82260274887085,0.4792866110801697,0.4792344272136688
-6.82258405504399e-06,0.0,0.0,0.0,1.3505181074142456,-1.3506495952606201,76.26363372802734,-76.26354217529297,98.28495788574219,-98.28512573242188,95.43183898925781,-95.43150329589844,95.0997314453125,-95.09974670410156,-5.142973899841309,5.14428186416626,0.5112560987472534,0.5112004280090332
-7.2586240094096866e-06,0.0,0.0,0.0,1.4368315935134888,-1.4369715452194214,76.02580261230469,-76.02570343017578,98.42189025878906,-98.42208099365234,95.1337661743164,-95.13340759277344,95.42564392089844,-95.42566680908203,-5.471668243408203,5.47305965423584,0.5439311861991882,0.5438719391822815
-7.703653864155058e-06,0.0,0.0,0.0,1.524924397468567,-1.5250728130340576,75.78306579589844,-75.78296661376953,98.56165313720703,-98.56185150146484,94.82955169677734,-94.82916259765625,95.75828552246094,-95.75830078125,-5.807138919830322,5.808615207672119,0.5772798657417297,0.5772169828414917
-8.157241609296761e-06,0.0,0.0,0.0,1.6147112846374512,-1.6148685216903687,75.5356674194336,-75.53555297851562,98.7041015625,-98.70430755615234,94.51947784423828,-94.51907348632812,96.09732055664062,-96.09733581542969,-6.1490607261657715,6.1506242752075195,0.6112698316574097,0.6112032532691956
-8.618962056061719e-06,0.0,0.0,0.0,1.7061078548431396,-1.7062739133834839,75.28382873535156,-75.28370666503906,98.84910583496094,-98.84932708740234,94.20384979248047,-94.20342254638672,96.44242858886719,-96.44245147705078,-6.497112274169922,6.498764514923096,0.6458691954612732,0.6457988619804382
-9.08838501345599e-06,0.0,0.0,0.0,1.7990293502807617,-1.7992045879364014,75.02778625488281,-75.02766418457031,98.99652862548828,-98.99675750732422,93.88294982910156,-93.88249969482422,96.79329681396484,-96.79331970214844,-6.850971221923828,6.852713584899902,0.6810458302497864,0.6809717416763306
-9.565083928464446e-06,0.0,0.0,0.0,1.8933910131454468,-1.8935754299163818,74.76777648925781,-74.76764678955078,99.14623260498047,-99.146484375,93.55708312988281,-93.55661010742188,97.14960479736328,-97.14962768554688,-7.210314750671387,7.2121477127075195,0.7167676091194153,0.7166896462440491
-1.004863042908255e-05,0.0,0.0,0.0,1.9891082048416138,-1.9893020391464233,74.50403594970703,-74.50389862060547,99.298095703125,-99.29834747314453,93.22653198242188,-93.22603607177734,97.51103210449219,-97.51105499267578,-7.574820041656494,7.576745986938477,0.7530026435852051,0.7529206871986389
-1.0538597962295171e-05,0.0,0.0,0.0,2.0860962867736816,-2.086299419403076,74.23678588867188,-74.23664093017578,99.45196533203125,-99.45223236083984,92.89159393310547,-92.89107513427734,97.87725067138672,-97.87728118896484,-7.944164752960205,7.946185111999512,0.789718747138977,0.7896327972412109
-1.1034555427613668e-05,0.0,0.0,0.0,2.1842703819274902,-2.184483051300049,73.96627807617188,-73.96612548828125,99.60772705078125,-99.60800170898438,92.55255889892578,-92.55201721191406,98.24795532226562,-98.24798583984375,-8.318026542663574,8.320141792297363,0.8268837928771973,0.8267938494682312
-1.1536077181517612e-05,0.0,0.0,0.0,2.283545732498169,-2.2837679386138916,73.6927261352539,-73.69257354736328,99.76522827148438,-99.76551818847656,92.209716796875,-92.20915222167969,98.62281799316406,-98.62284088134766,-8.69608211517334,8.69829273223877,0.8644657135009766,0.864371657371521
-1.2042733942507766e-05,0.0,0.0,0.0,2.3838374614715576,-2.3840694427490234,73.4163818359375,-73.41621398925781,99.92434692382812,-99.92465209960938,91.86337280273438,-91.86277770996094,99.00151824951172,-99.00154113769531,-9.078006744384766,9.080315589904785,0.9024324417114258,0.9023342728614807
-1.2554102795547806e-05,0.0,0.0,0.0,2.4850618839263916,-2.4853036403656006,73.13745880126953,-73.13729095458984,100.08494567871094,-100.08525848388672,91.51380920410156,-91.51318359375,99.38374328613281,-99.3837661743164,-9.463484764099121,9.46589183807373,0.9407522678375244,0.9406499266624451
-1.306974718318088e-05,0.0,0.0,0.0,2.587132692337036,-2.5873844623565674,72.85621643066406,-72.85603332519531,100.24687957763672,-100.24720764160156,91.16131591796875,-91.1606674194336,99.76915740966797,-99.7691879272461,-9.85218620300293,9.854691505432129,0.9793925881385803,0.9792859554290771
-1.3589244190370664e-05,0.0,0.0,0.0,2.6899662017822266,-2.690228223800659,72.57286071777344,-72.57266998291016,100.41002655029297,-100.41036987304688,90.80618286132812,-90.80551147460938,100.1574478149414,-100.15748596191406,-10.243791580200195,10.246397018432617,1.0183215141296387,1.0182106494903564
-1.4112164535617922e-05,0.0,0.0,0.0,2.7934772968292236,-2.7937493324279785,72.28764343261719,-72.28744506835938,100.57424926757812,-100.5746078491211,90.44872283935547,-90.4480209350586,100.54830932617188,-100.54833984375,-10.63797664642334,10.640682220458984,1.057507038116455,1.057391881942749
-1.463808166590752e-05,0.0,0.0,0.0,2.8975818157196045,-2.8978638648986816,72.00078582763672,-72.00057983398438,100.73941802978516,-100.73978424072266,90.08920288085938,-90.0884780883789,100.94140625,-100.94144439697266,-11.034422874450684,11.037227630615234,1.0969170331954956,1.0967977046966553
-1.5166565390245523e-05,0.0,0.0,0.0,3.002194404602051,-3.00248646736145,71.71253204345703,-71.71231842041016,100.90538787841797,-100.90576934814453,89.72793579101562,-89.7271957397461,101.33641815185547,-101.3364486694336,-11.432802200317383,11.435709953308105,1.136519432067871,1.136395812034607
-1.5697192793595605e-05,0.0,0.0,0.0,3.1072306632995605,-3.1075334548950195,71.42311096191406,-71.42288970947266,101.07202911376953,-101.07242584228516,89.36520385742188,-89.36442565917969,101.7330322265625,-101.73307037353516,-11.832797050476074,11.835805892944336,1.1762824058532715,1.176154375076294
-1.6229527318500914e-05,0.0,0.0,0.0,3.2126057147979736,-3.212918519973755,71.13275909423828,-71.13253784179688,101.23921203613281,-101.23961639404297,89.00129699707031,-89.00050354003906,102.13092803955078,-102.13096618652344,-12.23408031463623,12.237191200256348,1.2161734104156494,1.2160409688949585
-1.676314786891453e-05,0.0,0.0,0.0,3.318234920501709,-3.3185579776763916,70.84170532226562,-70.84147644042969,101.40679168701172,-101.40721893310547,88.63652038574219,-88.63569641113281,102.52977752685547,-102.52982330322266,-12.636331558227539,12.639545440673828,1.2561607360839844,1.2560240030288696
-1.7297625163337216e-05,0.0,0.0,0.0,3.4240338802337646,-3.4243671894073486,70.55017852783203,-70.54994201660156,101.57464599609375,-101.57508087158203,88.27115631103516,-88.27030181884766,102.92927551269531,-102.92931365966797,-13.039230346679688,13.042546272277832,1.2962123155593872,1.296071171760559
-1.7832529920269735e-05,0.0,0.0,0.0,3.5299172401428223,-3.5302608013153076,70.25843048095703,-70.2581787109375,101.74263763427734,-101.74308776855469,87.90550231933594,-87.90461730957031,103.32908630371094,-103.3291244506836,-13.442449569702148,13.445867538452148,1.3362958431243896,1.3361502885818481
-1.836743285821285e-05,0.0,0.0,0.0,3.6358001232147217,-3.6361541748046875,69.96666717529297,-69.96641540527344,101.91061401367188,-101.91107940673828,87.53984832763672,-87.53893280029297,103.72889709472656,-103.72894287109375,-13.845667839050293,13.849188804626465,1.376379132270813,1.3762294054031372
-1.890191197162494e-05,0.0,0.0,0.0,3.7415990829467773,-3.7419636249542236,69.67514038085938,-69.67488098144531,102.0784683227539,-102.07894897460938,87.17447662353516,-87.17353820800781,104.1283950805664,-104.12843322753906,-14.248566627502441,14.252189636230469,1.4164308309555054,1.4162765741348267
-1.9435530703049153e-05,0.0,0.0,0.0,3.8472282886505127,-3.847602605819702,69.38409423828125,-69.38381958007812,102.24605560302734,-102.24654388427734,86.80970001220703,-86.80873107910156,104.5272445678711,-104.52729034423828,-14.65081787109375,14.654542922973633,1.4564180374145508,1.4562593698501587
-1.9967870684922673e-05,0.0,0.0,0.0,3.952603578567505,-3.952988624572754,69.09373474121094,-69.09346008300781,102.41323852539062,-102.41374206542969,86.44579315185547,-86.4448013305664,104.92514038085938,-104.92518615722656,-15.052103042602539,15.055931091308594,1.4963092803955078,1.4961464405059814
-2.0498493540799245e-05,0.0,0.0,0.0,4.057640075683594,-4.058034896850586,68.80431365966797,-68.80403137207031,102.57987976074219,-102.58039855957031,86.08306121826172,-86.08204650878906,105.3217544555664,-105.32180786132812,-15.452095985412598,15.456025123596191,1.536072015762329,1.535904884338379
-2.102697908412665e-05,0.0,0.0,0.0,4.162252426147461,-4.162657737731934,68.51605987548828,-68.5157699584961,102.745849609375,-102.74637603759766,85.72179412841797,-85.72075653076172,105.71676635742188,-105.71681213378906,-15.85047721862793,15.854506492614746,1.5756745338439941,1.5755029916763306
-2.155289621441625e-05,0.0,0.0,0.0,4.266356945037842,-4.266772270202637,68.22920227050781,-68.22891235351562,102.91101837158203,-102.91156005859375,85.36227416992188,-85.36121368408203,106.10986328125,-106.10991668701172,-16.24692153930664,16.251054763793945,1.6150845289230347,1.6149088144302368
-2.2075813831179403e-05,0.0,0.0,0.0,4.36986780166626,-4.370293140411377,67.9439926147461,-67.94367980957031,103.07524108886719,-103.07579040527344,85.00481414794922,-85.00372314453125,106.50071716308594,-106.50077056884766,-16.64110565185547,16.645336151123047,1.6542699337005615,1.6540898084640503
-2.2595313566853292e-05,0.0,0.0,0.0,4.472701549530029,-4.473136901855469,67.66063690185547,-67.66032409667969,103.23838806152344,-103.23896026611328,84.6496810913086,-84.64856719970703,106.88902282714844,-106.88906860351562,-17.032712936401367,17.037044525146484,1.6931990385055542,1.6930147409439087
-2.3110958863981068e-05,0.0,0.0,0.0,4.574772834777832,-4.575218200683594,67.37938690185547,-67.37906646728516,103.40032196044922,-103.40090942382812,84.29719543457031,-84.29605102539062,107.2744369506836,-107.27449035644531,-17.42141342163086,17.425844192504883,1.7318392992019653,1.7316508293151855
-2.3622325898031704e-05,0.0,0.0,0.0,4.675996780395508,-4.676451683044434,67.10047149658203,-67.10014343261719,103.56092071533203,-103.56151580810547,83.94762420654297,-83.94645690917969,107.65665435791016,-107.6567153930664,-17.8068904876709,17.811418533325195,1.7701590061187744,1.7699662446975708
-2.4128981749527156e-05,0.0,0.0,0.0,4.7762885093688965,-4.7767534255981445,66.8241195678711,-66.82378387451172,103.72003936767578,-103.72064208984375,83.60128021240234,-83.60008239746094,108.03535461425781,-108.03541564941406,-18.188817977905273,18.19344139099121,1.8081258535385132,1.8079291582107544
-2.4630504412925802e-05,0.0,0.0,0.0,4.875564098358154,-4.876038551330566,66.55056762695312,-66.55023193359375,103.8775405883789,-103.87816619873047,83.25843811035156,-83.25721740722656,108.41021728515625,-108.41027069091797,-18.566871643066406,18.57159423828125,1.8457077741622925,1.8455069065093994
-2.5126462787739e-05,0.0,0.0,0.0,4.973737716674805,-4.974222183227539,66.28005981445312,-66.27970886230469,104.03329467773438,-104.033935546875,82.91940307617188,-82.91815948486328,108.78092193603516,-108.78097534179688,-18.940732955932617,18.94554901123047,1.8828729391098022,1.8826677799224854
-2.5616427592467517e-05,0.0,0.0,0.0,5.070725440979004,-5.071218967437744,66.0128173828125,-66.01245880126953,104.18716430664062,-104.18781280517578,82.58446502685547,-82.58320617675781,109.14714050292969,-109.1471939086914,-19.310077667236328,19.314987182617188,1.919588565826416,1.919379711151123
-2.609997864055913e-05,0.0,0.0,0.0,5.166443347930908,-5.166946887969971,65.74906921386719,-65.74870300292969,104.33902740478516,-104.33968353271484,82.25391387939453,-82.25262451171875,109.5085678100586,-109.50862884521484,-19.674585342407227,19.679588317871094,1.9558240175247192,1.955611228942871
-2.657667573657818e-05,0.0,0.0,0.0,5.260804653167725,-5.261316776275635,65.48906707763672,-65.48869323730469,104.48873138427734,-104.48941040039062,81.92804718017578,-81.9267349243164,109.86487579345703,-109.86493682861328,-20.033926010131836,20.03902244567871,1.9915456771850586,1.9913288354873657
-2.7046100512961857e-05,0.0,0.0,0.0,5.353726387023926,-5.354247570037842,65.23301696777344,-65.2326431274414,104.63615417480469,-104.6368408203125,81.60714721679688,-81.6058120727539,110.21574401855469,-110.21580505371094,-20.387786865234375,20.39297103881836,2.0267224311828613,2.0265018939971924
-2.7507820050232112e-05,0.0,0.0,0.0,5.445123195648193,-5.445653438568115,64.98118591308594,-64.98080444335938,104.78115844726562,-104.7818603515625,81.29151916503906,-81.2901611328125,110.56085205078125,-110.56092071533203,-20.735837936401367,20.741113662719727,2.061321973800659,2.0610976219177246
-2.7961406885879114e-05,0.0,0.0,0.0,5.534910202026367,-5.5354485511779785,64.73377990722656,-64.73339080810547,104.92361450195312,-104.92431640625,80.9814453125,-80.98007202148438,110.89988708496094,-110.89995574951172,-21.077760696411133,21.083120346069336,2.0953116416931152,2.095083713531494
-2.840643355739303e-05,0.0,0.0,0.0,5.623002529144287,-5.623549938201904,64.49104309082031,-64.49065399169922,105.06336975097656,-105.0640869140625,80.67723083496094,-80.67582702636719,111.23252868652344,-111.23258972167969,-21.41322898864746,21.41867446899414,2.128660202026367,2.1284286975860596
-2.884247987822164e-05,0.0,0.0,0.0,5.709316253662109,-5.709872245788574,64.25321960449219,-64.25281524658203,105.20030975341797,-105.20104217529297,80.37915802001953,-80.37773132324219,111.55844116210938,-111.55850982666016,-21.741924285888672,21.747453689575195,2.1613354682922363,2.161100149154663
-2.9269102014950477e-05,0.0,0.0,0.0,5.793766021728516,-5.79433012008667,64.02051544189453,-64.0201187133789,105.33428955078125,-105.33503723144531,80.08751678466797,-80.08606719970703,111.87732696533203,-111.87739562988281,-22.063522338867188,22.069133758544922,2.193305015563965,2.193066358566284
-2.968588705698494e-05,0.0,0.0,0.0,5.876267433166504,-5.876839637756348,63.793190002441406,-63.79277801513672,105.4651870727539,-105.46593475341797,79.80260467529297,-79.80113983154297,112.18885040283203,-112.18891906738281,-22.37769889831543,22.383390426635742,2.2245371341705322,2.224294900894165
-3.0092394808889367e-05,0.0,0.0,0.0,5.956735134124756,-5.957314968109131,63.571468353271484,-63.57105255126953,105.59284973144531,-105.59361267089844,79.52471923828125,-79.52323150634766,112.49269104003906,-112.49275970458984,-22.684131622314453,22.689903259277344,2.2549991607666016,2.254753589630127
-3.0488206903100945e-05,0.0,0.0,0.0,6.035085201263428,-6.035673141479492,63.35557174682617,-63.35515594482422,105.71714782714844,-105.7179183959961,79.25414276123047,-79.25263214111328,112.78854370117188,-112.78861236572266,-22.982501983642578,22.98834800720215,2.2846596240997314,2.2844109535217285
-3.0872888601152226e-05,0.0,0.0,0.0,6.111232280731201,-6.1118268966674805,63.145755767822266,-63.14533233642578,105.83795928955078,-105.83873748779297,78.99117279052734,-78.9896469116211,113.0760726928711,-113.07614135742188,-23.27248191833496,23.278400421142578,2.313486099243164,2.3132340908050537
-3.124601425952278e-05,0.0,0.0,0.0,6.185092449188232,-6.185694217681885,62.94224166870117,-62.94180679321289,105.95513916015625,-105.9559326171875,78.7361068725586,-78.73456573486328,113.35496520996094,-113.35503387451172,-23.55375099182129,23.55974006652832,2.3414466381073,2.3411917686462402
-3.160716005368158e-05,0.0,0.0,0.0,6.256580352783203,-6.257189750671387,62.745262145996094,-62.74482345581055,106.06856536865234,-106.0693588256836,78.48922729492188,-78.4876708984375,113.6249008178711,-113.62496948242188,-23.82598876953125,23.832048416137695,2.368509531021118,2.3682515621185303
-3.1955896702129394e-05,0.0,0.0,0.0,6.325611591339111,-6.32622766494751,62.55504608154297,-62.554603576660156,106.1780776977539,-106.17889404296875,78.2508316040039,-78.24925994873047,113.88555908203125,-113.88563537597656,-24.088871002197266,24.094995498657227,2.3946421146392822,2.394381523132324
-3.2291787647409365e-05,0.0,0.0,0.0,6.392100811004639,-6.392723083496094,62.37184143066406,-62.371395111083984,106.2835693359375,-106.28438568115234,78.02122497558594,-78.01962280273438,114.1366195678711,-114.1366958618164,-24.342069625854492,24.3482608795166,2.4198124408721924,2.419548988342285
-3.261441452195868e-05,0.0,0.0,0.0,6.4559645652771,-6.456593036651611,62.195865631103516,-62.19541549682617,106.3848876953125,-106.3857192993164,77.80067443847656,-77.79906463623047,114.37776947021484,-114.37784576416016,-24.58527183532715,24.591524124145508,2.443988800048828,2.443722724914551
-3.29233480442781e-05,0.0,0.0,0.0,6.517117023468018,-6.517751216888428,62.027366638183594,-62.02690887451172,106.4819107055664,-106.48274230957031,77.58949279785156,-77.5878677368164,114.60867309570312,-114.60875701904297,-24.81814956665039,24.824460983276367,2.4671387672424316,2.4668703079223633
-3.3218155294889584e-05,0.0,0.0,0.0,6.575473308563232,-6.576113700866699,61.86656951904297,-61.86610412597656,106.57449340820312,-106.57533264160156,77.3879623413086,-77.38632202148438,114.82903289794922,-114.8291015625,-25.040380477905273,25.0467472076416,2.4892303943634033,2.488959550857544
-3.34984106302727e-05,0.0,0.0,0.0,6.630949020385742,-6.631594657897949,61.71370315551758,-61.7132453918457,106.66250610351562,-106.6633529663086,77.19638061523438,-77.19473266601562,115.03849792480469,-115.03858184814453,-25.25164222717285,25.2580623626709,2.5102314949035645,2.509958267211914
-3.3763684768928215e-05,0.0,0.0,0.0,6.683460712432861,-6.68411111831665,61.56901168823242,-61.56855010986328,106.74581909179688,-106.74667358398438,77.01504516601562,-77.01337432861328,115.23677825927734,-115.23686218261719,-25.451610565185547,25.458084106445312,2.5301103591918945,2.529834747314453
-3.40135557053145e-05,0.0,0.0,0.0,6.732921600341797,-6.733577251434326,61.43273162841797,-61.43225860595703,106.82428741455078,-106.82514953613281,76.84423065185547,-76.8425521850586,115.42354583740234,-115.42362976074219,-25.63996696472168,25.646486282348633,2.5488345623016357,2.5485570430755615
-3.424758688197471e-05,0.0,0.0,0.0,6.779247760772705,-6.779908180236816,61.30507278442383,-61.304603576660156,106.89778900146484,-106.8986587524414,76.68424987792969,-76.68255615234375,115.59848022460938,-115.59856414794922,-25.81638526916504,25.82295036315918,2.5663721561431885,2.5660927295684814
-3.446535629336722e-05,0.0,0.0,0.0,6.822354793548584,-6.823019027709961,61.18629837036133,-61.18582534790039,106.96617889404297,-106.96704864501953,76.53538513183594,-76.53367614746094,115.76124572753906,-115.7613296508789,-25.98054313659668,25.987150192260742,2.582690715789795,2.582409620285034
-3.46664382959716e-05,0.0,0.0,0.0,6.862158298492432,-6.862826347351074,61.07662582397461,-61.07614517211914,107.02933502197266,-107.03020477294922,76.3979263305664,-76.39620971679688,115.91155242919922,-115.91162872314453,-26.13212013244629,26.138765335083008,2.5977590084075928,2.5974762439727783
-3.485039997030981e-05,0.0,0.0,0.0,6.898573398590088,-6.899245262145996,60.97628402709961,-60.97580337524414,107.08710479736328,-107.08798217773438,76.27217102050781,-76.27044677734375,116.04905700683594,-116.04913330078125,-26.270793914794922,26.277475357055664,2.611544132232666,2.611259937286377
-3.5016812034882605e-05,0.0,0.0,0.0,6.931514739990234,-6.932189464569092,60.88551712036133,-60.885032653808594,107.13936614990234,-107.14025115966797,76.15841674804688,-76.15667724609375,116.17343139648438,-116.17351531982422,-26.396238327026367,26.402950286865234,2.624014377593994,2.6237287521362305
-3.516524884616956e-05,0.0,0.0,0.0,6.960897922515869,-6.961575031280518,60.80455017089844,-60.8040657043457,107.18598175048828,-107.1868667602539,76.05693817138672,-76.0551986694336,116.28437805175781,-116.28446197509766,-26.508132934570312,26.514875411987305,2.6351377964019775,2.6348509788513184
-3.529528476065025e-05,0.0,0.0,0.0,6.986638069152832,-6.98731803894043,60.73362731933594,-60.7331428527832,107.22682189941406,-107.22770690917969,75.96804809570312,-75.96630096435547,116.38157653808594,-116.38166046142578,-26.606157302856445,26.61292266845703,2.6448822021484375,2.644594192504883
-3.540649049682543e-05,0.0,0.0,0.0,7.008650779724121,-7.009332656860352,60.6729736328125,-60.672481536865234,107.2617416381836,-107.26263427734375,75.89202880859375,-75.8902816772461,116.4646987915039,-116.46478271484375,-26.68998146057129,26.69676971435547,2.653215169906616,2.652926445007324
-3.5498433135217056e-05,0.0,0.0,0.0,7.026850700378418,-7.0275349617004395,60.62282180786133,-60.62233352661133,107.29061889648438,-107.29151916503906,75.82917785644531,-75.82742309570312,116.5334243774414,-116.53350830078125,-26.759292602539062,26.766098022460938,2.6601054668426514,2.659815788269043
-3.557069067028351e-05,0.0,0.0,0.0,7.041153907775879,-7.041839122772217,60.58340835571289,-60.582916259765625,107.31330871582031,-107.314208984375,75.77978515625,-75.77802276611328,116.5874252319336,-116.58750915527344,-26.81376075744629,26.820579528808594,2.6655197143554688,2.6652297973632812
-3.562283382052556e-05,0.0,0.0,0.0,7.051475524902344,-7.052161693572998,60.554969787597656,-60.55447769165039,107.32968139648438,-107.33058166503906,75.74413299560547,-75.74237823486328,116.62639617919922,-116.62648010253906,-26.85306739807129,26.85989761352539,2.6694273948669434,2.6691367626190186
-3.5654433304443955e-05,0.0,0.0,0.0,7.057730674743652,-7.058417797088623,60.53773498535156,-60.5372428894043,107.33960723876953,-107.34050750732422,75.7225341796875,-75.72077941894531,116.65003204345703,-116.65010833740234,-26.876888275146484,26.88372230529785,2.671795129776001,2.671504497528076
-3.566505984053947e-05,0.0,0.0,0.0,7.0598344802856445,-7.060521602630615,60.53193664550781,-60.53144454956055,107.34294891357422,-107.3438491821289,75.71527099609375,-75.71350860595703,116.65796661376953,-116.65805053710938,-26.884899139404297,26.891735076904297,2.6725916862487793,2.6723005771636963
-3.566505984053947e-05,0.0,0.0,0.0,7.0598344802856445,-7.060521602630615,60.53193664550781,-60.53144454956055,107.34294891357422,-107.3438491821289,75.71527099609375,-75.71350860595703,116.65796661376953,-116.65805053710938,-26.884899139404297,26.891735076904297,2.6725916862487793,2.6723005771636963
-3.566505984053947e-05,0.0,0.0,0.0,7.0598344802856445,-7.060521602630615,60.53193664550781,-60.53144454956055,107.34294891357422,-107.3438491821289,75.71527099609375,-75.71350860595703,116.65796661376953,-116.65805053710938,-26.884899139404297,26.891735076904297,2.6725916862487793,2.6723005771636963
-3.566505984053947e-05,0.0,0.0,0.0,7.0598344802856445,-7.060521602630615,60.53193664550781,-60.53144454956055,107.34294891357422,-107.3438491821289,75.71527099609375,-75.71350860595703,116.65796661376953,-116.65805053710938,-26.884899139404297,26.891735076904297,2.6725916862487793,2.6723005771636963
-5.202016109251417e-05,0.0,0.0,0.0,6.999342918395996,-7.000027656555176,60.67550277709961,-60.67502975463867,107.29154205322266,-107.29242706298828,75.94205474853516,-75.9403076171875,116.59745025634766,-116.59751892089844,-26.728744506835938,26.735565185546875,2.7508468627929688,2.7505526542663574
-5.202016109251417e-05,0.0,0.0,0.0,6.999342918395996,-7.000027656555176,60.67550277709961,-60.67502975463867,107.29154205322266,-107.29242706298828,75.94205474853516,-75.9403076171875,116.59745025634766,-116.59751892089844,-26.728744506835938,26.735565185546875,2.7508468627929688,2.7505526542663574
-3.2410047424491495e-05,0.0,0.0,0.0,6.910329341888428,-6.91104793548584,60.84897994995117,-60.84849548339844,107.23919677734375,-107.24008178710938,76.25518798828125,-76.25349426269531,116.53779602050781,-116.53788757324219,-26.530899047851562,26.53771209716797,2.874690055847168,2.87445068359375
-4.388263187138364e-05,0.0,0.0,0.0,6.854362487792969,-6.85504674911499,60.96006774902344,-60.959590911865234,107.20431518554688,-107.2052001953125,76.45413208007812,-76.45238494873047,116.498046875,-116.49813842773438,-26.404491424560547,26.41131591796875,2.953249216079712,2.952984094619751
-2.2404889023164287e-05,0.0,0.0,0.0,6.790984630584717,-6.791683197021484,61.08674621582031,-61.08626174926758,107.1642074584961,-107.16509246826172,76.68011474609375,-76.67840576171875,116.4522933959961,-116.4524154663086,-26.26055908203125,26.26740264892578,3.0422990322113037,3.0420546531677246
-2.3365384549833834e-05,0.0,0.0,0.0,6.720827102661133,-6.721523284912109,61.22868347167969,-61.22825622558594,107.11824035644531,-107.11911010742188,76.93187713623047,-76.93019104003906,116.39984130859375,-116.39998626708984,-26.099607467651367,26.10643196105957,3.1412925720214844,3.1410775184631348
-2.5473136702203192e-05,0.0,0.0,0.0,6.644378662109375,-6.645086288452148,61.38554000854492,-61.38509750366211,107.06617736816406,-107.06706237792969,77.20824432373047,-77.20655059814453,116.34044647216797,-116.34059143066406,-25.92212677001953,25.92894744873047,3.2497661113739014,3.2495431900024414
-2.5179651856888086e-05,0.0,0.0,0.0,6.5621514320373535,-6.562853813171387,61.55693054199219,-61.55647277832031,107.00778198242188,-107.0086669921875,77.50798034667969,-77.50625610351562,116.2737808227539,-116.2739486694336,-25.728683471679688,25.73552131652832,3.367081880569458,3.3668606281280518
-2.0830742869293317e-05,0.0,0.0,0.0,6.474605560302734,-6.475313186645508,61.74242401123047,-61.74199295043945,106.94285583496094,-106.94373321533203,77.82978820800781,-77.82808685302734,116.19963073730469,-116.19979858398438,-25.519838333129883,25.52666473388672,3.492769241333008,3.4925575256347656
-2.9688644644920714e-05,0.0,0.0,0.0,6.382251739501953,-6.382970333099365,61.941680908203125,-61.941246032714844,106.8710708618164,-106.87197875976562,78.17252349853516,-78.1707763671875,116.11766052246094,-116.11785888671875,-25.29615592956543,25.30299949645996,3.6262643337249756,3.626049280166626
-1.8002618162427098e-05,0.0,0.0,0.0,6.285634517669678,-6.286355495452881,62.15433883666992,-62.153907775878906,106.79220581054688,-106.79310607910156,78.53475952148438,-78.53304290771484,116.0275650024414,-116.02775573730469,-25.058168411254883,25.065004348754883,3.7669572830200195,3.7667336463928223
-1.5814823200344108e-05,0.0,0.0,0.0,6.18520450592041,-6.1859307289123535,62.37992858886719,-62.37953186035156,106.70599365234375,-106.70687103271484,78.91533660888672,-78.91364288330078,115.92903137207031,-115.92928314208984,-24.806495666503906,24.81334114074707,3.9143776893615723,3.9142067432403564
-5.6229000620078295e-06,0.0,0.0,0.0,6.081475257873535,-6.082216739654541,62.61815643310547,-62.61775588989258,106.6121597290039,-106.61304473876953,79.31287384033203,-79.31118774414062,115.82176971435547,-115.82202911376953,-24.541667938232422,24.548507690429688,4.067892074584961,4.0677490234375
9.851747563516255e-06,0.0,0.0,0.0,5.9749603271484375,-5.9757256507873535,62.86860656738281,-62.86820983886719,106.51044464111328,-106.51133728027344,79.72616577148438,-79.7245101928711,115.70551300048828,-115.705810546875,-24.264244079589844,24.27108383178711,4.2270684242248535,4.226960182189941
3.044903678528499e-05,0.0,0.0,0.0,5.866118907928467,-5.866888046264648,63.13090515136719,-63.130523681640625,106.40058898925781,-106.4014892578125,80.1539077758789,-80.15226745605469,115.57990264892578,-115.58021545410156,-23.974794387817383,23.981624603271484,4.391306400299072,4.391218185424805
3.317043956485577e-05,0.0,0.0,0.0,5.755457878112793,-5.756196975708008,63.404693603515625,-63.40431213378906,106.28233337402344,-106.2832260131836,80.5948257446289,-80.59317016601562,115.44473266601562,-115.44503021240234,-23.673873901367188,23.680727005004883,4.560153007507324,4.560031414031982
5.077952300780453e-05,0.0,0.0,0.0,5.643336772918701,-5.644097328186035,63.68958282470703,-63.6891975402832,106.15546417236328,-106.15635681152344,81.04762268066406,-81.04598999023438,115.29962921142578,-115.29998779296875,-23.36205291748047,23.368919372558594,4.732960224151611,4.732923984527588
4.2401868995511904e-05,0.0,0.0,0.0,5.530269622802734,-5.531052112579346,63.98515701293945,-63.98480987548828,106.01974487304688,-106.0206527709961,81.5110855102539,-81.50946044921875,115.14444732666016,-115.14483642578125,-23.039905548095703,23.04676628112793,4.909449577331543,4.909364223480225
7.858052413212135e-05,0.0,0.0,0.0,5.416615962982178,-5.417420387268066,64.2911376953125,-64.290771484375,105.87495422363281,-105.87586212158203,81.98388671875,-81.98231506347656,114.97888946533203,-114.97930908203125,-22.70795440673828,22.714826583862305,5.088924884796143,5.088925838470459
6.433318048948422e-05,0.0,0.0,0.0,5.302855968475342,-5.303636074066162,64.6070785522461,-64.60672760009766,105.72090911865234,-105.72183227539062,82.46501922607422,-82.46338653564453,114.80278778076172,-114.8031997680664,-22.366748809814453,22.37363052368164,5.271128177642822,5.271065711975098
8.183554018614814e-05,0.0,0.0,0.0,5.189315319061279,-5.19010591506958,64.93262481689453,-64.93231201171875,105.55742645263672,-105.55833435058594,82.95301818847656,-82.95143127441406,114.61587524414062,-114.61632537841797,-22.016849517822266,22.023723602294922,5.455432891845703,5.4554314613342285
8.423678082181141e-05,0.0,0.0,0.0,5.076336860656738,-5.077136039733887,65.2674560546875,-65.26712036132812,105.3843765258789,-105.38529205322266,83.44690704345703,-83.44532775878906,114.41802978515625,-114.41848754882812,-21.65874481201172,21.66564178466797,5.641507148742676,5.64150333404541
8.573088416596875e-05,0.0,0.0,0.0,4.9642839431762695,-4.965086936950684,65.61119079589844,-65.61087036132812,105.20158386230469,-105.2025146484375,83.94548034667969,-83.94387817382812,114.20907592773438,-114.20956420898438,-21.29298210144043,21.299880981445312,5.82891845703125,5.828904151916504
9.853748633759096e-05,0.0,0.0,0.0,4.8534464836120605,-4.854274272918701,65.96345520019531,-65.96315002441406,105.00897216796875,-105.00990295410156,84.44759368896484,-84.44603729248047,113.9889144897461,-113.9894027709961,-20.920089721679688,20.926958084106445,6.017276287078857,6.017308712005615
0.0001030731582432054,0.0,0.0,0.0,4.744156837463379,-4.7449750900268555,66.32391357421875,-66.3236312866211,104.80644226074219,-104.807373046875,84.9521713256836,-84.95059204101562,113.75740051269531,-113.7579574584961,-20.540517807006836,20.54741859436035,6.206180572509766,6.206235885620117
0.00011214450205443427,0.0,0.0,0.0,4.636647701263428,-4.637486934661865,66.69218444824219,-66.69194030761719,104.59394073486328,-104.5948715209961,85.45811462402344,-85.45658874511719,113.51454162597656,-113.51509857177734,-20.15482521057129,20.161712646484375,6.39530611038208,6.395368576049805
0.00010995670891134068,0.0,0.0,0.0,4.531188488006592,-4.532033920288086,67.06795501708984,-67.06771087646484,104.37139129638672,-104.37232971191406,85.96443176269531,-85.96292114257812,113.26023864746094,-113.26081848144531,-19.763479232788086,19.770389556884766,6.5842814445495605,6.5843505859375
0.00011726714728865772,0.0,0.0,0.0,4.428003311157227,-4.428852081298828,67.45085144042969,-67.45062255859375,104.13880157470703,-104.13973236083984,86.47008514404297,-86.46857452392578,112.99446105957031,-112.99508666992188,-19.366962432861328,19.373878479003906,6.772739887237549,6.772860527038574
0.00012863300798926502,0.0,0.0,0.0,4.327305793762207,-4.32815408706665,67.84052276611328,-67.8403091430664,103.89620208740234,-103.89714050292969,86.9740982055664,-86.97260284423828,112.71727752685547,-112.71788787841797,-18.965740203857422,18.9726505279541,6.960417747497559,6.960510730743408
0.00014304043725132942,0.0,0.0,0.0,4.229262351989746,-4.230120658874512,68.23663330078125,-68.23643493652344,103.64356994628906,-103.64451599121094,87.47553253173828,-87.47406005859375,112.42867279052734,-112.42931365966797,-18.56026840209961,18.56719207763672,7.14702844619751,7.147127628326416
0.00013807788491249084,0.0,0.0,0.0,4.134080410003662,-4.134937286376953,68.63885498046875,-68.6386489868164,103.38102722167969,-103.38197326660156,87.9734878540039,-87.97200775146484,112.12876892089844,-112.12943267822266,-18.1510009765625,18.157949447631836,7.332253456115723,7.332332134246826
0.00014143961016088724,0.0,0.0,0.0,4.041849613189697,-4.042690753936768,69.04679870605469,-69.04664611816406,103.10865020751953,-103.10958099365234,88.46704864501953,-88.46559143066406,111.817626953125,-111.81830596923828,-17.73838233947754,17.74533462524414,7.515799522399902,7.515871047973633
0.00016000919276848435,0.0,0.0,0.0,3.95274019241333,-3.9536030292510986,69.460205078125,-69.46002960205078,102.8265151977539,-102.82746887207031,88.9554214477539,-88.9539566040039,111.4953842163086,-111.49610137939453,-17.322834014892578,17.329792022705078,7.697403907775879,7.697513103485107
0.00016273059009108692,0.0,0.0,0.0,3.8668391704559326,-3.8677151203155518,69.87863159179688,-69.87847900390625,102.53482055664062,-102.53577423095703,89.43775939941406,-89.43632507324219,111.16224670410156,-111.1629867553711,-16.904794692993164,16.91176414489746,7.876875400543213,7.877004623413086
0.00017020110681187361,0.0,0.0,0.0,3.784271001815796,-3.7851486206054688,70.3017807006836,-70.30165100097656,102.23369598388672,-102.23464965820312,89.91325378417969,-89.91183471679688,110.81834411621094,-110.81908416748047,-16.48465919494629,16.491619110107422,8.053948402404785,8.054080963134766
0.0001889841369120404,0.0,0.0,0.0,3.7050912380218506,-3.7059714794158936,70.72930908203125,-70.72917938232422,101.92337036132812,-101.9243392944336,90.38121795654297,-90.37979888916016,110.46392059326172,-110.46466064453125,-16.062814712524414,16.069774627685547,8.22841739654541,8.22854232788086
0.0001870631385827437,0.0,0.0,0.0,3.629342794418335,-3.630230665206909,71.16091918945312,-71.1607894897461,101.60403442382812,-101.60501098632812,90.84095001220703,-90.83953094482422,110.09921264648438,-110.0999984741211,-15.639629364013672,15.646621704101562,8.400050163269043,8.400190353393555
0.0002050457551376894,0.0,0.0,0.0,3.5570878982543945,-3.5579991340637207,71.5962142944336,-71.59611511230469,101.27598571777344,-101.2769775390625,91.29173278808594,-91.29035186767578,109.72453308105469,-109.72535705566406,-15.21551513671875,15.222502708435059,8.568686485290527,8.568843841552734
0.0002080873236991465,0.0,0.0,0.0,3.4883809089660645,-3.4893064498901367,72.03490447998047,-72.03480529785156,100.9394760131836,-100.94046020507812,91.7328872680664,-91.73153686523438,109.34017944335938,-109.34102630615234,-14.790812492370605,14.797826766967773,8.734088897705078,8.7342529296875
0.00021358348021749407,0.0,0.0,0.0,3.423215627670288,-3.424128770828247,72.47661590576172,-72.47654724121094,100.59477233886719,-100.59576416015625,92.16397094726562,-92.16260528564453,108.94646453857422,-108.94734191894531,-14.365904808044434,14.372917175292969,8.896127700805664,8.896308898925781
0.000227777476538904,0.0,0.0,0.0,3.36160945892334,-3.3625214099884033,72.92101287841797,-72.92093658447266,100.24225616455078,-100.24327087402344,92.5843276977539,-92.58295440673828,108.54380798339844,-108.54469299316406,-13.941121101379395,13.948136329650879,9.054670333862305,9.05480670928955
0.00022681697737425566,0.0,0.0,0.0,3.3035385608673096,-3.3044629096984863,73.36772918701172,-73.36768341064453,99.88226318359375,-99.88326263427734,92.99337768554688,-92.99205017089844,108.13252258300781,-108.1334228515625,-13.516800880432129,13.523813247680664,9.209444046020508,9.209620475769043
0.00022687033924739808,0.0,0.0,0.0,3.2490060329437256,-3.249906063079834,73.81647491455078,-73.81645202636719,99.51512145996094,-99.51612854003906,93.3907699584961,-93.38941955566406,107.7131118774414,-107.71402740478516,-13.093273162841797,13.100301742553711,9.360466003417969,9.360597610473633
0.00024138449225574732,0.0,0.0,0.0,3.197970390319824,-3.1988792419433594,74.26687622070312,-74.26685333251953,99.14128112792969,-99.1423110961914,93.77596282958984,-93.7746353149414,107.28597259521484,-107.2868881225586,-12.67082691192627,12.677854537963867,9.507511138916016,9.507648468017578
0.0002366353728575632,0.0,0.0,0.0,3.1504127979278564,-3.151310682296753,74.71858978271484,-74.71857452392578,98.76116943359375,-98.7621841430664,94.14861297607422,-94.14728546142578,106.85159301757812,-106.85253143310547,-12.249780654907227,12.256834030151367,9.65049934387207,9.650611877441406
0.0002476810768712312,0.0,0.0,0.0,3.106259822845459,-3.107168197631836,75.17129516601562,-75.17131805419922,98.37520599365234,-98.37621307373047,94.50829315185547,-94.50701141357422,106.41047668457031,-106.41145324707031,-11.830429077148438,11.83749008178711,9.789222717285156,9.78939151763916
0.0002617683494463563,0.0,0.0,0.0,3.0654664039611816,-3.0663750171661377,75.62460327148438,-75.62464904785156,97.98384857177734,-97.98487091064453,94.85472869873047,-94.85346221923828,105.96314239501953,-105.96412658691406,-11.413073539733887,11.420136451721191,9.923712730407715,9.92386245727539
0.0002668376255314797,0.0,0.0,0.0,3.0279951095581055,-3.028902053833008,76.07819366455078,-76.07821655273438,97.58758544921875,-97.58861541748047,95.1876449584961,-95.18638610839844,105.5101318359375,-105.51111602783203,-10.997980117797852,11.005049705505371,10.053841590881348,10.053991317749023
0.0002851403842214495,0.0,0.0,0.0,2.993762493133545,-2.994673490524292,76.53167724609375,-76.53172302246094,97.18690490722656,-97.18795013427734,95.50675201416016,-95.50550842285156,105.05196380615234,-105.05298614501953,-10.58542537689209,10.592494010925293,10.179473876953125,10.179656028747559
0.0002815652114804834,0.0,0.0,0.0,2.962691307067871,-2.9636178016662598,76.98474884033203,-76.98480987548828,96.78230285644531,-96.7833480834961,95.81182861328125,-95.81062316894531,104.58926391601562,-104.5903091430664,-10.175660133361816,10.182748794555664,10.30058479309082,10.300760269165039
0.0002833794860634953,0.0,0.0,0.0,2.93472957611084,-2.935643434524536,77.4370346069336,-77.43709564208984,96.37432861328125,-96.37539672851562,96.10282897949219,-96.10159301757812,104.12262725830078,-104.12367248535156,-9.768948554992676,9.776043891906738,10.417140007019043,10.41729736328125
0.00029554576030932367,0.0,0.0,0.0,2.9097683429718018,-2.9106805324554443,77.88819122314453,-77.88827514648438,95.96351623535156,-95.96458435058594,96.37948608398438,-96.37828826904297,103.65269470214844,-103.65374755859375,-9.365545272827148,9.37264347076416,10.52908992767334,10.529203414916992
0.0003100065514445305,0.0,0.0,0.0,2.8877131938934326,-2.8886160850524902,78.33784484863281,-78.3379135131836,95.5504379272461,-95.55150604248047,96.6418228149414,-96.640625,103.18002319335938,-103.18111419677734,-8.965656280517578,8.972784996032715,10.636313438415527,10.636475563049316
0.00032404044759459794,0.0,0.0,0.0,2.8685076236724854,-2.869419813156128,78.78560638427734,-78.78568267822266,95.1356201171875,-95.13671112060547,96.8897705078125,-96.88859558105469,102.70531463623047,-102.7063980102539,-8.56959056854248,8.576692581176758,10.73889446258545,10.739056587219238
0.0003137417952530086,0.0,0.0,0.0,2.8520395755767822,-2.8529345989227295,79.23109436035156,-79.23120880126953,94.71967315673828,-94.72075653076172,97.12333679199219,-97.12215423583984,102.22918701171875,-102.23030090332031,-8.177529335021973,8.184660911560059,10.836793899536133,10.836882591247559
0.00034175626933574677,0.0,0.0,0.0,2.838200807571411,-2.8391029834747314,79.67402648925781,-79.67412567138672,94.30313873291016,-94.3042221069336,97.34253692626953,-97.34140014648438,101.75230407714844,-101.75343322753906,-7.789700984954834,7.7968316078186035,10.929927825927734,10.930108070373535
0.00033828779123723507,0.0,0.0,0.0,2.8269219398498535,-2.8277974128723145,80.1139907836914,-80.11408996582031,93.8865966796875,-93.88768768310547,97.5475082397461,-97.54634857177734,101.27536010742188,-101.27649688720703,-7.406346321105957,7.413496971130371,11.018426895141602,11.01854419708252
0.00034842637251131237,0.0,0.0,0.0,2.818057060241699,-2.8189330101013184,80.55060577392578,-80.55072784423828,93.47065734863281,-93.47174072265625,97.73827362060547,-97.7371597290039,100.79902648925781,-100.80015563964844,-7.027681827545166,7.034833908081055,11.102253913879395,11.102334022521973
0.00034671882167458534,0.0,0.0,0.0,2.811542510986328,-2.8124313354492188,80.9835205078125,-80.9836654663086,93.05591583251953,-93.0570068359375,97.91510772705078,-97.91400909423828,100.3239517211914,-100.32511138916016,-6.6539106369018555,6.661050796508789,11.181425094604492,11.181550979614258
0.0003541359619703144,0.0,0.0,0.0,2.8072099685668945,-2.8081042766571045,81.41234588623047,-81.4124984741211,92.64295959472656,-92.64405822753906,98.07811737060547,-98.07704162597656,99.85083770751953,-99.85201263427734,-6.285247802734375,6.292395114898682,11.255987167358398,11.256125450134277
0.00037590719875879586,0.0,0.0,0.0,2.8050434589385986,-2.8059327602386475,81.8366928100586,-81.83684539794922,92.23234558105469,-92.23345184326172,98.22758483886719,-98.2265396118164,99.38031768798828,-99.38151550292969,-5.9219279289245605,5.9290852546691895,11.326043128967285,11.326176643371582
0.0003664089599624276,0.0,0.0,0.0,2.804922342300415,-2.8057618141174316,82.25621795654297,-82.2563705444336,91.82469177246094,-91.82579040527344,98.36382293701172,-98.36274719238281,98.91312408447266,-98.914306640625,-5.564152240753174,5.571320533752441,11.391644477844238,11.391685485839844
0.00036672913120128214,0.0,0.0,0.0,2.8066718578338623,-2.80751633644104,82.6705322265625,-82.67070007324219,91.42053985595703,-91.42166137695312,98.4870834350586,-98.48600006103516,98.44989013671875,-98.45111083984375,-5.21213960647583,5.2193145751953125,11.452810287475586,11.452837944030762
0.00036614216514863074,0.0,0.0,0.0,2.810230016708374,-2.8110668659210205,83.07927703857422,-83.07942199707031,91.02050018310547,-91.02161407470703,98.59770202636719,-98.59663391113281,97.9913101196289,-97.99252319335938,-4.866108417510986,4.873290061950684,11.509615898132324,11.509693145751953
0.00038337771547958255,0.0,0.0,0.0,2.81544828414917,-2.816298007965088,83.48202514648438,-83.48218536376953,90.6251220703125,-90.62623596191406,98.6960678100586,-98.69506072998047,97.53800201416016,-97.53923797607422,-4.526275157928467,4.533464431762695,11.562260627746582,11.562339782714844
0.00040039984742179513,0.0,0.0,0.0,2.822314977645874,-2.823146104812622,83.87841033935547,-83.87860107421875,90.23499298095703,-90.23609924316406,98.78260803222656,-98.7816162109375,97.09064483642578,-97.0918960571289,-4.192846775054932,4.200030326843262,11.61076545715332,11.610812187194824
0.00040296115912497044,0.0,0.0,0.0,2.830587148666382,-2.831416130065918,84.26808166503906,-84.26826477050781,89.85064697265625,-89.85176086425781,98.85774993896484,-98.85677337646484,96.6498794555664,-96.6511001586914,-3.866044521331787,3.873203992843628,11.65528678894043,11.655333518981934
0.0004009334370493889,0.0,0.0,0.0,2.8402457237243652,-2.8410332202911377,84.65061950683594,-84.65082550048828,89.47261810302734,-89.47372436523438,98.92192840576172,-98.92092895507812,96.21627807617188,-96.2175064086914,-3.5460875034332275,3.553239583969116,11.695886611938477,11.695924758911133
0.00040450860979035497,0.0,0.0,0.0,2.851083755493164,-2.851897716522217,85.02565002441406,-85.02584075927734,89.10145568847656,-89.10256958007812,98.97566986083984,-98.9747085571289,95.79049682617188,-95.791748046875,-3.2331888675689697,3.240373373031616,11.732763290405273,11.732799530029297
0.0004198231908958405,0.0,0.0,0.0,2.8630850315093994,-2.8638744354248047,85.3927993774414,-85.39299774169922,88.73767852783203,-88.7387924194336,99.01953125,-99.0185775756836,95.37315368652344,-95.37442779541016,-2.9276082515716553,2.9347927570343018,11.766080856323242,11.766094207763672
0.0004175286740064621,0.0,0.0,0.0,2.876086711883545,-2.8768749237060547,85.75170135498047,-85.75188446044922,88.38175201416016,-88.38286590576172,99.05396270751953,-99.05301666259766,94.96483612060547,-94.96610260009766,-2.6295740604400635,2.6367714405059814,11.79587173461914,11.795900344848633
0.00042105047032237053,0.0,0.0,0.0,2.889981985092163,-2.8907713890075684,86.10193634033203,-86.10212707519531,88.03423309326172,-88.03536987304688,99.07962799072266,-99.07868194580078,94.56610870361328,-94.56737518310547,-2.339296579360962,2.3464858531951904,11.8224515914917,11.822465896606445
0.0004197698144707829,0.0,0.0,0.0,2.9046690464019775,-2.905435562133789,86.4431381225586,-86.4433364868164,87.69556427001953,-87.6966781616211,99.09696960449219,-99.09603881835938,94.17748260498047,-94.17875671386719,-2.0570261478424072,2.064220428466797,11.845832824707031,11.845839500427246
0.0004200366383884102,0.0,0.0,0.0,2.9200048446655273,-2.9207446575164795,86.77490997314453,-86.77509307861328,87.3662109375,-87.36734008789062,99.10674285888672,-99.10579681396484,93.79955291748047,-93.80084228515625,-1.783019781112671,1.7902323007583618,11.866324424743652,11.8662109375
0.00042660001781769097,0.0,0.0,0.0,2.935889959335327,-2.936642646789551,87.09685516357422,-87.0970458984375,87.04668426513672,-87.04781341552734,99.10944366455078,-99.10852813720703,93.43285369873047,-93.43412780761719,-1.5175238847732544,1.5247206687927246,11.88395881652832,11.883895874023438
0.00044266163604333997,0.0,0.0,0.0,2.952209711074829,-2.9529685974121094,87.40859985351562,-87.40880584716797,86.73737335205078,-86.7385025024414,99.1057357788086,-99.10484313964844,93.07781982421875,-93.0791244506836,-1.2607650756835938,1.2679613828659058,11.898978233337402,11.898966789245605
0.00044629015610553324,0.0,0.0,0.0,2.9688637256622314,-2.9696006774902344,87.70980834960938,-87.71001434326172,86.43870544433594,-86.43983459472656,99.09626007080078,-99.0953598022461,92.73505401611328,-92.73635864257812,-1.0130195617675781,1.0202168226242065,11.911592483520508,11.911540985107422
0.0004430351546034217,0.0,0.0,0.0,2.9856982231140137,-2.986417531967163,88.00000762939453,-88.0002212524414,86.15115356445312,-86.15226745605469,99.08161926269531,-99.08074188232422,92.40496063232422,-92.4062728881836,-0.7745470404624939,0.7817516326904297,11.921961784362793,11.921863555908203
0.0004494918102864176,0.0,0.0,0.0,3.002633810043335,-3.003347158432007,88.27888488769531,-88.27909088134766,85.87505340576172,-85.87616729736328,99.06255340576172,-99.06168365478516,92.08805847167969,-92.08936309814453,-0.5456333756446838,0.5528414845466614,11.930288314819336,11.930198669433594
0.000466140394564718,0.0,0.0,0.0,3.019522190093994,-3.020238161087036,88.5460433959961,-88.5462417602539,85.6108169555664,-85.61192321777344,99.03958892822266,-99.03875732421875,91.7847671508789,-91.78607177734375,-0.32653099298477173,0.3337423503398895,11.936698913574219,11.936652183532715
0.00045973711530677974,0.0,0.0,0.0,3.0362801551818848,-3.036987066268921,88.80104064941406,-88.80126190185547,85.35885620117188,-85.35994720458984,99.01344299316406,-99.01261901855469,91.49555206298828,-91.4968490600586,-0.11754021793603897,0.12473095208406448,11.941473960876465,11.941420555114746
0.00045626863720826805,0.0,0.0,0.0,3.052762985229492,-3.053494930267334,89.0435562133789,-89.04377746582031,85.11949920654297,-85.12061309814453,98.98479461669922,-98.9839859008789,91.22079467773438,-91.22211456298828,0.08108805865049362,-0.0738927349448204,11.944741249084473,11.944722175598145
0.0004544277035165578,0.0,0.0,0.0,3.0688672065734863,-3.0695972442626953,89.27320098876953,-89.2734146118164,84.89315795898438,-84.89425659179688,98.95419311523438,-98.95340728759766,90.96095275878906,-90.9622573852539,0.26909708976745605,-0.2618914544582367,11.946734428405762,11.946708679199219
0.0004494384629651904,0.0,0.0,0.0,3.0845324993133545,-3.0852386951446533,89.48956298828125,-89.48977661132812,84.6801528930664,-84.68123626708984,98.92225646972656,-98.92147827148438,90.71644592285156,-90.7177505493164,0.4461231529712677,-0.43890848755836487,11.947564125061035,11.947504997253418
0.00047152984188869596,0.0,0.0,0.0,3.099595546722412,-3.100290536880493,89.6922836303711,-89.69247436523438,84.48082733154297,-84.48194885253906,98.88972473144531,-98.88893127441406,90.48764038085938,-90.48895263671875,0.6119256615638733,-0.6047160625457764,11.947508811950684,11.947415351867676
0.0004733441164717078,0.0,0.0,0.0,3.1139473915100098,-3.1146352291107178,89.88092803955078,-89.88114166259766,84.29557037353516,-84.29667663574219,98.85704803466797,-98.85627746582031,90.27496337890625,-90.27627563476562,0.7661835551261902,-0.7589801549911499,11.946640014648438,11.9465913772583
0.00045680225593969226,0.0,0.0,0.0,3.127497434616089,-3.1282005310058594,90.0,-90.0,84.12466430664062,-84.12577056884766,98.82494354248047,-98.82417297363281,90.07878112792969,-90.080078125,0.9086205959320068,-0.9014216065406799,11.945241928100586,11.945173263549805
0.0004437888856045902,0.0,0.0,0.0,3.147012948989868,-3.147688150405884,90.0,-90.0,83.9046859741211,-83.90573120117188,98.79324340820312,-98.79253387451172,89.95215606689453,-89.95355224609375,1.1117063760757446,-1.104619026184082,11.943496704101562,11.943461418151855
0.00042651998228393495,0.0,0.0,0.0,3.1699106693267822,-3.170546293258667,90.0,-90.0,83.6615219116211,-83.66256713867188,98.76409149169922,-98.76335906982422,89.87469482421875,-89.87617492675781,1.3458372354507446,-1.3388102054595947,11.942237854003906,11.94210433959961
0.00042946147732436657,0.0,0.0,0.0,3.19992995262146,-3.200568914413452,90.0,-90.0,83.36677551269531,-83.36778259277344,98.73655700683594,-98.73588562011719,89.870361328125,-89.87184143066406,1.6434986591339111,-1.6364972591400146,11.940911293029785,11.940812110900879
0.000418829353293404,0.0,0.0,0.0,3.22127628326416,-3.2218868732452393,90.0,-90.0,83.15999603271484,-83.16100311279297,98.71188354492188,-98.71118927001953,89.82415008544922,-89.82565307617188,1.8456368446350098,-1.8386526107788086,11.940022468566895,11.93988037109375
0.00041161227272823453,0.0,0.0,0.0,3.2421655654907227,-3.2427780628204346,90.0,-90.0,82.96563720703125,-82.96662139892578,98.69000244140625,-98.6893310546875,89.79935455322266,-89.80085754394531,2.038541555404663,-2.03155517578125,11.939257621765137,11.9391450881958
0.00041938963113352656,0.0,0.0,0.0,3.261418104171753,-3.2619924545288086,90.0,-90.0,82.79269409179688,-82.7936782836914,98.67144775390625,-98.67076110839844,89.78911590576172,-89.79060363769531,2.2119648456573486,-2.2049918174743652,11.938714981079102,11.938559532165527
0.000421604112489149,0.0,0.0,0.0,3.272338390350342,-3.2729461193084717,90.0,-90.0,82.69216918945312,-82.69315338134766,98.65694427490234,-98.65628814697266,89.75187683105469,-89.75336456298828,2.307992935180664,-2.301023244857788,11.938359260559082,11.938231468200684
0.00042764723184518516,0.0,0.0,0.0,3.2825024127960205,-3.2831270694732666,90.0,-90.0,82.60266876220703,-82.60365295410156,98.6460189819336,-98.64539337158203,89.739013671875,-89.74052429199219,2.3965892791748047,-2.38960862159729,11.938055038452148,11.93797779083252
0.0004292080120649189,0.0,0.0,0.0,3.2910842895507812,-3.2916855812072754,90.0,-90.0,82.5303726196289,-82.5313720703125,98.63925170898438,-98.63858795166016,89.74623107910156,-89.74773406982422,2.4708423614501953,-2.4638831615448,11.937904357910156,11.93776798248291
0.0004292080120649189,0.0,0.0,0.0,3.2910842895507812,-3.2916855812072754,90.0,-90.0,82.5303726196289,-82.5313720703125,98.63925170898438,-98.63858795166016,89.74623107910156,-89.74773406982422,2.4708423614501953,-2.4638831615448,11.937904357910156,11.93776798248291
0.0004292080120649189,0.0,0.0,0.0,3.2910842895507812,-3.2916855812072754,90.0,-90.0,82.5303726196289,-82.5313720703125,98.63925170898438,-98.63858795166016,89.74623107910156,-89.74773406982422,2.4708423614501953,-2.4638831615448,11.937904357910156,11.93776798248291
0.0004097713390365243,0.0,0.0,0.0,3.299760341644287,-3.3003346920013428,90.0,-90.0,82.45665740966797,-82.45763397216797,98.63108825683594,-98.63040924072266,89.74330139160156,-89.74479675292969,2.54500675201416,-2.5380265712738037,11.937726974487305,11.937570571899414
0.0004138000658713281,0.0,0.0,0.0,3.3078765869140625,-3.308459997177124,90.0,-90.0,82.38855743408203,-82.3895492553711,98.62379455566406,-98.62310028076172,89.7433090209961,-89.74482727050781,2.6139135360717773,-2.606937885284424,11.93752384185791,11.937366485595703
0.0004164814599789679,0.0,0.0,0.0,3.3168423175811768,-3.317441940307617,90.0,-90.0,82.31219482421875,-82.31319427490234,98.6138687133789,-98.61319732666016,89.72925567626953,-89.73078155517578,2.6890218257904053,-2.6820409297943115,11.937366485595703,11.937213897705078
0.00042272466816939414,0.0,0.0,0.0,3.3271055221557617,-3.3277056217193604,90.0,-90.0,82.22480773925781,-82.2258071899414,98.60125732421875,-98.60060119628906,89.70442199707031,-89.70594024658203,2.7736575603485107,-2.7666847705841064,11.937139511108398,11.936968803405762
0.0004291413351893425,0.0,0.0,0.0,3.3389625549316406,-3.3395538330078125,90.0,-90.0,82.1245346069336,-82.1255111694336,98.58597564697266,-98.58533477783203,89.67134094238281,-89.67283630371094,2.8701012134552,-2.8631346225738525,11.936827659606934,11.936697959899902
0.0004162279947195202,0.0,0.0,0.0,3.3599586486816406,-3.360537528991699,90.0,-90.0,81.95758819580078,-81.95857238769531,98.56753540039062,-98.56686401367188,89.67549133300781,-89.67700958251953,3.0396580696105957,-3.032684803009033,11.936558723449707,11.936362266540527
0.0004292613884899765,0.0,0.0,0.0,3.3809690475463867,-3.38155460357666,90.0,-90.0,81.79151153564453,-81.7925033569336,98.54673767089844,-98.54608917236328,89.66199493408203,-89.66351318359375,3.2056398391723633,-3.198667526245117,11.93631362915039,11.936150550842285
0.00042131729423999786,0.0,0.0,0.0,3.403104543685913,-3.4036872386932373,90.0,-90.0,81.61894226074219,-81.61994934082031,98.52330780029297,-98.52263641357422,89.63789367675781,-89.63941192626953,3.3765950202941895,-3.3696281909942627,11.936068534851074,11.935907363891602
0.0004225179145578295,0.0,0.0,0.0,3.4270102977752686,-3.427567720413208,90.0,-90.0,81.43609619140625,-81.43706512451172,98.49718475341797,-98.49653625488281,89.6073226928711,-89.60884857177734,3.5569701194763184,-3.5499839782714844,11.93581485748291,11.935639381408691
0.0004257996042724699,0.0,0.0,0.0,3.4529786109924316,-3.453559160232544,90.0,-90.0,81.2412109375,-81.24219512939453,98.46844482421875,-98.4677963256836,89.5727310180664,-89.57423400878906,3.7489078044891357,-3.741952419281006,11.935627937316895,11.935463905334473
0.00041439372580498457,0.0,0.0,0.0,3.4813008308410645,-3.4818496704101562,90.0,-90.0,81.03372955322266,-81.03472137451172,98.43701934814453,-98.43634033203125,89.53556060791016,-89.53709411621094,3.953263521194458,-3.946293830871582,11.935513496398926,11.935297012329102
0.0004358981386758387,0.0,0.0,0.0,3.5120272636413574,-3.5125956535339355,90.0,-90.0,80.81371307373047,-80.8146743774414,98.40291595458984,-98.40231323242188,89.4968032836914,-89.49832153320312,4.170055389404297,-4.163064002990723,11.93543815612793,11.93529987335205
0.00042639989987947047,0.0,0.0,0.0,3.553495407104492,-3.5540475845336914,90.0,-90.0,80.53086853027344,-80.53187561035156,98.36588287353516,-98.36522674560547,89.49908447265625,-89.50061798095703,4.456429958343506,-4.449452877044678,11.935687065124512,11.935469627380371
0.00043429731158539653,0.0,0.0,0.0,3.5859313011169434,-3.586472272872925,90.0,-90.0,80.30879211425781,-80.30977630615234,98.3265609741211,-98.325927734375,89.44098663330078,-89.4425048828125,4.6724677085876465,-4.665493965148926,11.93569278717041,11.935482025146484
0.00042980167199857533,0.0,0.0,0.0,3.6311395168304443,-3.63166880607605,90.0,-90.0,80.01508331298828,-80.01607513427734,98.28436279296875,-98.28372192382812,89.4332275390625,-89.43474578857422,4.968310832977295,-4.961319923400879,11.936148643493652,11.935905456542969
0.00043692532926797867,0.0,0.0,0.0,3.6757917404174805,-3.6763229370117188,90.0,-90.0,79.73138427734375,-79.73236846923828,98.23963928222656,-98.23900604248047,89.4091796875,-89.41069793701172,5.251631259918213,-5.244661331176758,11.936630249023438,11.936419486999512
0.00043876629206351936,0.0,0.0,0.0,3.72157883644104,-3.722113847732544,90.0,-90.0,79.44768524169922,-79.44865417480469,98.19243621826172,-98.19184112548828,89.37809753417969,-89.3796157836914,5.533928871154785,-5.526939392089844,11.937200546264648,11.936968803405762
0.0004311490338295698,0.0,0.0,0.0,3.769192934036255,-3.769697666168213,90.0,-90.0,79.16014862060547,-79.16112518310547,98.14280700683594,-98.14217376708984,89.3441162109375,-89.34564971923828,5.819679260253906,-5.81268835067749,11.93789005279541,11.93763542175293
0.0004416344454512,0.0,0.0,0.0,3.818922758102417,-3.8194310665130615,90.0,-90.0,78.86767578125,-78.8686294555664,98.09078979492188,-98.09020233154297,89.3091812133789,-89.31071472167969,6.110306739807129,-6.103315353393555,11.938680648803711,11.938425064086914
0.00043157589971087873,0.0,0.0,0.0,3.8708436489105225,-3.8713464736938477,90.0,-90.0,78.57025909423828,-78.57122802734375,98.03651428222656,-98.03590393066406,89.27423095703125,-89.2757797241211,6.405900955200195,-6.398922443389893,11.93963623046875,11.939348220825195
0.00044188121682964265,0.0,0.0,0.0,3.924922466278076,-3.925421714782715,90.0,-90.0,78.26849365234375,-78.26945495605469,97.98007202148438,-97.97948455810547,89.23978424072266,-89.24132537841797,6.705994606018066,-6.699010848999023,11.940683364868164,11.940420150756836
0.00045982381561771035,0.0,0.0,0.0,3.9810941219329834,-3.981588840484619,90.0,-90.0,77.963134765625,-77.9640884399414,97.92160034179688,-97.9210433959961,89.20613098144531,-89.20767211914062,7.009798526763916,-7.00281286239624,11.941885948181152,11.941619873046875
0.00044127425644546747,0.0,0.0,0.0,4.0392069816589355,-4.039699077606201,90.0,-90.0,77.65507507324219,-77.65605163574219,97.86127471923828,-97.86068725585938,89.17350769042969,-89.17505645751953,7.3164544105529785,-7.309490203857422,11.943218231201172,11.94294261932373
0.00045919016702100635,0.0,0.0,0.0,4.0991411209106445,-4.099661350250244,90.0,-90.0,77.3453140258789,-77.34626007080078,97.79923248291016,-97.79872131347656,89.14210510253906,-89.14363098144531,7.625056743621826,-7.618078231811523,11.944642066955566,11.94444465637207
0.00044592999620363116,0.0,0.0,0.0,4.160744667053223,-4.161235809326172,90.0,-90.0,77.03473663330078,-77.0356674194336,97.73570251464844,-97.73517608642578,89.1120376586914,-89.11356353759766,7.93461799621582,-7.9276556968688965,11.946226119995117,11.945995330810547
0.00044791767140850425,0.0,0.0,0.0,4.223818302154541,-4.224294185638428,90.0,-90.0,76.72432708740234,-76.72526550292969,97.67088317871094,-97.67036437988281,89.08345031738281,-89.0849609375,8.244215965270996,-8.237241744995117,11.947935104370117,11.947667121887207
0.0004572491452563554,0.0,0.0,0.0,4.288157939910889,-4.288606643676758,90.0,-90.0,76.41508483886719,-76.41603088378906,97.60497283935547,-97.60445404052734,89.05644226074219,-89.0580062866211,8.552852630615234,-8.545851707458496,11.949712753295898,11.949421882629395
0.00044786432408727705,0.0,0.0,0.0,4.353466033935547,-4.353930950164795,90.0,-90.0,76.10796356201172,-76.10892486572266,97.53824615478516,-97.53772735595703,89.03117370605469,-89.03270721435547,8.859525680541992,-8.85254955291748,11.951559066772461,11.951290130615234
0.00045232661068439484,0.0,0.0,0.0,4.419614315032959,-4.4200520515441895,90.0,-90.0,75.8039779663086,-75.80491638183594,97.47098541259766,-97.47047424316406,89.0076675415039,-89.00918579101562,9.163310050964355,-9.156326293945312,11.953512191772461,11.953227996826172
0.00045900337863713503,0.0,0.0,0.0,4.486245632171631,-4.486700057983398,90.0,-90.0,75.50408935546875,-75.50503540039062,97.40345001220703,-97.40296173095703,88.98601531982422,-88.9875717163086,9.463173866271973,-9.456180572509766,11.955538749694824,11.955243110656738
0.00045015214709565043,0.0,0.0,0.0,4.553112506866455,-4.553562641143799,90.0,-90.0,75.20931243896484,-75.21023559570312,97.3359375,-97.33546447753906,88.9663314819336,-88.96784210205078,9.758135795593262,-9.751141548156738,11.957550048828125,11.957268714904785
0.0004564153787214309,0.0,0.0,0.0,4.619923114776611,-4.620344638824463,90.0,-90.0,74.92059326171875,-74.92153930664062,97.26880645751953,-97.26831817626953,88.94859313964844,-88.95014190673828,10.047195434570312,-10.040205955505371,11.959660530090332,11.959343910217285
0.0004553214821498841,0.0,0.0,0.0,4.686322212219238,-4.686746597290039,90.0,-90.0,74.63896179199219,-74.63990020751953,97.20236206054688,-97.20188903808594,88.93287658691406,-88.93441009521484,10.329341888427734,-10.322357177734375,11.961759567260742,11.961442947387695
0.0004577960935421288,0.0,0.0,0.0,4.752015590667725,-4.75244140625,90.0,-90.0,74.36542510986328,-74.36637115478516,97.13697052001953,-97.13648986816406,88.919189453125,-88.92074584960938,10.60355281829834,-10.596573829650879,11.963875770568848,11.963552474975586
0.0004522065573837608,0.0,0.0,0.0,4.816627025604248,-4.817038536071777,90.0,-90.0,74.10099029541016,-74.1019287109375,97.07296752929688,-97.07247161865234,88.90753936767578,-88.90909576416016,10.868817329406738,-10.861833572387695,11.965961456298828,11.96560287475586
0.0004640326660592109,0.0,0.0,0.0,4.879788875579834,-4.880199432373047,90.0,-90.0,73.84669494628906,-73.84759521484375,97.01071166992188,-97.0102767944336,88.89794921875,-88.89949798583984,11.12410831451416,-11.117100715637207,11.968002319335938,11.967694282531738
0.0004557950596790761,0.0,0.0,0.0,4.941124439239502,-4.9415283203125,90.0,-90.0,73.603515625,-73.60446166992188,96.95068359375,-96.9501953125,88.8903579711914,-88.89192962646484,11.368375778198242,-11.3613920211792,11.970001220703125,11.969633102416992
0.00047401111805811524,0.0,0.0,0.0,4.98856782913208,-4.988975524902344,90.0,-90.0,73.41480255126953,-73.41572570800781,96.89334106445312,-96.89290618896484,88.8494873046875,-88.85104370117188,11.553670883178711,-11.546672821044922,11.971200942993164,11.970853805541992
0.00046707422006875277,0.0,0.0,0.0,5.051207542419434,-5.051608562469482,90.0,-90.0,73.1746597290039,-73.17558288574219,96.83867645263672,-96.83822631835938,88.86445617675781,-88.86602783203125,11.797613143920898,-11.790611267089844,11.973451614379883,11.973092079162598
0.000455554953077808,0.0,0.0,0.0,5.09623384475708,-5.096652030944824,90.0,-90.0,73.0008544921875,-73.00179290771484,96.7876205444336,-96.78716278076172,88.83783721923828,-88.83940887451172,11.969598770141602,-11.962615013122559,11.974719047546387,11.974343299865723
0.00046913529513403773,0.0,0.0,0.0,5.141775608062744,-5.1421661376953125,90.0,-90.0,72.82804870605469,-72.8289566040039,96.7402114868164,-96.7397689819336,88.82500457763672,-88.8265609741211,12.142281532287598,-12.135293960571289,11.97607135772705,11.975717544555664
0.00047149648889899254,0.0,0.0,0.0,5.185947418212891,-5.186344146728516,90.0,-90.0,72.66270446777344,-72.66360473632812,96.69693756103516,-96.69651794433594,88.82133483886719,-88.82290649414062,12.308545112609863,-12.301532745361328,11.977505683898926,11.97714900970459
0.00046727433800697327,0.0,0.0,0.0,5.227485179901123,-5.2278523445129395,90.0,-90.0,72.50912475585938,-72.5100326538086,96.65821075439453,-96.65774536132812,88.82403564453125,-88.82561492919922,12.463659286499023,-12.456665992736816,11.978934288024902,11.978524208068848
0.00046254522749222815,0.0,0.0,0.0,5.265414714813232,-5.265807628631592,90.0,-90.0,72.370361328125,-72.37128448486328,96.62438201904297,-96.62391662597656,88.8314437866211,-88.83300018310547,12.604358673095703,-12.59737491607666,11.980241775512695,11.979823112487793
0.000482715608086437,0.0,0.0,0.0,5.287087440490723,-5.2874956130981445,90.0,-90.0,72.28916931152344,-72.2900619506836,96.59618377685547,-96.59577178955078,88.80856323242188,-88.81010437011719,12.68349838256836,-12.676497459411621,11.980672836303711,11.980334281921387
0.0004731907101813704,0.0,0.0,0.0,5.308051109313965,-5.308434009552002,90.0,-90.0,72.21239471435547,-72.21331787109375,96.57354736328125,-96.57308197021484,88.80068969726562,-88.8022689819336,12.75997257232666,-12.752979278564453,11.981334686279297,11.980912208557129
0.0004718700365629047,0.0,0.0,0.0,5.327002048492432,-5.327409267425537,90.0,-90.0,72.14414978027344,-72.14505004882812,96.55683135986328,-96.556396484375,88.80524444580078,-88.80680084228516,12.829288482666016,-12.822297096252441,11.981964111328125,11.9815673828125
0.00048369611613452435,0.0,0.0,0.0,5.342944145202637,-5.343339443206787,90.0,-90.0,72.08783721923828,-72.0887451171875,96.54647827148438,-96.54605102539062,88.82015991210938,-88.82172393798828,12.887733459472656,-12.88074779510498,11.982617378234863,11.982243537902832
0.00048369611613452435,0.0,0.0,0.0,5.342944145202637,-5.343339443206787,90.0,-90.0,72.08783721923828,-72.0887451171875,96.54647827148438,-96.54605102539062,88.82015991210938,-88.82172393798828,12.887733459472656,-12.88074779510498,11.982617378234863,11.982243537902832
0.00048369611613452435,0.0,0.0,0.0,5.342944145202637,-5.343339443206787,90.0,-90.0,72.08783721923828,-72.0887451171875,96.54647827148438,-96.54605102539062,88.82015991210938,-88.82172393798828,12.887733459472656,-12.88074779510498,11.982617378234863,11.982243537902832
0.00048369611613452435,0.0,0.0,0.0,5.342944145202637,-5.343339443206787,90.0,-90.0,72.08783721923828,-72.0887451171875,96.54647827148438,-96.54605102539062,88.82015991210938,-88.82172393798828,12.887733459472656,-12.88074779510498,11.982617378234863,11.982243537902832
0.00048369611613452435,0.0,0.0,0.0,5.342944145202637,-5.343339443206787,90.0,-90.0,72.08783721923828,-72.0887451171875,96.54647827148438,-96.54605102539062,88.82015991210938,-88.82172393798828,12.887733459472656,-12.88074779510498,11.982617378234863,11.982243537902832
0.00047392441774718463,0.0,0.0,0.0,5.370302677154541,-5.370686054229736,90.0,-90.0,72.04293060302734,-72.04383850097656,96.62615203857422,-96.6257095336914,88.82710266113281,-88.82869720458984,12.93437385559082,-12.927377700805664,12.08327579498291,12.082869529724121
0.00047392441774718463,0.0,0.0,0.0,5.370302677154541,-5.370686054229736,90.0,-90.0,72.04293060302734,-72.04383850097656,96.62615203857422,-96.6257095336914,88.82710266113281,-88.82869720458984,12.93437385559082,-12.927377700805664,12.08327579498291,12.082869529724121
0.0004704493039753288,0.0,0.0,0.0,5.3979387283325195,-5.3983306884765625,90.0,-90.0,72.00924682617188,-72.01013946533203,96.72752380371094,-96.72708892822266,88.83090209960938,-88.83248138427734,12.969578742980957,-12.962589263916016,12.206050872802734,12.205690383911133
0.0004704493039753288,0.0,0.0,0.0,5.3979387283325195,-5.3983306884765625,90.0,-90.0,72.00924682617188,-72.01013946533203,96.72752380371094,-96.72708892822266,88.83090209960938,-88.83248138427734,12.969578742980957,-12.962589263916016,12.206050872802734,12.205690383911133
0.0004874280421063304,0.0,0.0,0.0,5.4309492111206055,-5.431334972381592,90.0,-90.0,71.980712890625,-71.98162078857422,96.86624908447266,-96.8658218383789,88.82133483886719,-88.82292938232422,12.998370170593262,-12.991397857666016,12.374041557312012,12.373673439025879
0.0004874280421063304,0.0,0.0,0.0,5.4309492111206055,-5.431334972381592,90.0,-90.0,71.980712890625,-71.98162078857422,96.86624908447266,-96.8658218383789,88.82133483886719,-88.82292938232422,12.998370170593262,-12.991397857666016,12.374041557312012,12.373673439025879
0.00046903855400159955,0.0,0.0,0.0,5.469711780548096,-5.4700727462768555,90.0,-90.0,71.95610046386719,-71.95701599121094,97.04033660888672,-97.03987884521484,88.7998275756836,-88.80148315429688,13.022150039672852,-13.015155792236328,12.585335731506348,12.584897994995117
0.00046903855400159955,0.0,0.0,0.0,5.469711780548096,-5.4700727462768555,90.0,-90.0,71.95610046386719,-71.95701599121094,97.04033660888672,-97.03987884521484,88.7998275756836,-88.80148315429688,13.022150039672852,-13.015155792236328,12.585335731506348,12.584897994995117
0.0004795139830093831,0.0,0.0,0.0,5.5145416259765625,-5.514941215515137,90.0,-90.0,71.93443298339844,-71.93537902832031,97.2477035522461,-97.24726104736328,88.76769256591797,-88.76935577392578,13.041918754577637,-13.034945487976074,12.837803840637207,12.837394714355469
0.0004795139830093831,0.0,0.0,0.0,5.5145416259765625,-5.514941215515137,90.0,-90.0,71.93443298339844,-71.93537902832031,97.2477035522461,-97.24726104736328,88.76769256591797,-88.76935577392578,13.041918754577637,-13.034945487976074,12.837803840637207,12.837394714355469
0.0004705526807811111,0.0,0.0,0.0,5.565843105316162,-5.566232681274414,90.0,-90.0,71.91497039794922,-71.91590881347656,97.4861831665039,-97.48574829101562,88.72591400146484,-88.72763061523438,13.058527946472168,-13.051542282104492,13.129471778869629,13.129037857055664
0.0004705526807811111,0.0,0.0,0.0,5.565843105316162,-5.566232681274414,90.0,-90.0,71.91497039794922,-71.91590881347656,97.4861831665039,-97.48574829101562,88.72591400146484,-88.72763061523438,13.058527946472168,-13.051542282104492,13.129471778869629,13.129037857055664
0.0004884752561338246,0.0,0.0,0.0,5.623908042907715,-5.6242876052856445,90.0,-90.0,71.89710235595703,-71.89803314208984,97.75363159179688,-97.75322723388672,88.67549896240234,-88.67724609375,13.072566986083984,-13.065587043762207,13.458247184753418,13.457820892333984
0.0004884752561338246,0.0,0.0,0.0,5.623908042907715,-5.6242876052856445,90.0,-90.0,71.89710235595703,-71.89803314208984,97.75363159179688,-97.75322723388672,88.67549896240234,-88.67724609375,13.072566986083984,-13.065587043762207,13.458247184753418,13.457820892333984
0.0004722402081824839,0.0,0.0,0.0,5.68906307220459,-5.6894330978393555,90.0,-90.0,71.88034057617188,-71.88127136230469,98.04794311523438,-98.04751586914062,88.61727905273438,-88.61904907226562,13.084514617919922,-13.077543258666992,13.82219123840332,13.821743965148926
0.0004722402081824839,0.0,0.0,0.0,5.68906307220459,-5.6894330978393555,90.0,-90.0,71.88034057617188,-71.88127136230469,98.04794311523438,-98.04751586914062,88.61727905273438,-88.61904907226562,13.084514617919922,-13.077543258666992,13.82219123840332,13.821743965148926
0.0004556783533189446,0.0,0.0,0.0,5.761611461639404,-5.761967182159424,90.0,-90.0,71.86430358886719,-71.86527252197266,98.36689758300781,-98.3664321899414,88.55200958251953,-88.55386352539062,13.094780921936035,-13.087818145751953,14.219225883483887,14.218735694885254
0.0004556783533189446,0.0,0.0,0.0,5.761611461639404,-5.761967182159424,90.0,-90.0,71.86430358886719,-71.86527252197266,98.36689758300781,-98.3664321899414,88.55200958251953,-88.55386352539062,13.094780921936035,-13.087818145751953,14.219225883483887,14.218735694885254
0.0004672176146414131,0.0,0.0,0.0,5.841804504394531,-5.8421630859375,90.0,-90.0,71.84867095947266,-71.84960174560547,98.70822143554688,-98.70781707763672,88.48043060302734,-88.48229217529297,13.103681564331055,-13.09670352935791,14.647269248962402,14.646807670593262
0.00047528845607303083,0.0,0.0,0.0,5.885941028594971,-5.886289596557617,90.0,-90.0,71.84046936035156,-71.8414306640625,98.88633728027344,-98.88591003417969,88.44270324707031,-88.44458770751953,13.108017921447754,-13.101081848144531,14.87302017211914,14.872559547424316
0.0004481844662223011,0.0,0.0,0.0,5.931159496307373,-5.931502819061279,90.0,-90.0,71.83248138427734,-71.83345031738281,99.06958770751953,-99.06913757324219,88.40357971191406,-88.40550231933594,13.112038612365723,-13.105097770690918,15.10521125793457,15.10467529296875
0.00046673405449837446,0.0,0.0,0.0,5.978362560272217,-5.978686809539795,90.0,-90.0,71.82459259033203,-71.8255615234375,99.2573013305664,-99.25686645507812,88.36312103271484,-88.36510467529297,13.115691184997559,-13.108744621276855,15.344071388244629,15.343537330627441
0.0004670375492423773,0.0,0.0,0.0,6.027626991271973,-6.027978897094727,90.0,-90.0,71.81671142578125,-71.81768798828125,99.44929504394531,-99.44888305664062,88.32147979736328,-88.32344055175781,13.119060516357422,-13.11214828491211,15.589407920837402,15.588902473449707
0.0004715832183137536,0.0,0.0,0.0,6.078969955444336,-6.079320907592773,90.0,-90.0,71.80876922607422,-71.80973815917969,99.64537811279297,-99.64497375488281,88.2786865234375,-88.28067779541016,13.12226676940918,-13.115354537963867,15.841057777404785,15.840612411499023
0.000464156037196517,0.0,0.0,0.0,6.132458209991455,-6.1327924728393555,90.0,-90.0,71.80069732666016,-71.80168914794922,99.84513854980469,-99.84473419189453,88.23487854003906,-88.23692321777344,13.12533950805664,-13.11843490600586,16.098745346069336,16.09821319580078
0.00045409752056002617,0.0,0.0,0.0,6.188079833984375,-6.188418388366699,90.0,-90.0,71.79248046875,-71.79346466064453,100.04844665527344,-100.04804229736328,88.19017028808594,-88.1922378540039,13.128339767456055,-13.12144660949707,16.362178802490234,16.361637115478516
0.00045178300933912396,0.0,0.0,0.0,6.245861530303955,-6.246205806732178,90.0,-90.0,71.78406524658203,-71.78504180908203,100.25492858886719,-100.25453186035156,88.14462280273438,-88.146728515625,13.131322860717773,-13.124433517456055,16.631052017211914,16.630544662475586
0.00044439584598876536,0.0,0.0,0.0,6.305859088897705,-6.306179046630859,90.0,-90.0,71.77540588378906,-71.7763900756836,100.46443176269531,-100.46402740478516,88.09832000732422,-88.10044860839844,13.134291648864746,-13.127418518066406,16.905241012573242,16.904701232910156
0.0004539107612799853,0.0,0.0,0.0,6.368059158325195,-6.368378162384033,90.0,-90.0,71.76648712158203,-71.7674789428711,100.67662048339844,-100.67622375488281,88.05131530761719,-88.05351257324219,13.13729476928711,-13.130407333374023,17.184419631958008,17.183868408203125
0.00044399232137948275,0.0,0.0,0.0,6.432433128356934,-6.432778835296631,90.0,-90.0,71.75731658935547,-71.75833892822266,100.89130401611328,-100.89090728759766,88.00375366210938,-88.0059585571289,13.140335083007812,-13.133479118347168,17.468338012695312,17.4677677154541
0.0004513227613642812,0.0,0.0,0.0,6.499062538146973,-6.499378204345703,90.0,-90.0,71.74787902832031,-71.74889373779297,101.10820770263672,-101.10780334472656,87.95561218261719,-87.95784759521484,13.143479347229004,-13.136619567871094,17.75674819946289,17.756181716918945
0.0004416911397129297,0.0,0.0,0.0,6.567888259887695,-6.568231582641602,90.0,-90.0,71.73812103271484,-71.7391357421875,101.32711029052734,-101.32672119140625,87.90697479248047,-87.90925598144531,13.146695137023926,-13.139840126037598,18.049419403076172,18.048858642578125
0.0004526801349129528,0.0,0.0,0.0,6.638951778411865,-6.639261722564697,90.0,-90.0,71.72807312011719,-71.7291030883789,101.54773712158203,-101.54733276367188,87.85794067382812,-87.8602523803711,13.150005340576172,-13.143173217773438,18.34611701965332,18.345502853393555
0.00044621346751227975,0.0,0.0,0.0,6.712192058563232,-6.71253776550293,90.0,-90.0,71.71773529052734,-71.7187271118164,101.76990509033203,-101.76954650878906,87.80854797363281,-87.81085968017578,13.153448104858398,-13.146613121032715,18.64653968811035,18.645998001098633
0.00045322373625822365,0.0,0.0,0.0,6.787657737731934,-6.787967681884766,90.0,-90.0,71.70704650878906,-71.70809173583984,101.99335479736328,-101.99296569824219,87.75882720947266,-87.76122283935547,13.157001495361328,-13.150190353393555,18.95050048828125,18.949888229370117
0.00043460415326990187,0.0,0.0,0.0,6.865270137786865,-6.865572929382324,90.0,-90.0,71.69608306884766,-71.69709777832031,102.21784973144531,-102.21746063232422,87.70887756347656,-87.71128845214844,13.160709381103516,-13.153898239135742,19.257627487182617,19.257049560546875
0.00043864623876288533,0.0,0.0,0.0,6.945061206817627,-6.945366859436035,90.0,-90.0,71.68479919433594,-71.68582153320312,102.44319915771484,-102.44283294677734,87.6587142944336,-87.66117095947266,13.164559364318848,-13.157754898071289,19.56781005859375,19.56720542907715
0.0004282208392396569,0.0,0.0,0.0,7.026971340179443,-7.027249813079834,90.0,-90.0,71.67318725585938,-71.67423248291016,102.66913604736328,-102.66873931884766,87.60840606689453,-87.61090087890625,13.16856861114502,-13.161781311035156,19.88072967529297,19.880035400390625
0.00043927322258241475,0.0,0.0,0.0,7.110979080200195,-7.111266136169434,90.0,-90.0,71.6612777709961,-71.66232299804688,102.89547729492188,-102.89510345458984,87.55802154541016,-87.56056213378906,13.172728538513184,-13.165943145751953,20.196086883544922,20.195465087890625
0.00043322343844920397,0.0,0.0,0.0,7.1970624923706055,-7.197334289550781,90.0,-90.0,71.6490707397461,-71.65011596679688,103.12200927734375,-103.12162780761719,87.50758361816406,-87.51016998291016,13.177056312561035,-13.170279502868652,20.51375389099121,20.513084411621094
0.00042713028960861266,0.0,0.0,0.0,7.285158634185791,-7.28543758392334,90.0,-90.0,71.63655853271484,-71.6375961303711,103.34845733642578,-103.34808349609375,87.45718383789062,-87.45977020263672,13.181547164916992,-13.174800872802734,20.833290100097656,20.832622528076172
0.00043548792018555105,0.0,0.0,0.0,7.375253677368164,-7.3755292892456055,90.0,-90.0,71.62374114990234,-71.62481689453125,103.57472229003906,-103.57435607910156,87.40679931640625,-87.40945434570312,13.186230659484863,-13.179490089416504,21.154611587524414,21.153955459594727
0.00041605791193433106,0.0,0.0,0.0,7.467268466949463,-7.467518329620361,90.0,-90.0,71.61063385009766,-71.6117172241211,103.80052947998047,-103.80013275146484,87.3565444946289,-87.35924530029297,13.191089630126953,-13.184356689453125,21.47739601135254,21.476673126220703
0.0004277039261069149,0.0,0.0,0.0,7.561176776885986,-7.561441421508789,90.0,-90.0,71.5972671508789,-71.59834289550781,104.0257339477539,-104.02537536621094,87.30643463134766,-87.30915832519531,13.196127891540527,-13.189408302307129,21.801427841186523,21.800750732421875
0.0004244289011694491,0.0,0.0,0.0,7.656867504119873,-7.657138824462891,90.0,-90.0,71.58361053466797,-71.58470153808594,104.25008392333984,-104.2497329711914,87.25650787353516,-87.25926208496094,13.201362609863281,-13.194665908813477,22.126358032226562,22.125673294067383
0.0004288378404453397,0.0,0.0,0.0,7.754344463348389,-7.754611015319824,90.0,-90.0,71.5697021484375,-71.57080078125,104.47344207763672,-104.47308349609375,87.20682525634766,-87.20960235595703,13.206768989562988,-13.200101852416992,22.451988220214844,22.45130729675293
0.0004208603932056576,0.0,0.0,0.0,7.853482246398926,-7.8537373542785645,90.0,-90.0,71.5555648803711,-71.55665588378906,104.69556427001953,-104.69522094726562,87.15742492675781,-87.1602554321289,13.212395668029785,-13.205724716186523,22.778030395507812,22.777345657348633
0.00040443858597427607,0.0,0.0,0.0,7.954272747039795,-7.954500675201416,90.0,-90.0,71.5411605834961,-71.5422592163086,104.9163818359375,-104.916015625,87.10829162597656,-87.11116027832031,13.218207359313965,-13.211556434631348,23.10436248779297,23.10358428955078
0.0004120158264413476,0.0,0.0,0.0,8.056556701660156,-8.056777954101562,90.0,-90.0,71.52655029296875,-71.52764129638672,105.13561248779297,-105.13526153564453,87.05958557128906,-87.06246948242188,13.224197387695312,-13.217561721801758,23.43053436279297,23.429771423339844
0.000402650999603793,0.0,0.0,0.0,8.160280227661133,-8.1605224609375,90.0,-90.0,71.51171112060547,-71.51280975341797,105.35313415527344,-105.35279846191406,87.0112533569336,-87.01419067382812,13.230390548706055,-13.22375774383545,23.756393432617188,23.755638122558594
0.0004102882812730968,0.0,0.0,0.0,8.265373229980469,-8.265607833862305,90.0,-90.0,71.4966812133789,-71.49779510498047,105.56877899169922,-105.56842803955078,86.9633560180664,-86.96630859375,13.23678207397461,-13.23017692565918,24.08161735534668,24.080881118774414
0.0003909182851202786,0.0,0.0,0.0,8.3717041015625,-8.371935844421387,90.0,-90.0,71.48146057128906,-71.48257446289062,105.78237915039062,-105.78203582763672,86.91594696044922,-86.9189453125,13.24335765838623,-13.2367582321167,24.406034469604492,24.405235290527344
0.0003953672421630472,0.0,0.0,0.0,8.479222297668457,-8.479448318481445,90.0,-90.0,71.46607971191406,-71.4671859741211,105.99378967285156,-105.99346160888672,86.86904907226562,-86.87205505371094,13.250115394592285,-13.243537902832031,24.72930908203125,24.72853660583496
0.00039854220813140273,0.0,0.0,0.0,8.587788581848145,-8.588027000427246,90.0,-90.0,71.45053100585938,-71.45164489746094,106.20279693603516,-106.2024917602539,86.82268524169922,-86.82574462890625,13.257065773010254,-13.250496864318848,25.0511474609375,25.05038070678711
0.00039938263944350183,0.0,0.0,0.0,8.697315216064453,-8.697504043579102,90.0,-90.0,71.43486022949219,-71.43598937988281,106.40934753417969,-106.40900421142578,86.77691650390625,-86.780029296875,13.264187812805176,-13.257646560668945,25.37140655517578,25.37060546875
0.00039275921881198883,0.0,0.0,0.0,8.807621955871582,-8.80782699584961,90.0,-90.0,71.41905975341797,-71.42018127441406,106.61322021484375,-106.61289978027344,86.73176574707031,-86.73489379882812,13.271515846252441,-13.26496696472168,25.689722061157227,25.68893814086914
0.00038939082878641784,0.0,0.0,0.0,8.918661117553711,-8.918868064880371,90.0,-90.0,71.40315246582031,-71.40428924560547,106.81429290771484,-106.81397247314453,86.68727111816406,-86.69044494628906,13.278989791870117,-13.272459983825684,26.005855560302734,26.00504493713379
0.0003892507520504296,0.0,0.0,0.0,9.03027629852295,-9.030489921569824,90.0,-90.0,71.3871841430664,-71.3883056640625,107.01244354248047,-107.01214599609375,86.64344787597656,-86.64664459228516,13.286661148071289,-13.280137062072754,26.31953239440918,26.31876564025879
0.00037815168616361916,0.0,0.0,0.0,9.142333984375,-9.14254093170166,90.0,-90.0,71.3711166381836,-71.37225341796875,107.20753479003906,-107.20721435546875,86.60034942626953,-86.60357666015625,13.294463157653809,-13.287965774536133,26.630481719970703,26.629690170288086
0.00038193364161998034,0.0,0.0,0.0,9.25472640991211,-9.254911422729492,90.0,-90.0,71.35501098632812,-71.3561782836914,107.39942932128906,-107.39910125732422,86.55796813964844,-86.56127166748047,13.302445411682129,-13.295948028564453,26.93852996826172,26.937673568725586
0.0003978418535552919,0.0,0.0,0.0,9.367281913757324,-9.367476463317871,90.0,-90.0,71.33887481689453,-71.34002685546875,107.58799743652344,-107.58771514892578,86.5163803100586,-86.51969146728516,13.31057357788086,-13.3040771484375,27.24329376220703,27.242477416992188
0.0003848484775517136,0.0,0.0,0.0,9.479899406433105,-9.480063438415527,90.0,-90.0,71.3227310180664,-71.32389831542969,107.77314758300781,-107.77283477783203,86.4755859375,-86.47893524169922,13.318824768066406,-13.312366485595703,27.544565200805664,27.543701171875
0.0003883636381942779,0.0,0.0,0.0,9.592355728149414,-9.592549324035645,90.0,-90.0,71.30659484863281,-71.3077621459961,107.95467376708984,-107.95439910888672,86.43562316894531,-86.43900299072266,13.327225685119629,-13.320769309997559,27.841999053955078,27.84113121032715
0.0003732358163688332,0.0,0.0,0.0,9.704567909240723,-9.704733848571777,90.0,-90.0,71.29048919677734,-71.29167175292969,108.13259887695312,-108.13229370117188,86.39653015136719,-86.39993286132812,13.33574104309082,-13.329310417175293,28.135425567626953,28.134531021118164
0.0003844215825665742,0.0,0.0,0.0,9.816370010375977,-9.816534996032715,90.0,-90.0,71.27444458007812,-71.275634765625,108.30672454833984,-108.30644226074219,86.3582992553711,-86.36174774169922,13.344380378723145,-13.337956428527832,28.424541473388672,28.423641204833984
0.000396421120967716,0.0,0.0,0.0,9.927569389343262,-9.92774486541748,90.0,-90.0,71.25848388671875,-71.2596435546875,108.47692108154297,-108.47666931152344,86.32101440429688,-86.32447052001953,13.353110313415527,-13.346694946289062,28.70897674560547,28.708131790161133
0.0003672193852253258,0.0,0.0,0.0,10.038020133972168,-10.038183212280273,90.0,-90.0,71.24258422851562,-71.2437744140625,108.6431655883789,-108.64286041259766,86.28463745117188,-86.28813171386719,13.361927032470703,-13.355549812316895,28.988616943359375,28.987712860107422
0.00037280895048752427,0.0,0.0,0.0,10.147539138793945,-10.14771842956543,90.0,-90.0,71.22682189941406,-71.2280044555664,108.80524444580078,-108.80497741699219,86.24920654296875,-86.25273895263672,13.370862007141113,-13.364471435546875,29.26308250427246,29.262210845947266
0.00037282228004187346,0.0,0.0,0.0,10.255997657775879,-10.256168365478516,90.0,-90.0,71.2111587524414,-71.21236419677734,108.96318054199219,-108.96289825439453,86.21477508544922,-86.21832275390625,13.379819869995117,-13.373459815979004,29.532188415527344,29.531293869018555
0.00037365604657679796,0.0,0.0,0.0,10.363186836242676,-10.363367080688477,90.0,-90.0,71.1956787109375,-71.19688415527344,109.11679077148438,-109.11652374267578,86.18134307861328,-86.1849136352539,13.388858795166016,-13.382512092590332,29.79561424255371,29.794710159301758
0.00036591870593838394,0.0,0.0,0.0,10.46895980834961,-10.469114303588867,90.0,-90.0,71.18035888671875,-71.18157196044922,109.26600646972656,-109.2657241821289,86.14893341064453,-86.15254974365234,13.39793872833252,-13.391595840454102,30.053058624267578,30.05213165283203
0.00036250363336876035,0.0,0.0,0.0,10.573115348815918,-10.573238372802734,90.0,-90.0,71.16523742675781,-71.16645050048828,109.41072845458984,-109.41043853759766,86.11758422851562,-86.12123107910156,13.407044410705566,-13.400714874267578,30.3043270111084,30.303346633911133
0.0003829341731034219,0.0,0.0,0.0,10.675448417663574,-10.675617218017578,90.0,-90.0,71.15033721923828,-71.15155792236328,109.55084991455078,-109.55059814453125,86.08731079101562,-86.09095001220703,13.41617202758789,-13.409859657287598,30.54902458190918,30.54811668395996
0.0003729290037881583,0.0,0.0,0.0,10.775838851928711,-10.775985717773438,90.0,-90.0,71.13567352294922,-71.13690185546875,109.68632507324219,-109.68608093261719,86.0580825805664,-86.0617904663086,13.42530345916748,-13.41899299621582,30.787015914916992,30.786069869995117
0.0003561936900950968,0.0,0.0,0.0,10.874030113220215,-10.874163627624512,90.0,-90.0,71.12126922607422,-71.12250518798828,109.81705474853516,-109.8167724609375,86.03001403808594,-86.03372955322266,13.434407234191895,-13.428119659423828,31.01791763305664,31.01695442199707
0.0003660921356640756,0.0,0.0,0.0,10.969865798950195,-10.970035552978516,90.0,-90.0,71.10714721679688,-71.10838317871094,109.94287872314453,-109.942626953125,86.0030746459961,-86.00677490234375,13.44349193572998,-13.437224388122559,31.241453170776367,31.240537643432617
0.00035764111089520156,0.0,0.0,0.0,11.06319522857666,-11.063349723815918,90.0,-90.0,71.09332275390625,-71.09456634521484,110.0638427734375,-110.06359100341797,85.97726440429688,-85.98102569580078,13.452516555786133,-13.446255683898926,31.45748519897461,31.456525802612305
0.00035936199128627777,0.0,0.0,0.0,11.153777122497559,-11.153919219970703,90.0,-90.0,71.07984924316406,-71.0810775756836,110.17974090576172,-110.17950439453125,85.95266723632812,-85.95641326904297,13.461495399475098,-13.455257415771484,31.665603637695312,31.66463851928711
0.0003546595689840615,0.0,0.0,0.0,11.241463661193848,-11.241585731506348,90.0,-90.0,71.06668853759766,-71.06791687011719,110.29057312011719,-110.29032135009766,85.92921447753906,-85.9329833984375,13.470392227172852,-13.464163780212402,31.86559295654297,31.86463165283203
0.0003546595689840615,0.0,0.0,0.0,11.241463661193848,-11.241585731506348,90.0,-90.0,71.06668853759766,-71.06791687011719,110.29057312011719,-110.29032135009766,85.92921447753906,-85.9329833984375,13.470392227172852,-13.464163780212402,31.86559295654297,31.86463165283203
0.0003585615777410567,0.0,0.0,0.0,11.40166187286377,-11.401823043823242,90.0,-90.0,71.05403137207031,-71.0552749633789,110.49694061279297,-110.49671173095703,85.87701416015625,-85.88080596923828,13.47104263305664,-13.464823722839355,32.23826217651367,32.23733901977539
0.0003585615777410567,0.0,0.0,0.0,11.40166187286377,-11.401823043823242,90.0,-90.0,71.05403137207031,-71.0552749633789,110.49694061279297,-110.49671173095703,85.87701416015625,-85.88080596923828,13.47104263305664,-13.464823722839355,32.23826217651367,32.23733901977539
0.0003629105049185455,0.0,0.0,0.0,11.550429344177246,-11.550565719604492,90.0,-90.0,71.03905487060547,-71.04029846191406,110.68153381347656,-110.68132019042969,85.83258819580078,-85.83641052246094,13.476309776306152,-13.470107078552246,32.5761604309082,32.57522964477539
0.0003629105049185455,0.0,0.0,0.0,11.550429344177246,-11.550565719604492,90.0,-90.0,71.03905487060547,-71.04029846191406,110.68153381347656,-110.68132019042969,85.83258819580078,-85.83641052246094,13.476309776306152,-13.470107078552246,32.5761604309082,32.57522964477539
0.0003576277813408524,0.0,0.0,0.0,11.684882164001465,-11.685023307800293,90.0,-90.0,71.02278137207031,-71.0240478515625,110.84400939941406,-110.84378051757812,85.7955551147461,-85.79942321777344,13.485095977783203,-13.478910446166992,32.87627410888672,32.875328063964844
0.0003576277813408524,0.0,0.0,0.0,11.684882164001465,-11.685023307800293,90.0,-90.0,71.02278137207031,-71.0240478515625,110.84400939941406,-110.84378051757812,85.7955551147461,-85.79942321777344,13.485095977783203,-13.478910446166992,32.87627410888672,32.875328063964844
0.0003603958757594228,0.0,0.0,0.0,11.803365707397461,-11.803512573242188,90.0,-90.0,71.00603485107422,-71.00731658935547,110.98371124267578,-110.98348236083984,85.76557922363281,-85.76947021484375,13.496322631835938,-13.49015998840332,33.136417388916016,33.13547134399414
0.0003603958757594228,0.0,0.0,0.0,11.803365707397461,-11.803512573242188,90.0,-90.0,71.00603485107422,-71.00731658935547,110.98371124267578,-110.98348236083984,85.76557922363281,-85.76947021484375,13.496322631835938,-13.49015998840332,33.136417388916016,33.13547134399414
0.000350497430190444,0.0,0.0,0.0,11.904245376586914,-11.9043607711792,90.0,-90.0,70.98951721191406,-70.99077606201172,111.09991455078125,-111.09969329833984,85.74240112304688,-85.74630737304688,13.509208679199219,-13.50305461883545,33.35445785522461,33.35348129272461
0.000350497430190444,0.0,0.0,0.0,11.904245376586914,-11.9043607711792,90.0,-90.0,70.98951721191406,-70.99077606201172,111.09991455078125,-111.09969329833984,85.74240112304688,-85.74630737304688,13.509208679199219,-13.50305461883545,33.35445785522461,33.35348129272461
0.000350497430190444,0.0,0.0,0.0,11.904245376586914,-11.9043607711792,90.0,-90.0,70.98951721191406,-70.99077606201172,111.09991455078125,-111.09969329833984,85.74240112304688,-85.74630737304688,13.509208679199219,-13.50305461883545,33.35445785522461,33.35348129272461
0.00034259335370734334,0.0,0.0,0.0,12.015804290771484,-12.015933990478516,90.0,-90.0,70.97399139404297,-70.97528076171875,111.22856140136719,-111.22832489013672,85.7146987915039,-85.7186508178711,13.519652366638184,-13.51351261138916,33.5964469909668,33.595481872558594
0.00034259335370734334,0.0,0.0,0.0,12.015804290771484,-12.015933990478516,90.0,-90.0,70.97399139404297,-70.97528076171875,111.22856140136719,-111.22832489013672,85.7146987915039,-85.7186508178711,13.519652366638184,-13.51351261138916,33.5964469909668,33.595481872558594
0.00034259335370734334,0.0,0.0,0.0,12.015804290771484,-12.015933990478516,90.0,-90.0,70.97399139404297,-70.97528076171875,111.22856140136719,-111.22832489013672,85.7146987915039,-85.7186508178711,13.519652366638184,-13.51351261138916,33.5964469909668,33.595481872558594
0.00034259335370734334,0.0,0.0,0.0,12.015804290771484,-12.015933990478516,90.0,-90.0,70.97399139404297,-70.97528076171875,111.22856140136719,-111.22832489013672,85.7146987915039,-85.7186508178711,13.519652366638184,-13.51351261138916,33.5964469909668,33.595481872558594
0.00034259335370734334,0.0,0.0,0.0,12.015804290771484,-12.015933990478516,90.0,-90.0,70.97399139404297,-70.97528076171875,111.22856140136719,-111.22832489013672,85.7146987915039,-85.7186508178711,13.519652366638184,-13.51351261138916,33.5964469909668,33.595481872558594
0.00034259335370734334,0.0,0.0,0.0,12.015804290771484,-12.015933990478516,90.0,-90.0,70.97399139404297,-70.97528076171875,111.22856140136719,-111.22832489013672,85.7146987915039,-85.7186508178711,13.519652366638184,-13.51351261138916,33.5964469909668,33.595481872558594
0.00034259335370734334,0.0,0.0,0.0,12.015804290771484,-12.015933990478516,90.0,-90.0,70.97399139404297,-70.97528076171875,111.22856140136719,-111.22832489013672,85.7146987915039,-85.7186508178711,13.519652366638184,-13.51351261138916,33.5964469909668,33.595481872558594
0.00034259335370734334,0.0,0.0,0.0,12.015804290771484,-12.015933990478516,90.0,-90.0,70.97399139404297,-70.97528076171875,111.22856140136719,-111.22832489013672,85.7146987915039,-85.7186508178711,13.519652366638184,-13.51351261138916,33.5964469909668,33.595481872558594
0.00034259335370734334,0.0,0.0,0.0,12.015804290771484,-12.015933990478516,90.0,-90.0,70.97399139404297,-70.97528076171875,111.22856140136719,-111.22832489013672,85.7146987915039,-85.7186508178711,13.519652366638184,-13.51351261138916,33.5964469909668,33.595481872558594
0.00034259335370734334,0.0,0.0,0.0,12.015804290771484,-12.015933990478516,90.0,-90.0,70.97399139404297,-70.97528076171875,111.22856140136719,-111.22832489013672,85.7146987915039,-85.7186508178711,13.519652366638184,-13.51351261138916,33.5964469909668,33.595481872558594
0.00034259335370734334,0.0,0.0,0.0,12.015804290771484,-12.015933990478516,90.0,-90.0,70.97399139404297,-70.97528076171875,111.22856140136719,-111.22832489013672,85.7146987915039,-85.7186508178711,13.519652366638184,-13.51351261138916,33.5964469909668,33.595481872558594
0.00034259335370734334,0.0,0.0,0.0,12.015804290771484,-12.015933990478516,90.0,-90.0,70.97399139404297,-70.97528076171875,111.22856140136719,-111.22832489013672,85.7146987915039,-85.7186508178711,13.519652366638184,-13.51351261138916,33.5964469909668,33.595481872558594
0.00034259335370734334,0.0,0.0,0.0,12.015804290771484,-12.015933990478516,90.0,-90.0,70.97399139404297,-70.97528076171875,111.22856140136719,-111.22832489013672,85.7146987915039,-85.7186508178711,13.519652366638184,-13.51351261138916,33.5964469909668,33.595481872558594
0.00034259335370734334,0.0,0.0,0.0,12.015804290771484,-12.015933990478516,90.0,-90.0,70.97399139404297,-70.97528076171875,111.22856140136719,-111.22832489013672,85.7146987915039,-85.7186508178711,13.519652366638184,-13.51351261138916,33.5964469909668,33.595481872558594
0.00034259335370734334,0.0,0.0,0.0,12.015804290771484,-12.015933990478516,90.0,-90.0,70.97399139404297,-70.97528076171875,111.22856140136719,-111.22832489013672,85.7146987915039,-85.7186508178711,13.519652366638184,-13.51351261138916,33.5964469909668,33.595481872558594
0.00034259335370734334,0.0,0.0,0.0,12.015804290771484,-12.015933990478516,90.0,-90.0,70.97399139404297,-70.97528076171875,111.22856140136719,-111.22832489013672,85.7146987915039,-85.7186508178711,13.519652366638184,-13.51351261138916,33.5964469909668,33.595481872558594
0.00034259335370734334,0.0,0.0,0.0,12.015804290771484,-12.015933990478516,90.0,-90.0,70.97399139404297,-70.97528076171875,111.22856140136719,-111.22832489013672,85.7146987915039,-85.7186508178711,13.519652366638184,-13.51351261138916,33.5964469909668,33.595481872558594
0.00034259335370734334,0.0,0.0,0.0,12.015804290771484,-12.015933990478516,90.0,-90.0,70.97399139404297,-70.97528076171875,111.22856140136719,-111.22832489013672,85.7146987915039,-85.7186508178711,13.519652366638184,-13.51351261138916,33.5964469909668,33.595481872558594
0.00034259335370734334,0.0,0.0,0.0,12.015804290771484,-12.015933990478516,90.0,-90.0,70.97399139404297,-70.97528076171875,111.22856140136719,-111.22832489013672,85.7146987915039,-85.7186508178711,13.519652366638184,-13.51351261138916,33.5964469909668,33.595481872558594
0.00034259335370734334,0.0,0.0,0.0,12.015804290771484,-12.015933990478516,90.0,-90.0,70.97399139404297,-70.97528076171875,111.22856140136719,-111.22832489013672,85.7146987915039,-85.7186508178711,13.519652366638184,-13.51351261138916,33.5964469909668,33.595481872558594
0.00034259335370734334,0.0,0.0,0.0,12.015804290771484,-12.015933990478516,90.0,-90.0,70.97399139404297,-70.97528076171875,111.22856140136719,-111.22832489013672,85.7146987915039,-85.7186508178711,13.519652366638184,-13.51351261138916,33.5964469909668,33.595481872558594
0.00034259335370734334,0.0,0.0,0.0,12.015804290771484,-12.015933990478516,90.0,-90.0,70.97399139404297,-70.97528076171875,111.22856140136719,-111.22832489013672,85.7146987915039,-85.7186508178711,13.519652366638184,-13.51351261138916,33.5964469909668,33.595481872558594
0.00034259335370734334,0.0,0.0,0.0,12.015804290771484,-12.015933990478516,90.0,-90.0,70.97399139404297,-70.97528076171875,111.22856140136719,-111.22832489013672,85.7146987915039,-85.7186508178711,13.519652366638184,-13.51351261138916,33.5964469909668,33.595481872558594
0.00034259335370734334,0.0,0.0,0.0,12.015804290771484,-12.015933990478516,90.0,-90.0,70.97399139404297,-70.97528076171875,111.22856140136719,-111.22832489013672,85.7146987915039,-85.7186508178711,13.519652366638184,-13.51351261138916,33.5964469909668,33.595481872558594
0.00034259335370734334,0.0,0.0,0.0,12.015804290771484,-12.015933990478516,90.0,-90.0,70.97399139404297,-70.97528076171875,111.22856140136719,-111.22832489013672,85.7146987915039,-85.7186508178711,13.519652366638184,-13.51351261138916,33.5964469909668,33.595481872558594
0.00034259335370734334,0.0,0.0,0.0,12.015804290771484,-12.015933990478516,90.0,-90.0,70.97399139404297,-70.97528076171875,111.22856140136719,-111.22832489013672,85.7146987915039,-85.7186508178711,13.519652366638184,-13.51351261138916,33.5964469909668,33.595481872558594
0.00034259335370734334,0.0,0.0,0.0,12.015804290771484,-12.015933990478516,90.0,-90.0,70.97399139404297,-70.97528076171875,111.22856140136719,-111.22832489013672,85.7146987915039,-85.7186508178711,13.519652366638184,-13.51351261138916,33.5964469909668,33.595481872558594
0.00034259335370734334,0.0,0.0,0.0,12.015804290771484,-12.015933990478516,90.0,-90.0,70.97399139404297,-70.97528076171875,111.22856140136719,-111.22832489013672,85.7146987915039,-85.7186508178711,13.519652366638184,-13.51351261138916,33.5964469909668,33.595481872558594
0.00034259335370734334,0.0,0.0,0.0,12.015804290771484,-12.015933990478516,90.0,-90.0,70.97399139404297,-70.97528076171875,111.22856140136719,-111.22832489013672,85.7146987915039,-85.7186508178711,13.519652366638184,-13.51351261138916,33.5964469909668,33.595481872558594
0.00034259335370734334,0.0,0.0,0.0,12.015804290771484,-12.015933990478516,90.0,-90.0,70.97399139404297,-70.97528076171875,111.22856140136719,-111.22832489013672,85.7146987915039,-85.7186508178711,13.519652366638184,-13.51351261138916,33.5964469909668,33.595481872558594
0.00034259335370734334,0.0,0.0,0.0,12.015804290771484,-12.015933990478516,90.0,-90.0,70.97399139404297,-70.97528076171875,111.22856140136719,-111.22832489013672,85.7146987915039,-85.7186508178711,13.519652366638184,-13.51351261138916,33.5964469909668,33.595481872558594
0.00034259335370734334,0.0,0.0,0.0,12.015804290771484,-12.015933990478516,90.0,-90.0,70.97399139404297,-70.97528076171875,111.22856140136719,-111.22832489013672,85.7146987915039,-85.7186508178711,13.519652366638184,-13.51351261138916,33.5964469909668,33.595481872558594
0.00034259335370734334,0.0,0.0,0.0,12.015804290771484,-12.015933990478516,90.0,-90.0,70.97399139404297,-70.97528076171875,111.22856140136719,-111.22832489013672,85.7146987915039,-85.7186508178711,13.519652366638184,-13.51351261138916,33.5964469909668,33.595481872558594
0.00034259335370734334,0.0,0.0,0.0,12.015804290771484,-12.015933990478516,90.0,-90.0,70.97399139404297,-70.97528076171875,111.22856140136719,-111.22832489013672,85.7146987915039,-85.7186508178711,13.519652366638184,-13.51351261138916,33.5964469909668,33.595481872558594
0.00034259335370734334,0.0,0.0,0.0,12.015804290771484,-12.015933990478516,90.0,-90.0,70.97399139404297,-70.97528076171875,111.22856140136719,-111.22832489013672,85.7146987915039,-85.7186508178711,13.519652366638184,-13.51351261138916,33.5964469909668,33.595481872558594
0.00034259335370734334,0.0,0.0,0.0,12.015804290771484,-12.015933990478516,90.0,-90.0,70.97399139404297,-70.97528076171875,111.22856140136719,-111.22832489013672,85.7146987915039,-85.7186508178711,13.519652366638184,-13.51351261138916,33.5964469909668,33.595481872558594
0.00034259335370734334,0.0,0.0,0.0,12.015804290771484,-12.015933990478516,90.0,-90.0,70.97399139404297,-70.97528076171875,111.22856140136719,-111.22832489013672,85.7146987915039,-85.7186508178711,13.519652366638184,-13.51351261138916,33.5964469909668,33.595481872558594
0.00034259335370734334,0.0,0.0,0.0,12.015804290771484,-12.015933990478516,90.0,-90.0,70.97399139404297,-70.97528076171875,111.22856140136719,-111.22832489013672,85.7146987915039,-85.7186508178711,13.519652366638184,-13.51351261138916,33.5964469909668,33.595481872558594
0.00034259335370734334,0.0,0.0,0.0,12.015804290771484,-12.015933990478516,90.0,-90.0,70.97399139404297,-70.97528076171875,111.22856140136719,-111.22832489013672,85.7146987915039,-85.7186508178711,13.519652366638184,-13.51351261138916,33.5964469909668,33.595481872558594
0.00034259335370734334,0.0,0.0,0.0,12.015804290771484,-12.015933990478516,90.0,-90.0,70.97399139404297,-70.97528076171875,111.22856140136719,-111.22832489013672,85.7146987915039,-85.7186508178711,13.519652366638184,-13.51351261138916,33.5964469909668,33.595481872558594
0.00034259335370734334,0.0,0.0,0.0,12.015804290771484,-12.015933990478516,90.0,-90.0,70.97399139404297,-70.97528076171875,111.22856140136719,-111.22832489013672,85.7146987915039,-85.7186508178711,13.519652366638184,-13.51351261138916,33.5964469909668,33.595481872558594
0.00034259335370734334,0.0,0.0,0.0,12.015804290771484,-12.015933990478516,90.0,-90.0,70.97399139404297,-70.97528076171875,111.22856140136719,-111.22832489013672,85.7146987915039,-85.7186508178711,13.519652366638184,-13.51351261138916,33.5964469909668,33.595481872558594
0.00034259335370734334,0.0,0.0,0.0,12.015804290771484,-12.015933990478516,90.0,-90.0,70.97399139404297,-70.97528076171875,111.22856140136719,-111.22832489013672,85.7146987915039,-85.7186508178711,13.519652366638184,-13.51351261138916,33.5964469909668,33.595481872558594
0.00034259335370734334,0.0,0.0,0.0,12.015804290771484,-12.015933990478516,90.0,-90.0,70.97399139404297,-70.97528076171875,111.22856140136719,-111.22832489013672,85.7146987915039,-85.7186508178711,13.519652366638184,-13.51351261138916,33.5964469909668,33.595481872558594
0.00034259335370734334,0.0,0.0,0.0,12.015804290771484,-12.015933990478516,90.0,-90.0,70.97399139404297,-70.97528076171875,111.22856140136719,-111.22832489013672,85.7146987915039,-85.7186508178711,13.519652366638184,-13.51351261138916,33.5964469909668,33.595481872558594
0.00034259335370734334,0.0,0.0,0.0,12.015804290771484,-12.015933990478516,90.0,-90.0,70.97399139404297,-70.97528076171875,111.22856140136719,-111.22832489013672,85.7146987915039,-85.7186508178711,13.519652366638184,-13.51351261138916,33.5964469909668,33.595481872558594
0.00034259335370734334,0.0,0.0,0.0,12.015804290771484,-12.015933990478516,90.0,-90.0,70.97399139404297,-70.97528076171875,111.22856140136719,-111.22832489013672,85.7146987915039,-85.7186508178711,13.519652366638184,-13.51351261138916,33.5964469909668,33.595481872558594
0.00034259335370734334,0.0,0.0,0.0,12.015804290771484,-12.015933990478516,90.0,-90.0,70.97399139404297,-70.97528076171875,111.22856140136719,-111.22832489013672,85.7146987915039,-85.7186508178711,13.519652366638184,-13.51351261138916,33.5964469909668,33.595481872558594
0.00034259335370734334,0.0,0.0,0.0,12.015804290771484,-12.015933990478516,90.0,-90.0,70.97399139404297,-70.97528076171875,111.22856140136719,-111.22832489013672,85.7146987915039,-85.7186508178711,13.519652366638184,-13.51351261138916,33.5964469909668,33.595481872558594
0.00034259335370734334,0.0,0.0,0.0,12.015804290771484,-12.015933990478516,90.0,-90.0,70.97399139404297,-70.97528076171875,111.22856140136719,-111.22832489013672,85.7146987915039,-85.7186508178711,13.519652366638184,-13.51351261138916,33.5964469909668,33.595481872558594
0.00034259335370734334,0.0,0.0,0.0,12.015804290771484,-12.015933990478516,90.0,-90.0,70.97399139404297,-70.97528076171875,111.22856140136719,-111.22832489013672,85.7146987915039,-85.7186508178711,13.519652366638184,-13.51351261138916,33.5964469909668,33.595481872558594
0.00034259335370734334,0.0,0.0,0.0,12.015804290771484,-12.015933990478516,90.0,-90.0,70.97399139404297,-70.97528076171875,111.22856140136719,-111.22832489013672,85.7146987915039,-85.7186508178711,13.519652366638184,-13.51351261138916,33.5964469909668,33.595481872558594
0.00034259335370734334,0.0,0.0,0.0,12.015804290771484,-12.015933990478516,90.0,-90.0,70.97399139404297,-70.97528076171875,111.22856140136719,-111.22832489013672,85.7146987915039,-85.7186508178711,13.519652366638184,-13.51351261138916,33.5964469909668,33.595481872558594
0.00034259335370734334,0.0,0.0,0.0,12.015804290771484,-12.015933990478516,90.0,-90.0,70.97399139404297,-70.97528076171875,111.22856140136719,-111.22832489013672,85.7146987915039,-85.7186508178711,13.519652366638184,-13.51351261138916,33.5964469909668,33.595481872558594
0.00034259335370734334,0.0,0.0,0.0,12.015804290771484,-12.015933990478516,90.0,-90.0,70.97399139404297,-70.97528076171875,111.22856140136719,-111.22832489013672,85.7146987915039,-85.7186508178711,13.519652366638184,-13.51351261138916,33.5964469909668,33.595481872558594
0.00034259335370734334,0.0,0.0,0.0,12.015804290771484,-12.015933990478516,90.0,-90.0,70.97399139404297,-70.97528076171875,111.22856140136719,-111.22832489013672,85.7146987915039,-85.7186508178711,13.519652366638184,-13.51351261138916,33.5964469909668,33.595481872558594
0.00034259335370734334,0.0,0.0,0.0,12.015804290771484,-12.015933990478516,90.0,-90.0,70.97399139404297,-70.97528076171875,111.22856140136719,-111.22832489013672,85.7146987915039,-85.7186508178711,13.519652366638184,-13.51351261138916,33.5964469909668,33.595481872558594
0.00034259335370734334,0.0,0.0,0.0,12.015804290771484,-12.015933990478516,90.0,-90.0,70.97399139404297,-70.97528076171875,111.22856140136719,-111.22832489013672,85.7146987915039,-85.7186508178711,13.519652366638184,-13.51351261138916,33.5964469909668,33.595481872558594
0.00034259335370734334,0.0,0.0,0.0,12.015804290771484,-12.015933990478516,90.0,-90.0,70.97399139404297,-70.97528076171875,111.22856140136719,-111.22832489013672,85.7146987915039,-85.7186508178711,13.519652366638184,-13.51351261138916,33.5964469909668,33.595481872558594
0.00034259335370734334,0.0,0.0,0.0,12.015804290771484,-12.015933990478516,90.0,-90.0,70.97399139404297,-70.97528076171875,111.22856140136719,-111.22832489013672,85.7146987915039,-85.7186508178711,13.519652366638184,-13.51351261138916,33.5964469909668,33.595481872558594
0.00034259335370734334,0.0,0.0,0.0,12.015804290771484,-12.015933990478516,90.0,-90.0,70.97399139404297,-70.97528076171875,111.22856140136719,-111.22832489013672,85.7146987915039,-85.7186508178711,13.519652366638184,-13.51351261138916,33.5964469909668,33.595481872558594
0.00034259335370734334,0.0,0.0,0.0,12.015804290771484,-12.015933990478516,90.0,-90.0,70.97399139404297,-70.97528076171875,111.22856140136719,-111.22832489013672,85.7146987915039,-85.7186508178711,13.519652366638184,-13.51351261138916,33.5964469909668,33.595481872558594
0.00034259335370734334,0.0,0.0,0.0,12.015804290771484,-12.015933990478516,90.0,-90.0,70.97399139404297,-70.97528076171875,111.22856140136719,-111.22832489013672,85.7146987915039,-85.7186508178711,13.519652366638184,-13.51351261138916,33.5964469909668,33.595481872558594
0.00034259335370734334,0.0,0.0,0.0,12.015804290771484,-12.015933990478516,90.0,-90.0,70.97399139404297,-70.97528076171875,111.22856140136719,-111.22832489013672,85.7146987915039,-85.7186508178711,13.519652366638184,-13.51351261138916,33.5964469909668,33.595481872558594
0.00034259335370734334,0.0,0.0,0.0,12.015804290771484,-12.015933990478516,90.0,-90.0,70.97399139404297,-70.97528076171875,111.22856140136719,-111.22832489013672,85.7146987915039,-85.7186508178711,13.519652366638184,-13.51351261138916,33.5964469909668,33.595481872558594
0.00034259335370734334,0.0,0.0,0.0,12.015804290771484,-12.015933990478516,90.0,-90.0,70.97399139404297,-70.97528076171875,111.22856140136719,-111.22832489013672,85.7146987915039,-85.7186508178711,13.519652366638184,-13.51351261138916,33.5964469909668,33.595481872558594
0.00034259335370734334,0.0,0.0,0.0,12.015804290771484,-12.015933990478516,90.0,-90.0,70.97399139404297,-70.97528076171875,111.22856140136719,-111.22832489013672,85.7146987915039,-85.7186508178711,13.519652366638184,-13.51351261138916,33.5964469909668,33.595481872558594
0.00034259335370734334,0.0,0.0,0.0,12.015804290771484,-12.015933990478516,90.0,-90.0,70.97399139404297,-70.97528076171875,111.22856140136719,-111.22832489013672,85.7146987915039,-85.7186508178711,13.519652366638184,-13.51351261138916,33.5964469909668,33.595481872558594
0.00034259335370734334,0.0,0.0,0.0,12.015804290771484,-12.015933990478516,90.0,-90.0,70.97399139404297,-70.97528076171875,111.22856140136719,-111.22832489013672,85.7146987915039,-85.7186508178711,13.519652366638184,-13.51351261138916,33.5964469909668,33.595481872558594
0.00034259335370734334,0.0,0.0,0.0,12.015804290771484,-12.015933990478516,90.0,-90.0,70.97399139404297,-70.97528076171875,111.22856140136719,-111.22832489013672,85.7146987915039,-85.7186508178711,13.519652366638184,-13.51351261138916,33.5964469909668,33.595481872558594
0.00034259335370734334,0.0,0.0,0.0,12.015804290771484,-12.015933990478516,90.0,-90.0,70.97399139404297,-70.97528076171875,111.22856140136719,-111.22832489013672,85.7146987915039,-85.7186508178711,13.519652366638184,-13.51351261138916,33.5964469909668,33.595481872558594
0.00034259335370734334,0.0,0.0,0.0,12.015804290771484,-12.015933990478516,90.0,-90.0,70.97399139404297,-70.97528076171875,111.22856140136719,-111.22832489013672,85.7146987915039,-85.7186508178711,13.519652366638184,-13.51351261138916,33.5964469909668,33.595481872558594
0.00034259335370734334,0.0,0.0,0.0,12.015804290771484,-12.015933990478516,90.0,-90.0,70.97399139404297,-70.97528076171875,111.22856140136719,-111.22832489013672,85.7146987915039,-85.7186508178711,13.519652366638184,-13.51351261138916,33.5964469909668,33.595481872558594
0.00034259335370734334,0.0,0.0,0.0,12.015804290771484,-12.015933990478516,90.0,-90.0,70.97399139404297,-70.97528076171875,111.22856140136719,-111.22832489013672,85.7146987915039,-85.7186508178711,13.519652366638184,-13.51351261138916,33.5964469909668,33.595481872558594
0.00034259335370734334,0.0,0.0,0.0,12.015804290771484,-12.015933990478516,90.0,-90.0,70.97399139404297,-70.97528076171875,111.22856140136719,-111.22832489013672,85.7146987915039,-85.7186508178711,13.519652366638184,-13.51351261138916,33.5964469909668,33.595481872558594
0.00034259335370734334,0.0,0.0,0.0,12.015804290771484,-12.015933990478516,90.0,-90.0,70.97399139404297,-70.97528076171875,111.22856140136719,-111.22832489013672,85.7146987915039,-85.7186508178711,13.519652366638184,-13.51351261138916,33.5964469909668,33.595481872558594
0.00034259335370734334,0.0,0.0,0.0,12.015804290771484,-12.015933990478516,90.0,-90.0,70.97399139404297,-70.97528076171875,111.22856140136719,-111.22832489013672,85.7146987915039,-85.7186508178711,13.519652366638184,-13.51351261138916,33.5964469909668,33.595481872558594
0.00034259335370734334,0.0,0.0,0.0,12.015804290771484,-12.015933990478516,90.0,-90.0,70.97399139404297,-70.97528076171875,111.22856140136719,-111.22832489013672,85.7146987915039,-85.7186508178711,13.519652366638184,-13.51351261138916,33.5964469909668,33.595481872558594
0.00034259335370734334,0.0,0.0,0.0,12.015804290771484,-12.015933990478516,90.0,-90.0,70.97399139404297,-70.97528076171875,111.22856140136719,-111.22832489013672,85.7146987915039,-85.7186508178711,13.519652366638184,-13.51351261138916,33.5964469909668,33.595481872558594
0.00034259335370734334,0.0,0.0,0.0,12.015804290771484,-12.015933990478516,90.0,-90.0,70.97399139404297,-70.97528076171875,111.22856140136719,-111.22832489013672,85.7146987915039,-85.7186508178711,13.519652366638184,-13.51351261138916,33.5964469909668,33.595481872558594
0.00034259335370734334,0.0,0.0,0.0,12.015804290771484,-12.015933990478516,90.0,-90.0,70.97399139404297,-70.97528076171875,111.22856140136719,-111.22832489013672,85.7146987915039,-85.7186508178711,13.519652366638184,-13.51351261138916,33.5964469909668,33.595481872558594
0.00034259335370734334,0.0,0.0,0.0,12.015804290771484,-12.015933990478516,90.0,-90.0,70.97399139404297,-70.97528076171875,111.22856140136719,-111.22832489013672,85.7146987915039,-85.7186508178711,13.519652366638184,-13.51351261138916,33.5964469909668,33.595481872558594
0.00034259335370734334,0.0,0.0,0.0,12.015804290771484,-12.015933990478516,90.0,-90.0,70.97399139404297,-70.97528076171875,111.22856140136719,-111.22832489013672,85.7146987915039,-85.7186508178711,13.519652366638184,-13.51351261138916,33.5964469909668,33.595481872558594
0.00034259335370734334,0.0,0.0,0.0,12.015804290771484,-12.015933990478516,90.0,-90.0,70.97399139404297,-70.97528076171875,111.22856140136719,-111.22832489013672,85.7146987915039,-85.7186508178711,13.519652366638184,-13.51351261138916,33.5964469909668,33.595481872558594
0.00034259335370734334,0.0,0.0,0.0,12.015804290771484,-12.015933990478516,90.0,-90.0,70.97399139404297,-70.97528076171875,111.22856140136719,-111.22832489013672,85.7146987915039,-85.7186508178711,13.519652366638184,-13.51351261138916,33.5964469909668,33.595481872558594
0.00034259335370734334,0.0,0.0,0.0,12.015804290771484,-12.015933990478516,90.0,-90.0,70.97399139404297,-70.97528076171875,111.22856140136719,-111.22832489013672,85.7146987915039,-85.7186508178711,13.519652366638184,-13.51351261138916,33.5964469909668,33.595481872558594
0.00034259335370734334,0.0,0.0,0.0,12.015804290771484,-12.015933990478516,90.0,-90.0,70.97399139404297,-70.97528076171875,111.22856140136719,-111.22832489013672,85.7146987915039,-85.7186508178711,13.519652366638184,-13.51351261138916,33.5964469909668,33.595481872558594
0.00034259335370734334,0.0,0.0,0.0,12.015804290771484,-12.015933990478516,90.0,-90.0,70.97399139404297,-70.97528076171875,111.22856140136719,-111.22832489013672,85.7146987915039,-85.7186508178711,13.519652366638184,-13.51351261138916,33.5964469909668,33.595481872558594
0.00034259335370734334,0.0,0.0,0.0,12.015804290771484,-12.015933990478516,90.0,-90.0,70.97399139404297,-70.97528076171875,111.22856140136719,-111.22832489013672,85.7146987915039,-85.7186508178711,13.519652366638184,-13.51351261138916,33.5964469909668,33.595481872558594
0.00034259335370734334,0.0,0.0,0.0,12.015804290771484,-12.015933990478516,90.0,-90.0,70.97399139404297,-70.97528076171875,111.22856140136719,-111.22832489013672,85.7146987915039,-85.7186508178711,13.519652366638184,-13.51351261138916,33.5964469909668,33.595481872558594
0.00034259335370734334,0.0,0.0,0.0,12.015804290771484,-12.015933990478516,90.0,-90.0,70.97399139404297,-70.97528076171875,111.22856140136719,-111.22832489013672,85.7146987915039,-85.7186508178711,13.519652366638184,-13.51351261138916,33.5964469909668,33.595481872558594
0.00034259335370734334,0.0,0.0,0.0,12.015804290771484,-12.015933990478516,90.0,-90.0,70.97399139404297,-70.97528076171875,111.22856140136719,-111.22832489013672,85.7146987915039,-85.7186508178711,13.519652366638184,-13.51351261138916,33.5964469909668,33.595481872558594
0.00034259335370734334,0.0,0.0,0.0,12.015804290771484,-12.015933990478516,90.0,-90.0,70.97399139404297,-70.97528076171875,111.22856140136719,-111.22832489013672,85.7146987915039,-85.7186508178711,13.519652366638184,-13.51351261138916,33.5964469909668,33.595481872558594
0.00034259335370734334,0.0,0.0,0.0,12.015804290771484,-12.015933990478516,90.0,-90.0,70.97399139404297,-70.97528076171875,111.22856140136719,-111.22832489013672,85.7146987915039,-85.7186508178711,13.519652366638184,-13.51351261138916,33.5964469909668,33.595481872558594
0.00034259335370734334,0.0,0.0,0.0,12.015804290771484,-12.015933990478516,90.0,-90.0,70.97399139404297,-70.97528076171875,111.22856140136719,-111.22832489013672,85.7146987915039,-85.7186508178711,13.519652366638184,-13.51351261138916,33.5964469909668,33.595481872558594
0.00034259335370734334,0.0,0.0,0.0,12.015804290771484,-12.015933990478516,90.0,-90.0,70.97399139404297,-70.97528076171875,111.22856140136719,-111.22832489013672,85.7146987915039,-85.7186508178711,13.519652366638184,-13.51351261138916,33.5964469909668,33.595481872558594
0.00034259335370734334,0.0,0.0,0.0,12.015804290771484,-12.015933990478516,90.0,-90.0,70.97399139404297,-70.97528076171875,111.22856140136719,-111.22832489013672,85.7146987915039,-85.7186508178711,13.519652366638184,-13.51351261138916,33.5964469909668,33.595481872558594
0.00034259335370734334,0.0,0.0,0.0,12.015804290771484,-12.015933990478516,90.0,-90.0,70.97399139404297,-70.97528076171875,111.22856140136719,-111.22832489013672,85.7146987915039,-85.7186508178711,13.519652366638184,-13.51351261138916,33.5964469909668,33.595481872558594
0.00034259335370734334,0.0,0.0,0.0,12.015804290771484,-12.015933990478516,90.0,-90.0,70.97399139404297,-70.97528076171875,111.22856140136719,-111.22832489013672,85.7146987915039,-85.7186508178711,13.519652366638184,-13.51351261138916,33.5964469909668,33.595481872558594
0.00034259335370734334,0.0,0.0,0.0,12.015804290771484,-12.015933990478516,90.0,-90.0,70.97399139404297,-70.97528076171875,111.22856140136719,-111.22832489013672,85.7146987915039,-85.7186508178711,13.519652366638184,-13.51351261138916,33.5964469909668,33.595481872558594
0.00034259335370734334,0.0,0.0,0.0,12.015804290771484,-12.015933990478516,90.0,-90.0,70.97399139404297,-70.97528076171875,111.22856140136719,-111.22832489013672,85.7146987915039,-85.7186508178711,13.519652366638184,-13.51351261138916,33.5964469909668,33.595481872558594
0.00034259335370734334,0.0,0.0,0.0,12.015804290771484,-12.015933990478516,90.0,-90.0,70.97399139404297,-70.97528076171875,111.22856140136719,-111.22832489013672,85.7146987915039,-85.7186508178711,13.519652366638184,-13.51351261138916,33.5964469909668,33.595481872558594
0.00034259335370734334,0.0,0.0,0.0,12.015804290771484,-12.015933990478516,90.0,-90.0,70.97399139404297,-70.97528076171875,111.22856140136719,-111.22832489013672,85.7146987915039,-85.7186508178711,13.519652366638184,-13.51351261138916,33.5964469909668,33.595481872558594
0.00034259335370734334,0.0,0.0,0.0,12.015804290771484,-12.015933990478516,90.0,-90.0,70.97399139404297,-70.97528076171875,111.22856140136719,-111.22832489013672,85.7146987915039,-85.7186508178711,13.519652366638184,-13.51351261138916,33.5964469909668,33.595481872558594
0.00034259335370734334,0.0,0.0,0.0,12.015804290771484,-12.015933990478516,90.0,-90.0,70.97399139404297,-70.97528076171875,111.22856140136719,-111.22832489013672,85.7146987915039,-85.7186508178711,13.519652366638184,-13.51351261138916,33.5964469909668,33.595481872558594
0.00034259335370734334,0.0,0.0,0.0,12.015804290771484,-12.015933990478516,90.0,-90.0,70.97399139404297,-70.97528076171875,111.22856140136719,-111.22832489013672,85.7146987915039,-85.7186508178711,13.519652366638184,-13.51351261138916,33.5964469909668,33.595481872558594
0.00034259335370734334,0.0,0.0,0.0,12.015804290771484,-12.015933990478516,90.0,-90.0,70.97399139404297,-70.97528076171875,111.22856140136719,-111.22832489013672,85.7146987915039,-85.7186508178711,13.519652366638184,-13.51351261138916,33.5964469909668,33.595481872558594
0.00034259335370734334,0.0,0.0,0.0,12.015804290771484,-12.015933990478516,90.0,-90.0,70.97399139404297,-70.97528076171875,111.22856140136719,-111.22832489013672,85.7146987915039,-85.7186508178711,13.519652366638184,-13.51351261138916,33.5964469909668,33.595481872558594
0.00034259335370734334,0.0,0.0,0.0,12.015804290771484,-12.015933990478516,90.0,-90.0,70.97399139404297,-70.97528076171875,111.22856140136719,-111.22832489013672,85.7146987915039,-85.7186508178711,13.519652366638184,-13.51351261138916,33.5964469909668,33.595481872558594
0.00034259335370734334,0.0,0.0,0.0,12.015804290771484,-12.015933990478516,90.0,-90.0,70.97399139404297,-70.97528076171875,111.22856140136719,-111.22832489013672,85.7146987915039,-85.7186508178711,13.519652366638184,-13.51351261138916,33.5964469909668,33.595481872558594
0.00034259335370734334,0.0,0.0,0.0,12.015804290771484,-12.015933990478516,90.0,-90.0,70.97399139404297,-70.97528076171875,111.22856140136719,-111.22832489013672,85.7146987915039,-85.7186508178711,13.519652366638184,-13.51351261138916,33.5964469909668,33.595481872558594
0.00034259335370734334,0.0,0.0,0.0,12.015804290771484,-12.015933990478516,90.0,-90.0,70.97399139404297,-70.97528076171875,111.22856140136719,-111.22832489013672,85.7146987915039,-85.7186508178711,13.519652366638184,-13.51351261138916,33.5964469909668,33.595481872558594
0.00034259335370734334,0.0,0.0,0.0,12.015804290771484,-12.015933990478516,90.0,-90.0,70.97399139404297,-70.97528076171875,111.22856140136719,-111.22832489013672,85.7146987915039,-85.7186508178711,13.519652366638184,-13.51351261138916,33.5964469909668,33.595481872558594
0.00034259335370734334,0.0,0.0,0.0,12.015804290771484,-12.015933990478516,90.0,-90.0,70.97399139404297,-70.97528076171875,111.22856140136719,-111.22832489013672,85.7146987915039,-85.7186508178711,13.519652366638184,-13.51351261138916,33.5964469909668,33.595481872558594
0.00034259335370734334,0.0,0.0,0.0,12.015804290771484,-12.015933990478516,90.0,-90.0,70.97399139404297,-70.97528076171875,111.22856140136719,-111.22832489013672,85.7146987915039,-85.7186508178711,13.519652366638184,-13.51351261138916,33.5964469909668,33.595481872558594
0.00034259335370734334,0.0,0.0,0.0,12.015804290771484,-12.015933990478516,90.0,-90.0,70.97399139404297,-70.97528076171875,111.22856140136719,-111.22832489013672,85.7146987915039,-85.7186508178711,13.519652366638184,-13.51351261138916,33.5964469909668,33.595481872558594
0.00034259335370734334,0.0,0.0,0.0,12.015804290771484,-12.015933990478516,90.0,-90.0,70.97399139404297,-70.97528076171875,111.22856140136719,-111.22832489013672,85.7146987915039,-85.7186508178711,13.519652366638184,-13.51351261138916,33.5964469909668,33.595481872558594
0.00034259335370734334,0.0,0.0,0.0,12.015804290771484,-12.015933990478516,90.0,-90.0,70.97399139404297,-70.97528076171875,111.22856140136719,-111.22832489013672,85.7146987915039,-85.7186508178711,13.519652366638184,-13.51351261138916,33.5964469909668,33.595481872558594
0.00034259335370734334,0.0,0.0,0.0,12.015804290771484,-12.015933990478516,90.0,-90.0,70.97399139404297,-70.97528076171875,111.22856140136719,-111.22832489013672,85.7146987915039,-85.7186508178711,13.519652366638184,-13.51351261138916,33.5964469909668,33.595481872558594
0.00034259335370734334,0.0,0.0,0.0,12.015804290771484,-12.015933990478516,90.0,-90.0,70.97399139404297,-70.97528076171875,111.22856140136719,-111.22832489013672,85.7146987915039,-85.7186508178711,13.519652366638184,-13.51351261138916,33.5964469909668,33.595481872558594
0.00034259335370734334,0.0,0.0,0.0,12.015804290771484,-12.015933990478516,90.0,-90.0,70.97399139404297,-70.97528076171875,111.22856140136719,-111.22832489013672,85.7146987915039,-85.7186508178711,13.519652366638184,-13.51351261138916,33.5964469909668,33.595481872558594
0.00034259335370734334,0.0,0.0,0.0,12.015804290771484,-12.015933990478516,90.0,-90.0,70.97399139404297,-70.97528076171875,111.22856140136719,-111.22832489013672,85.7146987915039,-85.7186508178711,13.519652366638184,-13.51351261138916,33.5964469909668,33.595481872558594
0.00034259335370734334,0.0,0.0,0.0,12.015804290771484,-12.015933990478516,90.0,-90.0,70.97399139404297,-70.97528076171875,111.22856140136719,-111.22832489013672,85.7146987915039,-85.7186508178711,13.519652366638184,-13.51351261138916,33.5964469909668,33.595481872558594
0.00034259335370734334,0.0,0.0,0.0,12.015804290771484,-12.015933990478516,90.0,-90.0,70.97399139404297,-70.97528076171875,111.22856140136719,-111.22832489013672,85.7146987915039,-85.7186508178711,13.519652366638184,-13.51351261138916,33.5964469909668,33.595481872558594
0.00034259335370734334,0.0,0.0,0.0,12.015804290771484,-12.015933990478516,90.0,-90.0,70.97399139404297,-70.97528076171875,111.22856140136719,-111.22832489013672,85.7146987915039,-85.7186508178711,13.519652366638184,-13.51351261138916,33.5964469909668,33.595481872558594
0.00034259335370734334,0.0,0.0,0.0,12.015804290771484,-12.015933990478516,90.0,-90.0,70.97399139404297,-70.97528076171875,111.22856140136719,-111.22832489013672,85.7146987915039,-85.7186508178711,13.519652366638184,-13.51351261138916,33.5964469909668,33.595481872558594
0.00034259335370734334,0.0,0.0,0.0,12.015804290771484,-12.015933990478516,90.0,-90.0,70.97399139404297,-70.97528076171875,111.22856140136719,-111.22832489013672,85.7146987915039,-85.7186508178711,13.519652366638184,-13.51351261138916,33.5964469909668,33.595481872558594
0.00034259335370734334,0.0,0.0,0.0,12.015804290771484,-12.015933990478516,90.0,-90.0,70.97399139404297,-70.97528076171875,111.22856140136719,-111.22832489013672,85.7146987915039,-85.7186508178711,13.519652366638184,-13.51351261138916,33.5964469909668,33.595481872558594
0.00034259335370734334,0.0,0.0,0.0,12.015804290771484,-12.015933990478516,90.0,-90.0,70.97399139404297,-70.97528076171875,111.22856140136719,-111.22832489013672,85.7146987915039,-85.7186508178711,13.519652366638184,-13.51351261138916,33.5964469909668,33.595481872558594
0.00034259335370734334,0.0,0.0,0.0,12.015804290771484,-12.015933990478516,90.0,-90.0,70.97399139404297,-70.97528076171875,111.22856140136719,-111.22832489013672,85.7146987915039,-85.7186508178711,13.519652366638184,-13.51351261138916,33.5964469909668,33.595481872558594
0.00034259335370734334,0.0,0.0,0.0,12.015804290771484,-12.015933990478516,90.0,-90.0,70.97399139404297,-70.97528076171875,111.22856140136719,-111.22832489013672,85.7146987915039,-85.7186508178711,13.519652366638184,-13.51351261138916,33.5964469909668,33.595481872558594
0.00034259335370734334,0.0,0.0,0.0,12.015804290771484,-12.015933990478516,90.0,-90.0,70.97399139404297,-70.97528076171875,111.22856140136719,-111.22832489013672,85.7146987915039,-85.7186508178711,13.519652366638184,-13.51351261138916,33.5964469909668,33.595481872558594
0.00034259335370734334,0.0,0.0,0.0,12.015804290771484,-12.015933990478516,90.0,-90.0,70.97399139404297,-70.97528076171875,111.22856140136719,-111.22832489013672,85.7146987915039,-85.7186508178711,13.519652366638184,-13.51351261138916,33.5964469909668,33.595481872558594
0.00034259335370734334,0.0,0.0,0.0,12.015804290771484,-12.015933990478516,90.0,-90.0,70.97399139404297,-70.97528076171875,111.22856140136719,-111.22832489013672,85.7146987915039,-85.7186508178711,13.519652366638184,-13.51351261138916,33.5964469909668,33.595481872558594
0.00034259335370734334,0.0,0.0,0.0,12.015804290771484,-12.015933990478516,90.0,-90.0,70.97399139404297,-70.97528076171875,111.22856140136719,-111.22832489013672,85.7146987915039,-85.7186508178711,13.519652366638184,-13.51351261138916,33.5964469909668,33.595481872558594
0.00034259335370734334,0.0,0.0,0.0,12.015804290771484,-12.015933990478516,90.0,-90.0,70.97399139404297,-70.97528076171875,111.22856140136719,-111.22832489013672,85.7146987915039,-85.7186508178711,13.519652366638184,-13.51351261138916,33.5964469909668,33.595481872558594
0.00034259335370734334,0.0,0.0,0.0,12.015804290771484,-12.015933990478516,90.0,-90.0,70.97399139404297,-70.97528076171875,111.22856140136719,-111.22832489013672,85.7146987915039,-85.7186508178711,13.519652366638184,-13.51351261138916,33.5964469909668,33.595481872558594
0.00034259335370734334,0.0,0.0,0.0,12.015804290771484,-12.015933990478516,90.0,-90.0,70.97399139404297,-70.97528076171875,111.22856140136719,-111.22832489013672,85.7146987915039,-85.7186508178711,13.519652366638184,-13.51351261138916,33.5964469909668,33.595481872558594
0.00034259335370734334,0.0,0.0,0.0,12.015804290771484,-12.015933990478516,90.0,-90.0,70.97399139404297,-70.97528076171875,111.22856140136719,-111.22832489013672,85.7146987915039,-85.7186508178711,13.519652366638184,-13.51351261138916,33.5964469909668,33.595481872558594
0.00034259335370734334,0.0,0.0,0.0,12.015804290771484,-12.015933990478516,90.0,-90.0,70.97399139404297,-70.97528076171875,111.22856140136719,-111.22832489013672,85.7146987915039,-85.7186508178711,13.519652366638184,-13.51351261138916,33.5964469909668,33.595481872558594
0.00034259335370734334,0.0,0.0,0.0,12.015804290771484,-12.015933990478516,90.0,-90.0,70.97399139404297,-70.97528076171875,111.22856140136719,-111.22832489013672,85.7146987915039,-85.7186508178711,13.519652366638184,-13.51351261138916,33.5964469909668,33.595481872558594
0.00034259335370734334,0.0,0.0,0.0,12.015804290771484,-12.015933990478516,90.0,-90.0,70.97399139404297,-70.97528076171875,111.22856140136719,-111.22832489013672,85.7146987915039,-85.7186508178711,13.519652366638184,-13.51351261138916,33.5964469909668,33.595481872558594
0.00034259335370734334,0.0,0.0,0.0,12.015804290771484,-12.015933990478516,90.0,-90.0,70.97399139404297,-70.97528076171875,111.22856140136719,-111.22832489013672,85.7146987915039,-85.7186508178711,13.519652366638184,-13.51351261138916,33.5964469909668,33.595481872558594
0.00034259335370734334,0.0,0.0,0.0,12.015804290771484,-12.015933990478516,90.0,-90.0,70.97399139404297,-70.97528076171875,111.22856140136719,-111.22832489013672,85.7146987915039,-85.7186508178711,13.519652366638184,-13.51351261138916,33.5964469909668,33.595481872558594
0.00034259335370734334,0.0,0.0,0.0,12.015804290771484,-12.015933990478516,90.0,-90.0,70.97399139404297,-70.97528076171875,111.22856140136719,-111.22832489013672,85.7146987915039,-85.7186508178711,13.519652366638184,-13.51351261138916,33.5964469909668,33.595481872558594
0.00034259335370734334,0.0,0.0,0.0,12.015804290771484,-12.015933990478516,90.0,-90.0,70.97399139404297,-70.97528076171875,111.22856140136719,-111.22832489013672,85.7146987915039,-85.7186508178711,13.519652366638184,-13.51351261138916,33.5964469909668,33.595481872558594
0.00034259335370734334,0.0,0.0,0.0,12.015804290771484,-12.015933990478516,90.0,-90.0,70.97399139404297,-70.97528076171875,111.22856140136719,-111.22832489013672,85.7146987915039,-85.7186508178711,13.519652366638184,-13.51351261138916,33.5964469909668,33.595481872558594
0.00034259335370734334,0.0,0.0,0.0,12.015804290771484,-12.015933990478516,90.0,-90.0,70.97399139404297,-70.97528076171875,111.22856140136719,-111.22832489013672,85.7146987915039,-85.7186508178711,13.519652366638184,-13.51351261138916,33.5964469909668,33.595481872558594
0.00034259335370734334,0.0,0.0,0.0,12.015804290771484,-12.015933990478516,90.0,-90.0,70.97399139404297,-70.97528076171875,111.22856140136719,-111.22832489013672,85.7146987915039,-85.7186508178711,13.519652366638184,-13.51351261138916,33.5964469909668,33.595481872558594
0.00034259335370734334,0.0,0.0,0.0,12.015804290771484,-12.015933990478516,90.0,-90.0,70.97399139404297,-70.97528076171875,111.22856140136719,-111.22832489013672,85.7146987915039,-85.7186508178711,13.519652366638184,-13.51351261138916,33.5964469909668,33.595481872558594
0.00034259335370734334,0.0,0.0,0.0,12.015804290771484,-12.015933990478516,90.0,-90.0,70.97399139404297,-70.97528076171875,111.22856140136719,-111.22832489013672,85.7146987915039,-85.7186508178711,13.519652366638184,-13.51351261138916,33.5964469909668,33.595481872558594
0.00034259335370734334,0.0,0.0,0.0,12.015804290771484,-12.015933990478516,90.0,-90.0,70.97399139404297,-70.97528076171875,111.22856140136719,-111.22832489013672,85.7146987915039,-85.7186508178711,13.519652366638184,-13.51351261138916,33.5964469909668,33.595481872558594
0.00034259335370734334,0.0,0.0,0.0,12.015804290771484,-12.015933990478516,90.0,-90.0,70.97399139404297,-70.97528076171875,111.22856140136719,-111.22832489013672,85.7146987915039,-85.7186508178711,13.519652366638184,-13.51351261138916,33.5964469909668,33.595481872558594
0.00034259335370734334,0.0,0.0,0.0,12.015804290771484,-12.015933990478516,90.0,-90.0,70.97399139404297,-70.97528076171875,111.22856140136719,-111.22832489013672,85.7146987915039,-85.7186508178711,13.519652366638184,-13.51351261138916,33.5964469909668,33.595481872558594
0.00034259335370734334,0.0,0.0,0.0,12.015804290771484,-12.015933990478516,90.0,-90.0,70.97399139404297,-70.97528076171875,111.22856140136719,-111.22832489013672,85.7146987915039,-85.7186508178711,13.519652366638184,-13.51351261138916,33.5964469909668,33.595481872558594
0.00034259335370734334,0.0,0.0,0.0,12.015804290771484,-12.015933990478516,90.0,-90.0,70.97399139404297,-70.97528076171875,111.22856140136719,-111.22832489013672,85.7146987915039,-85.7186508178711,13.519652366638184,-13.51351261138916,33.5964469909668,33.595481872558594
