Joint_L0_deg,Joint_L1_deg,Joint_L2_U_deg,Joint_L3_U_deg,Joint_L2_R_deg,Joint_L2_L_deg,Joint_L3_R_deg,Joint_L3_L_deg,Joint_L4_R_deg,Joint_L4_L_deg,Joint_L5_R_deg,Joint_L5_L_deg,Joint_L6_R_deg,Joint_L6_L_deg,Joint_L7_R_deg,Joint_L7_L_deg,Joint_L8_R_deg,Joint_L8_L_deg
0.0,0.0,0.0,0.0,0.0,0.0,79.98490905761719,-79.98490905761719,96.14231872558594,-96.14231872558594,100.0957260131836,-100.0957260131836,90.00020599365234,-90.00020599365234,0.0,0.0,0.0,0.0
-1.0628188107375536e-08,0.0,0.0,0.0,0.002103830687701702,-0.002104035345837474,79.97911071777344,-79.97911071777344,96.14566040039062,-96.14566040039062,100.08846282958984,-100.08846282958984,90.00814819335938,-90.00814819335938,-0.00801169965416193,0.008013737387955189,0.0007964323158375919,0.0007963455864228308
-4.2227430441243996e-08,0.0,0.0,0.0,0.008358843624591827,-0.008359657600522041,79.96187591552734,-79.96187591552734,96.15557861328125,-96.15557861328125,100.06686401367188,-100.06685638427734,90.03176879882812,-90.03176879882812,-0.03183171525597572,0.03183981403708458,0.003164348192512989,0.003164003835991025
-9.4369745795575e-08,0.0,0.0,0.0,0.01868032105267048,-0.018682140856981277,79.93344116210938,-79.93344116210938,96.17195129394531,-96.17195129394531,100.03121185302734,-100.03121185302734,90.07074737548828,-90.07074737548828,-0.0711374431848526,0.07115553319454193,0.007071677129715681,0.007070907391607761
-1.6662717428062024e-07,0.0,0.0,0.0,0.03298354893922806,-0.03298676013946533,79.89402770996094,-79.8940200805664,96.19464111328125,-96.19464874267578,99.98181915283203,-99.9818115234375,90.12474822998047,-90.124755859375,-0.1256062537431717,0.1256382018327713,0.012486347928643227,0.012484989129006863
-2.5857173113763565e-07,0.0,0.0,0.0,0.051183804869651794,-0.05118878558278084,79.8438720703125,-79.8438720703125,96.22351837158203,-96.22352600097656,99.9189682006836,-99.91895294189453,90.19347381591797,-90.19347381591797,-0.1949155330657959,0.19496509432792664,0.01937629096210003,0.0193741824477911
-3.6977533568460785e-07,0.0,0.0,0.0,0.07319636642932892,-0.07320348918437958,79.78321838378906,-79.78321838378906,96.2584457397461,-96.25846099853516,99.84294891357422,-99.84293365478516,90.27659606933594,-90.27659606933594,-0.27874261140823364,0.27881351113319397,0.02770942822098732,0.027706412598490715
-4.998101985620451e-07,0.0,0.0,0.0,0.0989365205168724,-0.09894614666700363,79.71229553222656,-79.71228790283203,96.29928588867188,-96.2992935180664,99.75405883789062,-99.75403594970703,90.37379455566406,-90.37379455566406,-0.3767649829387665,0.3768607974052429,0.037453699856996536,0.03744962066411972
-6.482480898739595e-07,0.0,0.0,0.0,0.12831954658031464,-0.1283320188522339,79.63133239746094,-79.6313247680664,96.34590148925781,-96.34591674804688,99.652587890625,-99.65255737304688,90.4847412109375,-90.4847412109375,-0.4886598587036133,0.48878413438796997,0.048577018082141876,0.04857173189520836
-8.14661291315133e-07,0.0,0.0,0.0,0.161260724067688,-0.1612764298915863,79.54056549072266,-79.5405502319336,96.39816284179688,-96.39818572998047,99.53882598876953,-99.53878784179688,90.60912322998047,-90.60912322998047,-0.6141048073768616,0.6142610311508179,0.06104733794927597,0.061040688306093216
-9.986217719415436e-07,0.0,0.0,0.0,0.19767536222934723,-0.19769461452960968,79.44023132324219,-79.44021606445312,96.4559326171875,-96.45596313476562,99.41307830810547,-99.41302490234375,90.74662780761719,-90.74662780761719,-0.7527772188186646,0.7529686093330383,0.07483256608247757,0.07482442259788513
-1.1997013871223317e-06,0.0,0.0,0.0,0.23747871816158295,-0.2375018149614334,79.33055114746094,-79.33053588867188,96.51908111572266,-96.51911163330078,99.27561950683594,-99.27555847167969,90.89692687988281,-90.89692687988281,-0.9043542146682739,0.9045841693878174,0.08990063518285751,0.08989085257053375
-1.4174721627568942e-06,0.0,0.0,0.0,0.2805860638618469,-0.28061339259147644,79.21177673339844,-79.21175384521484,96.58747863769531,-96.58750915527344,99.12674713134766,-99.12667846679688,91.0596923828125,-91.05970001220703,-1.0685133934020996,1.0687851905822754,0.10621947795152664,0.10620792210102081
-1.651506295274885e-06,0.0,0.0,0.0,0.32691267132759094,-0.326944500207901,79.08412170410156,-79.08409881591797,96.66097259521484,-96.66101837158203,98.96676635742188,-98.96668243408203,91.234619140625,-91.23462677001953,-1.2449320554733276,1.2452486753463745,0.1237570270895958,0.12374354898929596
-1.9013757537322817e-06,0.0,0.0,0.0,0.37637388706207275,-0.37641051411628723,78.94783782958984,-78.94780731201172,96.73944854736328,-96.73949432373047,98.79595184326172,-98.79586029052734,91.42138671875,-91.42139434814453,-1.4332876205444336,1.4336522817611694,0.14248120784759521,0.14246568083763123
-2.166652393498225e-06,0.0,0.0,0.0,0.42888495326042175,-0.4289267063140869,78.80314636230469,-78.80310821533203,96.82275390625,-96.82280731201172,98.61461639404297,-98.614501953125,91.61966705322266,-91.61967468261719,-1.6332577466964722,1.633673071861267,0.16235995292663574,0.16234226524829865
-2.446908638376044e-06,0.0,0.0,0.0,0.48436111211776733,-0.48440828919410706,78.65027618408203,-78.65025329589844,96.9107666015625,-96.91082763671875,98.42303466796875,-98.42291259765625,91.82913970947266,-91.82914733886719,-1.844519019126892,1.844988226890564,0.18336117267608643,0.18334120512008667
-2.741715888987528e-06,0.0,0.0,0.0,0.542717695236206,-0.5427705645561218,78.4894790649414,-78.48944854736328,97.00334930419922,-97.00342559814453,98.22150421142578,-98.22136688232422,92.04949951171875,-92.04950714111328,-2.0667498111724854,2.0672755241394043,0.2054528146982193,0.20543044805526733
-3.0506464554491686e-06,0.0,0.0,0.0,0.6038699746131897,-0.6039287447929382,78.32098388671875,-78.32093811035156,97.10037231445312,-97.10044860839844,98.01032257080078,-98.01016998291016,92.28040313720703,-92.28041076660156,-2.299626588821411,2.3002114295959473,0.22860278189182281,0.2285778820514679
-3.3732726478774566e-06,0.0,0.0,0.0,0.6677332520484924,-0.6677982211112976,78.14500427246094,-78.14495849609375,97.20169067382812,-97.2017822265625,97.7897720336914,-97.78961181640625,92.52155303955078,-92.52156066894531,-2.5428273677825928,2.5434741973876953,0.2527790665626526,0.25275152921676636
-3.7091663216415327e-06,0.0,0.0,0.0,0.7342227697372437,-0.7342942953109741,77.96179962158203,-77.96174621582031,97.30718231201172,-97.3072738647461,97.56016540527344,-97.55997467041016,92.77261352539062,-92.77262115478516,-2.796029567718506,2.7967405319213867,0.2779495418071747,0.27791929244995117
-4.057898877363186e-06,0.0,0.0,0.0,0.803253710269928,-0.8033319711685181,77.77159118652344,-77.77153015136719,97.41670227050781,-97.41680145263672,97.32176971435547,-97.32157135009766,93.03327941894531,-93.03328704833984,-3.0589096546173096,3.059687614440918,0.30408206582069397,0.30404898524284363
-4.419043307279935e-06,0.0,0.0,0.0,0.8747416734695435,-0.8748268485069275,77.57461547851562,-77.57454681396484,97.53012084960938,-97.53023529052734,97.07489013671875,-97.07466888427734,93.30321502685547,-93.30322265625,-3.331146478652954,3.331993579864502,0.331144779920578,0.3311087489128113
-4.792171694134595e-06,0.0,0.0,0.0,0.9486017823219299,-0.9486940503120422,77.37109375,-77.37102508544922,97.64730072021484,-97.64742279052734,96.81982421875,-96.81958770751953,93.58209991455078,-93.58211517333984,-3.6124167442321777,3.613335371017456,0.3591054379940033,0.359066367149353
-5.176854756427929e-06,0.0,0.0,0.0,1.0247490406036377,-1.0248488187789917,77.16127014160156,-77.16120147705078,97.76811218261719,-97.76824188232422,96.55685424804688,-96.55659484863281,93.86963653564453,-93.86964416503906,-3.9023971557617188,3.9033892154693604,0.38793203234672546,0.3878897726535797
-5.5726654863974545e-06,0.0,0.0,0.0,1.1030991077423096,-1.1032065153121948,76.94538116455078,-76.94530487060547,97.89241790771484,-97.8925552368164,96.2862777709961,-96.28600311279297,94.16548156738281,-94.16549682617188,-4.200765132904053,4.201833724975586,0.41759243607521057,0.41754695773124695
-5.979175966785988e-06,0.0,0.0,0.0,1.1835670471191406,-1.1836822032928467,76.7236557006836,-76.72357940673828,98.02008056640625,-98.02023315429688,96.00839233398438,-96.00809478759766,94.46932983398438,-94.46934509277344,-4.507199287414551,4.508345603942871,0.44805461168289185,0.4480058252811432
-6.3959587350836955e-06,0.0,0.0,0.0,1.266068458557129,-1.2661917209625244,76.49633026123047,-76.4962387084961,98.15097045898438,-98.15113067626953,95.72348022460938,-95.72315979003906,94.78084564208984,-94.7808609008789,-4.821376800537109,4.82260274887085,0.4792866110801697,0.4792344272136688
-6.82258405504399e-06,0.0,0.0,0.0,1.3505181074142456,-1.3506495952606201,76.26363372802734,-76.26354217529297,98.28495788574219,-98.28512573242188,95.43183898925781,-95.43150329589844,95.0997314453125,-95.09974670410156,-5.142973899841309,5.14428186416626,0.5112560987472534,0.5112004280090332
-7.2586240094096866e-06,0.0,0.0,0.0,1.4368315935134888,-1.4369715452194214,76.02580261230469,-76.02570343017578,98.42189025878906,-98.42208099365234,95.1337661743164,-95.13340759277344,95.42564392089844,-95.42566680908203,-5.471668243408203,5.47305965423584,0.5439311861991882,0.5438719391822815
-7.703653864155058e-06,0.0,0.0,0.0,1.524924397468567,-1.5250728130340576,75.78306579589844,-75.78296661376953,98.56165313720703,-98.56185150146484,94.82955169677734,-94.82916259765625,95.75828552246094,-95.75830078125,-5.807138919830322,5.808615207672119,0.5772798657417297,0.5772169828414917
-8.157241609296761e-06,0.0,0.0,0.0,1.6147112846374512,-1.6148685216903687,75.5356674194336,-75.53555297851562,98.7041015625,-98.70430755615234,94.51947784423828,-94.51907348632812,96.09732055664062,-96.09733581542969,-6.1490607261657715,6.1506242752075195,0.6112698316574097,0.6112032532691956
-8.618962056061719e-06,0.0,0.0,0.0,1.7061078548431396,-1.7062739133834839,75.28382873535156,-75.28370666503906,98.84910583496094,-98.84932708740234,94.20384979248047,-94.20342254638672,96.44242858886719,-96.44245147705078,-6.497112274169922,6.498764514923096,0.6458691954612732,0.6457988619804382
-9.08838501345599e-06,0.0,0.0,0.0,1.7990293502807617,-1.7992045879364014,75.02778625488281,-75.02766418457031,98.99652862548828,-98.99675750732422,93.88294982910156,-93.88249969482422,96.79329681396484,-96.79331970214844,-6.850971221923828,6.852713584899902,0.6810458302497864,0.6809717416763306
-9.565083928464446e-06,0.0,0.0,0.0,1.8933910131454468,-1.8935754299163818,74.76777648925781,-74.76764678955078,99.14623260498047,-99.146484375,93.55708312988281,-93.55661010742188,97.14960479736328,-97.14962768554688,-7.210314750671387,7.2121477127075195,0.7167676091194153,0.7166896462440491
-1.004863042908255e-05,0.0,0.0,0.0,1.9891082048416138,-1.9893020391464233,74.50403594970703,-74.50389862060547,99.298095703125,-99.29834747314453,93.22653198242188,-93.22603607177734,97.51103210449219,-97.51105499267578,-7.574820041656494,7.576745986938477,0.7530026435852051,0.7529206871986389
-1.0538597962295171e-05,0.0,0.0,0.0,2.0860962867736816,-2.086299419403076,74.23678588867188,-74.23664093017578,99.45196533203125,-99.45223236083984,92.89159393310547,-92.89107513427734,97.87725067138672,-97.87728118896484,-7.944164752960205,7.946185111999512,0.789718747138977,0.7896327972412109
-1.1034555427613668e-05,0.0,0.0,0.0,2.1842703819274902,-2.184483051300049,73.96627807617188,-73.96612548828125,99.60772705078125,-99.60800170898438,92.55255889892578,-92.55201721191406,98.24795532226562,-98.24798583984375,-8.318026542663574,8.320141792297363,0.8268837928771973,0.8267938494682312
-1.1536077181517612e-05,0.0,0.0,0.0,2.283545732498169,-2.2837679386138916,73.6927261352539,-73.69257354736328,99.76522827148438,-99.76551818847656,92.209716796875,-92.20915222167969,98.62281799316406,-98.62284088134766,-8.69608211517334,8.69829273223877,0.8644657135009766,0.864371657371521
-1.2042733942507766e-05,0.0,0.0,0.0,2.3838374614715576,-2.3840694427490234,73.4163818359375,-73.41621398925781,99.92434692382812,-99.92465209960938,91.86337280273438,-91.86277770996094,99.00151824951172,-99.00154113769531,-9.078006744384766,9.080315589904785,0.9024324417114258,0.9023342728614807
-1.2554102795547806e-05,0.0,0.0,0.0,2.4850618839263916,-2.4853036403656006,73.13745880126953,-73.13729095458984,100.08494567871094,-100.08525848388672,91.51380920410156,-91.51318359375,99.38374328613281,-99.3837661743164,-9.463484764099121,9.46589183807373,0.9407522678375244,0.9406499266624451
-1.306974718318088e-05,0.0,0.0,0.0,2.587132692337036,-2.5873844623565674,72.85621643066406,-72.85603332519531,100.24687957763672,-100.24720764160156,91.16131591796875,-91.1606674194336,99.76915740966797,-99.7691879272461,-9.85218620300293,9.854691505432129,0.9793925881385803,0.9792859554290771
-1.3589244190370664e-05,0.0,0.0,0.0,2.6899662017822266,-2.690228223800659,72.57286071777344,-72.57266998291016,100.41002655029297,-100.41036987304688,90.80618286132812,-90.80551147460938,100.1574478149414,-100.15748596191406,-10.243791580200195,10.246397018432617,1.0183215141296387,1.0182106494903564
-1.4112164535617922e-05,0.0,0.0,0.0,2.7934772968292236,-2.7937493324279785,72.28764343261719,-72.28744506835938,100.57424926757812,-100.5746078491211,90.44872283935547,-90.4480209350586,100.54830932617188,-100.54833984375,-10.63797664642334,10.640682220458984,1.057507038116455,1.057391881942749
-1.463808166590752e-05,0.0,0.0,0.0,2.8975818157196045,-2.8978638648986816,72.00078582763672,-72.00057983398438,100.73941802978516,-100.73978424072266,90.08920288085938,-90.0884780883789,100.94140625,-100.94144439697266,-11.034422874450684,11.037227630615234,1.0969170331954956,1.0967977046966553
-1.5166565390245523e-05,0.0,0.0,0.0,3.002194404602051,-3.00248646736145,71.71253204345703,-71.71231842041016,100.90538787841797,-100.90576934814453,89.72793579101562,-89.7271957397461,101.33641815185547,-101.3364486694336,-11.432802200317383,11.435709953308105,1.136519432067871,1.136395812034607
-1.5697192793595605e-05,0.0,0.0,0.0,3.1072306632995605,-3.1075334548950195,71.42311096191406,-71.42288970947266,101.07202911376953,-101.07242584228516,89.36520385742188,-89.36442565917969,101.7330322265625,-101.73307037353516,-11.832797050476074,11.835805892944336,1.1762824058532715,1.176154375076294
-1.6229527318500914e-05,0.0,0.0,0.0,3.2126057147979736,-3.212918519973755,71.13275909423828,-71.13253784179688,101.23921203613281,-101.23961639404297,89.00129699707031,-89.00050354003906,102.13092803955078,-102.13096618652344,-12.23408031463623,12.237191200256348,1.2161734104156494,1.2160409688949585
-1.676314786891453e-05,0.0,0.0,0.0,3.318234920501709,-3.3185579776763916,70.84170532226562,-70.84147644042969,101.40679168701172,-101.40721893310547,88.63652038574219,-88.63569641113281,102.52977752685547,-102.52982330322266,-12.636331558227539,12.639545440673828,1.2561607360839844,1.2560240030288696
-1.7297625163337216e-05,0.0,0.0,0.0,3.4240338802337646,-3.4243671894073486,70.55017852783203,-70.54994201660156,101.57464599609375,-101.57508087158203,88.27115631103516,-88.27030181884766,102.92927551269531,-102.92931365966797,-13.039230346679688,13.042546272277832,1.2962123155593872,1.296071171760559
-1.7832529920269735e-05,0.0,0.0,0.0,3.5299172401428223,-3.5302608013153076,70.25843048095703,-70.2581787109375,101.74263763427734,-101.74308776855469,87.90550231933594,-87.90461730957031,103.32908630371094,-103.3291244506836,-13.442449569702148,13.445867538452148,1.3362958431243896,1.3361502885818481
-1.836743285821285e-05,0.0,0.0,0.0,3.6358001232147217,-3.6361541748046875,69.96666717529297,-69.96641540527344,101.91061401367188,-101.91107940673828,87.53984832763672,-87.53893280029297,103.72889709472656,-103.72894287109375,-13.845667839050293,13.849188804626465,1.376379132270813,1.3762294054031372
-1.890191197162494e-05,0.0,0.0,0.0,3.7415990829467773,-3.7419636249542236,69.67514038085938,-69.67488098144531,102.0784683227539,-102.07894897460938,87.17447662353516,-87.17353820800781,104.1283950805664,-104.12843322753906,-14.248566627502441,14.252189636230469,1.4164308309555054,1.4162765741348267
-1.9435530703049153e-05,0.0,0.0,0.0,3.8472282886505127,-3.847602605819702,69.38409423828125,-69.38381958007812,102.24605560302734,-102.24654388427734,86.80970001220703,-86.80873107910156,104.5272445678711,-104.52729034423828,-14.65081787109375,14.654542922973633,1.4564180374145508,1.4562593698501587
-1.9967870684922673e-05,0.0,0.0,0.0,3.952603578567505,-3.952988624572754,69.09373474121094,-69.09346008300781,102.41323852539062,-102.41374206542969,86.44579315185547,-86.4448013305664,104.92514038085938,-104.92518615722656,-15.052103042602539,15.055931091308594,1.4963092803955078,1.4961464405059814
-2.0498493540799245e-05,0.0,0.0,0.0,4.057640075683594,-4.058034896850586,68.80431365966797,-68.80403137207031,102.57987976074219,-102.58039855957031,86.08306121826172,-86.08204650878906,105.3217544555664,-105.32180786132812,-15.452095985412598,15.456025123596191,1.536072015762329,1.535904884338379
-2.102697908412665e-05,0.0,0.0,0.0,4.162252426147461,-4.162657737731934,68.51605987548828,-68.5157699584961,102.745849609375,-102.74637603759766,85.72179412841797,-85.72075653076172,105.71676635742188,-105.71681213378906,-15.85047721862793,15.854506492614746,1.5756745338439941,1.5755029916763306
-2.155289621441625e-05,0.0,0.0,0.0,4.266356945037842,-4.266772270202637,68.22920227050781,-68.22891235351562,102.91101837158203,-102.91156005859375,85.36227416992188,-85.36121368408203,106.10986328125,-106.10991668701172,-16.24692153930664,16.251054763793945,1.6150845289230347,1.6149088144302368
-2.2075813831179403e-05,0.0,0.0,0.0,4.36986780166626,-4.370293140411377,67.9439926147461,-67.94367980957031,103.07524108886719,-103.07579040527344,85.00481414794922,-85.00372314453125,106.50071716308594,-106.50077056884766,-16.64110565185547,16.645336151123047,1.6542699337005615,1.6540898084640503
-2.2595313566853292e-05,0.0,0.0,0.0,4.472701549530029,-4.473136901855469,67.66063690185547,-67.66032409667969,103.23838806152344,-103.23896026611328,84.6496810913086,-84.64856719970703,106.88902282714844,-106.88906860351562,-17.032712936401367,17.037044525146484,1.6931990385055542,1.6930147409439087
-2.3110958863981068e-05,0.0,0.0,0.0,4.574772834777832,-4.575218200683594,67.37938690185547,-67.37906646728516,103.40032196044922,-103.40090942382812,84.29719543457031,-84.29605102539062,107.2744369506836,-107.27449035644531,-17.42141342163086,17.425844192504883,1.7318392992019653,1.7316508293151855
-2.3622325898031704e-05,0.0,0.0,0.0,4.675996780395508,-4.676451683044434,67.10047149658203,-67.10014343261719,103.56092071533203,-103.56151580810547,83.94762420654297,-83.94645690917969,107.65665435791016,-107.6567153930664,-17.8068904876709,17.811418533325195,1.7701590061187744,1.7699662446975708
-2.4128981749527156e-05,0.0,0.0,0.0,4.7762885093688965,-4.7767534255981445,66.8241195678711,-66.82378387451172,103.72003936767578,-103.72064208984375,83.60128021240234,-83.60008239746094,108.03535461425781,-108.03541564941406,-18.188817977905273,18.19344139099121,1.8081258535385132,1.8079291582107544
-2.4630504412925802e-05,0.0,0.0,0.0,4.875564098358154,-4.876038551330566,66.55056762695312,-66.55023193359375,103.8775405883789,-103.87816619873047,83.25843811035156,-83.25721740722656,108.41021728515625,-108.41027069091797,-18.566871643066406,18.57159423828125,1.8457077741622925,1.8455069065093994
-2.5126462787739e-05,0.0,0.0,0.0,4.973737716674805,-4.974222183227539,66.28005981445312,-66.27970886230469,104.03329467773438,-104.033935546875,82.91940307617188,-82.91815948486328,108.78092193603516,-108.78097534179688,-18.940732955932617,18.94554901123047,1.8828729391098022,1.8826677799224854
-2.5616427592467517e-05,0.0,0.0,0.0,5.070725440979004,-5.071218967437744,66.0128173828125,-66.01245880126953,104.18716430664062,-104.18781280517578,82.58446502685547,-82.58320617675781,109.14714050292969,-109.1471939086914,-19.310077667236328,19.314987182617188,1.919588565826416,1.919379711151123
-2.609997864055913e-05,0.0,0.0,0.0,5.166443347930908,-5.166946887969971,65.74906921386719,-65.74870300292969,104.33902740478516,-104.33968353271484,82.25391387939453,-82.25262451171875,109.5085678100586,-109.50862884521484,-19.674585342407227,19.679588317871094,1.9558240175247192,1.955611228942871
-2.657667573657818e-05,0.0,0.0,0.0,5.260804653167725,-5.261316776275635,65.48906707763672,-65.48869323730469,104.48873138427734,-104.48941040039062,81.92804718017578,-81.9267349243164,109.86487579345703,-109.86493682861328,-20.033926010131836,20.03902244567871,1.9915456771850586,1.9913288354873657
-2.7046100512961857e-05,0.0,0.0,0.0,5.353726387023926,-5.354247570037842,65.23301696777344,-65.2326431274414,104.63615417480469,-104.6368408203125,81.60714721679688,-81.6058120727539,110.21574401855469,-110.21580505371094,-20.387786865234375,20.39297103881836,2.0267224311828613,2.0265018939971924
-2.7507820050232112e-05,0.0,0.0,0.0,5.445123195648193,-5.445653438568115,64.98118591308594,-64.98080444335938,104.78115844726562,-104.7818603515625,81.29151916503906,-81.2901611328125,110.56085205078125,-110.56092071533203,-20.735837936401367,20.741113662719727,2.061321973800659,2.0610976219177246
-2.7961406885879114e-05,0.0,0.0,0.0,5.534910202026367,-5.5354485511779785,64.73377990722656,-64.73339080810547,104.92361450195312,-104.92431640625,80.9814453125,-80.98007202148438,110.89988708496094,-110.89995574951172,-21.077760696411133,21.083120346069336,2.0953116416931152,2.095083713531494
-2.840643355739303e-05,0.0,0.0,0.0,5.623002529144287,-5.623549938201904,64.49104309082031,-64.49065399169922,105.06336975097656,-105.0640869140625,80.67723083496094,-80.67582702636719,111.23252868652344,-111.23258972167969,-21.41322898864746,21.41867446899414,2.128660202026367,2.1284286975860596
-2.884247987822164e-05,0.0,0.0,0.0,5.709316253662109,-5.709872245788574,64.25321960449219,-64.25281524658203,105.20030975341797,-105.20104217529297,80.37915802001953,-80.37773132324219,111.55844116210938,-111.55850982666016,-21.741924285888672,21.747453689575195,2.1613354682922363,2.161100149154663
-2.9269102014950477e-05,0.0,0.0,0.0,5.793766021728516,-5.79433012008667,64.02051544189453,-64.0201187133789,105.33428955078125,-105.33503723144531,80.08751678466797,-80.08606719970703,111.87732696533203,-111.87739562988281,-22.063522338867188,22.069133758544922,2.193305015563965,2.193066358566284
-2.968588705698494e-05,0.0,0.0,0.0,5.876267433166504,-5.876839637756348,63.793190002441406,-63.79277801513672,105.4651870727539,-105.46593475341797,79.80260467529297,-79.80113983154297,112.18885040283203,-112.18891906738281,-22.37769889831543,22.383390426635742,2.2245371341705322,2.224294900894165
-3.0092394808889367e-05,0.0,0.0,0.0,5.956735134124756,-5.957314968109131,63.571468353271484,-63.57105255126953,105.59284973144531,-105.59361267089844,79.52471923828125,-79.52323150634766,112.49269104003906,-112.49275970458984,-22.684131622314453,22.689903259277344,2.2549991607666016,2.254753589630127
-3.0488206903100945e-05,0.0,0.0,0.0,6.035085201263428,-6.035673141479492,63.35557174682617,-63.35515594482422,105.71714782714844,-105.7179183959961,79.25414276123047,-79.25263214111328,112.78854370117188,-112.78861236572266,-22.982501983642578,22.98834800720215,2.2846596240997314,2.2844109535217285
-3.0872888601152226e-05,0.0,0.0,0.0,6.111232280731201,-6.1118268966674805,63.145755767822266,-63.14533233642578,105.83795928955078,-105.83873748779297,78.99117279052734,-78.9896469116211,113.0760726928711,-113.07614135742188,-23.27248191833496,23.278400421142578,2.313486099243164,2.3132340908050537
-3.124601425952278e-05,0.0,0.0,0.0,6.185092449188232,-6.185694217681885,62.94224166870117,-62.94180679321289,105.95513916015625,-105.9559326171875,78.7361068725586,-78.73456573486328,113.35496520996094,-113.35503387451172,-23.55375099182129,23.55974006652832,2.3414466381073,2.3411917686462402
-3.160716005368158e-05,0.0,0.0,0.0,6.256580352783203,-6.257189750671387,62.745262145996094,-62.74482345581055,106.06856536865234,-106.0693588256836,78.48922729492188,-78.4876708984375,113.6249008178711,-113.62496948242188,-23.82598876953125,23.832048416137695,2.368509531021118,2.3682515621185303
-3.1955896702129394e-05,0.0,0.0,0.0,6.325611591339111,-6.32622766494751,62.55504608154297,-62.554603576660156,106.1780776977539,-106.17889404296875,78.2508316040039,-78.24925994873047,113.88555908203125,-113.88563537597656,-24.088871002197266,24.094995498657227,2.3946421146392822,2.394381523132324
-3.2291787647409365e-05,0.0,0.0,0.0,6.392100811004639,-6.392723083496094,62.37184143066406,-62.371395111083984,106.2835693359375,-106.28438568115234,78.02122497558594,-78.01962280273438,114.1366195678711,-114.1366958618164,-24.342069625854492,24.3482608795166,2.4198124408721924,2.419548988342285
-3.261441452195868e-05,0.0,0.0,0.0,6.4559645652771,-6.456593036651611,62.195865631103516,-62.19541549682617,106.3848876953125,-106.3857192993164,77.80067443847656,-77.79906463623047,114.37776947021484,-114.37784576416016,-24.58527183532715,24.591524124145508,2.443988800048828,2.443722724914551
-3.29233480442781e-05,0.0,0.0,0.0,6.517117023468018,-6.517751216888428,62.027366638183594,-62.02690887451172,106.4819107055664,-106.48274230957031,77.58949279785156,-77.5878677368164,114.60867309570312,-114.60875701904297,-24.81814956665039,24.824460983276367,2.4671387672424316,2.4668703079223633
-3.3218155294889584e-05,0.0,0.0,0.0,6.575473308563232,-6.576113700866699,61.86656951904297,-61.86610412597656,106.57449340820312,-106.57533264160156,77.3879623413086,-77.38632202148438,114.82903289794922,-114.8291015625,-25.040380477905273,25.0467472076416,2.4892303943634033,2.488959550857544
-3.34984106302727e-05,0.0,0.0,0.0,6.630949020385742,-6.631594657897949,61.71370315551758,-61.7132453918457,106.66250610351562,-106.6633529663086,77.19638061523438,-77.19473266601562,115.03849792480469,-115.03858184814453,-25.25164222717285,25.2580623626709,2.5102314949035645,2.509958267211914
-3.3763684768928215e-05,0.0,0.0,0.0,6.683460712432861,-6.68411111831665,61.56901168823242,-61.56855010986328,106.74581909179688,-106.74667358398438,77.01504516601562,-77.01337432861328,115.23677825927734,-115.23686218261719,-25.451610565185547,25.458084106445312,2.5301103591918945,2.529834747314453
-3.40135557053145e-05,0.0,0.0,0.0,6.732921600341797,-6.733577251434326,61.43273162841797,-61.43225860595703,106.82428741455078,-106.82514953613281,76.84423065185547,-76.8425521850586,115.42354583740234,-115.42362976074219,-25.63996696472168,25.646486282348633,2.5488345623016357,2.5485570430755615
-3.424758688197471e-05,0.0,0.0,0.0,6.779247760772705,-6.779908180236816,61.30507278442383,-61.304603576660156,106.89778900146484,-106.8986587524414,76.68424987792969,-76.68255615234375,115.59848022460938,-115.59856414794922,-25.81638526916504,25.82295036315918,2.5663721561431885,2.5660927295684814
-3.446535629336722e-05,0.0,0.0,0.0,6.822354793548584,-6.823019027709961,61.18629837036133,-61.18582534790039,106.96617889404297,-106.96704864501953,76.53538513183594,-76.53367614746094,115.76124572753906,-115.7613296508789,-25.98054313659668,25.987150192260742,2.582690715789795,2.582409620285034
-3.46664382959716e-05,0.0,0.0,0.0,6.862158298492432,-6.862826347351074,61.07662582397461,-61.07614517211914,107.02933502197266,-107.03020477294922,76.3979263305664,-76.39620971679688,115.91155242919922,-115.91162872314453,-26.13212013244629,26.138765335083008,2.5977590084075928,2.5974762439727783
-3.485039997030981e-05,0.0,0.0,0.0,6.898573398590088,-6.899245262145996,60.97628402709961,-60.97580337524414,107.08710479736328,-107.08798217773438,76.27217102050781,-76.27044677734375,116.04905700683594,-116.04913330078125,-26.270793914794922,26.277475357055664,2.611544132232666,2.611259937286377
-3.5016812034882605e-05,0.0,0.0,0.0,6.931514739990234,-6.932189464569092,60.88551712036133,-60.885032653808594,107.13936614990234,-107.14025115966797,76.15841674804688,-76.15667724609375,116.17343139648438,-116.17351531982422,-26.396238327026367,26.402950286865234,2.624014377593994,2.6237287521362305
-3.516524884616956e-05,0.0,0.0,0.0,6.960897922515869,-6.961575031280518,60.80455017089844,-60.8040657043457,107.18598175048828,-107.1868667602539,76.05693817138672,-76.0551986694336,116.28437805175781,-116.28446197509766,-26.508132934570312,26.514875411987305,2.6351377964019775,2.6348509788513184
-3.529528476065025e-05,0.0,0.0,0.0,6.986638069152832,-6.98731803894043,60.73362731933594,-60.7331428527832,107.22682189941406,-107.22770690917969,75.96804809570312,-75.96630096435547,116.38157653808594,-116.38166046142578,-26.606157302856445,26.61292266845703,2.6448822021484375,2.644594192504883
-3.540649049682543e-05,0.0,0.0,0.0,7.008650779724121,-7.009332656860352,60.6729736328125,-60.672481536865234,107.2617416381836,-107.26263427734375,75.89202880859375,-75.8902816772461,116.4646987915039,-116.46478271484375,-26.68998146057129,26.69676971435547,2.653215169906616,2.652926445007324
-3.5498433135217056e-05,0.0,0.0,0.0,7.026850700378418,-7.0275349617004395,60.62282180786133,-60.62233352661133,107.29061889648438,-107.29151916503906,75.82917785644531,-75.82742309570312,116.5334243774414,-116.53350830078125,-26.759292602539062,26.766098022460938,2.6601054668426514,2.659815788269043
-3.557069067028351e-05,0.0,0.0,0.0,7.041153907775879,-7.041839122772217,60.58340835571289,-60.582916259765625,107.31330871582031,-107.314208984375,75.77978515625,-75.77802276611328,116.5874252319336,-116.58750915527344,-26.81376075744629,26.820579528808594,2.6655197143554688,2.6652297973632812
-3.562283382052556e-05,0.0,0.0,0.0,7.051475524902344,-7.052161693572998,60.554969787597656,-60.55447769165039,107.32968139648438,-107.33058166503906,75.74413299560547,-75.74237823486328,116.62639617919922,-116.62648010253906,-26.85306739807129,26.85989761352539,2.6694273948669434,2.6691367626190186
-3.5654433304443955e-05,0.0,0.0,0.0,7.057730674743652,-7.058417797088623,60.53773498535156,-60.5372428894043,107.33960723876953,-107.34050750732422,75.7225341796875,-75.72077941894531,116.65003204345703,-116.65010833740234,-26.876888275146484,26.88372230529785,2.671795129776001,2.671504497528076
-3.566505984053947e-05,0.0,0.0,0.0,7.0598344802856445,-7.060521602630615,60.53193664550781,-60.53144454956055,107.34294891357422,-107.3438491821289,75.71527099609375,-75.71350860595703,116.65796661376953,-116.65805053710938,-26.884899139404297,26.891735076904297,2.6725916862487793,2.6723005771636963
-3.566505984053947e-05,0.0,0.0,0.0,7.0598344802856445,-7.060521602630615,60.53193664550781,-60.53144454956055,107.34294891357422,-107.3438491821289,75.71527099609375,-75.71350860595703,116.65796661376953,-116.65805053710938,-26.884899139404297,26.891735076904297,2.6725916862487793,2.6723005771636963
-3.566505984053947e-05,0.0,0.0,0.0,7.0598344802856445,-7.060521602630615,60.53193664550781,-60.53144454956055,107.34294891357422,-107.3438491821289,75.71527099609375,-75.71350860595703,116.65796661376953,-116.65805053710938,-26.884899139404297,26.891735076904297,2.6725916862487793,2.6723005771636963
-3.566505984053947e-05,0.0,0.0,0.0,7.0598344802856445,-7.060521602630615,60.53193664550781,-60.53144454956055,107.34294891357422,-107.3438491821289,75.71527099609375,-75.71350860595703,116.65796661376953,-116.65805053710938,-26.884899139404297,26.891735076904297,2.6725916862487793,2.6723005771636963
-5.202016109251417e-05,0.0,0.0,0.0,6.999342918395996,-7.000027656555176,60.67550277709961,-60.67502975463867,107.29154205322266,-107.29242706298828,75.94205474853516,-75.9403076171875,116.59745025634766,-116.59751892089844,-26.728744506835938,26.735565185546875,2.7508468627929688,2.7505526542663574
-5.202016109251417e-05,0.0,0.0,0.0,6.999342918395996,-7.000027656555176,60.67550277709961,-60.67502975463867,107.29154205322266,-107.29242706298828,75.94205474853516,-75.9403076171875,116.59745025634766,-116.59751892089844,-26.728744506835938,26.735565185546875,2.7508468627929688,2.7505526542663574
-3.2410047424491495e-05,0.0,0.0,0.0,6.910329341888428,-6.91104793548584,60.84897994995117,-60.84849548339844,107.23919677734375,-107.24008178710938,76.25518798828125,-76.25349426269531,116.53779602050781,-116.53788757324219,-26.530899047851562,26.53771209716797,2.874690055847168,2.87445068359375
-4.388263187138364e-05,0.0,0.0,0.0,6.854362487792969,-6.85504674911499,60.96006774902344,-60.959590911865234,107.20431518554688,-107.2052001953125,76.45413208007812,-76.45238494873047,116.498046875,-116.49813842773438,-26.404491424560547,26.41131591796875,2.953249216079712,2.952984094619751
-2.2404889023164287e-05,0.0,0.0,0.0,6.790984630584717,-6.791683197021484,61.08674621582031,-61.08626174926758,107.1642074584961,-107.16509246826172,76.68011474609375,-76.67840576171875,116.4522933959961,-116.4524154663086,-26.26055908203125,26.26740264892578,3.0422990322113037,3.0420546531677246
-2.3365384549833834e-05,0.0,0.0,0.0,6.720827102661133,-6.721523284912109,61.22868347167969,-61.22825622558594,107.11824035644531,-107.11911010742188,76.93187713623047,-76.93019104003906,116.39984130859375,-116.39998626708984,-26.099607467651367,26.10643196105957,3.1412925720214844,3.1410775184631348
-2.5473136702203192e-05,0.0,0.0,0.0,6.644378662109375,-6.645086288452148,61.38554000854492,-61.38509750366211,107.06617736816406,-107.06706237792969,77.20824432373047,-77.20655059814453,116.34044647216797,-116.34059143066406,-25.92212677001953,25.92894744873047,3.2497661113739014,3.2495431900024414
-2.5179651856888086e-05,0.0,0.0,0.0,6.5621514320373535,-6.562853813171387,61.55693054199219,-61.55647277832031,107.00778198242188,-107.0086669921875,77.50798034667969,-77.50625610351562,116.2737808227539,-116.2739486694336,-25.728683471679688,25.73552131652832,3.367081880569458,3.3668606281280518
-2.0830742869293317e-05,0.0,0.0,0.0,6.474605560302734,-6.475313186645508,61.74242401123047,-61.74199295043945,106.94285583496094,-106.94373321533203,77.82978820800781,-77.82808685302734,116.19963073730469,-116.19979858398438,-25.519838333129883,25.52666473388672,3.492769241333008,3.4925575256347656
-2.9688644644920714e-05,0.0,0.0,0.0,6.382251739501953,-6.382970333099365,61.941680908203125,-61.941246032714844,106.8710708618164,-106.87197875976562,78.17252349853516,-78.1707763671875,116.11766052246094,-116.11785888671875,-25.29615592956543,25.30299949645996,3.6262643337249756,3.626049280166626
-1.8002618162427098e-05,0.0,0.0,0.0,6.285634517669678,-6.286355495452881,62.15433883666992,-62.153907775878906,106.79220581054688,-106.79310607910156,78.53475952148438,-78.53304290771484,116.0275650024414,-116.02775573730469,-25.058168411254883,25.065004348754883,3.7669572830200195,3.7667336463928223
-1.5814823200344108e-05,0.0,0.0,0.0,6.18520450592041,-6.1859307289123535,62.37992858886719,-62.37953186035156,106.70599365234375,-106.70687103271484,78.91533660888672,-78.91364288330078,115.92903137207031,-115.92928314208984,-24.806495666503906,24.81334114074707,3.9143776893615723,3.9142067432403564
-5.6229000620078295e-06,0.0,0.0,0.0,6.081475257873535,-6.082216739654541,62.61815643310547,-62.61775588989258,106.6121597290039,-106.61304473876953,79.31287384033203,-79.31118774414062,115.82176971435547,-115.82202911376953,-24.541667938232422,24.548507690429688,4.067892074584961,4.0677490234375
9.851747563516255e-06,0.0,0.0,0.0,5.9749603271484375,-5.9757256507873535,62.86860656738281,-62.86820983886719,106.51044464111328,-106.51133728027344,79.72616577148438,-79.7245101928711,115.70551300048828,-115.705810546875,-24.264244079589844,24.27108383178711,4.2270684242248535,4.226960182189941
3.044903678528499e-05,0.0,0.0,0.0,5.866118907928467,-5.866888046264648,63.13090515136719,-63.130523681640625,106.40058898925781,-106.4014892578125,80.1539077758789,-80.15226745605469,115.57990264892578,-115.58021545410156,-23.974794387817383,23.981624603271484,4.391306400299072,4.391218185424805
3.317043956485577e-05,0.0,0.0,0.0,5.755457878112793,-5.756196975708008,63.404693603515625,-63.40431213378906,106.28233337402344,-106.2832260131836,80.5948257446289,-80.59317016601562,115.44473266601562,-115.44503021240234,-23.673873901367188,23.680727005004883,4.560153007507324,4.560031414031982
5.077952300780453e-05,0.0,0.0,0.0,5.643336772918701,-5.644097328186035,63.68958282470703,-63.6891975402832,106.15546417236328,-106.15635681152344,81.04762268066406,-81.04598999023438,115.29962921142578,-115.29998779296875,-23.36205291748047,23.368919372558594,4.732960224151611,4.732923984527588
4.2401868995511904e-05,0.0,0.0,0.0,5.530269622802734,-5.531052112579346,63.98515701293945,-63.98480987548828,106.01974487304688,-106.0206527709961,81.5110855102539,-81.50946044921875,115.14444732666016,-115.14483642578125,-23.039905548095703,23.04676628112793,4.909449577331543,4.909364223480225
7.858052413212135e-05,0.0,0.0,0.0,5.416615962982178,-5.417420387268066,64.2911376953125,-64.290771484375,105.87495422363281,-105.87586212158203,81.98388671875,-81.98231506347656,114.97888946533203,-114.97930908203125,-22.70795440673828,22.714826583862305,5.088924884796143,5.088925838470459
6.433318048948422e-05,0.0,0.0,0.0,5.302855968475342,-5.303636074066162,64.6070785522461,-64.60672760009766,105.72090911865234,-105.72183227539062,82.46501922607422,-82.46338653564453,114.80278778076172,-114.8031997680664,-22.366748809814453,22.37363052368164,5.271128177642822,5.271065711975098
8.183554018614814e-05,0.0,0.0,0.0,5.189315319061279,-5.19010591506958,64.93262481689453,-64.93231201171875,105.55742645263672,-105.55833435058594,82.95301818847656,-82.95143127441406,114.61587524414062,-114.61632537841797,-22.016849517822266,22.023723602294922,5.455432891845703,5.4554314613342285
8.423678082181141e-05,0.0,0.0,0.0,5.076336860656738,-5.077136039733887,65.2674560546875,-65.26712036132812,105.3843765258789,-105.38529205322266,83.44690704345703,-83.44532775878906,114.41802978515625,-114.41848754882812,-21.65874481201172,21.66564178466797,5.641507148742676,5.64150333404541
8.573088416596875e-05,0.0,0.0,0.0,4.9642839431762695,-4.965086936950684,65.61119079589844,-65.61087036132812,105.20158386230469,-105.2025146484375,83.94548034667969,-83.94387817382812,114.20907592773438,-114.20956420898438,-21.29298210144043,21.299880981445312,5.82891845703125,5.828904151916504
9.853748633759096e-05,0.0,0.0,0.0,4.8534464836120605,-4.854274272918701,65.96345520019531,-65.96315002441406,105.00897216796875,-105.00990295410156,84.44759368896484,-84.44603729248047,113.9889144897461,-113.9894027709961,-20.920089721679688,20.926958084106445,6.017276287078857,6.017308712005615
0.0001030731582432054,0.0,0.0,0.0,4.744156837463379,-4.7449750900268555,66.32391357421875,-66.3236312866211,104.80644226074219,-104.807373046875,84.9521713256836,-84.95059204101562,113.75740051269531,-113.7579574584961,-20.540517807006836,20.54741859436035,6.206180572509766,6.206235885620117
0.00011214450205443427,0.0,0.0,0.0,4.636647701263428,-4.637486934661865,66.69218444824219,-66.69194030761719,104.59394073486328,-104.5948715209961,85.45811462402344,-85.45658874511719,113.51454162597656,-113.51509857177734,-20.15482521057129,20.161712646484375,6.39530611038208,6.395368576049805
0.00010995670891134068,0.0,0.0,0.0,4.531188488006592,-4.532033920288086,67.06795501708984,-67.06771087646484,104.37139129638672,-104.37232971191406,85.96443176269531,-85.96292114257812,113.26023864746094,-113.26081848144531,-19.763479232788086,19.770389556884766,6.5842814445495605,6.5843505859375
0.00011726714728865772,0.0,0.0,0.0,4.428003311157227,-4.428852081298828,67.45085144042969,-67.45062255859375,104.13880157470703,-104.13973236083984,86.47008514404297,-86.46857452392578,112.99446105957031,-112.99508666992188,-19.366962432861328,19.373878479003906,6.772739887237549,6.772860527038574
0.00012863300798926502,0.0,0.0,0.0,4.327305793762207,-4.32815408706665,67.84052276611328,-67.8403091430664,103.89620208740234,-103.89714050292969,86.9740982055664,-86.97260284423828,112.71727752685547,-112.71788787841797,-18.965740203857422,18.9726505279541,6.960417747497559,6.960510730743408
0.00014304043725132942,0.0,0.0,0.0,4.229262351989746,-4.230120658874512,68.23663330078125,-68.23643493652344,103.64356994628906,-103.64451599121094,87.47553253173828,-87.47406005859375,112.42867279052734,-112.42931365966797,-18.56026840209961,18.56719207763672,7.14702844619751,7.147127628326416
0.00013807788491249084,0.0,0.0,0.0,4.134080410003662,-4.134937286376953,68.63885498046875,-68.6386489868164,103.38102722167969,-103.38197326660156,87.9734878540039,-87.97200775146484,112.12876892089844,-112.12943267822266,-18.1510009765625,18.157949447631836,7.332253456115723,7.332332134246826
0.00014143961016088724,0.0,0.0,0.0,4.041849613189697,-4.042690753936768,69.04679870605469,-69.04664611816406,103.10865020751953,-103.10958099365234,88.46704864501953,-88.46559143066406,111.817626953125,-111.81830596923828,-17.73838233947754,17.74533462524414,7.515799522399902,7.515871047973633
0.00016000919276848435,0.0,0.0,0.0,3.95274019241333,-3.9536030292510986,69.460205078125,-69.46002960205078,102.8265151977539,-102.82746887207031,88.9554214477539,-88.9539566040039,111.4953842163086,-111.49610137939453,-17.322834014892578,17.329792022705078,7.697403907775879,7.697513103485107
0.00016273059009108692,0.0,0.0,0.0,3.8668391704559326,-3.8677151203155518,69.87863159179688,-69.87847900390625,102.53482055664062,-102.53577423095703,89.43775939941406,-89.43632507324219,111.16224670410156,-111.1629867553711,-16.904794692993164,16.91176414489746,7.876875400543213,7.877004623413086
0.00017020110681187361,0.0,0.0,0.0,3.784271001815796,-3.7851486206054688,70.3017807006836,-70.30165100097656,102.23369598388672,-102.23464965820312,89.91325378417969,-89.91183471679688,110.81834411621094,-110.81908416748047,-16.48465919494629,16.491619110107422,8.053948402404785,8.054080963134766
0.0001889841369120404,0.0,0.0,0.0,3.7050912380218506,-3.7059714794158936,70.72930908203125,-70.72917938232422,101.92337036132812,-101.9243392944336,90.38121795654297,-90.37979888916016,110.46392059326172,-110.46466064453125,-16.062814712524414,16.069774627685547,8.22841739654541,8.22854232788086
0.0001870631385827437,0.0,0.0,0.0,3.629342794418335,-3.630230665206909,71.16091918945312,-71.1607894897461,101.60403442382812,-101.60501098632812,90.84095001220703,-90.83953094482422,110.09921264648438,-110.0999984741211,-15.639629364013672,15.646621704101562,8.400050163269043,8.400190353393555
0.0002050457551376894,0.0,0.0,0.0,3.5570878982543945,-3.5579991340637207,71.5962142944336,-71.59611511230469,101.27598571777344,-101.2769775390625,91.29173278808594,-91.29035186767578,109.72453308105469,-109.72535705566406,-15.21551513671875,15.222502708435059,8.568686485290527,8.568843841552734
0.0002080873236991465,0.0,0.0,0.0,3.4883809089660645,-3.4893064498901367,72.03490447998047,-72.03480529785156,100.9394760131836,-100.94046020507812,91.7328872680664,-91.73153686523438,109.34017944335938,-109.34102630615234,-14.790812492370605,14.797826766967773,8.734088897705078,8.7342529296875
0.00021358348021749407,0.0,0.0,0.0,3.423215627670288,-3.424128770828247,72.47661590576172,-72.47654724121094,100.59477233886719,-100.59576416015625,92.16397094726562,-92.16260528564453,108.94646453857422,-108.94734191894531,-14.365904808044434,14.372917175292969,8.896127700805664,8.896308898925781
0.000227777476538904,0.0,0.0,0.0,3.36160945892334,-3.3625214099884033,72.92101287841797,-72.92093658447266,100.24225616455078,-100.24327087402344,92.5843276977539,-92.58295440673828,108.54380798339844,-108.54469299316406,-13.941121101379395,13.948136329650879,9.054670333862305,9.05480670928955
0.00022681697737425566,0.0,0.0,0.0,3.3035385608673096,-3.3044629096984863,73.36772918701172,-73.36768341064453,99.88226318359375,-99.88326263427734,92.99337768554688,-92.99205017089844,108.13252258300781,-108.1334228515625,-13.516800880432129,13.523813247680664,9.209444046020508,9.209620475769043
0.00022687033924739808,0.0,0.0,0.0,3.2490060329437256,-3.249906063079834,73.81647491455078,-73.81645202636719,99.51512145996094,-99.51612854003906,93.3907699584961,-93.38941955566406,107.7131118774414,-107.71402740478516,-13.093273162841797,13.100301742553711,9.360466003417969,9.360597610473633
0.00024138449225574732,0.0,0.0,0.0,3.197970390319824,-3.1988792419433594,74.26687622070312,-74.26685333251953,99.14128112792969,-99.1423110961914,93.77596282958984,-93.7746353149414,107.28597259521484,-107.2868881225586,-12.67082691192627,12.677854537963867,9.507511138916016,9.507648468017578
0.0002366353728575632,0.0,0.0,0.0,3.1504127979278564,-3.151310682296753,74.71858978271484,-74.71857452392578,98.76116943359375,-98.7621841430664,94.14861297607422,-94.14728546142578,106.85159301757812,-106.85253143310547,-12.249780654907227,12.256834030151367,9.65049934387207,9.650611877441406
0.0002476810768712312,0.0,0.0,0.0,3.106259822845459,-3.107168197631836,75.17129516601562,-75.17131805419922,98.37520599365234,-98.37621307373047,94.50829315185547,-94.50701141357422,106.41047668457031,-106.41145324707031,-11.830429077148438,11.83749008178711,9.789222717285156,9.78939151763916
0.0002617683494463563,0.0,0.0,0.0,3.0654664039611816,-3.0663750171661377,75.62460327148438,-75.62464904785156,97.98384857177734,-97.98487091064453,94.85472869873047,-94.85346221923828,105.96314239501953,-105.96412658691406,-11.413073539733887,11.420136451721191,9.923712730407715,9.92386245727539
0.0002668376255314797,0.0,0.0,0.0,3.0279951095581055,-3.028902053833008,76.07819366455078,-76.07821655273438,97.58758544921875,-97.58861541748047,95.1876449584961,-95.18638610839844,105.5101318359375,-105.51111602783203,-10.997980117797852,11.005049705505371,10.053841590881348,10.053991317749023
0.0002851403842214495,0.0,0.0,0.0,2.993762493133545,-2.994673490524292,76.53167724609375,-76.53172302246094,97.18690490722656,-97.18795013427734,95.50675201416016,-95.50550842285156,105.05196380615234,-105.05298614501953,-10.58542537689209,10.592494010925293,10.179473876953125,10.179656028747559
0.0002815652114804834,0.0,0.0,0.0,2.962691307067871,-2.9636178016662598,76.98474884033203,-76.98480987548828,96.78230285644531,-96.7833480834961,95.81182861328125,-95.81062316894531,104.58926391601562,-104.5903091430664,-10.175660133361816,10.182748794555664,10.30058479309082,10.300760269165039
0.0002833794860634953,0.0,0.0,0.0,2.93472957611084,-2.935643434524536,77.4370346069336,-77.43709564208984,96.37432861328125,-96.37539672851562,96.10282897949219,-96.10159301757812,104.12262725830078,-104.12367248535156,-9.768948554992676,9.776043891906738,10.417140007019043,10.41729736328125
0.00029554576030932367,0.0,0.0,0.0,2.9097683429718018,-2.9106805324554443,77.88819122314453,-77.88827514648438,95.96351623535156,-95.96458435058594,96.37948608398438,-96.37828826904297,103.65269470214844,-103.65374755859375,-9.365545272827148,9.37264347076416,10.52908992767334,10.529203414916992
0.0003100065514445305,0.0,0.0,0.0,2.8877131938934326,-2.8886160850524902,78.33784484863281,-78.3379135131836,95.5504379272461,-95.55150604248047,96.6418228149414,-96.640625,103.18002319335938,-103.18111419677734,-8.965656280517578,8.972784996032715,10.636313438415527,10.636475563049316
0.00032404044759459794,0.0,0.0,0.0,2.8685076236724854,-2.869419813156128,78.78560638427734,-78.78568267822266,95.1356201171875,-95.13671112060547,96.8897705078125,-96.88859558105469,102.70531463623047,-102.7063980102539,-8.56959056854248,8.576692581176758,10.73889446258545,10.739056587219238
0.0003137417952530086,0.0,0.0,0.0,2.8520395755767822,-2.8529345989227295,79.23109436035156,-79.23120880126953,94.71967315673828,-94.72075653076172,97.12333679199219,-97.12215423583984,102.22918701171875,-102.23030090332031,-8.177529335021973,8.184660911560059,10.836793899536133,10.836882591247559
0.00034175626933574677,0.0,0.0,0.0,2.838200807571411,-2.8391029834747314,79.67402648925781,-79.67412567138672,94.30313873291016,-94.3042221069336,97.34253692626953,-97.34140014648438,101.75230407714844,-101.75343322753906,-7.789700984954834,7.7968316078186035,10.929927825927734,10.930108070373535
0.00033828779123723507,0.0,0.0,0.0,2.8269219398498535,-2.8277974128723145,80.1139907836914,-80.11408996582031,93.8865966796875,-93.88768768310547,97.5475082397461,-97.54634857177734,101.27536010742188,-101.27649688720703,-7.406346321105957,7.413496971130371,11.018426895141602,11.01854419708252
0.00034842637251131237,0.0,0.0,0.0,2.818057060241699,-2.8189330101013184,80.55060577392578,-80.55072784423828,93.47065734863281,-93.47174072265625,97.73827362060547,-97.7371597290039,100.79902648925781,-100.80015563964844,-7.027681827545166,7.034833908081055,11.102253913879395,11.102334022521973
0.00034671882167458534,0.0,0.0,0.0,2.811542510986328,-2.8124313354492188,80.9835205078125,-80.9836654663086,93.05591583251953,-93.0570068359375,97.91510772705078,-97.91400909423828,100.3239517211914,-100.32511138916016,-6.6539106369018555,6.661050796508789,11.181425094604492,11.181550979614258
0.0003541359619703144,0.0,0.0,0.0,2.8072099685668945,-2.8081042766571045,81.41234588623047,-81.4124984741211,92.64295959472656,-92.64405822753906,98.07811737060547,-98.07704162597656,99.85083770751953,-99.85201263427734,-6.285247802734375,6.292395114898682,11.255987167358398,11.256125450134277
0.00037590719875879586,0.0,0.0,0.0,2.8050434589385986,-2.8059327602386475,81.8366928100586,-81.83684539794922,92.23234558105469,-92.23345184326172,98.22758483886719,-98.2265396118164,99.38031768798828,-99.38151550292969,-5.9219279289245605,5.9290852546691895,11.326043128967285,11.326176643371582
0.0003664089599624276,0.0,0.0,0.0,2.804922342300415,-2.8057618141174316,82.25621795654297,-82.2563705444336,91.82469177246094,-91.82579040527344,98.36382293701172,-98.36274719238281,98.91312408447266,-98.914306640625,-5.564152240753174,5.571320533752441,11.391644477844238,11.391685485839844
0.00036672913120128214,0.0,0.0,0.0,2.8066718578338623,-2.80751633644104,82.6705322265625,-82.67070007324219,91.42053985595703,-91.42166137695312,98.4870834350586,-98.48600006103516,98.44989013671875,-98.45111083984375,-5.21213960647583,5.2193145751953125,11.452810287475586,11.452837944030762
0.00036614216514863074,0.0,0.0,0.0,2.810230016708374,-2.8110668659210205,83.07927703857422,-83.07942199707031,91.02050018310547,-91.02161407470703,98.59770202636719,-98.59663391113281,97.9913101196289,-97.99252319335938,-4.866108417510986,4.873290061950684,11.509615898132324,11.509693145751953
0.00038337771547958255,0.0,0.0,0.0,2.81544828414917,-2.816298007965088,83.48202514648438,-83.48218536376953,90.6251220703125,-90.62623596191406,98.6960678100586,-98.69506072998047,97.53800201416016,-97.53923797607422,-4.526275157928467,4.533464431762695,11.562260627746582,11.562339782714844
0.00040039984742179513,0.0,0.0,0.0,2.822314977645874,-2.823146104812622,83.87841033935547,-83.87860107421875,90.23499298095703,-90.23609924316406,98.78260803222656,-98.7816162109375,97.09064483642578,-97.0918960571289,-4.192846775054932,4.200030326843262,11.61076545715332,11.610812187194824
0.00040296115912497044,0.0,0.0,0.0,2.830587148666382,-2.831416130065918,84.26808166503906,-84.26826477050781,89.85064697265625,-89.85176086425781,98.85774993896484,-98.85677337646484,96.6498794555664,-96.6511001586914,-3.866044521331787,3.873203992843628,11.65528678894043,11.655333518981934
0.0004009334370493889,0.0,0.0,0.0,2.8402457237243652,-2.8410332202911377,84.65061950683594,-84.65082550048828,89.47261810302734,-89.47372436523438,98.92192840576172,-98.92092895507812,96.21627807617188,-96.2175064086914,-3.5460875034332275,3.553239583969116,11.695886611938477,11.695924758911133
0.00040450860979035497,0.0,0.0,0.0,2.851083755493164,-2.851897716522217,85.02565002441406,-85.02584075927734,89.10145568847656,-89.10256958007812,98.97566986083984,-98.9747085571289,95.79049682617188,-95.791748046875,-3.2331888675689697,3.240373373031616,11.732763290405273,11.732799530029297
0.0004198231908958405,0.0,0.0,0.0,2.8630850315093994,-2.8638744354248047,85.3927993774414,-85.39299774169922,88.73767852783203,-88.7387924194336,99.01953125,-99.0185775756836,95.37315368652344,-95.37442779541016,-2.9276082515716553,2.9347927570343018,11.766080856323242,11.766094207763672
0.0004175286740064621,0.0,0.0,0.0,2.876086711883545,-2.8768749237060547,85.75170135498047,-85.75188446044922,88.38175201416016,-88.38286590576172,99.05396270751953,-99.05301666259766,94.96483612060547,-94.96610260009766,-2.6295740604400635,2.6367714405059814,11.79587173461914,11.795900344848633
0.00042105047032237053,0.0,0.0,0.0,2.889981985092163,-2.8907713890075684,86.10193634033203,-86.10212707519531,88.03423309326172,-88.03536987304688,99.07962799072266,-99.07868194580078,94.56610870361328,-94.56737518310547,-2.339296579360962,2.3464858531951904,11.8224515914917,11.822465896606445
0.0004197698144707829,0.0,0.0,0.0,2.9046690464019775,-2.905435562133789,86.4431381225586,-86.4433364868164,87.69556427001953,-87.6966781616211,99.09696960449219,-99.09603881835938,94.17748260498047,-94.17875671386719,-2.0570261478424072,2.064220428466797,11.845832824707031,11.845839500427246
0.0004200366383884102,0.0,0.0,0.0,2.9200048446655273,-2.9207446575164795,86.77490997314453,-86.77509307861328,87.3662109375,-87.36734008789062,99.10674285888672,-99.10579681396484,93.79955291748047,-93.80084228515625,-1.783019781112671,1.7902323007583618,11.866324424743652,11.8662109375
0.00042660001781769097,0.0,0.0,0.0,2.935889959335327,-2.936642646789551,87.09685516357422,-87.0970458984375,87.04668426513672,-87.04781341552734,99.10944366455078,-99.10852813720703,93.43285369873047,-93.43412780761719,-1.5175238847732544,1.5247206687927246,11.88395881652832,11.883895874023438
0.00044266163604333997,0.0,0.0,0.0,2.952209711074829,-2.9529685974121094,87.40859985351562,-87.40880584716797,86.73737335205078,-86.7385025024414,99.1057357788086,-99.10484313964844,93.07781982421875,-93.0791244506836,-1.2607650756835938,1.2679613828659058,11.898978233337402,11.898966789245605
0.00044629015610553324,0.0,0.0,0.0,2.9688637256622314,-2.9696006774902344,87.70980834960938,-87.71001434326172,86.43870544433594,-86.43983459472656,99.09626007080078,-99.0953598022461,92.73505401611328,-92.73635864257812,-1.0130195617675781,1.0202168226242065,11.911592483520508,11.911540985107422
0.0004430351546034217,0.0,0.0,0.0,2.9856982231140137,-2.986417531967163,88.00000762939453,-88.0002212524414,86.15115356445312,-86.15226745605469,99.08161926269531,-99.08074188232422,92.40496063232422,-92.4062728881836,-0.7745470404624939,0.7817516326904297,11.921961784362793,11.921863555908203
0.0004494918102864176,0.0,0.0,0.0,3.002633810043335,-3.003347158432007,88.27888488769531,-88.27909088134766,85.87505340576172,-85.87616729736328,99.06255340576172,-99.06168365478516,92.08805847167969,-92.08936309814453,-0.5456333756446838,0.5528414845466614,11.930288314819336,11.930198669433594
0.000466140394564718,0.0,0.0,0.0,3.019522190093994,-3.020238161087036,88.5460433959961,-88.5462417602539,85.6108169555664,-85.61192321777344,99.03958892822266,-99.03875732421875,91.7847671508789,-91.78607177734375,-0.32653099298477173,0.3337423503398895,11.936698913574219,11.936652183532715
0.00045973711530677974,0.0,0.0,0.0,3.0362801551818848,-3.036987066268921,88.80104064941406,-88.80126190185547,85.35885620117188,-85.35994720458984,99.01344299316406,-99.01261901855469,91.49555206298828,-91.4968490600586,-0.11754021793603897,0.12473095208406448,11.941473960876465,11.941420555114746
0.00045626863720826805,0.0,0.0,0.0,3.052762985229492,-3.053494930267334,89.0435562133789,-89.04377746582031,85.11949920654297,-85.12061309814453,98.98479461669922,-98.9839859008789,91.22079467773438,-91.22211456298828,0.08108805865049362,-0.0738927349448204,11.944741249084473,11.944722175598145
0.0004544277035165578,0.0,0.0,0.0,3.0688672065734863,-3.0695972442626953,89.27320098876953,-89.2734146118164,84.89315795898438,-84.89425659179688,98.95419311523438,-98.95340728759766,90.96095275878906,-90.9622573852539,0.26909708976745605,-0.2618914544582367,11.946734428405762,11.946708679199219
0.0004494384629651904,0.0,0.0,0.0,3.0845324993133545,-3.0852386951446533,89.48956298828125,-89.48977661132812,84.6801528930664,-84.68123626708984,98.92225646972656,-98.92147827148438,90.71644592285156,-90.7177505493164,0.4461231529712677,-0.43890848755836487,11.947564125061035,11.947504997253418
0.00047152984188869596,0.0,0.0,0.0,3.099595546722412,-3.100290536880493,89.6922836303711,-89.69247436523438,84.48082733154297,-84.48194885253906,98.88972473144531,-98.88893127441406,90.48764038085938,-90.48895263671875,0.6119256615638733,-0.6047160625457764,11.947508811950684,11.947415351867676
0.0004733441164717078,0.0,0.0,0.0,3.1139473915100098,-3.1146352291107178,89.88092803955078,-89.88114166259766,84.29557037353516,-84.29667663574219,98.85704803466797,-98.85627746582031,90.27496337890625,-90.27627563476562,0.7661835551261902,-0.7589801549911499,11.946640014648438,11.9465913772583
0.00045680225593969226,0.0,0.0,0.0,3.127497434616089,-3.1282005310058594,90.0,-90.0,84.12466430664062,-84.12577056884766,98.82494354248047,-98.82417297363281,90.07878112792969,-90.080078125,0.9086205959320068,-0.9014216065406799,11.945241928100586,11.945173263549805
0.0004437888856045902,0.0,0.0,0.0,3.147012948989868,-3.147688150405884,90.0,-90.0,83.9046859741211,-83.90573120117188,98.79324340820312,-98.79253387451172,89.95215606689453,-89.95355224609375,1.1117063760757446,-1.104619026184082,11.943496704101562,11.943461418151855
0.00042651998228393495,0.0,0.0,0.0,3.1699106693267822,-3.170546293258667,90.0,-90.0,83.6615219116211,-83.66256713867188,98.76409149169922,-98.76335906982422,89.87469482421875,-89.87617492675781,1.3458372354507446,-1.3388102054595947,11.942237854003906,11.94210433959961
0.00042946147732436657,0.0,0.0,0.0,3.19992995262146,-3.200568914413452,90.0,-90.0,83.36677551269531,-83.36778259277344,98.73655700683594,-98.73588562011719,89.870361328125,-89.87184143066406,1.6434986591339111,-1.6364972591400146,11.940911293029785,11.940812110900879
0.000418829353293404,0.0,0.0,0.0,3.22127628326416,-3.2218868732452393,90.0,-90.0,83.15999603271484,-83.16100311279297,98.71188354492188,-98.71118927001953,89.82415008544922,-89.82565307617188,1.8456368446350098,-1.8386526107788086,11.940022468566895,11.93988037109375
0.00041161227272823453,0.0,0.0,0.0,3.2421655654907227,-3.2427780628204346,90.0,-90.0,82.96563720703125,-82.96662139892578,98.69000244140625,-98.6893310546875,89.79935455322266,-89.80085754394531,2.038541555404663,-2.03155517578125,11.939257621765137,11.9391450881958
0.00041938963113352656,0.0,0.0,0.0,3.261418104171753,-3.2619924545288086,90.0,-90.0,82.79269409179688,-82.7936782836914,98.67144775390625,-98.67076110839844,89.78911590576172,-89.79060363769531,2.2119648456573486,-2.2049918174743652,11.938714981079102,11.938559532165527
0.000421604112489149,0.0,0.0,0.0,3.272338390350342,-3.2729461193084717,90.0,-90.0,82.69216918945312,-82.69315338134766,98.65694427490234,-98.65628814697266,89.75187683105469,-89.75336456298828,2.307992935180664,-2.301023244857788,11.938359260559082,11.938231468200684
0.00042764723184518516,0.0,0.0,0.0,3.2825024127960205,-3.2831270694732666,90.0,-90.0,82.60266876220703,-82.60365295410156,98.6460189819336,-98.64539337158203,89.739013671875,-89.74052429199219,2.3965892791748047,-2.38960862159729,11.938055038452148,11.93797779083252
0.0004292080120649189,0.0,0.0,0.0,3.2910842895507812,-3.2916855812072754,90.0,-90.0,82.5303726196289,-82.5313720703125,98.63925170898438,-98.63858795166016,89.74623107910156,-89.74773406982422,2.4708423614501953,-2.4638831615448,11.937904357910156,11.93776798248291
0.0004292080120649189,0.0,0.0,0.0,3.2910842895507812,-3.2916855812072754,90.0,-90.0,82.5303726196289,-82.5313720703125,98.63925170898438,-98.63858795166016,89.74623107910156,-89.74773406982422,2.4708423614501953,-2.4638831615448,11.937904357910156,11.93776798248291
0.00040969796827994287,0.0,0.0,0.0,3.298884153366089,-3.2994587421417236,90.0,-90.0,82.46524047851562,-82.4662094116211,98.6331787109375,-98.63249969482422,89.7531509399414,-89.75464630126953,2.5378265380859375,-2.53084659576416,11.93776798248291,11.93761157989502
0.00042102381121367216,0.0,0.0,0.0,3.3082401752471924,-3.3088607788085938,90.0,-90.0,82.38417053222656,-82.38516235351562,98.62224578857422,-98.62159729003906,89.73395538330078,-89.73545837402344,2.6169068813323975,-2.609945774078369,11.937536239624023,11.937410354614258
0.0004213039355818182,0.0,0.0,0.0,3.3208906650543213,-3.3214712142944336,90.0,-90.0,82.27339935302734,-82.27438354492188,98.60420227050781,-98.6035385131836,89.68475341796875,-89.68626403808594,2.7215139865875244,-2.714545488357544,11.937188148498535,11.937032699584961
0.0004245722957421094,0.0,0.0,0.0,3.3461432456970215,-3.3467464447021484,90.0,-90.0,82.06615447998047,-82.06715393066406,98.57823944091797,-98.57757568359375,89.66336059570312,-89.66486358642578,2.9279799461364746,-2.921025037765503,11.936699867248535,11.936542510986328
0.00042313156882300973,0.0,0.0,0.0,3.382469892501831,-3.383039712905884,90.0,-90.0,81.77957916259766,-81.78057098388672,98.54483795166016,-98.5441665649414,89.65814971923828,-89.65965270996094,3.217146873474121,-3.2101874351501465,11.936295509338379,11.936131477355957
0.0004308221978135407,0.0,0.0,0.0,3.4216256141662598,-3.4221935272216797,90.0,-90.0,81.4774398803711,-81.47843933105469,98.5038070678711,-98.5031509399414,89.6187973022461,-89.62031555175781,3.5168323516845703,-3.509859085083008,11.935909271240234,11.93575668334961
0.0004225379088893533,0.0,0.0,0.0,3.4665043354034424,-3.4670519828796387,90.0,-90.0,81.1424331665039,-81.1434097290039,98.45465087890625,-98.45401000976562,89.56230926513672,-89.5638198852539,3.8472843170166016,-3.840313673019409,11.935615539550781,11.935449600219727
0.0004278606502339244,0.0,0.0,0.0,3.518606424331665,-3.519151449203491,90.0,-90.0,80.76830291748047,-80.76929473876953,98.39691162109375,-98.39627075195312,89.49638366699219,-89.49791717529297,4.215906620025635,-4.20893669128418,11.93547534942627,11.935285568237305
0.0004327565256971866,0.0,0.0,0.0,3.587399482727051,-3.5879645347595215,90.0,-90.0,80.30195617675781,-80.30293273925781,98.32988739013672,-98.32929229736328,89.46784210205078,-89.46935272216797,4.683328151702881,-4.676358699798584,11.935807228088379,11.935628890991211
0.00042515259701758623,0.0,0.0,0.0,3.660806894302368,-3.6613247394561768,90.0,-90.0,79.82511901855469,-79.82609558105469,98.25360107421875,-98.25296783447266,89.41149139404297,-89.41300964355469,5.157209873199463,-5.150244235992432,11.936436653137207,11.936182975769043
0.0004327565256971866,0.0,0.0,0.0,3.7422244548797607,-3.742748260498047,90.0,-90.0,79.32010650634766,-79.32109069824219,98.1673355102539,-98.1667251586914,89.34478759765625,-89.34630584716797,5.658078193664551,-5.651101589202881,11.937368392944336,11.937134742736816
0.000431755994213745,0.0,0.0,0.0,3.833155632019043,-3.833667755126953,90.0,-90.0,78.78265380859375,-78.78363037109375,98.07073211669922,-98.07014465332031,89.27403259277344,-89.27555847167969,6.191213130950928,-6.184232711791992,11.938791275024414,11.938529968261719
0.00043401715811342,0.0,0.0,0.0,3.9439938068389893,-3.9444804191589355,90.0,-90.0,78.16529083251953,-78.166259765625,97.96307373046875,-97.96248626708984,89.24137115478516,-89.24290466308594,6.810469150543213,-6.803491592407227,11.94118595123291,11.940906524658203
0.00044320191955193877,0.0,0.0,0.0,4.059939861297607,-4.060428619384766,90.0,-90.0,77.54915618896484,-77.55013275146484,97.84432220458984,-97.8437728881836,89.1822509765625,-89.18378448486328,7.424688816070557,-7.4177093505859375,11.94387435913086,11.94360065460205
0.00045366064296104014,0.0,0.0,0.0,4.185711860656738,-4.186196327209473,90.0,-90.0,76.91265106201172,-76.91360473632812,97.71403503417969,-97.7135238647461,89.11739349365234,-89.11893463134766,8.058664321899414,-8.051651954650879,11.946985244750977,11.946773529052734
0.0004416477750055492,0.0,0.0,0.0,4.322868824005127,-4.323347568511963,90.0,-90.0,76.25186920166016,-76.2528305053711,97.57200622558594,-97.57147979736328,89.05281066894531,-89.05435943603516,8.717140197753906,-8.710158348083496,11.950767517089844,11.950514793395996
0.00046091771218925714,0.0,0.0,0.0,4.472057342529297,-4.472487449645996,90.0,-90.0,75.5675277709961,-75.56847381591797,97.41790008544922,-97.4173812866211,88.99079132080078,-88.99236297607422,9.399787902832031,-9.392792701721191,11.955113410949707,11.954795837402344
0.0004541342204902321,0.0,0.0,0.0,4.633499622344971,-4.633949279785156,90.0,-90.0,74.86138916015625,-74.8623275756836,97.25169372558594,-97.2511978149414,88.9326171875,-88.93413543701172,10.10487174987793,-10.097905158996582,11.959991455078125,11.959689140319824
0.0004640860133804381,0.0,0.0,0.0,4.819318771362305,-4.819715976715088,90.0,-90.0,74.0909423828125,-74.09188842773438,97.07308959960938,-97.07258605957031,88.91651153564453,-88.9180908203125,10.880062103271484,-10.873071670532227,11.966137886047363,11.965751647949219
0.00045697568566538393,0.0,0.0,0.0,4.997443675994873,-4.997875213623047,90.0,-90.0,73.37974548339844,-73.38066864013672,96.88274383544922,-96.88228607177734,88.84233856201172,-88.8438949584961,11.588157653808594,-11.581180572509766,11.97142505645752,11.971092224121094
0.00047425791854038835,0.0,0.0,0.0,5.207706451416016,-5.208117961883545,90.0,-90.0,72.58296966552734,-72.58386993408203,96.68012237548828,-96.67969512939453,88.83358764648438,-88.83512115478516,12.39034366607666,-12.38337230682373,11.978336334228516,11.978007316589355
0.0004753985267598182,0.0,0.0,0.0,5.422908782958984,-5.423293113708496,90.0,-90.0,71.80101776123047,-71.80194854736328,96.46601867675781,-96.46559143066406,88.80913543701172,-88.81071472167969,13.175437927246094,-13.168462753295898,11.985053062438965,11.984658241271973
0.0004776997084263712,0.0,0.0,0.0,5.6486101150512695,-5.648978233337402,90.0,-90.0,71.0145034790039,-71.01541137695312,96.24067687988281,-96.24026489257812,88.78791046142578,-88.78948211669922,13.965250968933105,-13.958260536193848,11.991745948791504,11.991353034973145
0.0004877248720731586,0.0,0.0,0.0,5.88582181930542,-5.886160850524902,90.0,-90.0,70.22087860107422,-70.22179412841797,96.00459289550781,-96.00420379638672,88.77462005615234,-88.77621459960938,14.762882232666016,-14.755877494812012,11.99846363067627,11.998051643371582
0.0004851702251471579,0.0,0.0,0.0,6.134397506713867,-6.134703636169434,90.0,-90.0,69.42130279541016,-69.4222183227539,95.75840759277344,-95.75801086425781,88.77086639404297,-88.77245330810547,15.567249298095703,-15.560250282287598,12.005026817321777,12.004545211791992
0.0004899459891021252,0.0,0.0,0.0,6.4078779220581055,-6.40819787979126,90.0,-90.0,68.57705688476562,-68.57793426513672,95.50260925292969,-95.50226593017578,88.8116226196289,-88.81319427490234,16.420639038085938,-16.41362190246582,12.011998176574707,12.011553764343262
0.0004946417757309973,0.0,0.0,0.0,6.667165279388428,-6.667458534240723,90.0,-90.0,67.80209350585938,-67.80298614501953,95.23866271972656,-95.23831939697266,88.80362701416016,-88.80522918701172,17.199142456054688,-17.192127227783203,12.017155647277832,12.016678810119629
0.0004849701072089374,0.0,0.0,0.0,6.958986759185791,-6.959249019622803,90.0,-90.0,66.962890625,-66.96379089355469,94.96685791015625,-94.96650695800781,88.86140441894531,-88.86299133300781,18.04790496826172,-18.0408992767334,12.022919654846191,12.022358894348145
0.0004852502606809139,0.0,0.0,0.0,7.250068187713623,-7.250321865081787,90.0,-90.0,66.15266418457031,-66.153564453125,94.68871307373047,-94.6883773803711,88.90876770019531,-88.91036224365234,18.865947723388672,-18.85892677307129,12.027275085449219,12.026694297790527
0.0004973698523826897,0.0,0.0,0.0,7.546578884124756,-7.546792984008789,90.0,-90.0,65.35316467285156,-65.35403442382812,94.40538787841797,-94.40505981445312,88.96321868896484,-88.96480560302734,19.673213958740234,-19.666200637817383,12.030566215515137,12.029948234558105
0.000503499701153487,0.0,0.0,0.0,7.848735332489014,-7.848961353302002,90.0,-90.0,64.5625991821289,-64.56349182128906,94.1181411743164,-94.11783599853516,89.02824401855469,-89.02987670898438,20.47175407409668,-20.464723587036133,12.032649040222168,12.032001495361328
0.0005011517787352204,0.0,0.0,0.0,8.1555814743042,-8.15579605102539,90.0,-90.0,63.78260040283203,-63.78346252441406,93.82843780517578,-93.82814025878906,89.10442352294922,-89.10602569580078,21.2598934173584,-21.252853393554688,12.033391952514648,12.032756805419922
0.0005128245102241635,0.0,0.0,0.0,8.465694427490234,-8.46589469909668,90.0,-90.0,63.01549530029297,-63.01637268066406,93.53780364990234,-93.53750610351562,89.19149017333984,-89.19312286376953,22.035070419311523,-22.02804946899414,12.032723426818848,12.032060623168945
0.0005014986381866038,0.0,0.0,0.0,8.777414321899414,-8.777583122253418,90.0,-90.0,62.26396560668945,-62.26482391357422,93.24784088134766,-93.24754333496094,89.28894805908203,-89.29057312011719,22.794626235961914,-22.787582397460938,12.03050708770752,12.029789924621582
0.0005223427433520555,0.0,0.0,0.0,9.088991165161133,-9.08919620513916,90.0,-90.0,61.530696868896484,-61.53154373168945,92.96027374267578,-92.96001434326172,89.39599609375,-89.39759826660156,23.535646438598633,-23.528593063354492,12.026686668395996,12.026009559631348
0.0005393314640969038,0.0,0.0,0.0,9.414107322692871,-9.41429328918457,90.0,-90.0,60.78350830078125,-60.784339904785156,92.6767807006836,-92.67655181884766,89.54161834716797,-89.54322052001953,24.291746139526367,-24.284690856933594,12.02150821685791,12.02079963684082
0.000530860444996506,0.0,0.0,0.0,9.708405494689941,-9.708585739135742,90.0,-90.0,60.12087631225586,-60.12173843383789,92.39966583251953,-92.39942932128906,89.6427993774414,-89.64443969726562,24.960142135620117,-24.953094482421875,12.01439380645752,12.013670921325684
0.0005541257560253143,0.0,0.0,0.0,10.004745483398438,-10.004898071289062,90.0,-90.0,59.46664810180664,-59.46746063232422,92.1304931640625,-92.1302719116211,89.76603698730469,-89.76763153076172,25.62047576904297,-25.61342430114746,12.0059175491333,12.005159378051758
0.000551564444322139,0.0,0.0,0.0,10.31028938293457,-10.310420989990234,90.0,-90.0,58.80439758300781,-58.80523681640625,91.87114715576172,-91.87090301513672,89.92657470703125,-89.9281997680664,26.28939437866211,-26.282325744628906,11.996066093444824,11.995268821716309
0.0005520513514056802,0.0,0.0,0.0,10.579385757446289,-10.579516410827637,90.0,-90.0,58.23102569580078,-58.2318229675293,91.62413024902344,-91.6239242553711,90.04195404052734,-90.0435562133789,26.867082595825195,-26.860017776489258,11.985177040100098,11.984384536743164
0.0005509107722900808,0.0,0.0,0.0,10.843123435974121,-10.843255043029785,90.0,-90.0,57.67727279663086,-57.67809295654297,91.39112091064453,-91.39093017578125,90.17263793945312,-90.17426300048828,27.424959182739258,-27.41789436340332,11.973392486572266,11.972566604614258
0.0005619631847366691,0.0,0.0,0.0,11.093446731567383,-11.093539237976074,90.0,-90.0,57.158870697021484,-57.15968322753906,91.17430877685547,-91.17411804199219,90.3060531616211,-90.30767822265625,27.946928024291992,-27.939863204956055,11.96098804473877,11.960160255432129
0.0005660919705405831,0.0,0.0,0.0,11.32614517211914,-11.326262474060059,90.0,-90.0,56.68281173706055,-56.68360900878906,90.97577667236328,-90.9756088256836,90.43682861328125,-90.43843841552734,28.4259033203125,-28.41883659362793,11.948416709899902,11.947609901428223
0.0005697738379240036,0.0,0.0,0.0,11.523730278015137,-11.523809432983398,90.0,-90.0,56.283206939697266,-56.28400802612305,90.7977066040039,-90.79750061035156,90.5359878540039,-90.53762817382812,28.827390670776367,-28.820322036743164,11.9364652633667,11.935623168945312
0.0005674926796928048,0.0,0.0,0.0,11.708260536193848,-11.708359718322754,90.0,-90.0,55.913108825683594,-55.91391372680664,90.64186096191406,-90.64167022705078,90.64524841308594,-90.64689636230469,29.199216842651367,-29.1921443939209,11.924899101257324,11.924015998840332
0.000572268501855433,0.0,0.0,0.0,11.85629940032959,-11.856400489807129,90.0,-90.0,55.61874008178711,-55.6195182800293,90.51042938232422,-90.51025390625,90.72498321533203,-90.72660827636719,29.494646072387695,-29.487560272216797,11.914806365966797,11.913954734802246
0.0005754167796112597,0.0,0.0,0.0,11.987679481506348,-11.987763404846191,90.0,-90.0,55.35879135131836,-55.35955810546875,90.4051513671875,-90.40496826171875,90.8122329711914,-90.81385803222656,29.755531311035156,-29.748449325561523,11.905892372131348,11.904999732971191
0.0005914983921684325,0.0,0.0,0.0,12.066001892089844,-12.066079139709473,90.0,-90.0,55.205074310302734,-55.20585250854492,90.3281021118164,-90.32792663574219,90.84489440917969,-90.8465347290039,29.909542083740234,-29.9024600982666,11.899877548217773,11.898991584777832
0.0005751833086833358,0.0,0.0,0.0,12.131782531738281,-12.131866455078125,90.0,-90.0,55.075706481933594,-55.07648849487305,90.28059387207031,-90.2803955078125,90.89618682861328,-90.89781951904297,30.039287567138672,-30.03221321105957,11.89531421661377,11.89439868927002
0.0005821936065331101,0.0,0.0,0.0,12.150908470153809,-12.150992393493652,90.0,-90.0,55.03823471069336,-55.039005279541016,90.26448059082031,-90.2643051147461,90.90794372558594,-90.90957641601562,30.076845169067383,-30.06976890563965,11.89390754699707,11.89299488067627
0.0005821936065331101,0.0,0.0,0.0,12.150908470153809,-12.150992393493652,90.0,-90.0,55.03823471069336,-55.039005279541016,90.26448059082031,-90.2643051147461,90.90794372558594,-90.90957641601562,30.076845169067383,-30.06976890563965,11.89390754699707,11.89299488067627
0.0005821936065331101,0.0,0.0,0.0,12.150908470153809,-12.150992393493652,90.0,-90.0,55.03823471069336,-55.039005279541016,90.26448059082031,-90.2643051147461,90.90794372558594,-90.90957641601562,30.076845169067383,-30.06976890563965,11.89390754699707,11.89299488067627
0.0005657518049702048,0.0,0.0,0.0,12.175765037536621,-12.175827026367188,90.0,-90.0,55.00642013549805,-55.0072135925293,90.31155395507812,-90.31134033203125,90.91034698486328,-90.9120101928711,30.10970687866211,-30.102628707885742,11.955662727355957,11.954737663269043
0.0005657518049702048,0.0,0.0,0.0,12.175765037536621,-12.175827026367188,90.0,-90.0,55.00642013549805,-55.0072135925293,90.31155395507812,-90.31134033203125,90.91034698486328,-90.9120101928711,30.10970687866211,-30.102628707885742,11.955662727355957,11.954737663269043
0.0005793854943476617,0.0,0.0,0.0,12.206819534301758,-12.206892013549805,90.0,-90.0,54.9755973815918,-54.976375579833984,90.39356231689453,-90.39337921142578,90.89266967773438,-90.89433288574219,30.142301559448242,-30.135208129882812,12.06386661529541,12.062976837158203
0.0005793854943476617,0.0,0.0,0.0,12.206819534301758,-12.206892013549805,90.0,-90.0,54.9755973815918,-54.976375579833984,90.39356231689453,-90.39337921142578,90.89266967773438,-90.89433288574219,30.142301559448242,-30.135208129882812,12.06386661529541,12.062976837158203
0.0005718015599995852,0.0,0.0,0.0,12.245107650756836,-12.245177268981934,90.0,-90.0,54.945377349853516,-54.94615173339844,90.513916015625,-90.51374053955078,90.85336303710938,-90.85505676269531,30.17504119873047,-30.16793441772461,12.223316192626953,12.222397804260254
0.0005718015599995852,0.0,0.0,0.0,12.245107650756836,-12.245177268981934,90.0,-90.0,54.945377349853516,-54.94615173339844,90.513916015625,-90.51374053955078,90.85336303710938,-90.85505676269531,30.17504119873047,-30.16793441772461,12.223316192626953,12.222397804260254
0.0005629970110021532,0.0,0.0,0.0,12.290473937988281,-12.290533065795898,90.0,-90.0,54.9160041809082,-54.91680145263672,90.67057037353516,-90.67040252685547,90.79317474365234,-90.79488372802734,30.20752716064453,-30.200429916381836,12.431709289550781,12.430726051330566
0.0005629970110021532,0.0,0.0,0.0,12.290473937988281,-12.290533065795898,90.0,-90.0,54.9160041809082,-54.91680145263672,90.67057037353516,-90.67040252685547,90.79317474365234,-90.79488372802734,30.20752716064453,-30.200429916381836,12.431709289550781,12.430726051330566
0.000559815380256623,0.0,0.0,0.0,12.342815399169922,-12.34286880493164,90.0,-90.0,54.88773727416992,-54.8885498046875,90.86151885986328,-90.86134338378906,90.71285247802734,-90.71458435058594,30.239416122436523,-30.23233413696289,12.686819076538086,12.685868263244629
0.000559815380256623,0.0,0.0,0.0,12.342815399169922,-12.34286880493164,90.0,-90.0,54.88773727416992,-54.8885498046875,90.86151885986328,-90.86134338378906,90.71285247802734,-90.71458435058594,30.239416122436523,-30.23233413696289,12.686819076538086,12.685868263244629
0.0005533320363610983,0.0,0.0,0.0,12.402059555053711,-12.40209674835205,89.9957504272461,-89.9957504272461,54.86077880859375,-54.86159133911133,91.0844955444336,-91.0843276977539,90.61327362060547,-90.61504364013672,30.270339965820312,-30.26325798034668,12.986262321472168,12.98529052734375
0.0005533320363610983,0.0,0.0,0.0,12.402059555053711,-12.40209674835205,89.9957504272461,-89.9957504272461,54.86077880859375,-54.86159133911133,91.0844955444336,-91.0843276977539,90.61327362060547,-90.61504364013672,30.270339965820312,-30.26325798034668,12.986262321472168,12.98529052734375
0.0005583679885603487,0.0,0.0,0.0,12.46866512298584,-12.468679428100586,89.97463989257812,-89.97463989257812,54.834354400634766,-54.8352165222168,91.33751678466797,-91.33735656738281,90.4959945678711,-90.4978256225586,30.300796508789062,-30.29374122619629,13.327919960021973,13.326910972595215
0.0005583679885603487,0.0,0.0,0.0,12.46866512298584,-12.468679428100586,89.97463989257812,-89.97463989257812,54.834354400634766,-54.8352165222168,91.33751678466797,-91.33735656738281,90.4959945678711,-90.4978256225586,30.300796508789062,-30.29374122619629,13.327919960021973,13.326910972595215
0.0005523781874217093,0.0,0.0,0.0,12.544303894042969,-12.544323921203613,89.95186614990234,-89.95186614990234,54.80542755126953,-54.8062629699707,91.61827850341797,-91.6181411743164,90.36497497558594,-90.36680603027344,30.333826065063477,-30.32674789428711,13.709256172180176,13.708282470703125
0.0005523781874217093,0.0,0.0,0.0,12.544303894042969,-12.544323921203613,89.95186614990234,-89.95186614990234,54.80542755126953,-54.8062629699707,91.61827850341797,-91.6181411743164,90.36497497558594,-90.36680603027344,30.333826065063477,-30.32674789428711,13.709256172180176,13.708282470703125
0.0005502704880200326,0.0,0.0,0.0,12.629005432128906,-12.629005432128906,89.92787170410156,-89.9278793334961,54.774227142333984,-54.77509689331055,91.92460632324219,-91.92449188232422,90.22077941894531,-90.22266387939453,30.368934631347656,-30.36187171936035,14.128183364868164,14.127119064331055
0.0005502704880200326,0.0,0.0,0.0,12.629005432128906,-12.629005432128906,89.92787170410156,-89.9278793334961,54.774227142333984,-54.77509689331055,91.92460632324219,-91.92449188232422,90.22077941894531,-90.22266387939453,30.368934631347656,-30.36187171936035,14.128183364868164,14.127119064331055
0.0005401985836215317,0.0,0.0,0.0,12.722713470458984,-12.72268295288086,89.90308380126953,-89.9030990600586,54.74111557006836,-54.74200439453125,92.25421905517578,-92.25409698486328,90.06416320800781,-90.06610107421875,30.405601501464844,-30.3985538482666,14.582281112670898,14.581212997436523
0.0005118906847201288,0.0,0.0,0.0,12.773741722106934,-12.773696899414062,89.8907699584961,-89.89078521728516,54.72394561767578,-54.72486114501953,92.42689514160156,-92.4267578125,89.98108673095703,-89.98306274414062,30.424074172973633,-30.417024612426758,14.82268238067627,14.82155990600586
0.00053427554666996,0.0,0.0,0.0,12.8262300491333,-12.826181411743164,89.87826538085938,-89.87828826904297,54.70654296875,-54.707454681396484,92.60467529296875,-92.60458374023438,89.8954086303711,-89.89741516113281,30.44291877746582,-30.43586540222168,15.070209503173828,15.069103240966797
0.000516506377607584,0.0,0.0,0.0,12.880943298339844,-12.880881309509277,89.86577606201172,-89.86578369140625,54.6888427734375,-54.689781188964844,92.78723907470703,-92.78714752197266,89.80699920654297,-89.80904388427734,30.46187973022461,-30.454816818237305,15.32548999786377,15.324319839477539
0.0005145453615114093,0.0,0.0,0.0,12.937875747680664,-12.937830924987793,89.85335540771484,-89.85337829589844,54.6708984375,-54.67182540893555,92.97421264648438,-92.9741439819336,89.71593475341797,-89.7179946899414,30.48090171813965,-30.473852157592773,15.588083267211914,15.586959838867188
0.0005275720614008605,0.0,0.0,0.0,12.997032165527344,-12.996977806091309,89.8410415649414,-89.84104919433594,54.652732849121094,-54.65367889404297,93.16539764404297,-93.16533660888672,89.62232208251953,-89.62439727783203,30.499910354614258,-30.49286460876465,15.857815742492676,15.856670379638672
0.0005180805455893278,0.0,0.0,0.0,13.058391571044922,-13.058314323425293,89.82891082763672,-89.82891082763672,54.63439178466797,-54.63535690307617,93.3604965209961,-93.36043548583984,89.52622985839844,-89.52835083007812,30.518856048583984,-30.51181411743164,16.134384155273438,16.133190155029297
0.0004998978110961616,0.0,0.0,0.0,13.121914863586426,-13.121856689453125,89.81695556640625,-89.81697082519531,54.61593246459961,-54.61688995361328,93.55924987792969,-93.55921173095703,89.42776489257812,-89.42989349365234,30.537683486938477,-30.530641555786133,16.41744041442871,16.4162654876709
0.0004964093677699566,0.0,0.0,0.0,13.187677383422852,-13.187566757202148,89.8052978515625,-89.80531311035156,54.59736251831055,-54.59835433959961,93.76144409179688,-93.76139068603516,89.32701110839844,-89.3292007446289,30.556299209594727,-30.549287796020508,16.706836700439453,16.705608367919922
0.0004908198025077581,0.0,0.0,0.0,13.255518913269043,-13.255412101745605,89.7939453125,-89.79396057128906,54.57875442504883,-54.57976150512695,93.96668243408203,-93.96663665771484,89.22409057617188,-89.22631072998047,30.57469940185547,-30.567691802978516,17.00208854675293,17.00086784362793
0.0004983303369954228,0.0,0.0,0.0,13.325555801391602,-13.325444221496582,89.7829360961914,-89.78294372558594,54.56013870239258,-54.5611572265625,94.17485809326172,-94.17484283447266,89.11908721923828,-89.12133026123047,30.59276008605957,-30.585765838623047,17.303104400634766,17.301860809326172
0.00048574386164546013,0.0,0.0,0.0,13.39767074584961,-13.397554397583008,89.77232360839844,-89.77233123779297,54.54157638549805,-54.5425910949707,94.38561248779297,-94.38560485839844,89.01211547851562,-89.01438903808594,30.610490798950195,-30.60348892211914,17.609413146972656,17.60818099975586
0.0004831625265069306,0.0,0.0,0.0,13.47189998626709,-13.471759796142578,89.76214599609375,-89.76216125488281,54.52305603027344,-54.52410125732422,94.59878540039062,-94.59878540039062,88.90322875976562,-88.90553283691406,30.627788543701172,-30.620824813842773,17.920930862426758,17.91963768005371
0.00046872839448042214,0.0,0.0,0.0,13.548177719116211,-13.548033714294434,89.75245666503906,-89.75247192382812,54.504638671875,-54.50569152832031,94.81404876708984,-94.81407928466797,88.79254913330078,-88.794921875,30.644630432128906,-30.637651443481445,18.237245559692383,18.235933303833008
0.000481648399727419,0.0,0.0,0.0,13.626502990722656,-13.62633991241455,89.74329376220703,-89.74329376220703,54.48638153076172,-54.4874382019043,95.03118896484375,-95.03121185302734,88.68022918701172,-88.68258666992188,30.66094207763672,-30.65399169921875,18.558012008666992,18.556724548339844
0.0004622383858077228,0.0,0.0,0.0,13.706795692443848,-13.706659317016602,89.73464965820312,-89.73465728759766,54.46828079223633,-54.46935272216797,95.25,-95.25004577636719,88.56627655029297,-88.56867218017578,30.676694869995117,-30.669742584228516,18.883153915405273,18.88184928894043
0.0004525133699644357,0.0,0.0,0.0,13.789122581481934,-13.788921356201172,89.72665405273438,-89.72663879394531,54.45038986206055,-54.45147705078125,95.47022247314453,-95.47025299072266,88.45083618164062,-88.45329284667969,30.691844940185547,-30.684906005859375,19.212228775024414,19.210845947265625
0.000450552353868261,0.0,0.0,0.0,13.87331485748291,-13.873120307922363,89.71923828125,-89.7192153930664,54.43276596069336,-54.433841705322266,95.69158172607422,-95.69164276123047,88.33406829833984,-88.3365249633789,30.70632553100586,-30.699382781982422,19.544923782348633,19.543561935424805
0.00045260676415637136,0.0,0.0,0.0,13.959391593933105,-13.959186553955078,89.71247100830078,-89.71245574951172,54.415374755859375,-54.416507720947266,95.91390228271484,-95.91397094726562,88.2159652709961,-88.21849060058594,30.720104217529297,-30.71318817138672,19.881023406982422,19.87963104248047
0.0004262998700141907,0.0,0.0,0.0,14.047327995300293,-14.047123908996582,89.7063980102539,-89.70639038085938,54.398292541503906,-54.39943313598633,96.13695526123047,-96.13703918457031,88.09669494628906,-88.0992660522461,30.733142852783203,-30.726234436035156,20.22027587890625,20.21886444091797
0.00042161744204349816,0.0,0.0,0.0,14.137057304382324,-14.136808395385742,89.70104217529297,-89.70101165771484,54.381568908691406,-54.38270950317383,96.36050415039062,-96.360595703125,87.97638702392578,-87.97898864746094,30.74541473388672,-30.738515853881836,20.562253952026367,20.560794830322266
0.0004113721661269665,0.0,0.0,0.0,14.228532791137695,-14.228288650512695,89.69640350341797,-89.69639587402344,54.36518478393555,-54.36636734008789,96.5843505859375,-96.58447265625,87.8551025390625,-87.85775756835938,30.756860733032227,-30.749990463256836,20.90682601928711,20.905349731445312
0.000396737945266068,0.0,0.0,0.0,14.321678161621094,-14.321429252624512,89.69252014160156,-89.6925048828125,54.34918975830078,-54.35036849975586,96.80831909179688,-96.8084487915039,87.7329330444336,-87.73563385009766,30.76749610900879,-30.760618209838867,21.253652572631836,21.252182006835938
0.00038718635914847255,0.0,0.0,0.0,14.416434288024902,-14.416162490844727,89.68942260742188,-89.68939208984375,54.333614349365234,-54.33481979370117,97.03209686279297,-97.03221893310547,87.61006927490234,-87.61277770996094,30.77724266052246,-30.77041244506836,21.602384567260742,21.600830078125
0.00038353112176992,0.0,0.0,0.0,14.512775421142578,-14.512478828430176,89.6871109008789,-89.68707275390625,54.31846618652344,-54.31964874267578,97.25554656982422,-97.25569915771484,87.4865493774414,-87.48929595947266,30.786100387573242,-30.779247283935547,21.952707290649414,21.95117950439453
0.00038593236240558326,0.0,0.0,0.0,14.610563278198242,-14.610269546508789,89.68559265136719,-89.68555450439453,54.303749084472656,-54.304988861083984,97.47853088378906,-97.47868347167969,87.36248016357422,-87.36528015136719,30.794044494628906,-30.7872314453125,22.304473876953125,22.30291748046875
0.0003853320667985827,0.0,0.0,0.0,14.709813117980957,-14.709491729736328,89.68490600585938,-89.68485260009766,54.28953170776367,-54.2907829284668,97.7007064819336,-97.70089721679688,87.23799896240234,-87.2408676147461,30.80106544494629,-30.794246673583984,22.657257080078125,22.655668258666992
0.0003723253612406552,0.0,0.0,0.0,14.810426712036133,-14.810083389282227,89.6850357055664,-89.68498992919922,54.27579879760742,-54.27705764770508,97.92204284667969,-97.92223358154297,87.11320495605469,-87.11609649658203,30.80712127685547,-30.800331115722656,23.010900497436523,23.009302139282227
0.0003566105733625591,0.0,0.0,0.0,14.912275314331055,-14.911942481994629,89.68598937988281,-89.68592071533203,54.262569427490234,-54.263832092285156,98.1422348022461,-98.14244842529297,86.98819732666016,-86.9911117553711,30.812236785888672,-30.80543327331543,23.364957809448242,23.363340377807617
0.00034561826032586396,0.0,0.0,0.0,15.015344619750977,-15.01498794555664,89.68778228759766,-89.68770599365234,54.24985885620117,-54.251136779785156,98.36117553710938,-98.36138153076172,86.86310577392578,-86.86604309082031,30.816349029541016,-30.809587478637695,23.71929931640625,23.717641830444336
0.0003371872298885137,0.0,0.0,0.0,15.119504928588867,-15.119156837463379,89.69039154052734,-89.69034576416016,54.23768997192383,-54.23897933959961,98.57864379882812,-98.57889556884766,86.73802185058594,-86.74102020263672,30.819507598876953,-30.8127498626709,24.07349967956543,24.071889877319336
0.0003283293335698545,0.0,0.0,0.0,15.224712371826172,-15.224339485168457,89.69386291503906,-89.69377899169922,54.22605514526367,-54.22737121582031,98.7945327758789,-98.7947769165039,86.61308288574219,-86.61610412597656,30.82166290283203,-30.81492805480957,24.42735481262207,24.425687789916992
0.00031684341956861317,0.0,0.0,0.0,15.330853462219238,-15.330448150634766,89.6981430053711,-89.69805908203125,54.2149772644043,-54.2163200378418,99.0086441040039,-99.0088882446289,86.48833465576172,-86.49140930175781,30.82285499572754,-30.816150665283203,24.780595779418945,24.778886795043945
0.0003155360755044967,0.0,0.0,0.0,15.437813758850098,-15.43740463256836,89.70323181152344,-89.70313262939453,54.20447540283203,-54.20581817626953,99.22079467773438,-99.2210693359375,86.36396026611328,-86.36705780029297,30.823055267333984,-30.816370010375977,25.132869720458984,25.131139755249023
0.00031213430338539183,0.0,0.0,0.0,15.545514106750488,-15.545105934143066,89.70913696289062,-89.70904541015625,54.194549560546875,-54.19589614868164,99.43083190917969,-99.4311294555664,86.24002838134766,-86.2431640625,30.822311401367188,-30.815637588500977,25.483867645263672,25.482158660888672
0.0002969931811094284,0.0,0.0,0.0,15.65388011932373,-15.653441429138184,89.71585083007812,-89.71573638916016,54.1851921081543,-54.18654251098633,99.63861846923828,-99.638916015625,86.11666870117188,-86.11982727050781,30.820592880249023,-30.81393814086914,25.83336639404297,25.83161735534668
0.00028973608277738094,0.0,0.0,0.0,15.762773513793945,-15.762306213378906,89.72333526611328,-89.72321319580078,54.1764030456543,-54.177764892578125,99.8440170288086,-99.8443374633789,85.99395751953125,-85.99716186523438,30.817934036254883,-30.811302185058594,26.181026458740234,26.179250717163086
0.0002779967035166919,0.0,0.0,0.0,15.872076034545898,-15.871633529663086,89.7315673828125,-89.73143768310547,54.168182373046875,-54.1695671081543,100.04684448242188,-100.04717254638672,85.8720474243164,-85.87528228759766,30.8143310546875,-30.807716369628906,26.526594161987305,26.524822235107422
0.000285934132989496,0.0,0.0,0.0,15.981698989868164,-15.981263160705566,89.74054718017578,-89.74042510986328,54.16054916381836,-54.16193771362305,100.24699401855469,-100.24737548828125,85.75101470947266,-85.75428009033203,30.809829711914062,-30.803232192993164,26.869789123535156,26.868019104003906
0.0002630022936500609,0.0,0.0,0.0,16.09153938293457,-16.091094970703125,89.750244140625,-89.7501220703125,54.15348434448242,-54.15487289428711,100.4443359375,-100.44471740722656,85.63098907470703,-85.63426208496094,30.80443000793457,-30.797866821289062,27.210329055786133,27.208528518676758
0.0002563055313657969,0.0,0.0,0.0,16.201461791992188,-16.20099639892578,89.76063537597656,-89.76049041748047,54.14698028564453,-54.14839172363281,100.63871002197266,-100.63909912109375,85.51204681396484,-85.51537322998047,30.798187255859375,-30.79163360595703,27.547855377197266,27.54604148864746
0.0002573727397248149,0.0,0.0,0.0,16.311372756958008,-16.31088638305664,89.77169036865234,-89.77153778076172,54.14104461669922,-54.1424674987793,100.82997131347656,-100.83039093017578,85.39433288574219,-85.39769744873047,30.791101455688477,-30.784568786621094,27.882125854492188,27.880287170410156
0.0002496220695320517,0.0,0.0,0.0,16.42111587524414,-16.42059898376465,89.78335571289062,-89.783203125,54.135650634765625,-54.137088775634766,101.01805877685547,-101.01847839355469,85.27790069580078,-85.28130340576172,30.783212661743164,-30.77671241760254,28.212932586669922,28.2110595703125
0.00022578310745302588,0.0,0.0,0.0,16.530574798583984,-16.530052185058594,89.79564666748047,-89.79547119140625,54.13078308105469,-54.13224411010742,101.20284271240234,-101.2032699584961,85.16287231445312,-85.16633605957031,30.774564743041992,-30.76808738708496,28.539941787719727,28.53803253173828
0.00021500421280506998,0.0,0.0,0.0,16.639617919921875,-16.639081954956055,89.8084487915039,-89.80828094482422,54.126502990722656,-54.127952575683594,101.3841552734375,-101.38460540771484,85.04940032958984,-85.05288696289062,30.765193939208984,-30.758729934692383,28.862777709960938,28.860876083374023
0.00018876402464229614,0.0,0.0,0.0,16.748117446899414,-16.74755859375,89.82182312011719,-89.8216323852539,54.122703552246094,-54.12416458129883,101.5619125366211,-101.56236267089844,84.93754577636719,-84.94107055664062,30.755144119262695,-30.748703002929688,29.181238174438477,29.179285049438477
0.00020302471239119768,0.0,0.0,0.0,16.855937957763672,-16.855398178100586,89.83564758300781,-89.83544158935547,54.1193962097168,-54.12089157104492,101.73600769042969,-101.73648071289062,84.82740020751953,-84.83097076416016,30.744426727294922,-30.737998962402344,29.49505615234375,29.493139266967773
0.0001958476786967367,0.0,0.0,0.0,16.96297264099121,-16.962398529052734,89.84992218017578,-89.8497085571289,54.116600036621094,-54.118080139160156,101.9063720703125,-101.90686798095703,84.71907806396484,-84.7226791381836,30.733116149902344,-30.72670555114746,29.803987503051758,29.802051544189453
0.00019260600674897432,0.0,0.0,0.0,17.069042205810547,-17.068498611450195,89.86458587646484,-89.8643798828125,54.11427307128906,-54.11575698852539,102.07279968261719,-102.07332611083984,84.61270141601562,-84.61629486083984,30.721261978149414,-30.714866638183594,30.107614517211914,30.105709075927734
0.0001986624556593597,0.0,0.0,0.0,17.174009323120117,-17.17347526550293,89.87958526611328,-89.87937927246094,54.112396240234375,-54.113895416259766,102.23531341552734,-102.23585510253906,84.50833129882812,-84.51194763183594,30.70889663696289,-30.7025203704834,30.405778884887695,30.403898239135742
0.00016759309801273048,0.0,0.0,0.0,17.277753829956055,-17.277179718017578,89.89490509033203,-89.8946762084961,54.1109504699707,-54.11246871948242,102.39373779296875,-102.394287109375,84.4061050415039,-84.40978240966797,30.696073532104492,-30.689716339111328,30.69817352294922,30.696208953857422
0.000166245736181736,0.0,0.0,0.0,17.380146026611328,-17.379549026489258,89.91047668457031,-89.91023254394531,54.10992431640625,-54.11143493652344,102.54803466796875,-102.548583984375,84.30606842041016,-84.30975341796875,30.682859420776367,-30.676528930664062,30.984512329101562,30.98255729675293
0.0001631774939596653,0.0,0.0,0.0,17.480979919433594,-17.480396270751953,89.92625427246094,-89.92599487304688,54.10926055908203,-54.11079406738281,102.69805145263672,-102.69860076904297,84.20833587646484,-84.21202087402344,30.669307708740234,-30.663007736206055,31.264514923095703,31.262544631958008
0.00016645918367430568,0.0,0.0,0.0,17.580158233642578,-17.579570770263672,89.94215393066406,-89.94190216064453,54.10898208618164,-54.110530853271484,102.84374237060547,-102.84431457519531,84.1130142211914,-84.11672973632812,30.65545082092285,-30.6491756439209,31.537883758544922,31.53592300415039
0.00014752942661289126,0.0,0.0,0.0,17.677526473999023,-17.676910400390625,89.95817565917969,-89.95789337158203,54.10903549194336,-54.11058807373047,102.98500061035156,-102.9855728149414,84.02018737792969,-84.02393341064453,30.641376495361328,-30.635108947753906,31.804397583007812,31.802398681640625
0.0001332954125246033,0.0,0.0,0.0,17.772926330566406,-17.772275924682617,89.97422790527344,-89.97393035888672,54.10941696166992,-54.11098098754883,103.12173461914062,-103.12232971191406,83.92991638183594,-83.93372344970703,30.62714195251465,-30.620899200439453,32.06377029418945,32.06172180175781
0.00011047030420741066,0.0,0.0,0.0,17.866191864013672,-17.86553382873535,89.99026489257812,-89.98995971679688,54.110076904296875,-54.11166763305664,103.2538833618164,-103.25448608398438,83.84234619140625,-83.84619140625,30.612781524658203,-30.606563568115234,32.315731048583984,32.31364059448242
0.00011868787987623364,0.0,0.0,0.0,17.95717430114746,-17.9565372467041,90.0,-90.0,54.11103057861328,-54.11259078979492,103.38136291503906,-103.38197326660156,83.75755310058594,-83.76136016845703,30.5983829498291,-30.592164993286133,32.5599479675293,32.557945251464844
0.00014732932322658598,0.0,0.0,0.0,18.046504974365234,-18.045852661132812,90.0,-90.0,54.11093521118164,-54.1125373840332,103.50409698486328,-103.50466918945312,83.67654418945312,-83.68037414550781,30.585567474365234,-30.579259872436523,32.796409606933594,32.79434585571289
0.00016524521925020963,0.0,0.0,0.0,18.135162353515625,-18.134506225585938,90.0,-90.0,54.107975006103516,-54.10963439941406,103.6220474243164,-103.62258911132812,83.60066223144531,-83.6045150756836,30.576496124267578,-30.57015037536621,33.02518844604492,33.02303695678711
0.00018893743981607258,0.0,0.0,0.0,18.22264289855957,-18.221982955932617,90.0,-90.0,54.10277557373047,-54.10442352294922,103.73504638671875,-103.7355728149414,83.5295639038086,-83.53340911865234,30.570606231689453,-30.56420135498047,33.24579620361328,33.24370574951172
0.00019611447351053357,0.0,0.0,0.0,18.3084659576416,-18.30780601501465,90.0,-90.0,54.095741271972656,-54.097408294677734,103.84305572509766,-103.84359741210938,83.46295928955078,-83.46683502197266,30.567323684692383,-30.560909271240234,33.45800018310547,33.45586013793945
0.00018650952551979572,0.0,0.0,0.0,18.39222526550293,-18.39157485961914,90.0,-90.0,54.08726119995117,-54.08896255493164,103.94597625732422,-103.94648742675781,83.40064239501953,-83.40450286865234,30.56621742248535,-30.559816360473633,33.661434173583984,33.65926742553711
0.00019212574989069253,0.0,0.0,0.0,18.473604202270508,-18.472902297973633,90.0,-90.0,54.077728271484375,-54.07939529418945,104.04374694824219,-104.04425048828125,83.34239196777344,-83.34626770019531,30.566951751708984,-30.56053352355957,33.8558235168457,33.8536491394043
0.00019344643806107342,0.0,0.0,0.0,18.552169799804688,-18.551477432250977,90.0,-90.0,54.06735610961914,-54.06904983520508,104.13628387451172,-104.13678741455078,83.28814697265625,-83.29203033447266,30.56917381286621,-30.56276512145996,34.04081344604492,34.038604736328125
0.00019344643806107342,0.0,0.0,0.0,18.552169799804688,-18.551477432250977,90.0,-90.0,54.06735610961914,-54.06904983520508,104.13628387451172,-104.13678741455078,83.28814697265625,-83.29203033447266,30.56917381286621,-30.56276512145996,34.04081344604492,34.038604736328125
0.00019075171439908445,0.0,0.0,0.0,18.690725326538086,-18.69003677368164,90.0,-90.0,54.058380126953125,-54.06009292602539,104.30552673339844,-104.3060531616211,83.18179321289062,-83.18572998046875,30.5609073638916,-30.554489135742188,34.37854766845703,34.3763542175293
0.00019075171439908445,0.0,0.0,0.0,18.690725326538086,-18.69003677368164,90.0,-90.0,54.058380126953125,-54.06009292602539,104.30552673339844,-104.3060531616211,83.18179321289062,-83.18572998046875,30.5609073638916,-30.554489135742188,34.37854766845703,34.3763542175293
0.00017527706222608685,0.0,0.0,0.0,18.816577911376953,-18.815845489501953,90.0,-90.0,54.04643630981445,-54.04817199707031,104.4526596069336,-104.45317840576172,83.09183502197266,-83.09580993652344,30.558427810668945,-30.552038192749023,34.67588806152344,34.673614501953125
0.00017527706222608685,0.0,0.0,0.0,18.816577911376953,-18.815845489501953,90.0,-90.0,54.04643630981445,-54.04817199707031,104.4526596069336,-104.45317840576172,83.09183502197266,-83.09580993652344,30.558427810668945,-30.552038192749023,34.67588806152344,34.673614501953125
0.00016749971837271005,0.0,0.0,0.0,18.92715835571289,-18.926454544067383,90.0,-90.0,54.032310485839844,-54.034034729003906,104.57722473144531,-104.57775115966797,83.01832580566406,-83.02228546142578,30.56114959716797,-30.554738998413086,34.9299430847168,34.927696228027344
0.00016749971837271005,0.0,0.0,0.0,18.92715835571289,-18.926454544067383,90.0,-90.0,54.032310485839844,-54.034034729003906,104.57722473144531,-104.57775115966797,83.01832580566406,-83.02228546142578,30.56114959716797,-30.554738998413086,34.9299430847168,34.927696228027344
0.00017811852740123868,0.0,0.0,0.0,19.020751953125,-19.0200252532959,90.0,-90.0,54.01676559448242,-54.018516540527344,104.67853546142578,-104.6790542602539,82.96124267578125,-82.96521759033203,30.568256378173828,-30.561880111694336,35.13841247558594,35.136138916015625
0.00017811852740123868,0.0,0.0,0.0,19.020751953125,-19.0200252532959,90.0,-90.0,54.01676559448242,-54.018516540527344,104.67853546142578,-104.6790542602539,82.96124267578125,-82.96521759033203,30.568256378173828,-30.561880111694336,35.13841247558594,35.136138916015625
0.00017006104462780058,0.0,0.0,0.0,19.095584869384766,-19.094881057739258,90.0,-90.0,54.00050735473633,-54.002254486083984,104.75582885742188,-104.75635528564453,82.92064666748047,-82.92462921142578,30.579099655151367,-30.572710037231445,35.29894256591797,35.29669952392578
0.00017006104462780058,0.0,0.0,0.0,19.095584869384766,-19.094881057739258,90.0,-90.0,54.00050735473633,-54.002254486083984,104.75582885742188,-104.75635528564453,82.92064666748047,-82.92462921142578,30.579099655151367,-30.572710037231445,35.29894256591797,35.29669952392578
0.00017006104462780058,0.0,0.0,0.0,19.095584869384766,-19.094881057739258,90.0,-90.0,54.00050735473633,-54.002254486083984,104.75582885742188,-104.75635528564453,82.92064666748047,-82.92462921142578,30.579099655151367,-30.572710037231445,35.29894256591797,35.29669952392578
0.00017006104462780058,0.0,0.0,0.0,19.095584869384766,-19.094881057739258,90.0,-90.0,54.00050735473633,-54.002254486083984,104.75582885742188,-104.75635528564453,82.92064666748047,-82.92462921142578,30.579099655151367,-30.572710037231445,35.29894256591797,35.29669952392578
0.00018324116535950452,0.0,0.0,0.0,19.171884536743164,-19.1711368560791,90.0,-90.0,53.985172271728516,-53.98693084716797,104.8349380493164,-104.83548736572266,82.8781509399414,-82.8821792602539,30.58852767944336,-30.582151412963867,35.463523864746094,35.46124267578125
0.00018324116535950452,0.0,0.0,0.0,19.171884536743164,-19.1711368560791,90.0,-90.0,53.985172271728516,-53.98693084716797,104.8349380493164,-104.83548736572266,82.8781509399414,-82.8821792602539,30.58852767944336,-30.582151412963867,35.463523864746094,35.46124267578125
0.00018324116535950452,0.0,0.0,0.0,19.171884536743164,-19.1711368560791,90.0,-90.0,53.985172271728516,-53.98693084716797,104.8349380493164,-104.83548736572266,82.8781509399414,-82.8821792602539,30.58852767944336,-30.582151412963867,35.463523864746094,35.46124267578125
0.00018324116535950452,0.0,0.0,0.0,19.171884536743164,-19.1711368560791,90.0,-90.0,53.985172271728516,-53.98693084716797,104.8349380493164,-104.83548736572266,82.8781509399414,-82.8821792602539,30.58852767944336,-30.582151412963867,35.463523864746094,35.46124267578125
0.00018324116535950452,0.0,0.0,0.0,19.171884536743164,-19.1711368560791,90.0,-90.0,53.985172271728516,-53.98693084716797,104.8349380493164,-104.83548736572266,82.8781509399414,-82.8821792602539,30.58852767944336,-30.582151412963867,35.463523864746094,35.46124267578125
0.00018324116535950452,0.0,0.0,0.0,19.171884536743164,-19.1711368560791,90.0,-90.0,53.985172271728516,-53.98693084716797,104.8349380493164,-104.83548736572266,82.8781509399414,-82.8821792602539,30.58852767944336,-30.582151412963867,35.463523864746094,35.46124267578125
0.00018324116535950452,0.0,0.0,0.0,19.171884536743164,-19.1711368560791,90.0,-90.0,53.985172271728516,-53.98693084716797,104.8349380493164,-104.83548736572266,82.8781509399414,-82.8821792602539,30.58852767944336,-30.582151412963867,35.463523864746094,35.46124267578125
0.00018324116535950452,0.0,0.0,0.0,19.171884536743164,-19.1711368560791,90.0,-90.0,53.985172271728516,-53.98693084716797,104.8349380493164,-104.83548736572266,82.8781509399414,-82.8821792602539,30.58852767944336,-30.582151412963867,35.463523864746094,35.46124267578125
0.00018324116535950452,0.0,0.0,0.0,19.171884536743164,-19.1711368560791,90.0,-90.0,53.985172271728516,-53.98693084716797,104.8349380493164,-104.83548736572266,82.8781509399414,-82.8821792602539,30.58852767944336,-30.582151412963867,35.463523864746094,35.46124267578125
0.00018324116535950452,0.0,0.0,0.0,19.171884536743164,-19.1711368560791,90.0,-90.0,53.985172271728516,-53.98693084716797,104.8349380493164,-104.83548736572266,82.8781509399414,-82.8821792602539,30.58852767944336,-30.582151412963867,35.463523864746094,35.46124267578125
0.00018324116535950452,0.0,0.0,0.0,19.171884536743164,-19.1711368560791,90.0,-90.0,53.985172271728516,-53.98693084716797,104.8349380493164,-104.83548736572266,82.8781509399414,-82.8821792602539,30.58852767944336,-30.582151412963867,35.463523864746094,35.46124267578125
0.00018324116535950452,0.0,0.0,0.0,19.171884536743164,-19.1711368560791,90.0,-90.0,53.985172271728516,-53.98693084716797,104.8349380493164,-104.83548736572266,82.8781509399414,-82.8821792602539,30.58852767944336,-30.582151412963867,35.463523864746094,35.46124267578125
0.00018324116535950452,0.0,0.0,0.0,19.171884536743164,-19.1711368560791,90.0,-90.0,53.985172271728516,-53.98693084716797,104.8349380493164,-104.83548736572266,82.8781509399414,-82.8821792602539,30.58852767944336,-30.582151412963867,35.463523864746094,35.46124267578125
0.00018324116535950452,0.0,0.0,0.0,19.171884536743164,-19.1711368560791,90.0,-90.0,53.985172271728516,-53.98693084716797,104.8349380493164,-104.83548736572266,82.8781509399414,-82.8821792602539,30.58852767944336,-30.582151412963867,35.463523864746094,35.46124267578125
0.00018324116535950452,0.0,0.0,0.0,19.171884536743164,-19.1711368560791,90.0,-90.0,53.985172271728516,-53.98693084716797,104.8349380493164,-104.83548736572266,82.8781509399414,-82.8821792602539,30.58852767944336,-30.582151412963867,35.463523864746094,35.46124267578125
0.00018324116535950452,0.0,0.0,0.0,19.171884536743164,-19.1711368560791,90.0,-90.0,53.985172271728516,-53.98693084716797,104.8349380493164,-104.83548736572266,82.8781509399414,-82.8821792602539,30.58852767944336,-30.582151412963867,35.463523864746094,35.46124267578125
0.00018324116535950452,0.0,0.0,0.0,19.171884536743164,-19.1711368560791,90.0,-90.0,53.985172271728516,-53.98693084716797,104.8349380493164,-104.83548736572266,82.8781509399414,-82.8821792602539,30.58852767944336,-30.582151412963867,35.463523864746094,35.46124267578125
0.00018324116535950452,0.0,0.0,0.0,19.171884536743164,-19.1711368560791,90.0,-90.0,53.985172271728516,-53.98693084716797,104.8349380493164,-104.83548736572266,82.8781509399414,-82.8821792602539,30.58852767944336,-30.582151412963867,35.463523864746094,35.46124267578125
0.00018324116535950452,0.0,0.0,0.0,19.171884536743164,-19.1711368560791,90.0,-90.0,53.985172271728516,-53.98693084716797,104.8349380493164,-104.83548736572266,82.8781509399414,-82.8821792602539,30.58852767944336,-30.582151412963867,35.463523864746094,35.46124267578125
0.00018324116535950452,0.0,0.0,0.0,19.171884536743164,-19.1711368560791,90.0,-90.0,53.985172271728516,-53.98693084716797,104.8349380493164,-104.83548736572266,82.8781509399414,-82.8821792602539,30.58852767944336,-30.582151412963867,35.463523864746094,35.46124267578125
0.00018324116535950452,0.0,0.0,0.0,19.171884536743164,-19.1711368560791,90.0,-90.0,53.985172271728516,-53.98693084716797,104.8349380493164,-104.83548736572266,82.8781509399414,-82.8821792602539,30.58852767944336,-30.582151412963867,35.463523864746094,35.46124267578125
0.00018324116535950452,0.0,0.0,0.0,19.171884536743164,-19.1711368560791,90.0,-90.0,53.985172271728516,-53.98693084716797,104.8349380493164,-104.83548736572266,82.8781509399414,-82.8821792602539,30.58852767944336,-30.582151412963867,35.463523864746094,35.46124267578125
0.00018324116535950452,0.0,0.0,0.0,19.171884536743164,-19.1711368560791,90.0,-90.0,53.985172271728516,-53.98693084716797,104.8349380493164,-104.83548736572266,82.8781509399414,-82.8821792602539,30.58852767944336,-30.582151412963867,35.463523864746094,35.46124267578125
0.00018324116535950452,0.0,0.0,0.0,19.171884536743164,-19.1711368560791,90.0,-90.0,53.985172271728516,-53.98693084716797,104.8349380493164,-104.83548736572266,82.8781509399414,-82.8821792602539,30.58852767944336,-30.582151412963867,35.463523864746094,35.46124267578125
0.00018324116535950452,0.0,0.0,0.0,19.171884536743164,-19.1711368560791,90.0,-90.0,53.985172271728516,-53.98693084716797,104.8349380493164,-104.83548736572266,82.8781509399414,-82.8821792602539,30.58852767944336,-30.582151412963867,35.463523864746094,35.46124267578125
0.00018324116535950452,0.0,0.0,0.0,19.171884536743164,-19.1711368560791,90.0,-90.0,53.985172271728516,-53.98693084716797,104.8349380493164,-104.83548736572266,82.8781509399414,-82.8821792602539,30.58852767944336,-30.582151412963867,35.463523864746094,35.46124267578125
0.00018324116535950452,0.0,0.0,0.0,19.171884536743164,-19.1711368560791,90.0,-90.0,53.985172271728516,-53.98693084716797,104.8349380493164,-104.83548736572266,82.8781509399414,-82.8821792602539,30.58852767944336,-30.582151412963867,35.463523864746094,35.46124267578125
0.00018324116535950452,0.0,0.0,0.0,19.171884536743164,-19.1711368560791,90.0,-90.0,53.985172271728516,-53.98693084716797,104.8349380493164,-104.83548736572266,82.8781509399414,-82.8821792602539,30.58852767944336,-30.582151412963867,35.463523864746094,35.46124267578125
0.00018324116535950452,0.0,0.0,0.0,19.171884536743164,-19.1711368560791,90.0,-90.0,53.985172271728516,-53.98693084716797,104.8349380493164,-104.83548736572266,82.8781509399414,-82.8821792602539,30.58852767944336,-30.582151412963867,35.463523864746094,35.46124267578125
0.00018324116535950452,0.0,0.0,0.0,19.171884536743164,-19.1711368560791,90.0,-90.0,53.985172271728516,-53.98693084716797,104.8349380493164,-104.83548736572266,82.8781509399414,-82.8821792602539,30.58852767944336,-30.582151412963867,35.463523864746094,35.46124267578125
0.00018324116535950452,0.0,0.0,0.0,19.171884536743164,-19.1711368560791,90.0,-90.0,53.985172271728516,-53.98693084716797,104.8349380493164,-104.83548736572266,82.8781509399414,-82.8821792602539,30.58852767944336,-30.582151412963867,35.463523864746094,35.46124267578125
0.00018324116535950452,0.0,0.0,0.0,19.171884536743164,-19.1711368560791,90.0,-90.0,53.985172271728516,-53.98693084716797,104.8349380493164,-104.83548736572266,82.8781509399414,-82.8821792602539,30.58852767944336,-30.582151412963867,35.463523864746094,35.46124267578125
0.00018324116535950452,0.0,0.0,0.0,19.171884536743164,-19.1711368560791,90.0,-90.0,53.985172271728516,-53.98693084716797,104.8349380493164,-104.83548736572266,82.8781509399414,-82.8821792602539,30.58852767944336,-30.582151412963867,35.463523864746094,35.46124267578125
0.00018324116535950452,0.0,0.0,0.0,19.171884536743164,-19.1711368560791,90.0,-90.0,53.985172271728516,-53.98693084716797,104.8349380493164,-104.83548736572266,82.8781509399414,-82.8821792602539,30.58852767944336,-30.582151412963867,35.463523864746094,35.46124267578125
0.00018324116535950452,0.0,0.0,0.0,19.171884536743164,-19.1711368560791,90.0,-90.0,53.985172271728516,-53.98693084716797,104.8349380493164,-104.83548736572266,82.8781509399414,-82.8821792602539,30.58852767944336,-30.582151412963867,35.463523864746094,35.46124267578125
0.00018324116535950452,0.0,0.0,0.0,19.171884536743164,-19.1711368560791,90.0,-90.0,53.985172271728516,-53.98693084716797,104.8349380493164,-104.83548736572266,82.8781509399414,-82.8821792602539,30.58852767944336,-30.582151412963867,35.463523864746094,35.46124267578125
0.00018324116535950452,0.0,0.0,0.0,19.171884536743164,-19.1711368560791,90.0,-90.0,53.985172271728516,-53.98693084716797,104.8349380493164,-104.83548736572266,82.8781509399414,-82.8821792602539,30.58852767944336,-30.582151412963867,35.463523864746094,35.46124267578125
0.00018324116535950452,0.0,0.0,0.0,19.171884536743164,-19.1711368560791,90.0,-90.0,53.985172271728516,-53.98693084716797,104.8349380493164,-104.83548736572266,82.8781509399414,-82.8821792602539,30.58852767944336,-30.582151412963867,35.463523864746094,35.46124267578125
0.00018324116535950452,0.0,0.0,0.0,19.171884536743164,-19.1711368560791,90.0,-90.0,53.985172271728516,-53.98693084716797,104.8349380493164,-104.83548736572266,82.8781509399414,-82.8821792602539,30.58852767944336,-30.582151412963867,35.463523864746094,35.46124267578125
0.00018324116535950452,0.0,0.0,0.0,19.171884536743164,-19.1711368560791,90.0,-90.0,53.985172271728516,-53.98693084716797,104.8349380493164,-104.83548736572266,82.8781509399414,-82.8821792602539,30.58852767944336,-30.582151412963867,35.463523864746094,35.46124267578125
0.00018324116535950452,0.0,0.0,0.0,19.171884536743164,-19.1711368560791,90.0,-90.0,53.985172271728516,-53.98693084716797,104.8349380493164,-104.83548736572266,82.8781509399414,-82.8821792602539,30.58852767944336,-30.582151412963867,35.463523864746094,35.46124267578125
0.00018324116535950452,0.0,0.0,0.0,19.171884536743164,-19.1711368560791,90.0,-90.0,53.985172271728516,-53.98693084716797,104.8349380493164,-104.83548736572266,82.8781509399414,-82.8821792602539,30.58852767944336,-30.582151412963867,35.463523864746094,35.46124267578125
0.00018324116535950452,0.0,0.0,0.0,19.171884536743164,-19.1711368560791,90.0,-90.0,53.985172271728516,-53.98693084716797,104.8349380493164,-104.83548736572266,82.8781509399414,-82.8821792602539,30.58852767944336,-30.582151412963867,35.463523864746094,35.46124267578125
0.00018324116535950452,0.0,0.0,0.0,19.171884536743164,-19.1711368560791,90.0,-90.0,53.985172271728516,-53.98693084716797,104.8349380493164,-104.83548736572266,82.8781509399414,-82.8821792602539,30.58852767944336,-30.582151412963867,35.463523864746094,35.46124267578125
0.00018324116535950452,0.0,0.0,0.0,19.171884536743164,-19.1711368560791,90.0,-90.0,53.985172271728516,-53.98693084716797,104.8349380493164,-104.83548736572266,82.8781509399414,-82.8821792602539,30.58852767944336,-30.582151412963867,35.463523864746094,35.46124267578125
0.00018324116535950452,0.0,0.0,0.0,19.171884536743164,-19.1711368560791,90.0,-90.0,53.985172271728516,-53.98693084716797,104.8349380493164,-104.83548736572266,82.8781509399414,-82.8821792602539,30.58852767944336,-30.582151412963867,35.463523864746094,35.46124267578125
0.00018324116535950452,0.0,0.0,0.0,19.171884536743164,-19.1711368560791,90.0,-90.0,53.985172271728516,-53.98693084716797,104.8349380493164,-104.83548736572266,82.8781509399414,-82.8821792602539,30.58852767944336,-30.582151412963867,35.463523864746094,35.46124267578125
0.00018324116535950452,0.0,0.0,0.0,19.171884536743164,-19.1711368560791,90.0,-90.0,53.985172271728516,-53.98693084716797,104.8349380493164,-104.83548736572266,82.8781509399414,-82.8821792602539,30.58852767944336,-30.582151412963867,35.463523864746094,35.46124267578125
0.00018324116535950452,0.0,0.0,0.0,19.171884536743164,-19.1711368560791,90.0,-90.0,53.985172271728516,-53.98693084716797,104.8349380493164,-104.83548736572266,82.8781509399414,-82.8821792602539,30.58852767944336,-30.582151412963867,35.463523864746094,35.46124267578125
0.00018324116535950452,0.0,0.0,0.0,19.171884536743164,-19.1711368560791,90.0,-90.0,53.985172271728516,-53.98693084716797,104.8349380493164,-104.83548736572266,82.8781509399414,-82.8821792602539,30.58852767944336,-30.582151412963867,35.463523864746094,35.46124267578125
0.00018324116535950452,0.0,0.0,0.0,19.171884536743164,-19.1711368560791,90.0,-90.0,53.985172271728516,-53.98693084716797,104.8349380493164,-104.83548736572266,82.8781509399414,-82.8821792602539,30.58852767944336,-30.582151412963867,35.463523864746094,35.46124267578125
0.00018324116535950452,0.0,0.0,0.0,19.171884536743164,-19.1711368560791,90.0,-90.0,53.985172271728516,-53.98693084716797,104.8349380493164,-104.83548736572266,82.8781509399414,-82.8821792602539,30.58852767944336,-30.582151412963867,35.463523864746094,35.46124267578125
0.00018324116535950452,0.0,0.0,0.0,19.171884536743164,-19.1711368560791,90.0,-90.0,53.985172271728516,-53.98693084716797,104.8349380493164,-104.83548736572266,82.8781509399414,-82.8821792602539,30.58852767944336,-30.582151412963867,35.463523864746094,35.46124267578125
0.00018324116535950452,0.0,0.0,0.0,19.171884536743164,-19.1711368560791,90.0,-90.0,53.985172271728516,-53.98693084716797,104.8349380493164,-104.83548736572266,82.8781509399414,-82.8821792602539,30.58852767944336,-30.582151412963867,35.463523864746094,35.46124267578125
0.00018324116535950452,0.0,0.0,0.0,19.171884536743164,-19.1711368560791,90.0,-90.0,53.985172271728516,-53.98693084716797,104.8349380493164,-104.83548736572266,82.8781509399414,-82.8821792602539,30.58852767944336,-30.582151412963867,35.463523864746094,35.46124267578125
0.00018324116535950452,0.0,0.0,0.0,19.171884536743164,-19.1711368560791,90.0,-90.0,53.985172271728516,-53.98693084716797,104.8349380493164,-104.83548736572266,82.8781509399414,-82.8821792602539,30.58852767944336,-30.582151412963867,35.463523864746094,35.46124267578125
0.00018324116535950452,0.0,0.0,0.0,19.171884536743164,-19.1711368560791,90.0,-90.0,53.985172271728516,-53.98693084716797,104.8349380493164,-104.83548736572266,82.8781509399414,-82.8821792602539,30.58852767944336,-30.582151412963867,35.463523864746094,35.46124267578125
0.00018324116535950452,0.0,0.0,0.0,19.171884536743164,-19.1711368560791,90.0,-90.0,53.985172271728516,-53.98693084716797,104.8349380493164,-104.83548736572266,82.8781509399414,-82.8821792602539,30.58852767944336,-30.582151412963867,35.463523864746094,35.46124267578125
0.00018324116535950452,0.0,0.0,0.0,19.171884536743164,-19.1711368560791,90.0,-90.0,53.985172271728516,-53.98693084716797,104.8349380493164,-104.83548736572266,82.8781509399414,-82.8821792602539,30.58852767944336,-30.582151412963867,35.463523864746094,35.46124267578125
0.00018324116535950452,0.0,0.0,0.0,19.171884536743164,-19.1711368560791,90.0,-90.0,53.985172271728516,-53.98693084716797,104.8349380493164,-104.83548736572266,82.8781509399414,-82.8821792602539,30.58852767944336,-30.582151412963867,35.463523864746094,35.46124267578125
0.00018324116535950452,0.0,0.0,0.0,19.171884536743164,-19.1711368560791,90.0,-90.0,53.985172271728516,-53.98693084716797,104.8349380493164,-104.83548736572266,82.8781509399414,-82.8821792602539,30.58852767944336,-30.582151412963867,35.463523864746094,35.46124267578125
0.00018324116535950452,0.0,0.0,0.0,19.171884536743164,-19.1711368560791,90.0,-90.0,53.985172271728516,-53.98693084716797,104.8349380493164,-104.83548736572266,82.8781509399414,-82.8821792602539,30.58852767944336,-30.582151412963867,35.463523864746094,35.46124267578125
0.00018324116535950452,0.0,0.0,0.0,19.171884536743164,-19.1711368560791,90.0,-90.0,53.985172271728516,-53.98693084716797,104.8349380493164,-104.83548736572266,82.8781509399414,-82.8821792602539,30.58852767944336,-30.582151412963867,35.463523864746094,35.46124267578125
0.00018324116535950452,0.0,0.0,0.0,19.171884536743164,-19.1711368560791,90.0,-90.0,53.985172271728516,-53.98693084716797,104.8349380493164,-104.83548736572266,82.8781509399414,-82.8821792602539,30.58852767944336,-30.582151412963867,35.463523864746094,35.46124267578125
0.00018324116535950452,0.0,0.0,0.0,19.171884536743164,-19.1711368560791,90.0,-90.0,53.985172271728516,-53.98693084716797,104.8349380493164,-104.83548736572266,82.8781509399414,-82.8821792602539,30.58852767944336,-30.582151412963867,35.463523864746094,35.46124267578125
0.00018324116535950452,0.0,0.0,0.0,19.171884536743164,-19.1711368560791,90.0,-90.0,53.985172271728516,-53.98693084716797,104.8349380493164,-104.83548736572266,82.8781509399414,-82.8821792602539,30.58852767944336,-30.582151412963867,35.463523864746094,35.46124267578125
0.00018324116535950452,0.0,0.0,0.0,19.171884536743164,-19.1711368560791,90.0,-90.0,53.985172271728516,-53.98693084716797,104.8349380493164,-104.83548736572266,82.8781509399414,-82.8821792602539,30.58852767944336,-30.582151412963867,35.463523864746094,35.46124267578125
0.00018324116535950452,0.0,0.0,0.0,19.171884536743164,-19.1711368560791,90.0,-90.0,53.985172271728516,-53.98693084716797,104.8349380493164,-104.83548736572266,82.8781509399414,-82.8821792602539,30.58852767944336,-30.582151412963867,35.463523864746094,35.46124267578125
0.00018324116535950452,0.0,0.0,0.0,19.171884536743164,-19.1711368560791,90.0,-90.0,53.985172271728516,-53.98693084716797,104.8349380493164,-104.83548736572266,82.8781509399414,-82.8821792602539,30.58852767944336,-30.582151412963867,35.463523864746094,35.46124267578125
0.00018324116535950452,0.0,0.0,0.0,19.171884536743164,-19.1711368560791,90.0,-90.0,53.985172271728516,-53.98693084716797,104.8349380493164,-104.83548736572266,82.8781509399414,-82.8821792602539,30.58852767944336,-30.582151412963867,35.463523864746094,35.46124267578125
0.00018324116535950452,0.0,0.0,0.0,19.171884536743164,-19.1711368560791,90.0,-90.0,53.985172271728516,-53.98693084716797,104.8349380493164,-104.83548736572266,82.8781509399414,-82.8821792602539,30.58852767944336,-30.582151412963867,35.463523864746094,35.46124267578125
0.00018324116535950452,0.0,0.0,0.0,19.171884536743164,-19.1711368560791,90.0,-90.0,53.985172271728516,-53.98693084716797,104.8349380493164,-104.83548736572266,82.8781509399414,-82.8821792602539,30.58852767944336,-30.582151412963867,35.463523864746094,35.46124267578125
0.00018324116535950452,0.0,0.0,0.0,19.171884536743164,-19.1711368560791,90.0,-90.0,53.985172271728516,-53.98693084716797,104.8349380493164,-104.83548736572266,82.8781509399414,-82.8821792602539,30.58852767944336,-30.582151412963867,35.463523864746094,35.46124267578125
0.00018324116535950452,0.0,0.0,0.0,19.171884536743164,-19.1711368560791,90.0,-90.0,53.985172271728516,-53.98693084716797,104.8349380493164,-104.83548736572266,82.8781509399414,-82.8821792602539,30.58852767944336,-30.582151412963867,35.463523864746094,35.46124267578125
0.00018324116535950452,0.0,0.0,0.0,19.171884536743164,-19.1711368560791,90.0,-90.0,53.985172271728516,-53.98693084716797,104.8349380493164,-104.83548736572266,82.8781509399414,-82.8821792602539,30.58852767944336,-30.582151412963867,35.463523864746094,35.46124267578125
0.00018324116535950452,0.0,0.0,0.0,19.171884536743164,-19.1711368560791,90.0,-90.0,53.985172271728516,-53.98693084716797,104.8349380493164,-104.83548736572266,82.8781509399414,-82.8821792602539,30.58852767944336,-30.582151412963867,35.463523864746094,35.46124267578125
0.00018324116535950452,0.0,0.0,0.0,19.171884536743164,-19.1711368560791,90.0,-90.0,53.985172271728516,-53.98693084716797,104.8349380493164,-104.83548736572266,82.8781509399414,-82.8821792602539,30.58852767944336,-30.582151412963867,35.463523864746094,35.46124267578125
0.00018324116535950452,0.0,0.0,0.0,19.171884536743164,-19.1711368560791,90.0,-90.0,53.985172271728516,-53.98693084716797,104.8349380493164,-104.83548736572266,82.8781509399414,-82.8821792602539,30.58852767944336,-30.582151412963867,35.463523864746094,35.46124267578125
0.00018324116535950452,0.0,0.0,0.0,19.171884536743164,-19.1711368560791,90.0,-90.0,53.985172271728516,-53.98693084716797,104.8349380493164,-104.83548736572266,82.8781509399414,-82.8821792602539,30.58852767944336,-30.582151412963867,35.463523864746094,35.46124267578125
0.00018324116535950452,0.0,0.0,0.0,19.171884536743164,-19.1711368560791,90.0,-90.0,53.985172271728516,-53.98693084716797,104.8349380493164,-104.83548736572266,82.8781509399414,-82.8821792602539,30.58852767944336,-30.582151412963867,35.463523864746094,35.46124267578125
0.00018324116535950452,0.0,0.0,0.0,19.171884536743164,-19.1711368560791,90.0,-90.0,53.985172271728516,-53.98693084716797,104.8349380493164,-104.83548736572266,82.8781509399414,-82.8821792602539,30.58852767944336,-30.582151412963867,35.463523864746094,35.46124267578125
0.00018324116535950452,0.0,0.0,0.0,19.171884536743164,-19.1711368560791,90.0,-90.0,53.985172271728516,-53.98693084716797,104.8349380493164,-104.83548736572266,82.8781509399414,-82.8821792602539,30.58852767944336,-30.582151412963867,35.463523864746094,35.46124267578125
0.00018324116535950452,0.0,0.0,0.0,19.171884536743164,-19.1711368560791,90.0,-90.0,53.985172271728516,-53.98693084716797,104.8349380493164,-104.83548736572266,82.8781509399414,-82.8821792602539,30.58852767944336,-30.582151412963867,35.463523864746094,35.46124267578125
0.00018324116535950452,0.0,0.0,0.0,19.171884536743164,-19.1711368560791,90.0,-90.0,53.985172271728516,-53.98693084716797,104.8349380493164,-104.83548736572266,82.8781509399414,-82.8821792602539,30.58852767944336,-30.582151412963867,35.463523864746094,35.46124267578125
0.00018324116535950452,0.0,0.0,0.0,19.171884536743164,-19.1711368560791,90.0,-90.0,53.985172271728516,-53.98693084716797,104.8349380493164,-104.83548736572266,82.8781509399414,-82.8821792602539,30.58852767944336,-30.582151412963867,35.463523864746094,35.46124267578125
0.00018324116535950452,0.0,0.0,0.0,19.171884536743164,-19.1711368560791,90.0,-90.0,53.985172271728516,-53.98693084716797,104.8349380493164,-104.83548736572266,82.8781509399414,-82.8821792602539,30.58852767944336,-30.582151412963867,35.463523864746094,35.46124267578125
0.00018324116535950452,0.0,0.0,0.0,19.171884536743164,-19.1711368560791,90.0,-90.0,53.985172271728516,-53.98693084716797,104.8349380493164,-104.83548736572266,82.8781509399414,-82.8821792602539,30.58852767944336,-30.582151412963867,35.463523864746094,35.46124267578125
0.00018324116535950452,0.0,0.0,0.0,19.171884536743164,-19.1711368560791,90.0,-90.0,53.985172271728516,-53.98693084716797,104.8349380493164,-104.83548736572266,82.8781509399414,-82.8821792602539,30.58852767944336,-30.582151412963867,35.463523864746094,35.46124267578125
0.00018324116535950452,0.0,0.0,0.0,19.171884536743164,-19.1711368560791,90.0,-90.0,53.985172271728516,-53.98693084716797,104.8349380493164,-104.83548736572266,82.8781509399414,-82.8821792602539,30.58852767944336,-30.582151412963867,35.463523864746094,35.46124267578125
0.00018324116535950452,0.0,0.0,0.0,19.171884536743164,-19.1711368560791,90.0,-90.0,53.985172271728516,-53.98693084716797,104.8349380493164,-104.83548736572266,82.8781509399414,-82.8821792602539,30.58852767944336,-30.582151412963867,35.463523864746094,35.46124267578125
0.00018324116535950452,0.0,0.0,0.0,19.171884536743164,-19.1711368560791,90.0,-90.0,53.985172271728516,-53.98693084716797,104.8349380493164,-104.83548736572266,82.8781509399414,-82.8821792602539,30.58852767944336,-30.582151412963867,35.463523864746094,35.46124267578125
0.00018324116535950452,0.0,0.0,0.0,19.171884536743164,-19.1711368560791,90.0,-90.0,53.985172271728516,-53.98693084716797,104.8349380493164,-104.83548736572266,82.8781509399414,-82.8821792602539,30.58852767944336,-30.582151412963867,35.463523864746094,35.46124267578125
0.00018324116535950452,0.0,0.0,0.0,19.171884536743164,-19.1711368560791,90.0,-90.0,53.985172271728516,-53.98693084716797,104.8349380493164,-104.83548736572266,82.8781509399414,-82.8821792602539,30.58852767944336,-30.582151412963867,35.463523864746094,35.46124267578125
0.00018324116535950452,0.0,0.0,0.0,19.171884536743164,-19.1711368560791,90.0,-90.0,53.985172271728516,-53.98693084716797,104.8349380493164,-104.83548736572266,82.8781509399414,-82.8821792602539,30.58852767944336,-30.582151412963867,35.463523864746094,35.46124267578125
0.00018324116535950452,0.0,0.0,0.0,19.171884536743164,-19.1711368560791,90.0,-90.0,53.985172271728516,-53.98693084716797,104.8349380493164,-104.83548736572266,82.8781509399414,-82.8821792602539,30.58852767944336,-30.582151412963867,35.463523864746094,35.46124267578125
0.00018324116535950452,0.0,0.0,0.0,19.171884536743164,-19.1711368560791,90.0,-90.0,53.985172271728516,-53.98693084716797,104.8349380493164,-104.83548736572266,82.8781509399414,-82.8821792602539,30.58852767944336,-30.582151412963867,35.463523864746094,35.46124267578125
0.00018324116535950452,0.0,0.0,0.0,19.171884536743164,-19.1711368560791,90.0,-90.0,53.985172271728516,-53.98693084716797,104.8349380493164,-104.83548736572266,82.8781509399414,-82.8821792602539,30.58852767944336,-30.582151412963867,35.463523864746094,35.46124267578125
0.00018324116535950452,0.0,0.0,0.0,19.171884536743164,-19.1711368560791,90.0,-90.0,53.985172271728516,-53.98693084716797,104.8349380493164,-104.83548736572266,82.8781509399414,-82.8821792602539,30.58852767944336,-30.582151412963867,35.463523864746094,35.46124267578125
0.00018324116535950452,0.0,0.0,0.0,19.171884536743164,-19.1711368560791,90.0,-90.0,53.985172271728516,-53.98693084716797,104.8349380493164,-104.83548736572266,82.8781509399414,-82.8821792602539,30.58852767944336,-30.582151412963867,35.463523864746094,35.46124267578125
0.00018324116535950452,0.0,0.0,0.0,19.171884536743164,-19.1711368560791,90.0,-90.0,53.985172271728516,-53.98693084716797,104.8349380493164,-104.83548736572266,82.8781509399414,-82.8821792602539,30.58852767944336,-30.582151412963867,35.463523864746094,35.46124267578125
0.00018324116535950452,0.0,0.0,0.0,19.171884536743164,-19.1711368560791,90.0,-90.0,53.985172271728516,-53.98693084716797,104.8349380493164,-104.83548736572266,82.8781509399414,-82.8821792602539,30.58852767944336,-30.582151412963867,35.463523864746094,35.46124267578125
0.00018324116535950452,0.0,0.0,0.0,19.171884536743164,-19.1711368560791,90.0,-90.0,53.985172271728516,-53.98693084716797,104.8349380493164,-104.83548736572266,82.8781509399414,-82.8821792602539,30.58852767944336,-30.582151412963867,35.463523864746094,35.46124267578125
0.00018324116535950452,0.0,0.0,0.0,19.171884536743164,-19.1711368560791,90.0,-90.0,53.985172271728516,-53.98693084716797,104.8349380493164,-104.83548736572266,82.8781509399414,-82.8821792602539,30.58852767944336,-30.582151412963867,35.463523864746094,35.46124267578125
0.00018324116535950452,0.0,0.0,0.0,19.171884536743164,-19.1711368560791,90.0,-90.0,53.985172271728516,-53.98693084716797,104.8349380493164,-104.83548736572266,82.8781509399414,-82.8821792602539,30.58852767944336,-30.582151412963867,35.463523864746094,35.46124267578125
0.00018324116535950452,0.0,0.0,0.0,19.171884536743164,-19.1711368560791,90.0,-90.0,53.985172271728516,-53.98693084716797,104.8349380493164,-104.83548736572266,82.8781509399414,-82.8821792602539,30.58852767944336,-30.582151412963867,35.463523864746094,35.46124267578125
0.00018324116535950452,0.0,0.0,0.0,19.171884536743164,-19.1711368560791,90.0,-90.0,53.985172271728516,-53.98693084716797,104.8349380493164,-104.83548736572266,82.8781509399414,-82.8821792602539,30.58852767944336,-30.582151412963867,35.463523864746094,35.46124267578125
0.00018324116535950452,0.0,0.0,0.0,19.171884536743164,-19.1711368560791,90.0,-90.0,53.985172271728516,-53.98693084716797,104.8349380493164,-104.83548736572266,82.8781509399414,-82.8821792602539,30.58852767944336,-30.582151412963867,35.463523864746094,35.46124267578125
0.00018324116535950452,0.0,0.0,0.0,19.171884536743164,-19.1711368560791,90.0,-90.0,53.985172271728516,-53.98693084716797,104.8349380493164,-104.83548736572266,82.8781509399414,-82.8821792602539,30.58852767944336,-30.582151412963867,35.463523864746094,35.46124267578125
0.00018324116535950452,0.0,0.0,0.0,19.171884536743164,-19.1711368560791,90.0,-90.0,53.985172271728516,-53.98693084716797,104.8349380493164,-104.83548736572266,82.8781509399414,-82.8821792602539,30.58852767944336,-30.582151412963867,35.463523864746094,35.46124267578125
0.00018324116535950452,0.0,0.0,0.0,19.171884536743164,-19.1711368560791,90.0,-90.0,53.985172271728516,-53.98693084716797,104.8349380493164,-104.83548736572266,82.8781509399414,-82.8821792602539,30.58852767944336,-30.582151412963867,35.463523864746094,35.46124267578125
0.00018324116535950452,0.0,0.0,0.0,19.171884536743164,-19.1711368560791,90.0,-90.0,53.985172271728516,-53.98693084716797,104.8349380493164,-104.83548736572266,82.8781509399414,-82.8821792602539,30.58852767944336,-30.582151412963867,35.463523864746094,35.46124267578125
0.00018324116535950452,0.0,0.0,0.0,19.171884536743164,-19.1711368560791,90.0,-90.0,53.985172271728516,-53.98693084716797,104.8349380493164,-104.83548736572266,82.8781509399414,-82.8821792602539,30.58852767944336,-30.582151412963867,35.463523864746094,35.46124267578125
0.00018324116535950452,0.0,0.0,0.0,19.171884536743164,-19.1711368560791,90.0,-90.0,53.985172271728516,-53.98693084716797,104.8349380493164,-104.83548736572266,82.8781509399414,-82.8821792602539,30.58852767944336,-30.582151412963867,35.463523864746094,35.46124267578125
0.00018324116535950452,0.0,0.0,0.0,19.171884536743164,-19.1711368560791,90.0,-90.0,53.985172271728516,-53.98693084716797,104.8349380493164,-104.83548736572266,82.8781509399414,-82.8821792602539,30.58852767944336,-30.582151412963867,35.463523864746094,35.46124267578125
0.00018324116535950452,0.0,0.0,0.0,19.171884536743164,-19.1711368560791,90.0,-90.0,53.985172271728516,-53.98693084716797,104.8349380493164,-104.83548736572266,82.8781509399414,-82.8821792602539,30.58852767944336,-30.582151412963867,35.463523864746094,35.46124267578125
0.00018324116535950452,0.0,0.0,0.0,19.171884536743164,-19.1711368560791,90.0,-90.0,53.985172271728516,-53.98693084716797,104.8349380493164,-104.83548736572266,82.8781509399414,-82.8821792602539,30.58852767944336,-30.582151412963867,35.463523864746094,35.46124267578125
0.00018324116535950452,0.0,0.0,0.0,19.171884536743164,-19.1711368560791,90.0,-90.0,53.985172271728516,-53.98693084716797,104.8349380493164,-104.83548736572266,82.8781509399414,-82.8821792602539,30.58852767944336,-30.582151412963867,35.463523864746094,35.46124267578125
0.00018324116535950452,0.0,0.0,0.0,19.171884536743164,-19.1711368560791,90.0,-90.0,53.985172271728516,-53.98693084716797,104.8349380493164,-104.83548736572266,82.8781509399414,-82.8821792602539,30.58852767944336,-30.582151412963867,35.463523864746094,35.46124267578125
0.00018324116535950452,0.0,0.0,0.0,19.171884536743164,-19.1711368560791,90.0,-90.0,53.985172271728516,-53.98693084716797,104.8349380493164,-104.83548736572266,82.8781509399414,-82.8821792602539,30.58852767944336,-30.582151412963867,35.463523864746094,35.46124267578125
0.00018324116535950452,0.0,0.0,0.0,19.171884536743164,-19.1711368560791,90.0,-90.0,53.985172271728516,-53.98693084716797,104.8349380493164,-104.83548736572266,82.8781509399414,-82.8821792602539,30.58852767944336,-30.582151412963867,35.463523864746094,35.46124267578125
0.00018324116535950452,0.0,0.0,0.0,19.171884536743164,-19.1711368560791,90.0,-90.0,53.985172271728516,-53.98693084716797,104.8349380493164,-104.83548736572266,82.8781509399414,-82.8821792602539,30.58852767944336,-30.582151412963867,35.463523864746094,35.46124267578125
0.00018324116535950452,0.0,0.0,0.0,19.171884536743164,-19.1711368560791,90.0,-90.0,53.985172271728516,-53.98693084716797,104.8349380493164,-104.83548736572266,82.8781509399414,-82.8821792602539,30.58852767944336,-30.582151412963867,35.463523864746094,35.46124267578125
0.00018324116535950452,0.0,0.0,0.0,19.171884536743164,-19.1711368560791,90.0,-90.0,53.985172271728516,-53.98693084716797,104.8349380493164,-104.83548736572266,82.8781509399414,-82.8821792602539,30.58852767944336,-30.582151412963867,35.463523864746094,35.46124267578125
0.00018324116535950452,0.0,0.0,0.0,19.171884536743164,-19.1711368560791,90.0,-90.0,53.985172271728516,-53.98693084716797,104.8349380493164,-104.83548736572266,82.8781509399414,-82.8821792602539,30.58852767944336,-30.582151412963867,35.463523864746094,35.46124267578125
0.00018324116535950452,0.0,0.0,0.0,19.171884536743164,-19.1711368560791,90.0,-90.0,53.985172271728516,-53.98693084716797,104.8349380493164,-104.83548736572266,82.8781509399414,-82.8821792602539,30.58852767944336,-30.582151412963867,35.463523864746094,35.46124267578125
0.00018324116535950452,0.0,0.0,0.0,19.171884536743164,-19.1711368560791,90.0,-90.0,53.985172271728516,-53.98693084716797,104.8349380493164,-104.83548736572266,82.8781509399414,-82.8821792602539,30.58852767944336,-30.582151412963867,35.463523864746094,35.46124267578125
0.00018324116535950452,0.0,0.0,0.0,19.171884536743164,-19.1711368560791,90.0,-90.0,53.985172271728516,-53.98693084716797,104.8349380493164,-104.83548736572266,82.8781509399414,-82.8821792602539,30.58852767944336,-30.582151412963867,35.463523864746094,35.46124267578125
0.00018324116535950452,0.0,0.0,0.0,19.171884536743164,-19.1711368560791,90.0,-90.0,53.985172271728516,-53.98693084716797,104.8349380493164,-104.83548736572266,82.8781509399414,-82.8821792602539,30.58852767944336,-30.582151412963867,35.463523864746094,35.46124267578125
0.00018324116535950452,0.0,0.0,0.0,19.171884536743164,-19.1711368560791,90.0,-90.0,53.985172271728516,-53.98693084716797,104.8349380493164,-104.83548736572266,82.8781509399414,-82.8821792602539,30.58852767944336,-30.582151412963867,35.463523864746094,35.46124267578125
0.00018324116535950452,0.0,0.0,0.0,19.171884536743164,-19.1711368560791,90.0,-90.0,53.985172271728516,-53.98693084716797,104.8349380493164,-104.83548736572266,82.8781509399414,-82.8821792602539,30.58852767944336,-30.582151412963867,35.463523864746094,35.46124267578125
0.00018324116535950452,0.0,0.0,0.0,19.171884536743164,-19.1711368560791,90.0,-90.0,53.985172271728516,-53.98693084716797,104.8349380493164,-104.83548736572266,82.8781509399414,-82.8821792602539,30.58852767944336,-30.582151412963867,35.463523864746094,35.46124267578125
0.00018324116535950452,0.0,0.0,0.0,19.171884536743164,-19.1711368560791,90.0,-90.0,53.985172271728516,-53.98693084716797,104.8349380493164,-104.83548736572266,82.8781509399414,-82.8821792602539,30.58852767944336,-30.582151412963867,35.463523864746094,35.46124267578125
0.00018324116535950452,0.0,0.0,0.0,19.171884536743164,-19.1711368560791,90.0,-90.0,53.985172271728516,-53.98693084716797,104.8349380493164,-104.83548736572266,82.8781509399414,-82.8821792602539,30.58852767944336,-30.582151412963867,35.463523864746094,35.46124267578125
0.00018324116535950452,0.0,0.0,0.0,19.171884536743164,-19.1711368560791,90.0,-90.0,53.985172271728516,-53.98693084716797,104.8349380493164,-104.83548736572266,82.8781509399414,-82.8821792602539,30.58852767944336,-30.582151412963867,35.463523864746094,35.46124267578125
0.00018324116535950452,0.0,0.0,0.0,19.171884536743164,-19.1711368560791,90.0,-90.0,53.985172271728516,-53.98693084716797,104.8349380493164,-104.83548736572266,82.8781509399414,-82.8821792602539,30.58852767944336,-30.582151412963867,35.463523864746094,35.46124267578125
0.00018324116535950452,0.0,0.0,0.0,19.171884536743164,-19.1711368560791,90.0,-90.0,53.985172271728516,-53.98693084716797,104.8349380493164,-104.83548736572266,82.8781509399414,-82.8821792602539,30.58852767944336,-30.582151412963867,35.463523864746094,35.46124267578125
0.00018324116535950452,0.0,0.0,0.0,19.171884536743164,-19.1711368560791,90.0,-90.0,53.985172271728516,-53.98693084716797,104.8349380493164,-104.83548736572266,82.8781509399414,-82.8821792602539,30.58852767944336,-30.582151412963867,35.463523864746094,35.46124267578125
0.00018324116535950452,0.0,0.0,0.0,19.171884536743164,-19.1711368560791,90.0,-90.0,53.985172271728516,-53.98693084716797,104.8349380493164,-104.83548736572266,82.8781509399414,-82.8821792602539,30.58852767944336,-30.582151412963867,35.463523864746094,35.46124267578125
0.00018324116535950452,0.0,0.0,0.0,19.171884536743164,-19.1711368560791,90.0,-90.0,53.985172271728516,-53.98693084716797,104.8349380493164,-104.83548736572266,82.8781509399414,-82.8821792602539,30.58852767944336,-30.582151412963867,35.463523864746094,35.46124267578125
0.00018324116535950452,0.0,0.0,0.0,19.171884536743164,-19.1711368560791,90.0,-90.0,53.985172271728516,-53.98693084716797,104.8349380493164,-104.83548736572266,82.8781509399414,-82.8821792602539,30.58852767944336,-30.582151412963867,35.463523864746094,35.46124267578125
0.00018324116535950452,0.0,0.0,0.0,19.171884536743164,-19.1711368560791,90.0,-90.0,53.985172271728516,-53.98693084716797,104.8349380493164,-104.83548736572266,82.8781509399414,-82.8821792602539,30.58852767944336,-30.582151412963867,35.463523864746094,35.46124267578125
0.00018324116535950452,0.0,0.0,0.0,19.171884536743164,-19.1711368560791,90.0,-90.0,53.985172271728516,-53.98693084716797,104.8349380493164,-104.83548736572266,82.8781509399414,-82.8821792602539,30.58852767944336,-30.582151412963867,35.463523864746094,35.46124267578125
0.00018324116535950452,0.0,0.0,0.0,19.171884536743164,-19.1711368560791,90.0,-90.0,53.985172271728516,-53.98693084716797,104.8349380493164,-104.83548736572266,82.8781509399414,-82.8821792602539,30.58852767944336,-30.582151412963867,35.463523864746094,35.46124267578125
0.00018324116535950452,0.0,0.0,0.0,19.171884536743164,-19.1711368560791,90.0,-90.0,53.985172271728516,-53.98693084716797,104.8349380493164,-104.83548736572266,82.8781509399414,-82.8821792602539,30.58852767944336,-30.582151412963867,35.463523864746094,35.46124267578125
0.00018324116535950452,0.0,0.0,0.0,19.171884536743164,-19.1711368560791,90.0,-90.0,53.985172271728516,-53.98693084716797,104.8349380493164,-104.83548736572266,82.8781509399414,-82.8821792602539,30.58852767944336,-30.582151412963867,35.463523864746094,35.46124267578125
0.00018324116535950452,0.0,0.0,0.0,19.171884536743164,-19.1711368560791,90.0,-90.0,53.985172271728516,-53.98693084716797,104.8349380493164,-104.83548736572266,82.8781509399414,-82.8821792602539,30.58852767944336,-30.582151412963867,35.463523864746094,35.46124267578125
0.00018324116535950452,0.0,0.0,0.0,19.171884536743164,-19.1711368560791,90.0,-90.0,53.985172271728516,-53.98693084716797,104.8349380493164,-104.83548736572266,82.8781509399414,-82.8821792602539,30.58852767944336,-30.582151412963867,35.463523864746094,35.46124267578125
0.00018324116535950452,0.0,0.0,0.0,19.171884536743164,-19.1711368560791,90.0,-90.0,53.985172271728516,-53.98693084716797,104.8349380493164,-104.83548736572266,82.8781509399414,-82.8821792602539,30.58852767944336,-30.582151412963867,35.463523864746094,35.46124267578125
0.00018324116535950452,0.0,0.0,0.0,19.171884536743164,-19.1711368560791,90.0,-90.0,53.985172271728516,-53.98693084716797,104.8349380493164,-104.83548736572266,82.8781509399414,-82.8821792602539,30.58852767944336,-30.582151412963867,35.463523864746094,35.46124267578125
0.00018324116535950452,0.0,0.0,0.0,19.171884536743164,-19.1711368560791,90.0,-90.0,53.985172271728516,-53.98693084716797,104.8349380493164,-104.83548736572266,82.8781509399414,-82.8821792602539,30.58852767944336,-30.582151412963867,35.463523864746094,35.46124267578125
0.00018324116535950452,0.0,0.0,0.0,19.171884536743164,-19.1711368560791,90.0,-90.0,53.985172271728516,-53.98693084716797,104.8349380493164,-104.83548736572266,82.8781509399414,-82.8821792602539,30.58852767944336,-30.582151412963867,35.463523864746094,35.46124267578125
0.00018324116535950452,0.0,0.0,0.0,19.171884536743164,-19.1711368560791,90.0,-90.0,53.985172271728516,-53.98693084716797,104.8349380493164,-104.83548736572266,82.8781509399414,-82.8821792602539,30.58852767944336,-30.582151412963867,35.463523864746094,35.46124267578125
