Joint_L0_deg,Joint_L1_deg,Joint_L2_U_deg,Joint_L3_U_deg,Joint_L2_R_deg,Joint_L2_L_deg,Joint_L3_R_deg,Joint_L3_L_deg,Joint_L4_R_deg,Joint_L4_L_deg,Joint_L5_R_deg,Joint_L5_L_deg,Joint_L6_R_deg,Joint_L6_L_deg,Joint_L7_R_deg,Joint_L7_L_deg,Joint_L8_R_deg,Joint_L8_L_deg
0.0,0.0,0.0,0.0,0.0,0.0,79.98490905761719,-79.98490905761719,96.14231872558594,-96.14231872558594,100.0957260131836,-100.0957260131836,90.00020599365234,-90.00020599365234,0.0,0.0,0.0,0.0
-1.0628188107375536e-08,0.0,0.0,0.0,0.002103830687701702,-0.002104035345837474,79.97911071777344,-79.97911071777344,96.14566040039062,-96.14566040039062,100.08846282958984,-100.08846282958984,90.00814819335938,-90.00814819335938,-0.00801169965416193,0.008013737387955189,0.0007964323158375919,0.0007963455864228308
-4.2227430441243996e-08,0.0,0.0,0.0,0.008358843624591827,-0.008359657600522041,79.96187591552734,-79.96187591552734,96.15557861328125,-96.15557861328125,100.06686401367188,-100.06685638427734,90.03176879882812,-90.03176879882812,-0.03183171525597572,0.03183981403708458,0.003164348192512989,0.003164003835991025
-9.4369745795575e-08,0.0,0.0,0.0,0.01868032105267048,-0.018682140856981277,79.93344116210938,-79.93344116210938,96.17195129394531,-96.17195129394531,100.03121185302734,-100.03121185302734,90.07074737548828,-90.07074737548828,-0.0711374431848526,0.07115553319454193,0.007071677129715681,0.007070907391607761
-1.6662717428062024e-07,0.0,0.0,0.0,0.03298354893922806,-0.03298676013946533,79.89402770996094,-79.8940200805664,96.19464111328125,-96.19464874267578,99.98181915283203,-99.9818115234375,90.12474822998047,-90.124755859375,-0.1256062537431717,0.1256382018327713,0.012486347928643227,0.012484989129006863
-2.5857173113763565e-07,0.0,0.0,0.0,0.051183804869651794,-0.05118878558278084,79.8438720703125,-79.8438720703125,96.22351837158203,-96.22352600097656,99.9189682006836,-99.91895294189453,90.19347381591797,-90.19347381591797,-0.1949155330657959,0.19496509432792664,0.01937629096210003,0.0193741824477911
-3.6977533568460785e-07,0.0,0.0,0.0,0.07319636642932892,-0.07320348918437958,79.78321838378906,-79.78321838378906,96.2584457397461,-96.25846099853516,99.84294891357422,-99.84293365478516,90.27659606933594,-90.27659606933594,-0.27874261140823364,0.27881351113319397,0.02770942822098732,0.027706412598490715
-4.998101985620451e-07,0.0,0.0,0.0,0.0989365205168724,-0.09894614666700363,79.71229553222656,-79.71228790283203,96.29928588867188,-96.2992935180664,99.75405883789062,-99.75403594970703,90.37379455566406,-90.37379455566406,-0.3767649829387665,0.3768607974052429,0.037453699856996536,0.03744962066411972
-6.482480898739595e-07,0.0,0.0,0.0,0.12831954658031464,-0.1283320188522339,79.63133239746094,-79.6313247680664,96.34590148925781,-96.34591674804688,99.652587890625,-99.65255737304688,90.4847412109375,-90.4847412109375,-0.4886598587036133,0.48878413438796997,0.048577018082141876,0.04857173189520836
-8.14661291315133e-07,0.0,0.0,0.0,0.161260724067688,-0.1612764298915863,79.54056549072266,-79.5405502319336,96.39816284179688,-96.39818572998047,99.53882598876953,-99.53878784179688,90.60912322998047,-90.60912322998047,-0.6141048073768616,0.6142610311508179,0.06104733794927597,0.061040688306093216
-9.986217719415436e-07,0.0,0.0,0.0,0.19767536222934723,-0.19769461452960968,79.44023132324219,-79.44021606445312,96.4559326171875,-96.45596313476562,99.41307830810547,-99.41302490234375,90.74662780761719,-90.74662780761719,-0.7527772188186646,0.7529686093330383,0.07483256608247757,0.07482442259788513
-1.1997013871223317e-06,0.0,0.0,0.0,0.23747871816158295,-0.2375018149614334,79.33055114746094,-79.33053588867188,96.51908111572266,-96.51911163330078,99.27561950683594,-99.27555847167969,90.89692687988281,-90.89692687988281,-0.9043542146682739,0.9045841693878174,0.08990063518285751,0.08989085257053375
-1.4174721627568942e-06,0.0,0.0,0.0,0.2805860638618469,-0.28061339259147644,79.21177673339844,-79.21175384521484,96.58747863769531,-96.58750915527344,99.12674713134766,-99.12667846679688,91.0596923828125,-91.05970001220703,-1.0685133934020996,1.0687851905822754,0.10621947795152664,0.10620792210102081
-1.651506295274885e-06,0.0,0.0,0.0,0.32691267132759094,-0.326944500207901,79.08412170410156,-79.08409881591797,96.66097259521484,-96.66101837158203,98.96676635742188,-98.96668243408203,91.234619140625,-91.23462677001953,-1.2449320554733276,1.2452486753463745,0.1237570270895958,0.12374354898929596
-1.9013757537322817e-06,0.0,0.0,0.0,0.37637388706207275,-0.37641051411628723,78.94783782958984,-78.94780731201172,96.73944854736328,-96.73949432373047,98.79595184326172,-98.79586029052734,91.42138671875,-91.42139434814453,-1.4332876205444336,1.4336522817611694,0.14248120784759521,0.14246568083763123
-2.166652393498225e-06,0.0,0.0,0.0,0.42888495326042175,-0.4289267063140869,78.80314636230469,-78.80310821533203,96.82275390625,-96.82280731201172,98.61461639404297,-98.614501953125,91.61966705322266,-91.61967468261719,-1.6332577466964722,1.633673071861267,0.16235995292663574,0.16234226524829865
-2.446908638376044e-06,0.0,0.0,0.0,0.48436111211776733,-0.48440828919410706,78.65027618408203,-78.65025329589844,96.9107666015625,-96.91082763671875,98.42303466796875,-98.42291259765625,91.82913970947266,-91.82914733886719,-1.844519019126892,1.844988226890564,0.18336117267608643,0.18334120512008667
-2.741715888987528e-06,0.0,0.0,0.0,0.542717695236206,-0.5427705645561218,78.4894790649414,-78.48944854736328,97.00334930419922,-97.00342559814453,98.22150421142578,-98.22136688232422,92.04949951171875,-92.04950714111328,-2.0667498111724854,2.0672755241394043,0.2054528146982193,0.20543044805526733
-3.0506464554491686e-06,0.0,0.0,0.0,0.6038699746131897,-0.6039287447929382,78.32098388671875,-78.32093811035156,97.10037231445312,-97.10044860839844,98.01032257080078,-98.01016998291016,92.28040313720703,-92.28041076660156,-2.299626588821411,2.3002114295959473,0.22860278189182281,0.2285778820514679
-3.3732726478774566e-06,0.0,0.0,0.0,0.6677332520484924,-0.6677982211112976,78.14500427246094,-78.14495849609375,97.20169067382812,-97.2017822265625,97.7897720336914,-97.78961181640625,92.52155303955078,-92.52156066894531,-2.5428273677825928,2.5434741973876953,0.2527790665626526,0.25275152921676636
-3.7091663216415327e-06,0.0,0.0,0.0,0.7342227697372437,-0.7342942953109741,77.96179962158203,-77.96174621582031,97.30718231201172,-97.3072738647461,97.56016540527344,-97.55997467041016,92.77261352539062,-92.77262115478516,-2.796029567718506,2.7967405319213867,0.2779495418071747,0.27791929244995117
-4.057898877363186e-06,0.0,0.0,0.0,0.803253710269928,-0.8033319711685181,77.77159118652344,-77.77153015136719,97.41670227050781,-97.41680145263672,97.32176971435547,-97.32157135009766,93.03327941894531,-93.03328704833984,-3.0589096546173096,3.059687614440918,0.30408206582069397,0.30404898524284363
-4.419043307279935e-06,0.0,0.0,0.0,0.8747416734695435,-0.8748268485069275,77.57461547851562,-77.57454681396484,97.53012084960938,-97.53023529052734,97.07489013671875,-97.07466888427734,93.30321502685547,-93.30322265625,-3.331146478652954,3.331993579864502,0.331144779920578,0.3311087489128113
-4.792171694134595e-06,0.0,0.0,0.0,0.9486017823219299,-0.9486940503120422,77.37109375,-77.37102508544922,97.64730072021484,-97.64742279052734,96.81982421875,-96.81958770751953,93.58209991455078,-93.58211517333984,-3.6124167442321777,3.613335371017456,0.3591054379940033,0.359066367149353
-5.176854756427929e-06,0.0,0.0,0.0,1.0247490406036377,-1.0248488187789917,77.16127014160156,-77.16120147705078,97.76811218261719,-97.76824188232422,96.55685424804688,-96.55659484863281,93.86963653564453,-93.86964416503906,-3.9023971557617188,3.9033892154693604,0.38793203234672546,0.3878897726535797
-5.5726654863974545e-06,0.0,0.0,0.0,1.1030991077423096,-1.1032065153121948,76.94538116455078,-76.94530487060547,97.89241790771484,-97.8925552368164,96.2862777709961,-96.28600311279297,94.16548156738281,-94.16549682617188,-4.200765132904053,4.201833724975586,0.41759243607521057,0.41754695773124695
-5.979175966785988e-06,0.0,0.0,0.0,1.1835670471191406,-1.1836822032928467,76.7236557006836,-76.72357940673828,98.02008056640625,-98.02023315429688,96.00839233398438,-96.00809478759766,94.46932983398438,-94.46934509277344,-4.507199287414551,4.508345603942871,0.44805461168289185,0.4480058252811432
-6.3959587350836955e-06,0.0,0.0,0.0,1.266068458557129,-1.2661917209625244,76.49633026123047,-76.4962387084961,98.15097045898438,-98.15113067626953,95.72348022460938,-95.72315979003906,94.78084564208984,-94.7808609008789,-4.821376800537109,4.82260274887085,0.4792866110801697,0.4792344272136688
-6.82258405504399e-06,0.0,0.0,0.0,1.3505181074142456,-1.3506495952606201,76.26363372802734,-76.26354217529297,98.28495788574219,-98.28512573242188,95.43183898925781,-95.43150329589844,95.0997314453125,-95.09974670410156,-5.142973899841309,5.14428186416626,0.5112560987472534,0.5112004280090332
-7.2586240094096866e-06,0.0,0.0,0.0,1.4368315935134888,-1.4369715452194214,76.02580261230469,-76.02570343017578,98.42189025878906,-98.42208099365234,95.1337661743164,-95.13340759277344,95.42564392089844,-95.42566680908203,-5.471668243408203,5.47305965423584,0.5439311861991882,0.5438719391822815
-7.703653864155058e-06,0.0,0.0,0.0,1.524924397468567,-1.5250728130340576,75.78306579589844,-75.78296661376953,98.56165313720703,-98.56185150146484,94.82955169677734,-94.82916259765625,95.75828552246094,-95.75830078125,-5.807138919830322,5.808615207672119,0.5772798657417297,0.5772169828414917
-8.157241609296761e-06,0.0,0.0,0.0,1.6147112846374512,-1.6148685216903687,75.5356674194336,-75.53555297851562,98.7041015625,-98.70430755615234,94.51947784423828,-94.51907348632812,96.09732055664062,-96.09733581542969,-6.1490607261657715,6.1506242752075195,0.6112698316574097,0.6112032532691956
-8.618962056061719e-06,0.0,0.0,0.0,1.7061078548431396,-1.7062739133834839,75.28382873535156,-75.28370666503906,98.84910583496094,-98.84932708740234,94.20384979248047,-94.20342254638672,96.44242858886719,-96.44245147705078,-6.497112274169922,6.498764514923096,0.6458691954612732,0.6457988619804382
-9.08838501345599e-06,0.0,0.0,0.0,1.7990293502807617,-1.7992045879364014,75.02778625488281,-75.02766418457031,98.99652862548828,-98.99675750732422,93.88294982910156,-93.88249969482422,96.79329681396484,-96.79331970214844,-6.850971221923828,6.852713584899902,0.6810458302497864,0.6809717416763306
-9.565083928464446e-06,0.0,0.0,0.0,1.8933910131454468,-1.8935754299163818,74.76777648925781,-74.76764678955078,99.14623260498047,-99.146484375,93.55708312988281,-93.55661010742188,97.14960479736328,-97.14962768554688,-7.210314750671387,7.2121477127075195,0.7167676091194153,0.7166896462440491
-1.004863042908255e-05,0.0,0.0,0.0,1.9891082048416138,-1.9893020391464233,74.50403594970703,-74.50389862060547,99.298095703125,-99.29834747314453,93.22653198242188,-93.22603607177734,97.51103210449219,-97.51105499267578,-7.574820041656494,7.576745986938477,0.7530026435852051,0.7529206871986389
-1.0538597962295171e-05,0.0,0.0,0.0,2.0860962867736816,-2.086299419403076,74.23678588867188,-74.23664093017578,99.45196533203125,-99.45223236083984,92.89159393310547,-92.89107513427734,97.87725067138672,-97.87728118896484,-7.944164752960205,7.946185111999512,0.789718747138977,0.7896327972412109
-1.1034555427613668e-05,0.0,0.0,0.0,2.1842703819274902,-2.184483051300049,73.96627807617188,-73.96612548828125,99.60772705078125,-99.60800170898438,92.55255889892578,-92.55201721191406,98.24795532226562,-98.24798583984375,-8.318026542663574,8.320141792297363,0.8268837928771973,0.8267938494682312
-1.1536077181517612e-05,0.0,0.0,0.0,2.283545732498169,-2.2837679386138916,73.6927261352539,-73.69257354736328,99.76522827148438,-99.76551818847656,92.209716796875,-92.20915222167969,98.62281799316406,-98.62284088134766,-8.69608211517334,8.69829273223877,0.8644657135009766,0.864371657371521
-1.2042733942507766e-05,0.0,0.0,0.0,2.3838374614715576,-2.3840694427490234,73.4163818359375,-73.41621398925781,99.92434692382812,-99.92465209960938,91.86337280273438,-91.86277770996094,99.00151824951172,-99.00154113769531,-9.078006744384766,9.080315589904785,0.9024324417114258,0.9023342728614807
-1.2554102795547806e-05,0.0,0.0,0.0,2.4850618839263916,-2.4853036403656006,73.13745880126953,-73.13729095458984,100.08494567871094,-100.08525848388672,91.51380920410156,-91.51318359375,99.38374328613281,-99.3837661743164,-9.463484764099121,9.46589183807373,0.9407522678375244,0.9406499266624451
-1.306974718318088e-05,0.0,0.0,0.0,2.587132692337036,-2.5873844623565674,72.85621643066406,-72.85603332519531,100.24687957763672,-100.24720764160156,91.16131591796875,-91.1606674194336,99.76915740966797,-99.7691879272461,-9.85218620300293,9.854691505432129,0.9793925881385803,0.9792859554290771
-1.3589244190370664e-05,0.0,0.0,0.0,2.6899662017822266,-2.690228223800659,72.57286071777344,-72.57266998291016,100.41002655029297,-100.41036987304688,90.80618286132812,-90.80551147460938,100.1574478149414,-100.15748596191406,-10.243791580200195,10.246397018432617,1.0183215141296387,1.0182106494903564
-1.4112164535617922e-05,0.0,0.0,0.0,2.7934772968292236,-2.7937493324279785,72.28764343261719,-72.28744506835938,100.57424926757812,-100.5746078491211,90.44872283935547,-90.4480209350586,100.54830932617188,-100.54833984375,-10.63797664642334,10.640682220458984,1.057507038116455,1.057391881942749
-1.463808166590752e-05,0.0,0.0,0.0,2.8975818157196045,-2.8978638648986816,72.00078582763672,-72.00057983398438,100.73941802978516,-100.73978424072266,90.08920288085938,-90.0884780883789,100.94140625,-100.94144439697266,-11.034422874450684,11.037227630615234,1.0969170331954956,1.0967977046966553
-1.5166565390245523e-05,0.0,0.0,0.0,3.002194404602051,-3.00248646736145,71.71253204345703,-71.71231842041016,100.90538787841797,-100.90576934814453,89.72793579101562,-89.7271957397461,101.33641815185547,-101.3364486694336,-11.432802200317383,11.435709953308105,1.136519432067871,1.136395812034607
-1.5697192793595605e-05,0.0,0.0,0.0,3.1072306632995605,-3.1075334548950195,71.42311096191406,-71.42288970947266,101.07202911376953,-101.07242584228516,89.36520385742188,-89.36442565917969,101.7330322265625,-101.73307037353516,-11.832797050476074,11.835805892944336,1.1762824058532715,1.176154375076294
-1.6229527318500914e-05,0.0,0.0,0.0,3.2126057147979736,-3.212918519973755,71.13275909423828,-71.13253784179688,101.23921203613281,-101.23961639404297,89.00129699707031,-89.00050354003906,102.13092803955078,-102.13096618652344,-12.23408031463623,12.237191200256348,1.2161734104156494,1.2160409688949585
-1.676314786891453e-05,0.0,0.0,0.0,3.318234920501709,-3.3185579776763916,70.84170532226562,-70.84147644042969,101.40679168701172,-101.40721893310547,88.63652038574219,-88.63569641113281,102.52977752685547,-102.52982330322266,-12.636331558227539,12.639545440673828,1.2561607360839844,1.2560240030288696
-1.7297625163337216e-05,0.0,0.0,0.0,3.4240338802337646,-3.4243671894073486,70.55017852783203,-70.54994201660156,101.57464599609375,-101.57508087158203,88.27115631103516,-88.27030181884766,102.92927551269531,-102.92931365966797,-13.039230346679688,13.042546272277832,1.2962123155593872,1.296071171760559
-1.7832529920269735e-05,0.0,0.0,0.0,3.5299172401428223,-3.5302608013153076,70.25843048095703,-70.2581787109375,101.74263763427734,-101.74308776855469,87.90550231933594,-87.90461730957031,103.32908630371094,-103.3291244506836,-13.442449569702148,13.445867538452148,1.3362958431243896,1.3361502885818481
-1.836743285821285e-05,0.0,0.0,0.0,3.6358001232147217,-3.6361541748046875,69.96666717529297,-69.96641540527344,101.91061401367188,-101.91107940673828,87.53984832763672,-87.53893280029297,103.72889709472656,-103.72894287109375,-13.845667839050293,13.849188804626465,1.376379132270813,1.3762294054031372
-1.890191197162494e-05,0.0,0.0,0.0,3.7415990829467773,-3.7419636249542236,69.67514038085938,-69.67488098144531,102.0784683227539,-102.07894897460938,87.17447662353516,-87.17353820800781,104.1283950805664,-104.12843322753906,-14.248566627502441,14.252189636230469,1.4164308309555054,1.4162765741348267
-1.9435530703049153e-05,0.0,0.0,0.0,3.8472282886505127,-3.847602605819702,69.38409423828125,-69.38381958007812,102.24605560302734,-102.24654388427734,86.80970001220703,-86.80873107910156,104.5272445678711,-104.52729034423828,-14.65081787109375,14.654542922973633,1.4564180374145508,1.4562593698501587
-1.9967870684922673e-05,0.0,0.0,0.0,3.952603578567505,-3.952988624572754,69.09373474121094,-69.09346008300781,102.41323852539062,-102.41374206542969,86.44579315185547,-86.4448013305664,104.92514038085938,-104.92518615722656,-15.052103042602539,15.055931091308594,1.4963092803955078,1.4961464405059814
-2.0498493540799245e-05,0.0,0.0,0.0,4.057640075683594,-4.058034896850586,68.80431365966797,-68.80403137207031,102.57987976074219,-102.58039855957031,86.08306121826172,-86.08204650878906,105.3217544555664,-105.32180786132812,-15.452095985412598,15.456025123596191,1.536072015762329,1.535904884338379
-2.102697908412665e-05,0.0,0.0,0.0,4.162252426147461,-4.162657737731934,68.51605987548828,-68.5157699584961,102.745849609375,-102.74637603759766,85.72179412841797,-85.72075653076172,105.71676635742188,-105.71681213378906,-15.85047721862793,15.854506492614746,1.5756745338439941,1.5755029916763306
-2.155289621441625e-05,0.0,0.0,0.0,4.266356945037842,-4.266772270202637,68.22920227050781,-68.22891235351562,102.91101837158203,-102.91156005859375,85.36227416992188,-85.36121368408203,106.10986328125,-106.10991668701172,-16.24692153930664,16.251054763793945,1.6150845289230347,1.6149088144302368
-2.2075813831179403e-05,0.0,0.0,0.0,4.36986780166626,-4.370293140411377,67.9439926147461,-67.94367980957031,103.07524108886719,-103.07579040527344,85.00481414794922,-85.00372314453125,106.50071716308594,-106.50077056884766,-16.64110565185547,16.645336151123047,1.6542699337005615,1.6540898084640503
-2.2595313566853292e-05,0.0,0.0,0.0,4.472701549530029,-4.473136901855469,67.66063690185547,-67.66032409667969,103.23838806152344,-103.23896026611328,84.6496810913086,-84.64856719970703,106.88902282714844,-106.88906860351562,-17.032712936401367,17.037044525146484,1.6931990385055542,1.6930147409439087
-2.3110958863981068e-05,0.0,0.0,0.0,4.574772834777832,-4.575218200683594,67.37938690185547,-67.37906646728516,103.40032196044922,-103.40090942382812,84.29719543457031,-84.29605102539062,107.2744369506836,-107.27449035644531,-17.42141342163086,17.425844192504883,1.7318392992019653,1.7316508293151855
-2.3622325898031704e-05,0.0,0.0,0.0,4.675996780395508,-4.676451683044434,67.10047149658203,-67.10014343261719,103.56092071533203,-103.56151580810547,83.94762420654297,-83.94645690917969,107.65665435791016,-107.6567153930664,-17.8068904876709,17.811418533325195,1.7701590061187744,1.7699662446975708
-2.4128981749527156e-05,0.0,0.0,0.0,4.7762885093688965,-4.7767534255981445,66.8241195678711,-66.82378387451172,103.72003936767578,-103.72064208984375,83.60128021240234,-83.60008239746094,108.03535461425781,-108.03541564941406,-18.188817977905273,18.19344139099121,1.8081258535385132,1.8079291582107544
-2.4630504412925802e-05,0.0,0.0,0.0,4.875564098358154,-4.876038551330566,66.55056762695312,-66.55023193359375,103.8775405883789,-103.87816619873047,83.25843811035156,-83.25721740722656,108.41021728515625,-108.41027069091797,-18.566871643066406,18.57159423828125,1.8457077741622925,1.8455069065093994
-2.5126462787739e-05,0.0,0.0,0.0,4.973737716674805,-4.974222183227539,66.28005981445312,-66.27970886230469,104.03329467773438,-104.033935546875,82.91940307617188,-82.91815948486328,108.78092193603516,-108.78097534179688,-18.940732955932617,18.94554901123047,1.8828729391098022,1.8826677799224854
-2.5616427592467517e-05,0.0,0.0,0.0,5.070725440979004,-5.071218967437744,66.0128173828125,-66.01245880126953,104.18716430664062,-104.18781280517578,82.58446502685547,-82.58320617675781,109.14714050292969,-109.1471939086914,-19.310077667236328,19.314987182617188,1.919588565826416,1.919379711151123
-2.609997864055913e-05,0.0,0.0,0.0,5.166443347930908,-5.166946887969971,65.74906921386719,-65.74870300292969,104.33902740478516,-104.33968353271484,82.25391387939453,-82.25262451171875,109.5085678100586,-109.50862884521484,-19.674585342407227,19.679588317871094,1.9558240175247192,1.955611228942871
-2.657667573657818e-05,0.0,0.0,0.0,5.260804653167725,-5.261316776275635,65.48906707763672,-65.48869323730469,104.48873138427734,-104.48941040039062,81.92804718017578,-81.9267349243164,109.86487579345703,-109.86493682861328,-20.033926010131836,20.03902244567871,1.9915456771850586,1.9913288354873657
-2.7046100512961857e-05,0.0,0.0,0.0,5.353726387023926,-5.354247570037842,65.23301696777344,-65.2326431274414,104.63615417480469,-104.6368408203125,81.60714721679688,-81.6058120727539,110.21574401855469,-110.21580505371094,-20.387786865234375,20.39297103881836,2.0267224311828613,2.0265018939971924
-2.7507820050232112e-05,0.0,0.0,0.0,5.445123195648193,-5.445653438568115,64.98118591308594,-64.98080444335938,104.78115844726562,-104.7818603515625,81.29151916503906,-81.2901611328125,110.56085205078125,-110.56092071533203,-20.735837936401367,20.741113662719727,2.061321973800659,2.0610976219177246
-2.7961406885879114e-05,0.0,0.0,0.0,5.534910202026367,-5.5354485511779785,64.73377990722656,-64.73339080810547,104.92361450195312,-104.92431640625,80.9814453125,-80.98007202148438,110.89988708496094,-110.89995574951172,-21.077760696411133,21.083120346069336,2.0953116416931152,2.095083713531494
-2.840643355739303e-05,0.0,0.0,0.0,5.623002529144287,-5.623549938201904,64.49104309082031,-64.49065399169922,105.06336975097656,-105.0640869140625,80.67723083496094,-80.67582702636719,111.23252868652344,-111.23258972167969,-21.41322898864746,21.41867446899414,2.128660202026367,2.1284286975860596
-2.884247987822164e-05,0.0,0.0,0.0,5.709316253662109,-5.709872245788574,64.25321960449219,-64.25281524658203,105.20030975341797,-105.20104217529297,80.37915802001953,-80.37773132324219,111.55844116210938,-111.55850982666016,-21.741924285888672,21.747453689575195,2.1613354682922363,2.161100149154663
-2.9269102014950477e-05,0.0,0.0,0.0,5.793766021728516,-5.79433012008667,64.02051544189453,-64.0201187133789,105.33428955078125,-105.33503723144531,80.08751678466797,-80.08606719970703,111.87732696533203,-111.87739562988281,-22.063522338867188,22.069133758544922,2.193305015563965,2.193066358566284
-2.968588705698494e-05,0.0,0.0,0.0,5.876267433166504,-5.876839637756348,63.793190002441406,-63.79277801513672,105.4651870727539,-105.46593475341797,79.80260467529297,-79.80113983154297,112.18885040283203,-112.18891906738281,-22.37769889831543,22.383390426635742,2.2245371341705322,2.224294900894165
-3.0092394808889367e-05,0.0,0.0,0.0,5.956735134124756,-5.957314968109131,63.571468353271484,-63.57105255126953,105.59284973144531,-105.59361267089844,79.52471923828125,-79.52323150634766,112.49269104003906,-112.49275970458984,-22.684131622314453,22.689903259277344,2.2549991607666016,2.254753589630127
-3.0488206903100945e-05,0.0,0.0,0.0,6.035085201263428,-6.035673141479492,63.35557174682617,-63.35515594482422,105.71714782714844,-105.7179183959961,79.25414276123047,-79.25263214111328,112.78854370117188,-112.78861236572266,-22.982501983642578,22.98834800720215,2.2846596240997314,2.2844109535217285
-3.0872888601152226e-05,0.0,0.0,0.0,6.111232280731201,-6.1118268966674805,63.145755767822266,-63.14533233642578,105.83795928955078,-105.83873748779297,78.99117279052734,-78.9896469116211,113.0760726928711,-113.07614135742188,-23.27248191833496,23.278400421142578,2.313486099243164,2.3132340908050537
-3.124601425952278e-05,0.0,0.0,0.0,6.185092449188232,-6.185694217681885,62.94224166870117,-62.94180679321289,105.95513916015625,-105.9559326171875,78.7361068725586,-78.73456573486328,113.35496520996094,-113.35503387451172,-23.55375099182129,23.55974006652832,2.3414466381073,2.3411917686462402
-3.160716005368158e-05,0.0,0.0,0.0,6.256580352783203,-6.257189750671387,62.745262145996094,-62.74482345581055,106.06856536865234,-106.0693588256836,78.48922729492188,-78.4876708984375,113.6249008178711,-113.62496948242188,-23.82598876953125,23.832048416137695,2.368509531021118,2.3682515621185303
-3.1955896702129394e-05,0.0,0.0,0.0,6.325611591339111,-6.32622766494751,62.55504608154297,-62.554603576660156,106.1780776977539,-106.17889404296875,78.2508316040039,-78.24925994873047,113.88555908203125,-113.88563537597656,-24.088871002197266,24.094995498657227,2.3946421146392822,2.394381523132324
-3.2291787647409365e-05,0.0,0.0,0.0,6.392100811004639,-6.392723083496094,62.37184143066406,-62.371395111083984,106.2835693359375,-106.28438568115234,78.02122497558594,-78.01962280273438,114.1366195678711,-114.1366958618164,-24.342069625854492,24.3482608795166,2.4198124408721924,2.419548988342285
-3.261441452195868e-05,0.0,0.0,0.0,6.4559645652771,-6.456593036651611,62.195865631103516,-62.19541549682617,106.3848876953125,-106.3857192993164,77.80067443847656,-77.79906463623047,114.37776947021484,-114.37784576416016,-24.58527183532715,24.591524124145508,2.443988800048828,2.443722724914551
-3.29233480442781e-05,0.0,0.0,0.0,6.517117023468018,-6.517751216888428,62.027366638183594,-62.02690887451172,106.4819107055664,-106.48274230957031,77.58949279785156,-77.5878677368164,114.60867309570312,-114.60875701904297,-24.81814956665039,24.824460983276367,2.4671387672424316,2.4668703079223633
-3.3218155294889584e-05,0.0,0.0,0.0,6.575473308563232,-6.576113700866699,61.86656951904297,-61.86610412597656,106.57449340820312,-106.57533264160156,77.3879623413086,-77.38632202148438,114.82903289794922,-114.8291015625,-25.040380477905273,25.0467472076416,2.4892303943634033,2.488959550857544
-3.34984106302727e-05,0.0,0.0,0.0,6.630949020385742,-6.631594657897949,61.71370315551758,-61.7132453918457,106.66250610351562,-106.6633529663086,77.19638061523438,-77.19473266601562,115.03849792480469,-115.03858184814453,-25.25164222717285,25.2580623626709,2.5102314949035645,2.509958267211914
-3.3763684768928215e-05,0.0,0.0,0.0,6.683460712432861,-6.68411111831665,61.56901168823242,-61.56855010986328,106.74581909179688,-106.74667358398438,77.01504516601562,-77.01337432861328,115.23677825927734,-115.23686218261719,-25.451610565185547,25.458084106445312,2.5301103591918945,2.529834747314453
-3.40135557053145e-05,0.0,0.0,0.0,6.732921600341797,-6.733577251434326,61.43273162841797,-61.43225860595703,106.82428741455078,-106.82514953613281,76.84423065185547,-76.8425521850586,115.42354583740234,-115.42362976074219,-25.63996696472168,25.646486282348633,2.5488345623016357,2.5485570430755615
-3.424758688197471e-05,0.0,0.0,0.0,6.779247760772705,-6.779908180236816,61.30507278442383,-61.304603576660156,106.89778900146484,-106.8986587524414,76.68424987792969,-76.68255615234375,115.59848022460938,-115.59856414794922,-25.81638526916504,25.82295036315918,2.5663721561431885,2.5660927295684814
-3.446535629336722e-05,0.0,0.0,0.0,6.822354793548584,-6.823019027709961,61.18629837036133,-61.18582534790039,106.96617889404297,-106.96704864501953,76.53538513183594,-76.53367614746094,115.76124572753906,-115.7613296508789,-25.98054313659668,25.987150192260742,2.582690715789795,2.582409620285034
-3.46664382959716e-05,0.0,0.0,0.0,6.862158298492432,-6.862826347351074,61.07662582397461,-61.07614517211914,107.02933502197266,-107.03020477294922,76.3979263305664,-76.39620971679688,115.91155242919922,-115.91162872314453,-26.13212013244629,26.138765335083008,2.5977590084075928,2.5974762439727783
-3.485039997030981e-05,0.0,0.0,0.0,6.898573398590088,-6.899245262145996,60.97628402709961,-60.97580337524414,107.08710479736328,-107.08798217773438,76.27217102050781,-76.27044677734375,116.04905700683594,-116.04913330078125,-26.270793914794922,26.277475357055664,2.611544132232666,2.611259937286377
-3.5016812034882605e-05,0.0,0.0,0.0,6.931514739990234,-6.932189464569092,60.88551712036133,-60.885032653808594,107.13936614990234,-107.14025115966797,76.15841674804688,-76.15667724609375,116.17343139648438,-116.17351531982422,-26.396238327026367,26.402950286865234,2.624014377593994,2.6237287521362305
-3.516524884616956e-05,0.0,0.0,0.0,6.960897922515869,-6.961575031280518,60.80455017089844,-60.8040657043457,107.18598175048828,-107.1868667602539,76.05693817138672,-76.0551986694336,116.28437805175781,-116.28446197509766,-26.508132934570312,26.514875411987305,2.6351377964019775,2.6348509788513184
-3.529528476065025e-05,0.0,0.0,0.0,6.986638069152832,-6.98731803894043,60.73362731933594,-60.7331428527832,107.22682189941406,-107.22770690917969,75.96804809570312,-75.96630096435547,116.38157653808594,-116.38166046142578,-26.606157302856445,26.61292266845703,2.6448822021484375,2.644594192504883
-3.540649049682543e-05,0.0,0.0,0.0,7.008650779724121,-7.009332656860352,60.6729736328125,-60.672481536865234,107.2617416381836,-107.26263427734375,75.89202880859375,-75.8902816772461,116.4646987915039,-116.46478271484375,-26.68998146057129,26.69676971435547,2.653215169906616,2.652926445007324
-3.5498433135217056e-05,0.0,0.0,0.0,7.026850700378418,-7.0275349617004395,60.62282180786133,-60.62233352661133,107.29061889648438,-107.29151916503906,75.82917785644531,-75.82742309570312,116.5334243774414,-116.53350830078125,-26.759292602539062,26.766098022460938,2.6601054668426514,2.659815788269043
-3.557069067028351e-05,0.0,0.0,0.0,7.041153907775879,-7.041839122772217,60.58340835571289,-60.582916259765625,107.31330871582031,-107.314208984375,75.77978515625,-75.77802276611328,116.5874252319336,-116.58750915527344,-26.81376075744629,26.820579528808594,2.6655197143554688,2.6652297973632812
-3.562283382052556e-05,0.0,0.0,0.0,7.051475524902344,-7.052161693572998,60.554969787597656,-60.55447769165039,107.32968139648438,-107.33058166503906,75.74413299560547,-75.74237823486328,116.62639617919922,-116.62648010253906,-26.85306739807129,26.85989761352539,2.6694273948669434,2.6691367626190186
-3.5654433304443955e-05,0.0,0.0,0.0,7.057730674743652,-7.058417797088623,60.53773498535156,-60.5372428894043,107.33960723876953,-107.34050750732422,75.7225341796875,-75.72077941894531,116.65003204345703,-116.65010833740234,-26.876888275146484,26.88372230529785,2.671795129776001,2.671504497528076
-3.566505984053947e-05,0.0,0.0,0.0,7.0598344802856445,-7.060521602630615,60.53193664550781,-60.53144454956055,107.34294891357422,-107.3438491821289,75.71527099609375,-75.71350860595703,116.65796661376953,-116.65805053710938,-26.884899139404297,26.891735076904297,2.6725916862487793,2.6723005771636963
-3.566505984053947e-05,0.0,0.0,0.0,7.0598344802856445,-7.060521602630615,60.53193664550781,-60.53144454956055,107.34294891357422,-107.3438491821289,75.71527099609375,-75.71350860595703,116.65796661376953,-116.65805053710938,-26.884899139404297,26.891735076904297,2.6725916862487793,2.6723005771636963
-3.566505984053947e-05,0.0,0.0,0.0,7.0598344802856445,-7.060521602630615,60.53193664550781,-60.53144454956055,107.34294891357422,-107.3438491821289,75.71527099609375,-75.71350860595703,116.65796661376953,-116.65805053710938,-26.884899139404297,26.891735076904297,2.6725916862487793,2.6723005771636963
-3.566505984053947e-05,0.0,0.0,0.0,7.0598344802856445,-7.060521602630615,60.53193664550781,-60.53144454956055,107.34294891357422,-107.3438491821289,75.71527099609375,-75.71350860595703,116.65796661376953,-116.65805053710938,-26.884899139404297,26.891735076904297,2.6725916862487793,2.6723005771636963
-5.202016109251417e-05,0.0,0.0,0.0,6.999342918395996,-7.000027656555176,60.67550277709961,-60.67502975463867,107.29154205322266,-107.29242706298828,75.94205474853516,-75.9403076171875,116.59745025634766,-116.59751892089844,-26.728744506835938,26.735565185546875,2.7508468627929688,2.7505526542663574
-5.202016109251417e-05,0.0,0.0,0.0,6.999342918395996,-7.000027656555176,60.67550277709961,-60.67502975463867,107.29154205322266,-107.29242706298828,75.94205474853516,-75.9403076171875,116.59745025634766,-116.59751892089844,-26.728744506835938,26.735565185546875,2.7508468627929688,2.7505526542663574
-3.2410047424491495e-05,0.0,0.0,0.0,6.910329341888428,-6.91104793548584,60.84897994995117,-60.84849548339844,107.23919677734375,-107.24008178710938,76.25518798828125,-76.25349426269531,116.53779602050781,-116.53788757324219,-26.530899047851562,26.53771209716797,2.874690055847168,2.87445068359375
-4.388263187138364e-05,0.0,0.0,0.0,6.854362487792969,-6.85504674911499,60.96006774902344,-60.959590911865234,107.20431518554688,-107.2052001953125,76.45413208007812,-76.45238494873047,116.498046875,-116.49813842773438,-26.404491424560547,26.41131591796875,2.953249216079712,2.952984094619751
-2.2404889023164287e-05,0.0,0.0,0.0,6.790984630584717,-6.791683197021484,61.08674621582031,-61.08626174926758,107.1642074584961,-107.16509246826172,76.68011474609375,-76.67840576171875,116.4522933959961,-116.4524154663086,-26.26055908203125,26.26740264892578,3.0422990322113037,3.0420546531677246
-2.3365384549833834e-05,0.0,0.0,0.0,6.720827102661133,-6.721523284912109,61.22868347167969,-61.22825622558594,107.11824035644531,-107.11911010742188,76.93187713623047,-76.93019104003906,116.39984130859375,-116.39998626708984,-26.099607467651367,26.10643196105957,3.1412925720214844,3.1410775184631348
-2.5473136702203192e-05,0.0,0.0,0.0,6.644378662109375,-6.645086288452148,61.38554000854492,-61.38509750366211,107.06617736816406,-107.06706237792969,77.20824432373047,-77.20655059814453,116.34044647216797,-116.34059143066406,-25.92212677001953,25.92894744873047,3.2497661113739014,3.2495431900024414
-2.5179651856888086e-05,0.0,0.0,0.0,6.5621514320373535,-6.562853813171387,61.55693054199219,-61.55647277832031,107.00778198242188,-107.0086669921875,77.50798034667969,-77.50625610351562,116.2737808227539,-116.2739486694336,-25.728683471679688,25.73552131652832,3.367081880569458,3.3668606281280518
-2.0830742869293317e-05,0.0,0.0,0.0,6.474605560302734,-6.475313186645508,61.74242401123047,-61.74199295043945,106.94285583496094,-106.94373321533203,77.82978820800781,-77.82808685302734,116.19963073730469,-116.19979858398438,-25.519838333129883,25.52666473388672,3.492769241333008,3.4925575256347656
-2.9688644644920714e-05,0.0,0.0,0.0,6.382251739501953,-6.382970333099365,61.941680908203125,-61.941246032714844,106.8710708618164,-106.87197875976562,78.17252349853516,-78.1707763671875,116.11766052246094,-116.11785888671875,-25.29615592956543,25.30299949645996,3.6262643337249756,3.626049280166626
-1.8002618162427098e-05,0.0,0.0,0.0,6.285634517669678,-6.286355495452881,62.15433883666992,-62.153907775878906,106.79220581054688,-106.79310607910156,78.53475952148438,-78.53304290771484,116.0275650024414,-116.02775573730469,-25.058168411254883,25.065004348754883,3.7669572830200195,3.7667336463928223
-1.5814823200344108e-05,0.0,0.0,0.0,6.18520450592041,-6.1859307289123535,62.37992858886719,-62.37953186035156,106.70599365234375,-106.70687103271484,78.91533660888672,-78.91364288330078,115.92903137207031,-115.92928314208984,-24.806495666503906,24.81334114074707,3.9143776893615723,3.9142067432403564
-5.6229000620078295e-06,0.0,0.0,0.0,6.081475257873535,-6.082216739654541,62.61815643310547,-62.61775588989258,106.6121597290039,-106.61304473876953,79.31287384033203,-79.31118774414062,115.82176971435547,-115.82202911376953,-24.541667938232422,24.548507690429688,4.067892074584961,4.0677490234375
9.851747563516255e-06,0.0,0.0,0.0,5.9749603271484375,-5.9757256507873535,62.86860656738281,-62.86820983886719,106.51044464111328,-106.51133728027344,79.72616577148438,-79.7245101928711,115.70551300048828,-115.705810546875,-24.264244079589844,24.27108383178711,4.2270684242248535,4.226960182189941
3.044903678528499e-05,0.0,0.0,0.0,5.866118907928467,-5.866888046264648,63.13090515136719,-63.130523681640625,106.40058898925781,-106.4014892578125,80.1539077758789,-80.15226745605469,115.57990264892578,-115.58021545410156,-23.974794387817383,23.981624603271484,4.391306400299072,4.391218185424805
3.317043956485577e-05,0.0,0.0,0.0,5.755457878112793,-5.756196975708008,63.404693603515625,-63.40431213378906,106.28233337402344,-106.2832260131836,80.5948257446289,-80.59317016601562,115.44473266601562,-115.44503021240234,-23.673873901367188,23.680727005004883,4.560153007507324,4.560031414031982
5.077952300780453e-05,0.0,0.0,0.0,5.643336772918701,-5.644097328186035,63.68958282470703,-63.6891975402832,106.15546417236328,-106.15635681152344,81.04762268066406,-81.04598999023438,115.29962921142578,-115.29998779296875,-23.36205291748047,23.368919372558594,4.732960224151611,4.732923984527588
4.2401868995511904e-05,0.0,0.0,0.0,5.530269622802734,-5.531052112579346,63.98515701293945,-63.98480987548828,106.01974487304688,-106.0206527709961,81.5110855102539,-81.50946044921875,115.14444732666016,-115.14483642578125,-23.039905548095703,23.04676628112793,4.909449577331543,4.909364223480225
7.858052413212135e-05,0.0,0.0,0.0,5.416615962982178,-5.417420387268066,64.2911376953125,-64.290771484375,105.87495422363281,-105.87586212158203,81.98388671875,-81.98231506347656,114.97888946533203,-114.97930908203125,-22.70795440673828,22.714826583862305,5.088924884796143,5.088925838470459
6.433318048948422e-05,0.0,0.0,0.0,5.302855968475342,-5.303636074066162,64.6070785522461,-64.60672760009766,105.72090911865234,-105.72183227539062,82.46501922607422,-82.46338653564453,114.80278778076172,-114.8031997680664,-22.366748809814453,22.37363052368164,5.271128177642822,5.271065711975098
8.183554018614814e-05,0.0,0.0,0.0,5.189315319061279,-5.19010591506958,64.93262481689453,-64.93231201171875,105.55742645263672,-105.55833435058594,82.95301818847656,-82.95143127441406,114.61587524414062,-114.61632537841797,-22.016849517822266,22.023723602294922,5.455432891845703,5.4554314613342285
8.423678082181141e-05,0.0,0.0,0.0,5.076336860656738,-5.077136039733887,65.2674560546875,-65.26712036132812,105.3843765258789,-105.38529205322266,83.44690704345703,-83.44532775878906,114.41802978515625,-114.41848754882812,-21.65874481201172,21.66564178466797,5.641507148742676,5.64150333404541
8.573088416596875e-05,0.0,0.0,0.0,4.9642839431762695,-4.965086936950684,65.61119079589844,-65.61087036132812,105.20158386230469,-105.2025146484375,83.94548034667969,-83.94387817382812,114.20907592773438,-114.20956420898438,-21.29298210144043,21.299880981445312,5.82891845703125,5.828904151916504
9.853748633759096e-05,0.0,0.0,0.0,4.8534464836120605,-4.854274272918701,65.96345520019531,-65.96315002441406,105.00897216796875,-105.00990295410156,84.44759368896484,-84.44603729248047,113.9889144897461,-113.9894027709961,-20.920089721679688,20.926958084106445,6.017276287078857,6.017308712005615
0.0001030731582432054,0.0,0.0,0.0,4.744156837463379,-4.7449750900268555,66.32391357421875,-66.3236312866211,104.80644226074219,-104.807373046875,84.9521713256836,-84.95059204101562,113.75740051269531,-113.7579574584961,-20.540517807006836,20.54741859436035,6.206180572509766,6.206235885620117
0.00011214450205443427,0.0,0.0,0.0,4.636647701263428,-4.637486934661865,66.69218444824219,-66.69194030761719,104.59394073486328,-104.5948715209961,85.45811462402344,-85.45658874511719,113.51454162597656,-113.51509857177734,-20.15482521057129,20.161712646484375,6.39530611038208,6.395368576049805
0.00010995670891134068,0.0,0.0,0.0,4.531188488006592,-4.532033920288086,67.06795501708984,-67.06771087646484,104.37139129638672,-104.37232971191406,85.96443176269531,-85.96292114257812,113.26023864746094,-113.26081848144531,-19.763479232788086,19.770389556884766,6.5842814445495605,6.5843505859375
0.00011726714728865772,0.0,0.0,0.0,4.428003311157227,-4.428852081298828,67.45085144042969,-67.45062255859375,104.13880157470703,-104.13973236083984,86.47008514404297,-86.46857452392578,112.99446105957031,-112.99508666992188,-19.366962432861328,19.373878479003906,6.772739887237549,6.772860527038574
0.00012863300798926502,0.0,0.0,0.0,4.327305793762207,-4.32815408706665,67.84052276611328,-67.8403091430664,103.89620208740234,-103.89714050292969,86.9740982055664,-86.97260284423828,112.71727752685547,-112.71788787841797,-18.965740203857422,18.9726505279541,6.960417747497559,6.960510730743408
0.00014304043725132942,0.0,0.0,0.0,4.229262351989746,-4.230120658874512,68.23663330078125,-68.23643493652344,103.64356994628906,-103.64451599121094,87.47553253173828,-87.47406005859375,112.42867279052734,-112.42931365966797,-18.56026840209961,18.56719207763672,7.14702844619751,7.147127628326416
0.00013807788491249084,0.0,0.0,0.0,4.134080410003662,-4.134937286376953,68.63885498046875,-68.6386489868164,103.38102722167969,-103.38197326660156,87.9734878540039,-87.97200775146484,112.12876892089844,-112.12943267822266,-18.1510009765625,18.157949447631836,7.332253456115723,7.332332134246826
0.00014143961016088724,0.0,0.0,0.0,4.041849613189697,-4.042690753936768,69.04679870605469,-69.04664611816406,103.10865020751953,-103.10958099365234,88.46704864501953,-88.46559143066406,111.817626953125,-111.81830596923828,-17.73838233947754,17.74533462524414,7.515799522399902,7.515871047973633
0.00016000919276848435,0.0,0.0,0.0,3.95274019241333,-3.9536030292510986,69.460205078125,-69.46002960205078,102.8265151977539,-102.82746887207031,88.9554214477539,-88.9539566040039,111.4953842163086,-111.49610137939453,-17.322834014892578,17.329792022705078,7.697403907775879,7.697513103485107
0.00016273059009108692,0.0,0.0,0.0,3.8668391704559326,-3.8677151203155518,69.87863159179688,-69.87847900390625,102.53482055664062,-102.53577423095703,89.43775939941406,-89.43632507324219,111.16224670410156,-111.1629867553711,-16.904794692993164,16.91176414489746,7.876875400543213,7.877004623413086
0.00017020110681187361,0.0,0.0,0.0,3.784271001815796,-3.7851486206054688,70.3017807006836,-70.30165100097656,102.23369598388672,-102.23464965820312,89.91325378417969,-89.91183471679688,110.81834411621094,-110.81908416748047,-16.48465919494629,16.491619110107422,8.053948402404785,8.054080963134766
0.0001889841369120404,0.0,0.0,0.0,3.7050912380218506,-3.7059714794158936,70.72930908203125,-70.72917938232422,101.92337036132812,-101.9243392944336,90.38121795654297,-90.37979888916016,110.46392059326172,-110.46466064453125,-16.062814712524414,16.069774627685547,8.22841739654541,8.22854232788086
0.0001870631385827437,0.0,0.0,0.0,3.629342794418335,-3.630230665206909,71.16091918945312,-71.1607894897461,101.60403442382812,-101.60501098632812,90.84095001220703,-90.83953094482422,110.09921264648438,-110.0999984741211,-15.639629364013672,15.646621704101562,8.400050163269043,8.400190353393555
0.0002050457551376894,0.0,0.0,0.0,3.5570878982543945,-3.5579991340637207,71.5962142944336,-71.59611511230469,101.27598571777344,-101.2769775390625,91.29173278808594,-91.29035186767578,109.72453308105469,-109.72535705566406,-15.21551513671875,15.222502708435059,8.568686485290527,8.568843841552734
0.0002080873236991465,0.0,0.0,0.0,3.4883809089660645,-3.4893064498901367,72.03490447998047,-72.03480529785156,100.9394760131836,-100.94046020507812,91.7328872680664,-91.73153686523438,109.34017944335938,-109.34102630615234,-14.790812492370605,14.797826766967773,8.734088897705078,8.7342529296875
0.00021358348021749407,0.0,0.0,0.0,3.423215627670288,-3.424128770828247,72.47661590576172,-72.47654724121094,100.59477233886719,-100.59576416015625,92.16397094726562,-92.16260528564453,108.94646453857422,-108.94734191894531,-14.365904808044434,14.372917175292969,8.896127700805664,8.896308898925781
0.000227777476538904,0.0,0.0,0.0,3.36160945892334,-3.3625214099884033,72.92101287841797,-72.92093658447266,100.24225616455078,-100.24327087402344,92.5843276977539,-92.58295440673828,108.54380798339844,-108.54469299316406,-13.941121101379395,13.948136329650879,9.054670333862305,9.05480670928955
0.00022681697737425566,0.0,0.0,0.0,3.3035385608673096,-3.3044629096984863,73.36772918701172,-73.36768341064453,99.88226318359375,-99.88326263427734,92.99337768554688,-92.99205017089844,108.13252258300781,-108.1334228515625,-13.516800880432129,13.523813247680664,9.209444046020508,9.209620475769043
0.00022687033924739808,0.0,0.0,0.0,3.2490060329437256,-3.249906063079834,73.81647491455078,-73.81645202636719,99.51512145996094,-99.51612854003906,93.3907699584961,-93.38941955566406,107.7131118774414,-107.71402740478516,-13.093273162841797,13.100301742553711,9.360466003417969,9.360597610473633
0.00024138449225574732,0.0,0.0,0.0,3.197970390319824,-3.1988792419433594,74.26687622070312,-74.26685333251953,99.14128112792969,-99.1423110961914,93.77596282958984,-93.7746353149414,107.28597259521484,-107.2868881225586,-12.67082691192627,12.677854537963867,9.507511138916016,9.507648468017578
0.0002366353728575632,0.0,0.0,0.0,3.1504127979278564,-3.151310682296753,74.71858978271484,-74.71857452392578,98.76116943359375,-98.7621841430664,94.14861297607422,-94.14728546142578,106.85159301757812,-106.85253143310547,-12.249780654907227,12.256834030151367,9.65049934387207,9.650611877441406
0.0002476810768712312,0.0,0.0,0.0,3.106259822845459,-3.107168197631836,75.17129516601562,-75.17131805419922,98.37520599365234,-98.37621307373047,94.50829315185547,-94.50701141357422,106.41047668457031,-106.41145324707031,-11.830429077148438,11.83749008178711,9.789222717285156,9.78939151763916
0.0002617683494463563,0.0,0.0,0.0,3.0654664039611816,-3.0663750171661377,75.62460327148438,-75.62464904785156,97.98384857177734,-97.98487091064453,94.85472869873047,-94.85346221923828,105.96314239501953,-105.96412658691406,-11.413073539733887,11.420136451721191,9.923712730407715,9.92386245727539
0.0002668376255314797,0.0,0.0,0.0,3.0279951095581055,-3.028902053833008,76.07819366455078,-76.07821655273438,97.58758544921875,-97.58861541748047,95.1876449584961,-95.18638610839844,105.5101318359375,-105.51111602783203,-10.997980117797852,11.005049705505371,10.053841590881348,10.053991317749023
0.0002851403842214495,0.0,0.0,0.0,2.993762493133545,-2.994673490524292,76.53167724609375,-76.53172302246094,97.18690490722656,-97.18795013427734,95.50675201416016,-95.50550842285156,105.05196380615234,-105.05298614501953,-10.58542537689209,10.592494010925293,10.179473876953125,10.179656028747559
0.0002815652114804834,0.0,0.0,0.0,2.962691307067871,-2.9636178016662598,76.98474884033203,-76.98480987548828,96.78230285644531,-96.7833480834961,95.81182861328125,-95.81062316894531,104.58926391601562,-104.5903091430664,-10.175660133361816,10.182748794555664,10.30058479309082,10.300760269165039
0.0002833794860634953,0.0,0.0,0.0,2.93472957611084,-2.935643434524536,77.4370346069336,-77.43709564208984,96.37432861328125,-96.37539672851562,96.10282897949219,-96.10159301757812,104.12262725830078,-104.12367248535156,-9.768948554992676,9.776043891906738,10.417140007019043,10.41729736328125
0.00029554576030932367,0.0,0.0,0.0,2.9097683429718018,-2.9106805324554443,77.88819122314453,-77.88827514648438,95.96351623535156,-95.96458435058594,96.37948608398438,-96.37828826904297,103.65269470214844,-103.65374755859375,-9.365545272827148,9.37264347076416,10.52908992767334,10.529203414916992
0.0003100065514445305,0.0,0.0,0.0,2.8877131938934326,-2.8886160850524902,78.33784484863281,-78.3379135131836,95.5504379272461,-95.55150604248047,96.6418228149414,-96.640625,103.18002319335938,-103.18111419677734,-8.965656280517578,8.972784996032715,10.636313438415527,10.636475563049316
0.00032404044759459794,0.0,0.0,0.0,2.8685076236724854,-2.869419813156128,78.78560638427734,-78.78568267822266,95.1356201171875,-95.13671112060547,96.8897705078125,-96.88859558105469,102.70531463623047,-102.7063980102539,-8.56959056854248,8.576692581176758,10.73889446258545,10.739056587219238
0.0003137417952530086,0.0,0.0,0.0,2.8520395755767822,-2.8529345989227295,79.23109436035156,-79.23120880126953,94.71967315673828,-94.72075653076172,97.12333679199219,-97.12215423583984,102.22918701171875,-102.23030090332031,-8.177529335021973,8.184660911560059,10.836793899536133,10.836882591247559
0.00034175626933574677,0.0,0.0,0.0,2.838200807571411,-2.8391029834747314,79.67402648925781,-79.67412567138672,94.30313873291016,-94.3042221069336,97.34253692626953,-97.34140014648438,101.75230407714844,-101.75343322753906,-7.789700984954834,7.7968316078186035,10.929927825927734,10.930108070373535
0.00033828779123723507,0.0,0.0,0.0,2.8269219398498535,-2.8277974128723145,80.1139907836914,-80.11408996582031,93.8865966796875,-93.88768768310547,97.5475082397461,-97.54634857177734,101.27536010742188,-101.27649688720703,-7.406346321105957,7.413496971130371,11.018426895141602,11.01854419708252
0.00034842637251131237,0.0,0.0,0.0,2.818057060241699,-2.8189330101013184,80.55060577392578,-80.55072784423828,93.47065734863281,-93.47174072265625,97.73827362060547,-97.7371597290039,100.79902648925781,-100.80015563964844,-7.027681827545166,7.034833908081055,11.102253913879395,11.102334022521973
0.00034671882167458534,0.0,0.0,0.0,2.811542510986328,-2.8124313354492188,80.9835205078125,-80.9836654663086,93.05591583251953,-93.0570068359375,97.91510772705078,-97.91400909423828,100.3239517211914,-100.32511138916016,-6.6539106369018555,6.661050796508789,11.181425094604492,11.181550979614258
0.0003541359619703144,0.0,0.0,0.0,2.8072099685668945,-2.8081042766571045,81.41234588623047,-81.4124984741211,92.64295959472656,-92.64405822753906,98.07811737060547,-98.07704162597656,99.85083770751953,-99.85201263427734,-6.285247802734375,6.292395114898682,11.255987167358398,11.256125450134277
0.00037590719875879586,0.0,0.0,0.0,2.8050434589385986,-2.8059327602386475,81.8366928100586,-81.83684539794922,92.23234558105469,-92.23345184326172,98.22758483886719,-98.2265396118164,99.38031768798828,-99.38151550292969,-5.9219279289245605,5.9290852546691895,11.326043128967285,11.326176643371582
0.0003664089599624276,0.0,0.0,0.0,2.804922342300415,-2.8057618141174316,82.25621795654297,-82.2563705444336,91.82469177246094,-91.82579040527344,98.36382293701172,-98.36274719238281,98.91312408447266,-98.914306640625,-5.564152240753174,5.571320533752441,11.391644477844238,11.391685485839844
0.00036672913120128214,0.0,0.0,0.0,2.8066718578338623,-2.80751633644104,82.6705322265625,-82.67070007324219,91.42053985595703,-91.42166137695312,98.4870834350586,-98.48600006103516,98.44989013671875,-98.45111083984375,-5.21213960647583,5.2193145751953125,11.452810287475586,11.452837944030762
0.00036614216514863074,0.0,0.0,0.0,2.810230016708374,-2.8110668659210205,83.07927703857422,-83.07942199707031,91.02050018310547,-91.02161407470703,98.59770202636719,-98.59663391113281,97.9913101196289,-97.99252319335938,-4.866108417510986,4.873290061950684,11.509615898132324,11.509693145751953
0.00038337771547958255,0.0,0.0,0.0,2.81544828414917,-2.816298007965088,83.48202514648438,-83.48218536376953,90.6251220703125,-90.62623596191406,98.6960678100586,-98.69506072998047,97.53800201416016,-97.53923797607422,-4.526275157928467,4.533464431762695,11.562260627746582,11.562339782714844
0.00040039984742179513,0.0,0.0,0.0,2.822314977645874,-2.823146104812622,83.87841033935547,-83.87860107421875,90.23499298095703,-90.23609924316406,98.78260803222656,-98.7816162109375,97.09064483642578,-97.0918960571289,-4.192846775054932,4.200030326843262,11.61076545715332,11.610812187194824
0.00040296115912497044,0.0,0.0,0.0,2.830587148666382,-2.831416130065918,84.26808166503906,-84.26826477050781,89.85064697265625,-89.85176086425781,98.85774993896484,-98.85677337646484,96.6498794555664,-96.6511001586914,-3.866044521331787,3.873203992843628,11.65528678894043,11.655333518981934
0.0004009334370493889,0.0,0.0,0.0,2.8402457237243652,-2.8410332202911377,84.65061950683594,-84.65082550048828,89.47261810302734,-89.47372436523438,98.92192840576172,-98.92092895507812,96.21627807617188,-96.2175064086914,-3.5460875034332275,3.553239583969116,11.695886611938477,11.695924758911133
0.00040450860979035497,0.0,0.0,0.0,2.851083755493164,-2.851897716522217,85.02565002441406,-85.02584075927734,89.10145568847656,-89.10256958007812,98.97566986083984,-98.9747085571289,95.79049682617188,-95.791748046875,-3.2331888675689697,3.240373373031616,11.732763290405273,11.732799530029297
0.0004198231908958405,0.0,0.0,0.0,2.8630850315093994,-2.8638744354248047,85.3927993774414,-85.39299774169922,88.73767852783203,-88.7387924194336,99.01953125,-99.0185775756836,95.37315368652344,-95.37442779541016,-2.9276082515716553,2.9347927570343018,11.766080856323242,11.766094207763672
0.0004175286740064621,0.0,0.0,0.0,2.876086711883545,-2.8768749237060547,85.75170135498047,-85.75188446044922,88.38175201416016,-88.38286590576172,99.05396270751953,-99.05301666259766,94.96483612060547,-94.96610260009766,-2.6295740604400635,2.6367714405059814,11.79587173461914,11.795900344848633
0.00042105047032237053,0.0,0.0,0.0,2.889981985092163,-2.8907713890075684,86.10193634033203,-86.10212707519531,88.03423309326172,-88.03536987304688,99.07962799072266,-99.07868194580078,94.56610870361328,-94.56737518310547,-2.339296579360962,2.3464858531951904,11.8224515914917,11.822465896606445
0.0004197698144707829,0.0,0.0,0.0,2.9046690464019775,-2.905435562133789,86.4431381225586,-86.4433364868164,87.69556427001953,-87.6966781616211,99.09696960449219,-99.09603881835938,94.17748260498047,-94.17875671386719,-2.0570261478424072,2.064220428466797,11.845832824707031,11.845839500427246
0.0004200366383884102,0.0,0.0,0.0,2.9200048446655273,-2.9207446575164795,86.77490997314453,-86.77509307861328,87.3662109375,-87.36734008789062,99.10674285888672,-99.10579681396484,93.79955291748047,-93.80084228515625,-1.783019781112671,1.7902323007583618,11.866324424743652,11.8662109375
0.00042660001781769097,0.0,0.0,0.0,2.935889959335327,-2.936642646789551,87.09685516357422,-87.0970458984375,87.04668426513672,-87.04781341552734,99.10944366455078,-99.10852813720703,93.43285369873047,-93.43412780761719,-1.5175238847732544,1.5247206687927246,11.88395881652832,11.883895874023438
0.00044266163604333997,0.0,0.0,0.0,2.952209711074829,-2.9529685974121094,87.40859985351562,-87.40880584716797,86.73737335205078,-86.7385025024414,99.1057357788086,-99.10484313964844,93.07781982421875,-93.0791244506836,-1.2607650756835938,1.2679613828659058,11.898978233337402,11.898966789245605
0.00044629015610553324,0.0,0.0,0.0,2.9688637256622314,-2.9696006774902344,87.70980834960938,-87.71001434326172,86.43870544433594,-86.43983459472656,99.09626007080078,-99.0953598022461,92.73505401611328,-92.73635864257812,-1.0130195617675781,1.0202168226242065,11.911592483520508,11.911540985107422
0.0004430351546034217,0.0,0.0,0.0,2.9856982231140137,-2.986417531967163,88.00000762939453,-88.0002212524414,86.15115356445312,-86.15226745605469,99.08161926269531,-99.08074188232422,92.40496063232422,-92.4062728881836,-0.7745470404624939,0.7817516326904297,11.921961784362793,11.921863555908203
0.0004494918102864176,0.0,0.0,0.0,3.002633810043335,-3.003347158432007,88.27888488769531,-88.27909088134766,85.87505340576172,-85.87616729736328,99.06255340576172,-99.06168365478516,92.08805847167969,-92.08936309814453,-0.5456333756446838,0.5528414845466614,11.930288314819336,11.930198669433594
0.000466140394564718,0.0,0.0,0.0,3.019522190093994,-3.020238161087036,88.5460433959961,-88.5462417602539,85.6108169555664,-85.61192321777344,99.03958892822266,-99.03875732421875,91.7847671508789,-91.78607177734375,-0.32653099298477173,0.3337423503398895,11.936698913574219,11.936652183532715
0.00045973711530677974,0.0,0.0,0.0,3.0362801551818848,-3.036987066268921,88.80104064941406,-88.80126190185547,85.35885620117188,-85.35994720458984,99.01344299316406,-99.01261901855469,91.49555206298828,-91.4968490600586,-0.11754021793603897,0.12473095208406448,11.941473960876465,11.941420555114746
0.00045626863720826805,0.0,0.0,0.0,3.052762985229492,-3.053494930267334,89.0435562133789,-89.04377746582031,85.11949920654297,-85.12061309814453,98.98479461669922,-98.9839859008789,91.22079467773438,-91.22211456298828,0.08108805865049362,-0.0738927349448204,11.944741249084473,11.944722175598145
0.0004544277035165578,0.0,0.0,0.0,3.0688672065734863,-3.0695972442626953,89.27320098876953,-89.2734146118164,84.89315795898438,-84.89425659179688,98.95419311523438,-98.95340728759766,90.96095275878906,-90.9622573852539,0.26909708976745605,-0.2618914544582367,11.946734428405762,11.946708679199219
0.0004494384629651904,0.0,0.0,0.0,3.0845324993133545,-3.0852386951446533,89.48956298828125,-89.48977661132812,84.6801528930664,-84.68123626708984,98.92225646972656,-98.92147827148438,90.71644592285156,-90.7177505493164,0.4461231529712677,-0.43890848755836487,11.947564125061035,11.947504997253418
0.00047152984188869596,0.0,0.0,0.0,3.099595546722412,-3.100290536880493,89.6922836303711,-89.69247436523438,84.48082733154297,-84.48194885253906,98.88972473144531,-98.88893127441406,90.48764038085938,-90.48895263671875,0.6119256615638733,-0.6047160625457764,11.947508811950684,11.947415351867676
0.0004733441164717078,0.0,0.0,0.0,3.1139473915100098,-3.1146352291107178,89.88092803955078,-89.88114166259766,84.29557037353516,-84.29667663574219,98.85704803466797,-98.85627746582031,90.27496337890625,-90.27627563476562,0.7661835551261902,-0.7589801549911499,11.946640014648438,11.9465913772583
0.00045680225593969226,0.0,0.0,0.0,3.127497434616089,-3.1282005310058594,90.0,-90.0,84.12466430664062,-84.12577056884766,98.82494354248047,-98.82417297363281,90.07878112792969,-90.080078125,0.9086205959320068,-0.9014216065406799,11.945241928100586,11.945173263549805
0.0004437888856045902,0.0,0.0,0.0,3.147012948989868,-3.147688150405884,90.0,-90.0,83.9046859741211,-83.90573120117188,98.79324340820312,-98.79253387451172,89.95215606689453,-89.95355224609375,1.1117063760757446,-1.104619026184082,11.943496704101562,11.943461418151855
0.00042651998228393495,0.0,0.0,0.0,3.1699106693267822,-3.170546293258667,90.0,-90.0,83.6615219116211,-83.66256713867188,98.76409149169922,-98.76335906982422,89.87469482421875,-89.87617492675781,1.3458372354507446,-1.3388102054595947,11.942237854003906,11.94210433959961
0.00042946147732436657,0.0,0.0,0.0,3.19992995262146,-3.200568914413452,90.0,-90.0,83.36677551269531,-83.36778259277344,98.73655700683594,-98.73588562011719,89.870361328125,-89.87184143066406,1.6434986591339111,-1.6364972591400146,11.940911293029785,11.940812110900879
0.000418829353293404,0.0,0.0,0.0,3.22127628326416,-3.2218868732452393,90.0,-90.0,83.15999603271484,-83.16100311279297,98.71188354492188,-98.71118927001953,89.82415008544922,-89.82565307617188,1.8456368446350098,-1.8386526107788086,11.940022468566895,11.93988037109375
0.00041161227272823453,0.0,0.0,0.0,3.2421655654907227,-3.2427780628204346,90.0,-90.0,82.96563720703125,-82.96662139892578,98.69000244140625,-98.6893310546875,89.79935455322266,-89.80085754394531,2.038541555404663,-2.03155517578125,11.939257621765137,11.9391450881958
0.00041938963113352656,0.0,0.0,0.0,3.261418104171753,-3.2619924545288086,90.0,-90.0,82.79269409179688,-82.7936782836914,98.67144775390625,-98.67076110839844,89.78911590576172,-89.79060363769531,2.2119648456573486,-2.2049918174743652,11.938714981079102,11.938559532165527
0.000421604112489149,0.0,0.0,0.0,3.272338390350342,-3.2729461193084717,90.0,-90.0,82.69216918945312,-82.69315338134766,98.65694427490234,-98.65628814697266,89.75187683105469,-89.75336456298828,2.307992935180664,-2.301023244857788,11.938359260559082,11.938231468200684
0.00042764723184518516,0.0,0.0,0.0,3.2825024127960205,-3.2831270694732666,90.0,-90.0,82.60266876220703,-82.60365295410156,98.6460189819336,-98.64539337158203,89.739013671875,-89.74052429199219,2.3965892791748047,-2.38960862159729,11.938055038452148,11.93797779083252
0.0004292080120649189,0.0,0.0,0.0,3.2910842895507812,-3.2916855812072754,90.0,-90.0,82.5303726196289,-82.5313720703125,98.63925170898438,-98.63858795166016,89.74623107910156,-89.74773406982422,2.4708423614501953,-2.4638831615448,11.937904357910156,11.93776798248291
0.0004292080120649189,0.0,0.0,0.0,3.2910842895507812,-3.2916855812072754,90.0,-90.0,82.5303726196289,-82.5313720703125,98.63925170898438,-98.63858795166016,89.74623107910156,-89.74773406982422,2.4708423614501953,-2.4638831615448,11.937904357910156,11.93776798248291
0.00040970463305711746,0.0,0.0,0.0,3.2985808849334717,-3.2991557121276855,90.0,-90.0,82.46820068359375,-82.46917724609375,98.63390350341797,-98.63322448730469,89.75655364990234,-89.75804901123047,2.5353446006774902,-2.528364419937134,11.93778133392334,11.937625885009766
0.0004092510789632797,0.0,0.0,0.0,3.3069403171539307,-3.3075380325317383,90.0,-90.0,82.3966293334961,-82.39761352539062,98.6251220703125,-98.62446594238281,89.74675750732422,-89.74825286865234,2.606254816055298,-2.5992743968963623,11.93759822845459,11.93746566772461
0.00041737526771612465,0.0,0.0,0.0,3.3176934719085693,-3.318293809890747,90.0,-90.0,82.30291748046875,-82.30392456054688,98.61074829101562,-98.61007690429688,89.71160888671875,-89.7131118774414,2.695702314376831,-2.6887459754943848,11.937307357788086,11.937170028686523
0.00041901611257344484,0.0,0.0,0.0,3.3386945724487305,-3.3392934799194336,90.0,-90.0,82.1303482055664,-82.13131713867188,98.59010314941406,-98.58946990966797,89.70006561279297,-89.70154571533203,2.868579626083374,-2.8616089820861816,11.93687629699707,11.936755180358887
0.0004225112497806549,0.0,0.0,0.0,3.3623416423797607,-3.362910747528076,90.0,-90.0,81.9375991821289,-81.9385757446289,98.56396484375,-98.56331634521484,89.66549682617188,-89.6669921875,3.058366537094116,-3.0513978004455566,11.936491012573242,11.936332702636719
0.0004175820213276893,0.0,0.0,0.0,3.3899924755096436,-3.390557050704956,90.0,-90.0,81.71686553955078,-81.71785736083984,98.53193664550781,-98.53125762939453,89.61646270751953,-89.61797332763672,3.274303674697876,-3.267350912094116,11.936107635498047,11.93592357635498
0.0004229848273098469,0.0,0.0,0.0,3.4302821159362793,-3.4308643341064453,90.0,-90.0,81.41117858886719,-81.41217803955078,98.49346923828125,-98.49282836914062,89.60210418701172,-89.6036376953125,3.581388473510742,-3.574418544769287,11.93581485748291,11.935664176940918
0.00041722183232195675,0.0,0.0,0.0,3.4730513095855713,-3.4736244678497314,90.0,-90.0,81.095458984375,-81.0964584350586,98.4487533569336,-98.4481201171875,89.5624771118164,-89.56399536132812,3.8948240280151367,-3.887861967086792,11.935599327087402,11.93542766571045
0.00042623982881195843,0.0,0.0,0.0,3.5204949378967285,-3.5210609436035156,90.0,-90.0,80.75664520263672,-80.75763702392578,98.39752197265625,-98.39691162109375,89.51045227050781,-89.51197814941406,4.229781627655029,-4.2227959632873535,11.935531616210938,11.935365676879883
0.00043817932601086795,0.0,0.0,0.0,3.5737738609313965,-3.5743167400360107,90.0,-90.0,80.39019012451172,-80.39116668701172,98.33946228027344,-98.3388671875,89.45191192626953,-89.45340728759766,4.591769695281982,-4.584803581237793,11.935632705688477,11.9354829788208
0.00042812080937437713,0.0,0.0,0.0,3.6420679092407227,-3.6426265239715576,90.0,-90.0,79.94522857666016,-79.94619750976562,98.2740707397461,-98.27349853515625,89.43109130859375,-89.43260192871094,5.038631439208984,-5.031651973724365,11.936249732971191,11.936101913452148
0.00044400233309715986,0.0,0.0,0.0,3.712771415710449,-3.713296890258789,90.0,-90.0,79.50169372558594,-79.50269317626953,98.20147705078125,-98.20088195800781,89.38385009765625,-89.38538360595703,5.480148792266846,-5.47317361831665,11.937067985534668,11.93685531616211
0.00044180784607306123,0.0,0.0,0.0,3.78914475440979,-3.7896597385406494,90.0,-90.0,79.04151153564453,-79.04249572753906,98.12140655517578,-98.12084197998047,89.32733154296875,-89.32887268066406,5.93717622756958,-5.9301910400390625,11.938165664672852,11.93797492980957
0.0004468771512620151,0.0,0.0,0.0,3.8725738525390625,-3.873063087463379,90.0,-90.0,78.55989074707031,-78.56086730957031,98.0335693359375,-98.03301239013672,89.2676010131836,-89.26913452148438,6.415423393249512,-6.408434867858887,11.939634323120117,11.93940258026123
0.000449405109975487,0.0,0.0,0.0,3.963575839996338,-3.964066505432129,90.0,-90.0,78.0565185546875,-78.05750274658203,97.93781280517578,-97.93724060058594,89.20712280273438,-89.20864868164062,6.915570259094238,-6.908593654632568,11.94145679473877,11.94121265411377
0.00044540304224938154,0.0,0.0,0.0,4.062475204467773,-4.062976360321045,90.0,-90.0,77.5324935913086,-77.53345489501953,97.83399200439453,-97.83345794677734,89.14705657958984,-89.14859008789062,7.436668395996094,-7.429685115814209,11.943656921386719,11.94343376159668
0.0004367252404335886,0.0,0.0,0.0,4.179691791534424,-4.180156707763672,90.0,-90.0,76.94313049316406,-76.94410705566406,97.72184753417969,-97.72128295898438,89.12672424316406,-89.12826538085938,8.02911376953125,-8.02214527130127,11.946917533874512,11.946602821350098
0.0004585765127558261,0.0,0.0,0.0,4.288341999053955,-4.2887864112854,90.0,-90.0,76.4129638671875,-76.41392517089844,97.60189056396484,-97.60135650634766,89.04473876953125,-89.0462875366211,8.553422927856445,-8.546438217163086,11.949655532836914,11.949333190917969
0.00044837791938334703,0.0,0.0,0.0,4.421003341674805,-4.421451568603516,90.0,-90.0,75.79902648925781,-75.79998779296875,97.47347259521484,-97.47296142578125,89.02212524414062,-89.02366638183594,9.170193672180176,-9.16321086883545,11.953683853149414,11.95341968536377
0.0004461033968254924,0.0,0.0,0.0,4.55615234375,-4.556591510772705,90.0,-90.0,75.19754028320312,-75.19847869873047,97.33709716796875,-97.33660125732422,88.98094940185547,-88.98249816894531,9.771894454956055,-9.764909744262695,11.957764625549316,11.957498550415039
0.000449485145509243,0.0,0.0,0.0,4.697807312011719,-4.698265552520752,90.0,-90.0,74.59136962890625,-74.59232330322266,97.19293212890625,-97.19245910644531,88.9375228881836,-88.93907165527344,10.377912521362305,-10.370942115783691,11.962203979492188,11.961872100830078
0.0004491249565035105,0.0,0.0,0.0,4.8470683097839355,-4.847496032714844,90.0,-90.0,73.97734832763672,-73.9782943725586,97.04112243652344,-97.0406494140625,88.8966064453125,-88.89813995361328,10.992142677307129,-10.985156059265137,11.966896057128906,11.966535568237305
0.00047801987966522574,0.0,0.0,0.0,5.003993988037109,-5.004404067993164,90.0,-90.0,73.35594940185547,-73.35688018798828,96.88192749023438,-96.8814926147461,88.85980224609375,-88.8613510131836,11.614246368408203,-11.607268333435059,11.97181510925293,11.971482276916504
0.00047449805424548686,0.0,0.0,0.0,5.168392181396484,-5.168776988983154,90.0,-90.0,72.72864532470703,-72.72958374023438,96.71577453613281,-96.71533966064453,88.82791137695312,-88.82947540283203,12.242822647094727,-12.235836029052734,11.976985931396484,11.9766206741333
0.0004759854928124696,0.0,0.0,0.0,5.339944839477539,-5.340345859527588,90.0,-90.0,72.09723663330078,-72.09815979003906,96.5430908203125,-96.54268646240234,88.80144500732422,-88.802978515625,12.876114845275879,-12.86913013458252,11.982288360595703,11.981971740722656
0.00047433128929696977,0.0,0.0,0.0,5.518225193023682,-5.518591403961182,90.0,-90.0,71.4635009765625,-71.46440887451172,96.36438751220703,-96.36399841308594,88.78075408935547,-88.78229522705078,13.512250900268555,-13.50525951385498,11.98771858215332,11.987317085266113
0.00045973711530677974,0.0,0.0,0.0,5.702730655670166,-5.703073978424072,90.0,-90.0,70.82933807373047,-70.83026123046875,96.18034362792969,-96.17992401123047,88.76614379882812,-88.7677230834961,14.149345397949219,-14.142352104187012,11.993144035339355,11.992698669433594
0.00046393927186727524,0.0,0.0,0.0,5.906647682189941,-5.906983375549316,90.0,-90.0,70.15404510498047,-70.15496063232422,95.99126434326172,-95.9908676147461,88.79364776611328,-88.79519653320312,14.832169532775879,-14.825185775756836,11.999283790588379,11.998818397521973
0.0004899860359728336,0.0,0.0,0.0,6.092291831970215,-6.09263277053833,90.0,-90.0,69.55433654785156,-69.55522918701172,95.798583984375,-95.7982406616211,88.76724243164062,-88.7688217163086,15.433039665222168,-15.426032066345215,12.003846168518066,12.00344467163086
0.00047977411304600537,0.0,0.0,0.0,6.303110599517822,-6.303440093994141,90.0,-90.0,68.89697265625,-68.89785766601562,95.60249328613281,-95.6021499633789,88.80029296875,-88.80186462402344,16.09776496887207,-16.09075355529785,12.009471893310547,12.009001731872559
0.0004827422962989658,0.0,0.0,0.0,6.509227752685547,-6.509498119354248,90.0,-90.0,68.27171325683594,-68.27262878417969,95.40426635742188,-95.40389251708984,88.81916809082031,-88.8207778930664,16.728395462036133,-16.721389770507812,12.014289855957031,12.013760566711426
0.0004812281986232847,0.0,0.0,0.0,6.701351165771484,-6.701608180999756,90.0,-90.0,67.7020034790039,-67.7029037475586,95.20500946044922,-95.20464324951172,88.8058090209961,-88.80741882324219,17.299964904785156,-17.292951583862305,12.01785945892334,12.017314910888672
0.0004965094267390668,0.0,0.0,0.0,6.919122695922852,-6.919419765472412,90.0,-90.0,67.07589721679688,-67.0767822265625,95.00509643554688,-95.0047836303711,88.85585021972656,-88.85743713378906,17.933860778808594,-17.926837921142578,12.022184371948242,12.021697998046875
0.0004989173030480742,0.0,0.0,0.0,7.129377841949463,-7.129632949829102,90.0,-90.0,66.48563385009766,-66.48652648925781,94.80616760253906,-94.80583190917969,88.89315032958984,-88.89472961425781,18.530166625976562,-18.523151397705078,12.025657653808594,12.025115013122559
0.0005028726882301271,0.0,0.0,0.0,7.336666584014893,-7.336931228637695,90.0,-90.0,65.91686248779297,-65.91777038574219,94.60926055908203,-94.60894012451172,88.93119812011719,-88.93280029296875,19.104610443115234,-19.097585678100586,12.028468132019043,12.027913093566895
0.000496676133479923,0.0,0.0,0.0,7.5265021324157715,-7.526737213134766,90.0,-90.0,65.40571594238281,-65.40658569335938,94.4157943725586,-94.41548156738281,88.94085693359375,-88.94245910644531,19.618709564208984,-19.611661911010742,12.030094146728516,12.029484748840332
0.0004996443749405444,0.0,0.0,0.0,7.738126277923584,-7.738363742828369,90.0,-90.0,64.84954071044922,-64.85042572021484,94.22639465332031,-94.22608184814453,89.0101089477539,-89.01171112060547,20.182397842407227,-20.17536735534668,12.03213119506836,12.031521797180176
0.0005117706023156643,0.0,0.0,0.0,7.9225754737854,-7.9227986335754395,90.0,-90.0,64.3725357055664,-64.37340545654297,94.04302978515625,-94.04273986816406,89.03520202636719,-89.03679656982422,20.663040161132812,-20.656009674072266,12.032773971557617,12.032153129577637
0.0005075751105323434,0.0,0.0,0.0,8.123842239379883,-8.124070167541504,90.0,-90.0,63.862789154052734,-63.86365509033203,93.8664321899414,-93.86613464355469,89.11206817626953,-89.1136703491211,21.179962158203125,-21.17292594909668,12.033652305603027,12.033038139343262
0.0005085089360363781,0.0,0.0,0.0,8.295390129089355,-8.295600891113281,90.0,-90.0,63.43431854248047,-63.4351692199707,93.69853210449219,-93.69824981689453,89.1451644897461,-89.14677429199219,21.612028121948242,-21.6049861907959,12.033295631408691,12.032666206359863
0.0005359564092941582,0.0,0.0,0.0,8.465044975280762,-8.46528148651123,90.0,-90.0,63.01714324951172,-63.018001556396484,93.54031372070312,-93.5400619506836,89.19499206542969,-89.19657897949219,22.033655166625977,-22.026613235473633,12.032768249511719,12.032142639160156
0.0005162929301150143,0.0,0.0,0.0,8.626707077026367,-8.626908302307129,90.0,-90.0,62.625144958496094,-62.626007080078125,93.39319610595703,-93.39291381835938,89.25082397460938,-89.25243377685547,22.43017578125,-22.42314338684082,12.031936645507812,12.031278610229492
0.0005085422890260816,0.0,0.0,0.0,8.777216911315918,-8.777377128601074,90.0,-90.0,62.26485824584961,-62.26572036743164,93.25862884521484,-93.2583236694336,89.30819702148438,-89.30982971191406,22.79481315612793,-22.78777313232422,12.030896186828613,12.03017520904541
0.0005332616856321692,0.0,0.0,0.0,8.899911880493164,-8.900107383728027,90.0,-90.0,61.9737434387207,-61.9745979309082,93.13800811767578,-93.13775634765625,89.33627319335938,-89.33790588378906,23.088281631469727,-23.081228256225586,12.029293060302734,12.028633117675781
0.0005336552276276052,0.0,0.0,0.0,9.016732215881348,-9.016895294189453,90.0,-90.0,61.69943618774414,-61.70028305053711,93.0325698852539,-93.03231048583984,89.3806381225586,-89.38225555419922,23.36568832397461,-23.35862922668457,12.027937889099121,12.027231216430664
0.0005193745018914342,0.0,0.0,0.0,9.121183395385742,-9.121365547180176,90.0,-90.0,61.45627975463867,-61.45712661743164,92.94356536865234,-92.94330596923828,89.43025970458984,-89.431884765625,23.612030029296875,-23.6049747467041,12.026665687561035,12.025970458984375
0.0005302868084982038,0.0,0.0,0.0,9.196212768554688,-9.19638729095459,90.0,-90.0,61.282562255859375,-61.28339385986328,92.87247467041016,-92.87223815917969,89.45348358154297,-89.45512390136719,23.787328720092773,-23.780269622802734,12.02539348602295,12.024717330932617
0.0005169399664737284,0.0,0.0,0.0,9.246546745300293,-9.246721267700195,90.0,-90.0,61.166446685791016,-61.16728973388672,92.8204116821289,-92.82015991210938,89.46167755126953,-89.46330261230469,23.904102325439453,-23.89706039428711,12.02436351776123,12.02363395690918
0.0005174735561013222,0.0,0.0,0.0,9.289036750793457,-9.289210319519043,90.0,-90.0,61.06901550292969,-61.069862365722656,92.78825378417969,-92.78800201416016,89.48930358886719,-89.4909439086914,24.003129959106445,-23.996078491210938,12.023818016052246,12.023107528686523
0.0005174735561013222,0.0,0.0,0.0,9.289036750793457,-9.289210319519043,90.0,-90.0,61.06901550292969,-61.069862365722656,92.78825378417969,-92.78800201416016,89.48930358886719,-89.4909439086914,24.003129959106445,-23.996078491210938,12.023818016052246,12.023107528686523
0.0005174735561013222,0.0,0.0,0.0,9.289036750793457,-9.289210319519043,90.0,-90.0,61.06901550292969,-61.069862365722656,92.78825378417969,-92.78800201416016,89.48930358886719,-89.4909439086914,24.003129959106445,-23.996078491210938,12.023818016052246,12.023107528686523
0.0005285993102006614,0.0,0.0,0.0,9.310826301574707,-9.311010360717773,90.0,-90.0,61.027732849121094,-61.0285758972168,92.79839324951172,-92.79816436767578,89.49657440185547,-89.4981918334961,24.045177459716797,-24.038118362426758,12.050385475158691,12.049698829650879
0.0005285993102006614,0.0,0.0,0.0,9.310826301574707,-9.311010360717773,90.0,-90.0,61.027732849121094,-61.0285758972168,92.79839324951172,-92.79816436767578,89.49657440185547,-89.4981918334961,24.045177459716797,-24.038118362426758,12.050385475158691,12.049698829650879
0.0005285993102006614,0.0,0.0,0.0,9.310826301574707,-9.311010360717773,90.0,-90.0,61.027732849121094,-61.0285758972168,92.79839324951172,-92.79816436767578,89.49657440185547,-89.4981918334961,24.045177459716797,-24.038118362426758,12.050385475158691,12.049698829650879
0.0005284525686874986,0.0,0.0,0.0,9.346097946166992,-9.346247673034668,90.0,-90.0,60.99131393432617,-60.992156982421875,92.90628051757812,-92.90603637695312,89.48063659667969,-89.4822769165039,24.082538604736328,-24.075490951538086,12.187637329101562,12.186903953552246
0.0005284525686874986,0.0,0.0,0.0,9.346097946166992,-9.346247673034668,90.0,-90.0,60.99131393432617,-60.992156982421875,92.90628051757812,-92.90603637695312,89.48063659667969,-89.4822769165039,24.082538604736328,-24.075490951538086,12.187637329101562,12.186903953552246
0.0005289194523356855,0.0,0.0,0.0,9.381669998168945,-9.381828308105469,90.0,-90.0,60.960018157958984,-60.96088790893555,93.0264892578125,-93.02623748779297,89.45453643798828,-89.45620727539062,24.11454200744629,-24.10748863220215,12.340964317321777,12.340232849121094
0.0005289194523356855,0.0,0.0,0.0,9.381669998168945,-9.381828308105469,90.0,-90.0,60.960018157958984,-60.96088790893555,93.0264892578125,-93.02623748779297,89.45453643798828,-89.45620727539062,24.11454200744629,-24.10748863220215,12.340964317321777,12.340232849121094
0.0005232631810940802,0.0,0.0,0.0,9.423261642456055,-9.423415184020996,90.0,-90.0,60.93109893798828,-60.93196105957031,93.18289947509766,-93.18266296386719,89.4103775024414,-89.41207122802734,24.143821716308594,-24.13676643371582,12.54096508026123,12.540203094482422
0.0005232631810940802,0.0,0.0,0.0,9.423261642456055,-9.423415184020996,90.0,-90.0,60.93109893798828,-60.93196105957031,93.18289947509766,-93.18266296386719,89.4103775024414,-89.41207122802734,24.143821716308594,-24.13676643371582,12.54096508026123,12.540203094482422
0.0005191477248445153,0.0,0.0,0.0,9.47108268737793,-9.471219062805176,90.0,-90.0,60.90425109863281,-60.905113220214844,93.37358093261719,-93.37332153320312,89.34911346435547,-89.35081481933594,24.170610427856445,-24.16357421875,12.785574913024902,12.784801483154297
0.0005191477248445153,0.0,0.0,0.0,9.47108268737793,-9.471219062805176,90.0,-90.0,60.90425109863281,-60.905113220214844,93.37358093261719,-93.37332153320312,89.34911346435547,-89.35081481933594,24.170610427856445,-24.16357421875,12.785574913024902,12.784801483154297
0.0005114704254083335,0.0,0.0,0.0,9.525250434875488,-9.52539348602295,90.0,-90.0,60.87922668457031,-60.88010025024414,93.59632110595703,-93.59607696533203,89.27173614501953,-89.27347564697266,24.195049285888672,-24.18801498413086,13.072566032409668,13.071791648864746
0.0005114704254083335,0.0,0.0,0.0,9.525250434875488,-9.52539348602295,90.0,-90.0,60.87922668457031,-60.88010025024414,93.59632110595703,-93.59607696533203,89.27173614501953,-89.27347564697266,24.195049285888672,-24.18801498413086,13.072566032409668,13.071791648864746
0.0005313540459610522,0.0,0.0,0.0,9.586014747619629,-9.586136817932129,90.0,-90.0,60.8558464050293,-60.856719970703125,93.84904479980469,-93.84883117675781,89.17919921875,-89.18098449707031,24.217254638671875,-24.210205078125,13.39982795715332,13.399063110351562
0.0005313540459610522,0.0,0.0,0.0,9.586014747619629,-9.586136817932129,90.0,-90.0,60.8558464050293,-60.856719970703125,93.84904479980469,-93.84883117675781,89.17919921875,-89.18098449707031,24.217254638671875,-24.210205078125,13.39982795715332,13.399063110351562
0.0005145387258380651,0.0,0.0,0.0,9.653556823730469,-9.653687477111816,89.98666381835938,-89.9866714477539,60.833900451660156,-60.83479309082031,94.12954711914062,-94.12933349609375,89.07255554199219,-89.07437896728516,24.23723030090332,-24.23018455505371,13.765140533447266,13.7643404006958
0.0005145387258380651,0.0,0.0,0.0,9.653556823730469,-9.653687477111816,89.98666381835938,-89.9866714477539,60.833900451660156,-60.83479309082031,94.12954711914062,-94.12933349609375,89.07255554199219,-89.07437896728516,24.23723030090332,-24.23018455505371,13.765140533447266,13.7643404006958
0.0005240035825408995,0.0,0.0,0.0,9.729391098022461,-9.729513168334961,89.97250366210938,-89.9725112915039,60.81034851074219,-60.81126403808594,94.43562316894531,-94.43540954589844,88.95524597167969,-88.95709991455078,24.25811767578125,-24.25108528137207,14.166304588317871,14.16550064086914
0.0005240035825408995,0.0,0.0,0.0,9.729391098022461,-9.729513168334961,89.97250366210938,-89.9725112915039,60.81034851074219,-60.81126403808594,94.43562316894531,-94.43540954589844,88.95524597167969,-88.95709991455078,24.25811767578125,-24.25108528137207,14.166304588317871,14.16550064086914
0.0005113170482218266,0.0,0.0,0.0,9.813664436340332,-9.813775062561035,89.95820617675781,-89.95823669433594,60.78533172607422,-60.78624725341797,94.76512145996094,-94.76493072509766,88.827880859375,-88.82978057861328,24.279664993286133,-24.272642135620117,14.601306915283203,14.600460052490234
0.0005308471154421568,0.0,0.0,0.0,9.859770774841309,-9.859879493713379,89.95136260986328,-89.95138549804688,60.77236557006836,-60.77328872680664,94.93768310546875,-94.93751525878906,88.7603988647461,-88.7623291015625,24.290340423583984,-24.283306121826172,14.83144474029541,14.830662727355957
0.0005031395121477544,0.0,0.0,0.0,9.907236099243164,-9.907329559326172,89.94445037841797,-89.94445037841797,60.759193420410156,-60.76013946533203,95.11549377441406,-95.11528778076172,88.6907958984375,-88.69276428222656,24.30118179321289,-24.294145584106445,15.068587303161621,15.067718505859375
0.0005130512872710824,0.0,0.0,0.0,9.956806182861328,-9.956920623779297,89.9376449584961,-89.93766784667969,60.745792388916016,-60.74673843383789,95.29803466796875,-95.2978515625,88.61901092529297,-88.6209716796875,24.311979293823242,-24.304954528808594,15.313041687011719,15.312186241149902
0.0005155692342668772,0.0,0.0,0.0,10.008520126342773,-10.008602142333984,89.93101501464844,-89.9310531616211,60.73218536376953,-60.73313522338867,95.48507690429688,-95.48489379882812,88.54507446289062,-88.54705047607422,24.322717666625977,-24.315719604492188,15.564616203308105,15.563751220703125
0.000483512703794986,0.0,0.0,0.0,10.062355041503906,-10.062427520751953,89.92459106445312,-89.92463684082031,60.718406677246094,-60.719364166259766,95.67631530761719,-95.67613220214844,88.46904754638672,-88.4710922241211,24.333358764648438,-24.326339721679688,15.822992324829102,15.822087287902832
0.0004991007153876126,0.0,0.0,0.0,10.11832332611084,-10.118377685546875,89.9184341430664,-89.91848754882812,60.70447540283203,-60.70545196533203,95.8714828491211,-95.8713150024414,88.39105987548828,-88.39315032958984,24.343822479248047,-24.336811065673828,16.087888717651367,16.08696746826172
0.00048320586211048067,0.0,0.0,0.0,10.176396369934082,-10.17647647857666,89.91255187988281,-89.91259002685547,60.69043731689453,-60.691444396972656,96.07038879394531,-96.07020568847656,88.31121826171875,-88.31329345703125,24.354066848754883,-24.347084045410156,16.359107971191406,16.358154296875
0.00048660096945241094,0.0,0.0,0.0,10.236618041992188,-10.23666000366211,89.90699005126953,-89.90702056884766,60.676326751708984,-60.67731857299805,96.2726821899414,-96.27252960205078,88.22950744628906,-88.23164367675781,24.364091873168945,-24.357084274291992,16.63627052307129,16.63529396057129
0.0004897625767625868,0.0,0.0,0.0,10.298954010009766,-10.299001693725586,89.90178680419922,-89.90182495117188,60.66217041015625,-60.66318130493164,96.4781265258789,-96.47798156738281,88.14607238769531,-88.14824676513672,24.373823165893555,-24.3668270111084,16.91912841796875,16.91815948486328
0.0004857538442593068,0.0,0.0,0.0,10.36337947845459,-10.363422393798828,89.89697265625,-89.89701080322266,60.6479606628418,-60.64899826049805,96.68653106689453,-96.68638610839844,88.06097412109375,-88.06317138671875,24.38321304321289,-24.37623405456543,17.207521438598633,17.206512451171875
0.0004793238767888397,0.0,0.0,0.0,10.42992115020752,-10.42995548248291,89.89257049560547,-89.89262390136719,60.63378143310547,-60.63480758666992,96.8975830078125,-96.89744567871094,87.97428894042969,-87.97650909423828,24.392248153686523,-24.385271072387695,17.501035690307617,17.500043869018555
0.0004696855612564832,0.0,0.0,0.0,10.498534202575684,-10.49854564666748,89.88863372802734,-89.88870239257812,60.61963653564453,-60.62067413330078,97.11104583740234,-97.11089324951172,87.8861312866211,-87.88836669921875,24.40087127685547,-24.3939151763916,17.799476623535156,17.798442840576172
0.00046889850636944175,0.0,0.0,0.0,10.569205284118652,-10.569206237792969,89.88520812988281,-89.88525390625,60.60554122924805,-60.606590270996094,97.32662200927734,-97.32648468017578,87.7965316772461,-87.798828125,24.409076690673828,-24.402109146118164,18.102542877197266,18.101470947265625
0.00047839671606197953,0.0,0.0,0.0,10.64193058013916,-10.64194393157959,89.88224792480469,-89.88231658935547,60.59154510498047,-60.59259796142578,97.54413604736328,-97.54402160644531,87.70561218261719,-87.70792388916016,24.41676902770996,-24.409818649291992,18.40995979309082,18.4089298248291
0.00046172813745215535,0.0,0.0,0.0,10.716684341430664,-10.716670036315918,89.87987518310547,-89.87992095947266,60.57765197753906,-60.5787239074707,97.7634048461914,-97.76327514648438,87.61341857910156,-87.61578369140625,24.423994064331055,-24.41703224182129,18.72157096862793,18.7204647064209
0.00046978562022559345,0.0,0.0,0.0,10.793411254882812,-10.793412208557129,89.87804412841797,-89.87809753417969,60.56389617919922,-60.5649528503418,97.98405456542969,-97.98394775390625,87.52008819580078,-87.52244567871094,24.430646896362305,-24.423688888549805,19.036897659301758,19.035879135131836
0.0004600405809469521,0.0,0.0,0.0,10.872133255004883,-10.872098922729492,89.87680053710938,-89.87686920166016,60.55031204223633,-60.5513916015625,98.20592498779297,-98.20580291748047,87.42565155029297,-87.42807006835938,24.43674087524414,-24.4298038482666,19.355846405029297,19.354740142822266
0.00045095590758137405,0.0,0.0,0.0,10.952760696411133,-10.952737808227539,89.87617492675781,-89.8762435913086,60.53688430786133,-60.53798294067383,98.42877197265625,-98.42866516113281,87.33020782470703,-87.33265686035156,24.442237854003906,-24.435302734375,19.678037643432617,19.676923751831055
0.00044696719851344824,0.0,0.0,0.0,11.035304069519043,-11.035277366638184,89.87618255615234,-89.87623596191406,60.52367401123047,-60.52480697631836,98.65241241455078,-98.65229797363281,87.23384094238281,-87.23634338378906,24.447124481201172,-24.4401912689209,20.00322151184082,20.002094268798828
0.0004565988201647997,0.0,0.0,0.0,11.119729995727539,-11.11965274810791,89.87684631347656,-89.87689971923828,60.510704040527344,-60.511837005615234,98.87660217285156,-98.87650299072266,87.13664245605469,-87.13919830322266,24.451353073120117,-24.44443130493164,20.331235885620117,20.330032348632812
0.00044499948853626847,0.0,0.0,0.0,11.20592212677002,-11.205878257751465,89.87814331054688,-89.87821197509766,60.497989654541016,-60.49911880493164,99.10107421875,-99.10099792480469,87.0387191772461,-87.04126739501953,24.454919815063477,-24.44801902770996,20.661592483520508,20.66043472290039
0.00043593483860604465,0.0,0.0,0.0,11.293929100036621,-11.293840408325195,89.88017272949219,-89.88020324707031,60.485511779785156,-60.48666763305664,99.32569122314453,-99.32559967041016,86.94010925292969,-86.94273376464844,24.45780372619629,-24.450883865356445,20.994218826293945,20.99300765991211
0.00043439402361400425,0.0,0.0,0.0,11.38359546661377,-11.383535385131836,89.8828353881836,-89.88289642333984,60.47334289550781,-60.47452163696289,99.55021667480469,-99.5501480102539,86.84095001220703,-86.84362030029297,24.45996856689453,-24.45307731628418,21.32866096496582,21.327476501464844
0.0004203934804536402,0.0,0.0,0.0,11.475000381469727,-11.474886894226074,89.88623809814453,-89.88629150390625,60.46147155761719,-60.4626579284668,99.77449798583984,-99.7743911743164,86.74129486083984,-86.7439956665039,24.461410522460938,-24.454545974731445,21.664854049682617,21.663599014282227
0.0004244222363922745,0.0,0.0,0.0,11.567951202392578,-11.567854881286621,89.89031982421875,-89.890380859375,60.449928283691406,-60.45112228393555,99.99821472167969,-99.99815368652344,86.64122772216797,-86.64396667480469,24.462146759033203,-24.45528793334961,22.00233268737793,22.00109100341797
0.0004305587208364159,0.0,0.0,0.0,11.662455558776855,-11.66234016418457,89.89514923095703,-89.89520263671875,60.43871307373047,-60.43989562988281,100.22128295898438,-100.22126007080078,86.54087829589844,-86.54364013671875,24.462141036987305,-24.455278396606445,22.340932846069336,22.33965492248535
0.0003989424149040133,0.0,0.0,0.0,11.758448600769043,-11.758323669433594,89.90068054199219,-89.90074157714844,60.427833557128906,-60.42903518676758,100.44351196289062,-100.44347381591797,86.44026947021484,-86.44306945800781,24.461374282836914,-24.454544067382812,22.680343627929688,22.679031372070312
0.00040336468373425305,0.0,0.0,0.0,11.855817794799805,-11.855714797973633,89.90691375732422,-89.906982421875,60.417335510253906,-60.418548583984375,100.66463470458984,-100.66461181640625,86.33953857421875,-86.34236907958984,24.45986557006836,-24.453046798706055,23.020273208618164,23.01899528503418
0.00040573926526121795,0.0,0.0,0.0,11.954535484313965,-11.954415321350098,89.91387939453125,-89.91394805908203,60.40717697143555,-60.40840148925781,100.884521484375,-100.88450622558594,86.2387466430664,-86.24160766601562,24.457595825195312,-24.450790405273438,23.360445022583008,23.359182357788086
0.0004073600866831839,0.0,0.0,0.0,12.054522514343262,-12.054367065429688,89.92156219482422,-89.9216079711914,60.397430419921875,-60.398658752441406,101.10298156738281,-101.10297393798828,86.13800048828125,-86.1408920288086,24.454570770263672,-24.447784423828125,23.7006778717041,23.69933319091797
0.00040473206900060177,0.0,0.0,0.0,12.155649185180664,-12.15549373626709,89.92992401123047,-89.92999267578125,60.3880729675293,-60.38930130004883,101.31986236572266,-101.31987762451172,86.03736877441406,-86.04029083251953,24.4508056640625,-24.44403076171875,24.040559768676758,24.03923797607422
0.00039668791578151286,0.0,0.0,0.0,12.257854461669922,-12.257711410522461,89.93900299072266,-89.93907165527344,60.37909698486328,-60.38035583496094,101.5350112915039,-101.53502655029297,85.93695831298828,-85.9399185180664,24.446279525756836,-24.439517974853516,24.379905700683594,24.378612518310547
0.000377584743546322,0.0,0.0,0.0,12.361103057861328,-12.360917091369629,89.94876098632812,-89.94882202148438,60.370548248291016,-60.37181091308594,101.74820709228516,-101.74822235107422,85.83679962158203,-85.8398208618164,24.44102668762207,-24.434282302856445,24.718490600585938,24.717082977294922
0.00037010753294453025,0.0,0.0,0.0,12.465194702148438,-12.465010643005371,89.959228515625,-89.9592514038086,60.36237716674805,-60.36366271972656,101.95934295654297,-101.9593505859375,85.737060546875,-85.74011993408203,24.435049057006836,-24.428306579589844,25.05586814880371,25.05445671081543
0.00035928862052969635,0.0,0.0,0.0,12.570115089416504,-12.569921493530273,89.97030639648438,-89.97034454345703,60.35466003417969,-60.35594940185547,102.16824340820312,-102.16827392578125,85.63777923583984,-85.6408920288086,24.428356170654297,-24.421621322631836,25.391887664794922,25.39046287536621
0.00037587719270959496,0.0,0.0,0.0,12.675707817077637,-12.675536155700684,89.98204803466797,-89.98208618164062,60.34735870361328,-60.348628997802734,102.37470245361328,-102.3747787475586,85.53911590576172,-85.54220581054688,24.42095184326172,-24.414228439331055,25.726173400878906,25.724794387817383
0.0003534789721015841,0.0,0.0,0.0,12.781941413879395,-12.781722068786621,89.994384765625,-89.99440002441406,60.34044647216797,-60.34177017211914,102.57874298095703,-102.57878875732422,85.44098663330078,-85.44416809082031,24.412858963012695,-24.406158447265625,26.05866050720215,26.057201385498047
0.00035171807394362986,0.0,0.0,0.0,12.8886137008667,-12.888405799865723,90.0,-90.0,60.33397674560547,-60.33528137207031,102.78005981445312,-102.7801284790039,85.34368133544922,-85.34685516357422,24.404104232788086,-24.397422790527344,26.38884925842285,26.387414932250977
0.0003507909132167697,0.0,0.0,0.0,12.996489524841309,-12.996273040771484,90.0,-90.0,60.32630157470703,-60.3276252746582,102.97858428955078,-102.9786605834961,85.2484130859375,-85.25162506103516,24.39662742614746,-24.389976501464844,26.716705322265625,26.715282440185547
0.0003419196873437613,0.0,0.0,0.0,13.106009483337402,-13.105794906616211,90.0,-90.0,60.31642532348633,-60.3177375793457,103.1741943359375,-103.17430114746094,85.15603637695312,-85.15928649902344,24.391740798950195,-24.385112762451172,27.042165756225586,27.040742874145508
0.00033563643228262663,0.0,0.0,0.0,13.216861724853516,-13.21660327911377,90.0,-90.0,60.30473709106445,-60.30605697631836,103.36673736572266,-103.3668441772461,85.06629943847656,-85.069580078125,24.388999938964844,-24.382396697998047,27.364879608154297,27.363386154174805
0.00033038039691746235,0.0,0.0,0.0,13.328696250915527,-13.328450202941895,90.0,-90.0,60.291561126708984,-60.29292297363281,103.5560531616211,-103.55615234375,84.97901916503906,-84.98233795166016,24.388025283813477,-24.381446838378906,27.684452056884766,27.682973861694336
0.0003141853667329997,0.0,0.0,0.0,13.441327095031738,-13.441065788269043,90.0,-90.0,60.277183532714844,-60.27855682373047,103.74208068847656,-103.74219512939453,84.89399719238281,-84.89737701416016,24.388517379760742,-24.381946563720703,28.000795364379883,27.999250411987305
0.000321669242111966,0.0,0.0,0.0,13.554431915283203,-13.55417537689209,90.0,-90.0,60.261878967285156,-60.26323699951172,103.92465209960938,-103.92477416992188,84.81124877929688,-84.81461334228516,24.39024543762207,-24.383686065673828,28.31338119506836,28.3118953704834
0.00031016996945254505,0.0,0.0,0.0,13.667830467224121,-13.667535781860352,90.0,-90.0,60.24578857421875,-60.24716567993164,104.10365295410156,-104.10376739501953,84.7305908203125,-84.7340087890625,24.393007278442383,-24.386457443237305,28.622108459472656,28.620540618896484
0.0003133449354209006,0.0,0.0,0.0,13.781259536743164,-13.780975341796875,90.0,-90.0,60.22906494140625,-60.230464935302734,104.27900695800781,-104.27914428710938,84.65200805664062,-84.65547943115234,24.396642684936523,-24.390098571777344,28.926557540893555,28.92502212524414
0.00031206427956931293,0.0,0.0,0.0,13.894518852233887,-13.894261360168457,90.0,-90.0,60.21189498901367,-60.21327590942383,104.4505615234375,-104.45072937011719,84.57549285888672,-84.5789566040039,24.40103530883789,-24.394498825073242,29.22649574279785,29.224992752075195
0.0003020457806997001,0.0,0.0,0.0,14.007417678833008,-14.007128715515137,90.0,-90.0,60.194313049316406,-60.195735931396484,104.6182632446289,-104.61841583251953,84.50099182128906,-84.5045166015625,24.406044006347656,-24.399539947509766,29.521682739257812,29.52011489868164
0.0002987907500937581,0.0,0.0,0.0,14.119771957397461,-14.11947250366211,90.0,-90.0,60.17646789550781,-60.177894592285156,104.78199005126953,-104.78215789794922,84.42852020263672,-84.43207550048828,24.411592483520508,-24.405107498168945,29.811809539794922,29.810230255126953
0.00029242748860269785,0.0,0.0,0.0,14.231337547302246,-14.231025695800781,90.0,-90.0,60.158443450927734,-60.159854888916016,104.94160461425781,-104.94178771972656,84.35810852050781,-84.36167907714844,24.417627334594727,-24.411149978637695,30.096555709838867,30.094951629638672
0.00028247569571249187,0.0,0.0,0.0,14.341938972473145,-14.341621398925781,90.0,-90.0,60.140289306640625,-60.141727447509766,105.09709167480469,-105.0972671508789,84.28973388671875,-84.2933349609375,24.4240779876709,-24.41762351989746,30.375640869140625,30.374025344848633
0.0002746583195403218,0.0,0.0,0.0,14.451395034790039,-14.45108413696289,90.0,-90.0,60.1220703125,-60.123512268066406,105.248291015625,-105.24848175048828,84.22340393066406,-84.22704315185547,24.43089485168457,-24.4244384765625,30.648828506469727,30.647220611572266
0.0002848502481356263,0.0,0.0,0.0,14.559497833251953,-14.559167861938477,90.0,-90.0,60.10386276245117,-60.10530471801758,105.39513397216797,-105.39532470703125,84.15922546386719,-84.16284942626953,24.43800926208496,-24.43158531188965,30.915809631347656,30.914180755615234
0.0002676680451259017,0.0,0.0,0.0,14.666038513183594,-14.665701866149902,90.0,-90.0,60.08568572998047,-60.087120056152344,105.53754425048828,-105.53775787353516,84.09707641601562,-84.10075378417969,24.445451736450195,-24.439006805419922,31.176279067993164,31.174650192260742
0.0002744181838352233,0.0,0.0,0.0,14.770857810974121,-14.770524978637695,90.0,-90.0,60.0676155090332,-60.069068908691406,105.67540740966797,-105.67562103271484,84.03711700439453,-84.04080963134766,24.453100204467773,-24.44668197631836,31.430030822753906,31.428401947021484
0.00028203544206917286,0.0,0.0,0.0,14.873756408691406,-14.87339973449707,90.0,-90.0,60.0496711730957,-60.05113220214844,105.80866241455078,-105.80887603759766,83.97932434082031,-83.98302459716797,24.460981369018555,-24.4545841217041,31.676727294921875,31.675067901611328
0.0002638127189129591,0.0,0.0,0.0,14.974475860595703,-14.974148750305176,90.0,-90.0,60.03192138671875,-60.033382415771484,105.93718719482422,-105.93741607666016,83.92375183105469,-83.92747497558594,24.469064712524414,-24.462665557861328,31.916046142578125,31.914398193359375
0.0002576495462562889,0.0,0.0,0.0,15.072931289672852,-15.072576522827148,90.0,-90.0,60.014366149902344,-60.01585006713867,106.06094360351562,-106.06116485595703,83.87036895751953,-83.8741455078125,24.477306365966797,-24.470918655395508,32.14784240722656,32.14615249633789
0.00025502152857370675,0.0,0.0,0.0,15.168843269348145,-15.168485641479492,90.0,-90.0,59.9970703125,-59.99855422973633,106.17984008789062,-106.18006896972656,83.81928253173828,-83.82305908203125,24.485689163208008,-24.479318618774414,32.371726989746094,32.370033264160156
0.0002605043409857899,0.0,0.0,0.0,15.262054443359375,-15.26169204711914,90.0,-90.0,59.98005676269531,-59.98155975341797,106.29377746582031,-106.29401397705078,83.7704849243164,-83.7742919921875,24.494203567504883,-24.487844467163086,32.587467193603516,32.58576583862305
0.00025426779757253826,0.0,0.0,0.0,15.352363586425781,-15.352001190185547,90.0,-90.0,59.96339416503906,-59.964881896972656,106.4027099609375,-106.40296173095703,83.7240219116211,-83.72785949707031,24.502817153930664,-24.496448516845703,32.794769287109375,32.793094635009766
0.00026338582392781973,0.0,0.0,0.0,15.439562797546387,-15.439167976379395,90.0,-90.0,59.94706726074219,-59.94856262207031,106.50650024414062,-106.5067367553711,83.67994689941406,-83.68380737304688,24.511510848999023,-24.50515365600586,32.99330520629883,32.99162673950195
0.0002545879688113928,0.0,0.0,0.0,15.523468017578125,-15.523070335388184,90.0,-90.0,59.93113327026367,-59.93264389038086,106.60511016845703,-106.60536193847656,83.6382827758789,-83.64215850830078,24.520244598388672,-24.51390838623047,33.182891845703125,33.18115997314453
0.000247464282438159,0.0,0.0,0.0,15.603882789611816,-15.603471755981445,90.0,-90.0,59.91558837890625,-59.9171257019043,106.698486328125,-106.69872283935547,83.5990219116211,-83.60291290283203,24.529014587402344,-24.522708892822266,33.36326217651367,33.36146926879883
0.000247464282438159,0.0,0.0,0.0,15.603882789611816,-15.603471755981445,90.0,-90.0,59.91558837890625,-59.9171257019043,106.698486328125,-106.69872283935547,83.5990219116211,-83.60291290283203,24.529014587402344,-24.522708892822266,33.36326217651367,33.36146926879883
0.0002468639868311584,0.0,0.0,0.0,15.74402141571045,-15.743617057800293,90.0,-90.0,59.9017219543457,-59.90324401855469,106.86927795410156,-106.86954498291016,83.51693725585938,-83.52084350585938,24.526580810546875,-24.520275115966797,33.69191360473633,33.69014358520508
0.0002468639868311584,0.0,0.0,0.0,15.74402141571045,-15.743617057800293,90.0,-90.0,59.9017219543457,-59.90324401855469,106.86927795410156,-106.86954498291016,83.51693725585938,-83.52084350585938,24.526580810546875,-24.520275115966797,33.69191360473633,33.69014358520508
0.00023767257516738027,0.0,0.0,0.0,15.870936393737793,-15.870536804199219,90.0,-90.0,59.885555267333984,-59.88707733154297,107.01773071289062,-107.01801300048828,83.44805908203125,-83.45198822021484,24.529375076293945,-24.523082733154297,33.98126983642578,33.979496002197266
0.00023767257516738027,0.0,0.0,0.0,15.870936393737793,-15.870536804199219,90.0,-90.0,59.885555267333984,-59.88707733154297,107.01773071289062,-107.01801300048828,83.44805908203125,-83.45198822021484,24.529375076293945,-24.523082733154297,33.98126983642578,33.979496002197266
0.0002258398017147556,0.0,0.0,0.0,15.982131004333496,-15.981734275817871,90.0,-90.0,59.86798858642578,-59.86952590942383,107.14350891113281,-107.14378356933594,83.39226531982422,-83.39622497558594,24.536579132080078,-24.530290603637695,34.22860336303711,34.22679901123047
0.0002258398017147556,0.0,0.0,0.0,15.982131004333496,-15.981734275817871,90.0,-90.0,59.86798858642578,-59.86952590942383,107.14350891113281,-107.14378356933594,83.39226531982422,-83.39622497558594,24.536579132080078,-24.530290603637695,34.22860336303711,34.22679901123047
0.0002252261620014906,0.0,0.0,0.0,16.07578468322754,-16.075380325317383,90.0,-90.0,59.84986877441406,-59.8514404296875,107.24574279785156,-107.24600982666016,83.34947204589844,-83.35346221923828,24.54730987548828,-24.541044235229492,34.43142318725586,34.42963790893555
0.0002252261620014906,0.0,0.0,0.0,16.07578468322754,-16.075380325317383,90.0,-90.0,59.84986877441406,-59.8514404296875,107.24574279785156,-107.24600982666016,83.34947204589844,-83.35346221923828,24.54730987548828,-24.541044235229492,34.43142318725586,34.42963790893555
0.0002252261620014906,0.0,0.0,0.0,16.07578468322754,-16.075380325317383,90.0,-90.0,59.84986877441406,-59.8514404296875,107.24574279785156,-107.24600982666016,83.34947204589844,-83.35346221923828,24.54730987548828,-24.541044235229492,34.43142318725586,34.42963790893555
0.00022313174849841744,0.0,0.0,0.0,16.174274444580078,-16.1738224029541,90.0,-90.0,59.83258056640625,-59.834136962890625,107.35346984863281,-107.35374450683594,83.3031005859375,-83.30711364746094,24.556285858154297,-24.550016403198242,34.645687103271484,34.64384841918945
0.00022313174849841744,0.0,0.0,0.0,16.174274444580078,-16.1738224029541,90.0,-90.0,59.83258056640625,-59.834136962890625,107.35346984863281,-107.35374450683594,83.3031005859375,-83.30711364746094,24.556285858154297,-24.550016403198242,34.645687103271484,34.64384841918945
0.00022313174849841744,0.0,0.0,0.0,16.174274444580078,-16.1738224029541,90.0,-90.0,59.83258056640625,-59.834136962890625,107.35346984863281,-107.35374450683594,83.3031005859375,-83.30711364746094,24.556285858154297,-24.550016403198242,34.645687103271484,34.64384841918945
0.00022313174849841744,0.0,0.0,0.0,16.174274444580078,-16.1738224029541,90.0,-90.0,59.83258056640625,-59.834136962890625,107.35346984863281,-107.35374450683594,83.3031005859375,-83.30711364746094,24.556285858154297,-24.550016403198242,34.645687103271484,34.64384841918945
0.00022313174849841744,0.0,0.0,0.0,16.174274444580078,-16.1738224029541,90.0,-90.0,59.83258056640625,-59.834136962890625,107.35346984863281,-107.35374450683594,83.3031005859375,-83.30711364746094,24.556285858154297,-24.550016403198242,34.645687103271484,34.64384841918945
0.00022313174849841744,0.0,0.0,0.0,16.174274444580078,-16.1738224029541,90.0,-90.0,59.83258056640625,-59.834136962890625,107.35346984863281,-107.35374450683594,83.3031005859375,-83.30711364746094,24.556285858154297,-24.550016403198242,34.645687103271484,34.64384841918945
0.00022313174849841744,0.0,0.0,0.0,16.174274444580078,-16.1738224029541,90.0,-90.0,59.83258056640625,-59.834136962890625,107.35346984863281,-107.35374450683594,83.3031005859375,-83.30711364746094,24.556285858154297,-24.550016403198242,34.645687103271484,34.64384841918945
0.00022313174849841744,0.0,0.0,0.0,16.174274444580078,-16.1738224029541,90.0,-90.0,59.83258056640625,-59.834136962890625,107.35346984863281,-107.35374450683594,83.3031005859375,-83.30711364746094,24.556285858154297,-24.550016403198242,34.645687103271484,34.64384841918945
0.00022313174849841744,0.0,0.0,0.0,16.174274444580078,-16.1738224029541,90.0,-90.0,59.83258056640625,-59.834136962890625,107.35346984863281,-107.35374450683594,83.3031005859375,-83.30711364746094,24.556285858154297,-24.550016403198242,34.645687103271484,34.64384841918945
0.00022313174849841744,0.0,0.0,0.0,16.174274444580078,-16.1738224029541,90.0,-90.0,59.83258056640625,-59.834136962890625,107.35346984863281,-107.35374450683594,83.3031005859375,-83.30711364746094,24.556285858154297,-24.550016403198242,34.645687103271484,34.64384841918945
0.00022313174849841744,0.0,0.0,0.0,16.174274444580078,-16.1738224029541,90.0,-90.0,59.83258056640625,-59.834136962890625,107.35346984863281,-107.35374450683594,83.3031005859375,-83.30711364746094,24.556285858154297,-24.550016403198242,34.645687103271484,34.64384841918945
0.00022313174849841744,0.0,0.0,0.0,16.174274444580078,-16.1738224029541,90.0,-90.0,59.83258056640625,-59.834136962890625,107.35346984863281,-107.35374450683594,83.3031005859375,-83.30711364746094,24.556285858154297,-24.550016403198242,34.645687103271484,34.64384841918945
0.00022313174849841744,0.0,0.0,0.0,16.174274444580078,-16.1738224029541,90.0,-90.0,59.83258056640625,-59.834136962890625,107.35346984863281,-107.35374450683594,83.3031005859375,-83.30711364746094,24.556285858154297,-24.550016403198242,34.645687103271484,34.64384841918945
0.00022313174849841744,0.0,0.0,0.0,16.174274444580078,-16.1738224029541,90.0,-90.0,59.83258056640625,-59.834136962890625,107.35346984863281,-107.35374450683594,83.3031005859375,-83.30711364746094,24.556285858154297,-24.550016403198242,34.645687103271484,34.64384841918945
0.00022313174849841744,0.0,0.0,0.0,16.174274444580078,-16.1738224029541,90.0,-90.0,59.83258056640625,-59.834136962890625,107.35346984863281,-107.35374450683594,83.3031005859375,-83.30711364746094,24.556285858154297,-24.550016403198242,34.645687103271484,34.64384841918945
0.00022313174849841744,0.0,0.0,0.0,16.174274444580078,-16.1738224029541,90.0,-90.0,59.83258056640625,-59.834136962890625,107.35346984863281,-107.35374450683594,83.3031005859375,-83.30711364746094,24.556285858154297,-24.550016403198242,34.645687103271484,34.64384841918945
0.00022313174849841744,0.0,0.0,0.0,16.174274444580078,-16.1738224029541,90.0,-90.0,59.83258056640625,-59.834136962890625,107.35346984863281,-107.35374450683594,83.3031005859375,-83.30711364746094,24.556285858154297,-24.550016403198242,34.645687103271484,34.64384841918945
0.00022313174849841744,0.0,0.0,0.0,16.174274444580078,-16.1738224029541,90.0,-90.0,59.83258056640625,-59.834136962890625,107.35346984863281,-107.35374450683594,83.3031005859375,-83.30711364746094,24.556285858154297,-24.550016403198242,34.645687103271484,34.64384841918945
0.00022313174849841744,0.0,0.0,0.0,16.174274444580078,-16.1738224029541,90.0,-90.0,59.83258056640625,-59.834136962890625,107.35346984863281,-107.35374450683594,83.3031005859375,-83.30711364746094,24.556285858154297,-24.550016403198242,34.645687103271484,34.64384841918945
0.00022313174849841744,0.0,0.0,0.0,16.174274444580078,-16.1738224029541,90.0,-90.0,59.83258056640625,-59.834136962890625,107.35346984863281,-107.35374450683594,83.3031005859375,-83.30711364746094,24.556285858154297,-24.550016403198242,34.645687103271484,34.64384841918945
0.00022313174849841744,0.0,0.0,0.0,16.174274444580078,-16.1738224029541,90.0,-90.0,59.83258056640625,-59.834136962890625,107.35346984863281,-107.35374450683594,83.3031005859375,-83.30711364746094,24.556285858154297,-24.550016403198242,34.645687103271484,34.64384841918945
0.00022313174849841744,0.0,0.0,0.0,16.174274444580078,-16.1738224029541,90.0,-90.0,59.83258056640625,-59.834136962890625,107.35346984863281,-107.35374450683594,83.3031005859375,-83.30711364746094,24.556285858154297,-24.550016403198242,34.645687103271484,34.64384841918945
0.00022313174849841744,0.0,0.0,0.0,16.174274444580078,-16.1738224029541,90.0,-90.0,59.83258056640625,-59.834136962890625,107.35346984863281,-107.35374450683594,83.3031005859375,-83.30711364746094,24.556285858154297,-24.550016403198242,34.645687103271484,34.64384841918945
0.00022313174849841744,0.0,0.0,0.0,16.174274444580078,-16.1738224029541,90.0,-90.0,59.83258056640625,-59.834136962890625,107.35346984863281,-107.35374450683594,83.3031005859375,-83.30711364746094,24.556285858154297,-24.550016403198242,34.645687103271484,34.64384841918945
0.00022313174849841744,0.0,0.0,0.0,16.174274444580078,-16.1738224029541,90.0,-90.0,59.83258056640625,-59.834136962890625,107.35346984863281,-107.35374450683594,83.3031005859375,-83.30711364746094,24.556285858154297,-24.550016403198242,34.645687103271484,34.64384841918945
0.00022313174849841744,0.0,0.0,0.0,16.174274444580078,-16.1738224029541,90.0,-90.0,59.83258056640625,-59.834136962890625,107.35346984863281,-107.35374450683594,83.3031005859375,-83.30711364746094,24.556285858154297,-24.550016403198242,34.645687103271484,34.64384841918945
0.00022313174849841744,0.0,0.0,0.0,16.174274444580078,-16.1738224029541,90.0,-90.0,59.83258056640625,-59.834136962890625,107.35346984863281,-107.35374450683594,83.3031005859375,-83.30711364746094,24.556285858154297,-24.550016403198242,34.645687103271484,34.64384841918945
0.00022313174849841744,0.0,0.0,0.0,16.174274444580078,-16.1738224029541,90.0,-90.0,59.83258056640625,-59.834136962890625,107.35346984863281,-107.35374450683594,83.3031005859375,-83.30711364746094,24.556285858154297,-24.550016403198242,34.645687103271484,34.64384841918945
0.00022313174849841744,0.0,0.0,0.0,16.174274444580078,-16.1738224029541,90.0,-90.0,59.83258056640625,-59.834136962890625,107.35346984863281,-107.35374450683594,83.3031005859375,-83.30711364746094,24.556285858154297,-24.550016403198242,34.645687103271484,34.64384841918945
0.00022313174849841744,0.0,0.0,0.0,16.174274444580078,-16.1738224029541,90.0,-90.0,59.83258056640625,-59.834136962890625,107.35346984863281,-107.35374450683594,83.3031005859375,-83.30711364746094,24.556285858154297,-24.550016403198242,34.645687103271484,34.64384841918945
0.00022313174849841744,0.0,0.0,0.0,16.174274444580078,-16.1738224029541,90.0,-90.0,59.83258056640625,-59.834136962890625,107.35346984863281,-107.35374450683594,83.3031005859375,-83.30711364746094,24.556285858154297,-24.550016403198242,34.645687103271484,34.64384841918945
0.00022313174849841744,0.0,0.0,0.0,16.174274444580078,-16.1738224029541,90.0,-90.0,59.83258056640625,-59.834136962890625,107.35346984863281,-107.35374450683594,83.3031005859375,-83.30711364746094,24.556285858154297,-24.550016403198242,34.645687103271484,34.64384841918945
0.00022313174849841744,0.0,0.0,0.0,16.174274444580078,-16.1738224029541,90.0,-90.0,59.83258056640625,-59.834136962890625,107.35346984863281,-107.35374450683594,83.3031005859375,-83.30711364746094,24.556285858154297,-24.550016403198242,34.645687103271484,34.64384841918945
0.00022313174849841744,0.0,0.0,0.0,16.174274444580078,-16.1738224029541,90.0,-90.0,59.83258056640625,-59.834136962890625,107.35346984863281,-107.35374450683594,83.3031005859375,-83.30711364746094,24.556285858154297,-24.550016403198242,34.645687103271484,34.64384841918945
0.00022313174849841744,0.0,0.0,0.0,16.174274444580078,-16.1738224029541,90.0,-90.0,59.83258056640625,-59.834136962890625,107.35346984863281,-107.35374450683594,83.3031005859375,-83.30711364746094,24.556285858154297,-24.550016403198242,34.645687103271484,34.64384841918945
0.00022313174849841744,0.0,0.0,0.0,16.174274444580078,-16.1738224029541,90.0,-90.0,59.83258056640625,-59.834136962890625,107.35346984863281,-107.35374450683594,83.3031005859375,-83.30711364746094,24.556285858154297,-24.550016403198242,34.645687103271484,34.64384841918945
0.00022313174849841744,0.0,0.0,0.0,16.174274444580078,-16.1738224029541,90.0,-90.0,59.83258056640625,-59.834136962890625,107.35346984863281,-107.35374450683594,83.3031005859375,-83.30711364746094,24.556285858154297,-24.550016403198242,34.645687103271484,34.64384841918945
0.00022313174849841744,0.0,0.0,0.0,16.174274444580078,-16.1738224029541,90.0,-90.0,59.83258056640625,-59.834136962890625,107.35346984863281,-107.35374450683594,83.3031005859375,-83.30711364746094,24.556285858154297,-24.550016403198242,34.645687103271484,34.64384841918945
0.00022313174849841744,0.0,0.0,0.0,16.174274444580078,-16.1738224029541,90.0,-90.0,59.83258056640625,-59.834136962890625,107.35346984863281,-107.35374450683594,83.3031005859375,-83.30711364746094,24.556285858154297,-24.550016403198242,34.645687103271484,34.64384841918945
0.00022313174849841744,0.0,0.0,0.0,16.174274444580078,-16.1738224029541,90.0,-90.0,59.83258056640625,-59.834136962890625,107.35346984863281,-107.35374450683594,83.3031005859375,-83.30711364746094,24.556285858154297,-24.550016403198242,34.645687103271484,34.64384841918945
0.00022313174849841744,0.0,0.0,0.0,16.174274444580078,-16.1738224029541,90.0,-90.0,59.83258056640625,-59.834136962890625,107.35346984863281,-107.35374450683594,83.3031005859375,-83.30711364746094,24.556285858154297,-24.550016403198242,34.645687103271484,34.64384841918945
0.00022313174849841744,0.0,0.0,0.0,16.174274444580078,-16.1738224029541,90.0,-90.0,59.83258056640625,-59.834136962890625,107.35346984863281,-107.35374450683594,83.3031005859375,-83.30711364746094,24.556285858154297,-24.550016403198242,34.645687103271484,34.64384841918945
0.00022313174849841744,0.0,0.0,0.0,16.174274444580078,-16.1738224029541,90.0,-90.0,59.83258056640625,-59.834136962890625,107.35346984863281,-107.35374450683594,83.3031005859375,-83.30711364746094,24.556285858154297,-24.550016403198242,34.645687103271484,34.64384841918945
0.00022313174849841744,0.0,0.0,0.0,16.174274444580078,-16.1738224029541,90.0,-90.0,59.83258056640625,-59.834136962890625,107.35346984863281,-107.35374450683594,83.3031005859375,-83.30711364746094,24.556285858154297,-24.550016403198242,34.645687103271484,34.64384841918945
0.00022313174849841744,0.0,0.0,0.0,16.174274444580078,-16.1738224029541,90.0,-90.0,59.83258056640625,-59.834136962890625,107.35346984863281,-107.35374450683594,83.3031005859375,-83.30711364746094,24.556285858154297,-24.550016403198242,34.645687103271484,34.64384841918945
0.00022313174849841744,0.0,0.0,0.0,16.174274444580078,-16.1738224029541,90.0,-90.0,59.83258056640625,-59.834136962890625,107.35346984863281,-107.35374450683594,83.3031005859375,-83.30711364746094,24.556285858154297,-24.550016403198242,34.645687103271484,34.64384841918945
0.00022313174849841744,0.0,0.0,0.0,16.174274444580078,-16.1738224029541,90.0,-90.0,59.83258056640625,-59.834136962890625,107.35346984863281,-107.35374450683594,83.3031005859375,-83.30711364746094,24.556285858154297,-24.550016403198242,34.645687103271484,34.64384841918945
0.00022313174849841744,0.0,0.0,0.0,16.174274444580078,-16.1738224029541,90.0,-90.0,59.83258056640625,-59.834136962890625,107.35346984863281,-107.35374450683594,83.3031005859375,-83.30711364746094,24.556285858154297,-24.550016403198242,34.645687103271484,34.64384841918945
0.00022313174849841744,0.0,0.0,0.0,16.174274444580078,-16.1738224029541,90.0,-90.0,59.83258056640625,-59.834136962890625,107.35346984863281,-107.35374450683594,83.3031005859375,-83.30711364746094,24.556285858154297,-24.550016403198242,34.645687103271484,34.64384841918945
0.00022313174849841744,0.0,0.0,0.0,16.174274444580078,-16.1738224029541,90.0,-90.0,59.83258056640625,-59.834136962890625,107.35346984863281,-107.35374450683594,83.3031005859375,-83.30711364746094,24.556285858154297,-24.550016403198242,34.645687103271484,34.64384841918945
0.00022313174849841744,0.0,0.0,0.0,16.174274444580078,-16.1738224029541,90.0,-90.0,59.83258056640625,-59.834136962890625,107.35346984863281,-107.35374450683594,83.3031005859375,-83.30711364746094,24.556285858154297,-24.550016403198242,34.645687103271484,34.64384841918945
0.00022313174849841744,0.0,0.0,0.0,16.174274444580078,-16.1738224029541,90.0,-90.0,59.83258056640625,-59.834136962890625,107.35346984863281,-107.35374450683594,83.3031005859375,-83.30711364746094,24.556285858154297,-24.550016403198242,34.645687103271484,34.64384841918945
0.00022313174849841744,0.0,0.0,0.0,16.174274444580078,-16.1738224029541,90.0,-90.0,59.83258056640625,-59.834136962890625,107.35346984863281,-107.35374450683594,83.3031005859375,-83.30711364746094,24.556285858154297,-24.550016403198242,34.645687103271484,34.64384841918945
0.00022313174849841744,0.0,0.0,0.0,16.174274444580078,-16.1738224029541,90.0,-90.0,59.83258056640625,-59.834136962890625,107.35346984863281,-107.35374450683594,83.3031005859375,-83.30711364746094,24.556285858154297,-24.550016403198242,34.645687103271484,34.64384841918945
0.00022313174849841744,0.0,0.0,0.0,16.174274444580078,-16.1738224029541,90.0,-90.0,59.83258056640625,-59.834136962890625,107.35346984863281,-107.35374450683594,83.3031005859375,-83.30711364746094,24.556285858154297,-24.550016403198242,34.645687103271484,34.64384841918945
0.00022313174849841744,0.0,0.0,0.0,16.174274444580078,-16.1738224029541,90.0,-90.0,59.83258056640625,-59.834136962890625,107.35346984863281,-107.35374450683594,83.3031005859375,-83.30711364746094,24.556285858154297,-24.550016403198242,34.645687103271484,34.64384841918945
0.00022313174849841744,0.0,0.0,0.0,16.174274444580078,-16.1738224029541,90.0,-90.0,59.83258056640625,-59.834136962890625,107.35346984863281,-107.35374450683594,83.3031005859375,-83.30711364746094,24.556285858154297,-24.550016403198242,34.645687103271484,34.64384841918945
0.00022313174849841744,0.0,0.0,0.0,16.174274444580078,-16.1738224029541,90.0,-90.0,59.83258056640625,-59.834136962890625,107.35346984863281,-107.35374450683594,83.3031005859375,-83.30711364746094,24.556285858154297,-24.550016403198242,34.645687103271484,34.64384841918945
0.00022313174849841744,0.0,0.0,0.0,16.174274444580078,-16.1738224029541,90.0,-90.0,59.83258056640625,-59.834136962890625,107.35346984863281,-107.35374450683594,83.3031005859375,-83.30711364746094,24.556285858154297,-24.550016403198242,34.645687103271484,34.64384841918945
0.00022313174849841744,0.0,0.0,0.0,16.174274444580078,-16.1738224029541,90.0,-90.0,59.83258056640625,-59.834136962890625,107.35346984863281,-107.35374450683594,83.3031005859375,-83.30711364746094,24.556285858154297,-24.550016403198242,34.645687103271484,34.64384841918945
0.00022313174849841744,0.0,0.0,0.0,16.174274444580078,-16.1738224029541,90.0,-90.0,59.83258056640625,-59.834136962890625,107.35346984863281,-107.35374450683594,83.3031005859375,-83.30711364746094,24.556285858154297,-24.550016403198242,34.645687103271484,34.64384841918945
0.00022313174849841744,0.0,0.0,0.0,16.174274444580078,-16.1738224029541,90.0,-90.0,59.83258056640625,-59.834136962890625,107.35346984863281,-107.35374450683594,83.3031005859375,-83.30711364746094,24.556285858154297,-24.550016403198242,34.645687103271484,34.64384841918945
0.00022313174849841744,0.0,0.0,0.0,16.174274444580078,-16.1738224029541,90.0,-90.0,59.83258056640625,-59.834136962890625,107.35346984863281,-107.35374450683594,83.3031005859375,-83.30711364746094,24.556285858154297,-24.550016403198242,34.645687103271484,34.64384841918945
0.00022313174849841744,0.0,0.0,0.0,16.174274444580078,-16.1738224029541,90.0,-90.0,59.83258056640625,-59.834136962890625,107.35346984863281,-107.35374450683594,83.3031005859375,-83.30711364746094,24.556285858154297,-24.550016403198242,34.645687103271484,34.64384841918945
0.00022313174849841744,0.0,0.0,0.0,16.174274444580078,-16.1738224029541,90.0,-90.0,59.83258056640625,-59.834136962890625,107.35346984863281,-107.35374450683594,83.3031005859375,-83.30711364746094,24.556285858154297,-24.550016403198242,34.645687103271484,34.64384841918945
0.00022313174849841744,0.0,0.0,0.0,16.174274444580078,-16.1738224029541,90.0,-90.0,59.83258056640625,-59.834136962890625,107.35346984863281,-107.35374450683594,83.3031005859375,-83.30711364746094,24.556285858154297,-24.550016403198242,34.645687103271484,34.64384841918945
0.00022313174849841744,0.0,0.0,0.0,16.174274444580078,-16.1738224029541,90.0,-90.0,59.83258056640625,-59.834136962890625,107.35346984863281,-107.35374450683594,83.3031005859375,-83.30711364746094,24.556285858154297,-24.550016403198242,34.645687103271484,34.64384841918945
0.00022313174849841744,0.0,0.0,0.0,16.174274444580078,-16.1738224029541,90.0,-90.0,59.83258056640625,-59.834136962890625,107.35346984863281,-107.35374450683594,83.3031005859375,-83.30711364746094,24.556285858154297,-24.550016403198242,34.645687103271484,34.64384841918945
0.00022313174849841744,0.0,0.0,0.0,16.174274444580078,-16.1738224029541,90.0,-90.0,59.83258056640625,-59.834136962890625,107.35346984863281,-107.35374450683594,83.3031005859375,-83.30711364746094,24.556285858154297,-24.550016403198242,34.645687103271484,34.64384841918945
0.00022313174849841744,0.0,0.0,0.0,16.174274444580078,-16.1738224029541,90.0,-90.0,59.83258056640625,-59.834136962890625,107.35346984863281,-107.35374450683594,83.3031005859375,-83.30711364746094,24.556285858154297,-24.550016403198242,34.645687103271484,34.64384841918945
0.00022313174849841744,0.0,0.0,0.0,16.174274444580078,-16.1738224029541,90.0,-90.0,59.83258056640625,-59.834136962890625,107.35346984863281,-107.35374450683594,83.3031005859375,-83.30711364746094,24.556285858154297,-24.550016403198242,34.645687103271484,34.64384841918945
0.00022313174849841744,0.0,0.0,0.0,16.174274444580078,-16.1738224029541,90.0,-90.0,59.83258056640625,-59.834136962890625,107.35346984863281,-107.35374450683594,83.3031005859375,-83.30711364746094,24.556285858154297,-24.550016403198242,34.645687103271484,34.64384841918945
0.00022313174849841744,0.0,0.0,0.0,16.174274444580078,-16.1738224029541,90.0,-90.0,59.83258056640625,-59.834136962890625,107.35346984863281,-107.35374450683594,83.3031005859375,-83.30711364746094,24.556285858154297,-24.550016403198242,34.645687103271484,34.64384841918945
0.00022313174849841744,0.0,0.0,0.0,16.174274444580078,-16.1738224029541,90.0,-90.0,59.83258056640625,-59.834136962890625,107.35346984863281,-107.35374450683594,83.3031005859375,-83.30711364746094,24.556285858154297,-24.550016403198242,34.645687103271484,34.64384841918945
0.00022313174849841744,0.0,0.0,0.0,16.174274444580078,-16.1738224029541,90.0,-90.0,59.83258056640625,-59.834136962890625,107.35346984863281,-107.35374450683594,83.3031005859375,-83.30711364746094,24.556285858154297,-24.550016403198242,34.645687103271484,34.64384841918945
0.00022313174849841744,0.0,0.0,0.0,16.174274444580078,-16.1738224029541,90.0,-90.0,59.83258056640625,-59.834136962890625,107.35346984863281,-107.35374450683594,83.3031005859375,-83.30711364746094,24.556285858154297,-24.550016403198242,34.645687103271484,34.64384841918945
0.00022313174849841744,0.0,0.0,0.0,16.174274444580078,-16.1738224029541,90.0,-90.0,59.83258056640625,-59.834136962890625,107.35346984863281,-107.35374450683594,83.3031005859375,-83.30711364746094,24.556285858154297,-24.550016403198242,34.645687103271484,34.64384841918945
0.00022313174849841744,0.0,0.0,0.0,16.174274444580078,-16.1738224029541,90.0,-90.0,59.83258056640625,-59.834136962890625,107.35346984863281,-107.35374450683594,83.3031005859375,-83.30711364746094,24.556285858154297,-24.550016403198242,34.645687103271484,34.64384841918945
0.00022313174849841744,0.0,0.0,0.0,16.174274444580078,-16.1738224029541,90.0,-90.0,59.83258056640625,-59.834136962890625,107.35346984863281,-107.35374450683594,83.3031005859375,-83.30711364746094,24.556285858154297,-24.550016403198242,34.645687103271484,34.64384841918945
0.00022313174849841744,0.0,0.0,0.0,16.174274444580078,-16.1738224029541,90.0,-90.0,59.83258056640625,-59.834136962890625,107.35346984863281,-107.35374450683594,83.3031005859375,-83.30711364746094,24.556285858154297,-24.550016403198242,34.645687103271484,34.64384841918945
0.00022313174849841744,0.0,0.0,0.0,16.174274444580078,-16.1738224029541,90.0,-90.0,59.83258056640625,-59.834136962890625,107.35346984863281,-107.35374450683594,83.3031005859375,-83.30711364746094,24.556285858154297,-24.550016403198242,34.645687103271484,34.64384841918945
0.00022313174849841744,0.0,0.0,0.0,16.174274444580078,-16.1738224029541,90.0,-90.0,59.83258056640625,-59.834136962890625,107.35346984863281,-107.35374450683594,83.3031005859375,-83.30711364746094,24.556285858154297,-24.550016403198242,34.645687103271484,34.64384841918945
0.00022313174849841744,0.0,0.0,0.0,16.174274444580078,-16.1738224029541,90.0,-90.0,59.83258056640625,-59.834136962890625,107.35346984863281,-107.35374450683594,83.3031005859375,-83.30711364746094,24.556285858154297,-24.550016403198242,34.645687103271484,34.64384841918945
0.00022313174849841744,0.0,0.0,0.0,16.174274444580078,-16.1738224029541,90.0,-90.0,59.83258056640625,-59.834136962890625,107.35346984863281,-107.35374450683594,83.3031005859375,-83.30711364746094,24.556285858154297,-24.550016403198242,34.645687103271484,34.64384841918945
0.00022313174849841744,0.0,0.0,0.0,16.174274444580078,-16.1738224029541,90.0,-90.0,59.83258056640625,-59.834136962890625,107.35346984863281,-107.35374450683594,83.3031005859375,-83.30711364746094,24.556285858154297,-24.550016403198242,34.645687103271484,34.64384841918945
0.00022313174849841744,0.0,0.0,0.0,16.174274444580078,-16.1738224029541,90.0,-90.0,59.83258056640625,-59.834136962890625,107.35346984863281,-107.35374450683594,83.3031005859375,-83.30711364746094,24.556285858154297,-24.550016403198242,34.645687103271484,34.64384841918945
0.00022313174849841744,0.0,0.0,0.0,16.174274444580078,-16.1738224029541,90.0,-90.0,59.83258056640625,-59.834136962890625,107.35346984863281,-107.35374450683594,83.3031005859375,-83.30711364746094,24.556285858154297,-24.550016403198242,34.645687103271484,34.64384841918945
0.00022313174849841744,0.0,0.0,0.0,16.174274444580078,-16.1738224029541,90.0,-90.0,59.83258056640625,-59.834136962890625,107.35346984863281,-107.35374450683594,83.3031005859375,-83.30711364746094,24.556285858154297,-24.550016403198242,34.645687103271484,34.64384841918945
0.00022313174849841744,0.0,0.0,0.0,16.174274444580078,-16.1738224029541,90.0,-90.0,59.83258056640625,-59.834136962890625,107.35346984863281,-107.35374450683594,83.3031005859375,-83.30711364746094,24.556285858154297,-24.550016403198242,34.645687103271484,34.64384841918945
0.00022313174849841744,0.0,0.0,0.0,16.174274444580078,-16.1738224029541,90.0,-90.0,59.83258056640625,-59.834136962890625,107.35346984863281,-107.35374450683594,83.3031005859375,-83.30711364746094,24.556285858154297,-24.550016403198242,34.645687103271484,34.64384841918945
0.00022313174849841744,0.0,0.0,0.0,16.174274444580078,-16.1738224029541,90.0,-90.0,59.83258056640625,-59.834136962890625,107.35346984863281,-107.35374450683594,83.3031005859375,-83.30711364746094,24.556285858154297,-24.550016403198242,34.645687103271484,34.64384841918945
0.00022313174849841744,0.0,0.0,0.0,16.174274444580078,-16.1738224029541,90.0,-90.0,59.83258056640625,-59.834136962890625,107.35346984863281,-107.35374450683594,83.3031005859375,-83.30711364746094,24.556285858154297,-24.550016403198242,34.645687103271484,34.64384841918945
0.00022313174849841744,0.0,0.0,0.0,16.174274444580078,-16.1738224029541,90.0,-90.0,59.83258056640625,-59.834136962890625,107.35346984863281,-107.35374450683594,83.3031005859375,-83.30711364746094,24.556285858154297,-24.550016403198242,34.645687103271484,34.64384841918945
0.00022313174849841744,0.0,0.0,0.0,16.174274444580078,-16.1738224029541,90.0,-90.0,59.83258056640625,-59.834136962890625,107.35346984863281,-107.35374450683594,83.3031005859375,-83.30711364746094,24.556285858154297,-24.550016403198242,34.645687103271484,34.64384841918945
0.00022313174849841744,0.0,0.0,0.0,16.174274444580078,-16.1738224029541,90.0,-90.0,59.83258056640625,-59.834136962890625,107.35346984863281,-107.35374450683594,83.3031005859375,-83.30711364746094,24.556285858154297,-24.550016403198242,34.645687103271484,34.64384841918945
0.00022313174849841744,0.0,0.0,0.0,16.174274444580078,-16.1738224029541,90.0,-90.0,59.83258056640625,-59.834136962890625,107.35346984863281,-107.35374450683594,83.3031005859375,-83.30711364746094,24.556285858154297,-24.550016403198242,34.645687103271484,34.64384841918945
0.00022313174849841744,0.0,0.0,0.0,16.174274444580078,-16.1738224029541,90.0,-90.0,59.83258056640625,-59.834136962890625,107.35346984863281,-107.35374450683594,83.3031005859375,-83.30711364746094,24.556285858154297,-24.550016403198242,34.645687103271484,34.64384841918945
0.00022313174849841744,0.0,0.0,0.0,16.174274444580078,-16.1738224029541,90.0,-90.0,59.83258056640625,-59.834136962890625,107.35346984863281,-107.35374450683594,83.3031005859375,-83.30711364746094,24.556285858154297,-24.550016403198242,34.645687103271484,34.64384841918945
0.00022313174849841744,0.0,0.0,0.0,16.174274444580078,-16.1738224029541,90.0,-90.0,59.83258056640625,-59.834136962890625,107.35346984863281,-107.35374450683594,83.3031005859375,-83.30711364746094,24.556285858154297,-24.550016403198242,34.645687103271484,34.64384841918945
0.00022313174849841744,0.0,0.0,0.0,16.174274444580078,-16.1738224029541,90.0,-90.0,59.83258056640625,-59.834136962890625,107.35346984863281,-107.35374450683594,83.3031005859375,-83.30711364746094,24.556285858154297,-24.550016403198242,34.645687103271484,34.64384841918945
0.00022313174849841744,0.0,0.0,0.0,16.174274444580078,-16.1738224029541,90.0,-90.0,59.83258056640625,-59.834136962890625,107.35346984863281,-107.35374450683594,83.3031005859375,-83.30711364746094,24.556285858154297,-24.550016403198242,34.645687103271484,34.64384841918945
0.00022313174849841744,0.0,0.0,0.0,16.174274444580078,-16.1738224029541,90.0,-90.0,59.83258056640625,-59.834136962890625,107.35346984863281,-107.35374450683594,83.3031005859375,-83.30711364746094,24.556285858154297,-24.550016403198242,34.645687103271484,34.64384841918945
0.00022313174849841744,0.0,0.0,0.0,16.174274444580078,-16.1738224029541,90.0,-90.0,59.83258056640625,-59.834136962890625,107.35346984863281,-107.35374450683594,83.3031005859375,-83.30711364746094,24.556285858154297,-24.550016403198242,34.645687103271484,34.64384841918945
0.00022313174849841744,0.0,0.0,0.0,16.174274444580078,-16.1738224029541,90.0,-90.0,59.83258056640625,-59.834136962890625,107.35346984863281,-107.35374450683594,83.3031005859375,-83.30711364746094,24.556285858154297,-24.550016403198242,34.645687103271484,34.64384841918945
0.00022313174849841744,0.0,0.0,0.0,16.174274444580078,-16.1738224029541,90.0,-90.0,59.83258056640625,-59.834136962890625,107.35346984863281,-107.35374450683594,83.3031005859375,-83.30711364746094,24.556285858154297,-24.550016403198242,34.645687103271484,34.64384841918945
0.00022313174849841744,0.0,0.0,0.0,16.174274444580078,-16.1738224029541,90.0,-90.0,59.83258056640625,-59.834136962890625,107.35346984863281,-107.35374450683594,83.3031005859375,-83.30711364746094,24.556285858154297,-24.550016403198242,34.645687103271484,34.64384841918945
0.00022313174849841744,0.0,0.0,0.0,16.174274444580078,-16.1738224029541,90.0,-90.0,59.83258056640625,-59.834136962890625,107.35346984863281,-107.35374450683594,83.3031005859375,-83.30711364746094,24.556285858154297,-24.550016403198242,34.645687103271484,34.64384841918945
0.00022313174849841744,0.0,0.0,0.0,16.174274444580078,-16.1738224029541,90.0,-90.0,59.83258056640625,-59.834136962890625,107.35346984863281,-107.35374450683594,83.3031005859375,-83.30711364746094,24.556285858154297,-24.550016403198242,34.645687103271484,34.64384841918945
0.00022313174849841744,0.0,0.0,0.0,16.174274444580078,-16.1738224029541,90.0,-90.0,59.83258056640625,-59.834136962890625,107.35346984863281,-107.35374450683594,83.3031005859375,-83.30711364746094,24.556285858154297,-24.550016403198242,34.645687103271484,34.64384841918945
0.00022313174849841744,0.0,0.0,0.0,16.174274444580078,-16.1738224029541,90.0,-90.0,59.83258056640625,-59.834136962890625,107.35346984863281,-107.35374450683594,83.3031005859375,-83.30711364746094,24.556285858154297,-24.550016403198242,34.645687103271484,34.64384841918945
0.00022313174849841744,0.0,0.0,0.0,16.174274444580078,-16.1738224029541,90.0,-90.0,59.83258056640625,-59.834136962890625,107.35346984863281,-107.35374450683594,83.3031005859375,-83.30711364746094,24.556285858154297,-24.550016403198242,34.645687103271484,34.64384841918945
0.00022313174849841744,0.0,0.0,0.0,16.174274444580078,-16.1738224029541,90.0,-90.0,59.83258056640625,-59.834136962890625,107.35346984863281,-107.35374450683594,83.3031005859375,-83.30711364746094,24.556285858154297,-24.550016403198242,34.645687103271484,34.64384841918945
0.00022313174849841744,0.0,0.0,0.0,16.174274444580078,-16.1738224029541,90.0,-90.0,59.83258056640625,-59.834136962890625,107.35346984863281,-107.35374450683594,83.3031005859375,-83.30711364746094,24.556285858154297,-24.550016403198242,34.645687103271484,34.64384841918945
0.00022313174849841744,0.0,0.0,0.0,16.174274444580078,-16.1738224029541,90.0,-90.0,59.83258056640625,-59.834136962890625,107.35346984863281,-107.35374450683594,83.3031005859375,-83.30711364746094,24.556285858154297,-24.550016403198242,34.645687103271484,34.64384841918945
0.00022313174849841744,0.0,0.0,0.0,16.174274444580078,-16.1738224029541,90.0,-90.0,59.83258056640625,-59.834136962890625,107.35346984863281,-107.35374450683594,83.3031005859375,-83.30711364746094,24.556285858154297,-24.550016403198242,34.645687103271484,34.64384841918945
0.00022313174849841744,0.0,0.0,0.0,16.174274444580078,-16.1738224029541,90.0,-90.0,59.83258056640625,-59.834136962890625,107.35346984863281,-107.35374450683594,83.3031005859375,-83.30711364746094,24.556285858154297,-24.550016403198242,34.645687103271484,34.64384841918945
0.00022313174849841744,0.0,0.0,0.0,16.174274444580078,-16.1738224029541,90.0,-90.0,59.83258056640625,-59.834136962890625,107.35346984863281,-107.35374450683594,83.3031005859375,-83.30711364746094,24.556285858154297,-24.550016403198242,34.645687103271484,34.64384841918945
0.00022313174849841744,0.0,0.0,0.0,16.174274444580078,-16.1738224029541,90.0,-90.0,59.83258056640625,-59.834136962890625,107.35346984863281,-107.35374450683594,83.3031005859375,-83.30711364746094,24.556285858154297,-24.550016403198242,34.645687103271484,34.64384841918945
0.00022313174849841744,0.0,0.0,0.0,16.174274444580078,-16.1738224029541,90.0,-90.0,59.83258056640625,-59.834136962890625,107.35346984863281,-107.35374450683594,83.3031005859375,-83.30711364746094,24.556285858154297,-24.550016403198242,34.645687103271484,34.64384841918945
0.00022313174849841744,0.0,0.0,0.0,16.174274444580078,-16.1738224029541,90.0,-90.0,59.83258056640625,-59.834136962890625,107.35346984863281,-107.35374450683594,83.3031005859375,-83.30711364746094,24.556285858154297,-24.550016403198242,34.645687103271484,34.64384841918945
0.00022313174849841744,0.0,0.0,0.0,16.174274444580078,-16.1738224029541,90.0,-90.0,59.83258056640625,-59.834136962890625,107.35346984863281,-107.35374450683594,83.3031005859375,-83.30711364746094,24.556285858154297,-24.550016403198242,34.645687103271484,34.64384841918945
0.00022313174849841744,0.0,0.0,0.0,16.174274444580078,-16.1738224029541,90.0,-90.0,59.83258056640625,-59.834136962890625,107.35346984863281,-107.35374450683594,83.3031005859375,-83.30711364746094,24.556285858154297,-24.550016403198242,34.645687103271484,34.64384841918945
0.00022313174849841744,0.0,0.0,0.0,16.174274444580078,-16.1738224029541,90.0,-90.0,59.83258056640625,-59.834136962890625,107.35346984863281,-107.35374450683594,83.3031005859375,-83.30711364746094,24.556285858154297,-24.550016403198242,34.645687103271484,34.64384841918945
0.00022313174849841744,0.0,0.0,0.0,16.174274444580078,-16.1738224029541,90.0,-90.0,59.83258056640625,-59.834136962890625,107.35346984863281,-107.35374450683594,83.3031005859375,-83.30711364746094,24.556285858154297,-24.550016403198242,34.645687103271484,34.64384841918945
0.00022313174849841744,0.0,0.0,0.0,16.174274444580078,-16.1738224029541,90.0,-90.0,59.83258056640625,-59.834136962890625,107.35346984863281,-107.35374450683594,83.3031005859375,-83.30711364746094,24.556285858154297,-24.550016403198242,34.645687103271484,34.64384841918945
0.00022313174849841744,0.0,0.0,0.0,16.174274444580078,-16.1738224029541,90.0,-90.0,59.83258056640625,-59.834136962890625,107.35346984863281,-107.35374450683594,83.3031005859375,-83.30711364746094,24.556285858154297,-24.550016403198242,34.645687103271484,34.64384841918945
0.00022313174849841744,0.0,0.0,0.0,16.174274444580078,-16.1738224029541,90.0,-90.0,59.83258056640625,-59.834136962890625,107.35346984863281,-107.35374450683594,83.3031005859375,-83.30711364746094,24.556285858154297,-24.550016403198242,34.645687103271484,34.64384841918945
0.00022313174849841744,0.0,0.0,0.0,16.174274444580078,-16.1738224029541,90.0,-90.0,59.83258056640625,-59.834136962890625,107.35346984863281,-107.35374450683594,83.3031005859375,-83.30711364746094,24.556285858154297,-24.550016403198242,34.645687103271484,34.64384841918945
0.00022313174849841744,0.0,0.0,0.0,16.174274444580078,-16.1738224029541,90.0,-90.0,59.83258056640625,-59.834136962890625,107.35346984863281,-107.35374450683594,83.3031005859375,-83.30711364746094,24.556285858154297,-24.550016403198242,34.645687103271484,34.64384841918945
0.00022313174849841744,0.0,0.0,0.0,16.174274444580078,-16.1738224029541,90.0,-90.0,59.83258056640625,-59.834136962890625,107.35346984863281,-107.35374450683594,83.3031005859375,-83.30711364746094,24.556285858154297,-24.550016403198242,34.645687103271484,34.64384841918945
0.00022313174849841744,0.0,0.0,0.0,16.174274444580078,-16.1738224029541,90.0,-90.0,59.83258056640625,-59.834136962890625,107.35346984863281,-107.35374450683594,83.3031005859375,-83.30711364746094,24.556285858154297,-24.550016403198242,34.645687103271484,34.64384841918945
0.00022313174849841744,0.0,0.0,0.0,16.174274444580078,-16.1738224029541,90.0,-90.0,59.83258056640625,-59.834136962890625,107.35346984863281,-107.35374450683594,83.3031005859375,-83.30711364746094,24.556285858154297,-24.550016403198242,34.645687103271484,34.64384841918945
0.00022313174849841744,0.0,0.0,0.0,16.174274444580078,-16.1738224029541,90.0,-90.0,59.83258056640625,-59.834136962890625,107.35346984863281,-107.35374450683594,83.3031005859375,-83.30711364746094,24.556285858154297,-24.550016403198242,34.645687103271484,34.64384841918945
0.00022313174849841744,0.0,0.0,0.0,16.174274444580078,-16.1738224029541,90.0,-90.0,59.83258056640625,-59.834136962890625,107.35346984863281,-107.35374450683594,83.3031005859375,-83.30711364746094,24.556285858154297,-24.550016403198242,34.645687103271484,34.64384841918945
0.00022313174849841744,0.0,0.0,0.0,16.174274444580078,-16.1738224029541,90.0,-90.0,59.83258056640625,-59.834136962890625,107.35346984863281,-107.35374450683594,83.3031005859375,-83.30711364746094,24.556285858154297,-24.550016403198242,34.645687103271484,34.64384841918945
0.00022313174849841744,0.0,0.0,0.0,16.174274444580078,-16.1738224029541,90.0,-90.0,59.83258056640625,-59.834136962890625,107.35346984863281,-107.35374450683594,83.3031005859375,-83.30711364746094,24.556285858154297,-24.550016403198242,34.645687103271484,34.64384841918945
0.00022313174849841744,0.0,0.0,0.0,16.174274444580078,-16.1738224029541,90.0,-90.0,59.83258056640625,-59.834136962890625,107.35346984863281,-107.35374450683594,83.3031005859375,-83.30711364746094,24.556285858154297,-24.550016403198242,34.645687103271484,34.64384841918945
0.00022313174849841744,0.0,0.0,0.0,16.174274444580078,-16.1738224029541,90.0,-90.0,59.83258056640625,-59.834136962890625,107.35346984863281,-107.35374450683594,83.3031005859375,-83.30711364746094,24.556285858154297,-24.550016403198242,34.645687103271484,34.64384841918945
0.00022313174849841744,0.0,0.0,0.0,16.174274444580078,-16.1738224029541,90.0,-90.0,59.83258056640625,-59.834136962890625,107.35346984863281,-107.35374450683594,83.3031005859375,-83.30711364746094,24.556285858154297,-24.550016403198242,34.645687103271484,34.64384841918945
0.00022313174849841744,0.0,0.0,0.0,16.174274444580078,-16.1738224029541,90.0,-90.0,59.83258056640625,-59.834136962890625,107.35346984863281,-107.35374450683594,83.3031005859375,-83.30711364746094,24.556285858154297,-24.550016403198242,34.645687103271484,34.64384841918945
0.00022313174849841744,0.0,0.0,0.0,16.174274444580078,-16.1738224029541,90.0,-90.0,59.83258056640625,-59.834136962890625,107.35346984863281,-107.35374450683594,83.3031005859375,-83.30711364746094,24.556285858154297,-24.550016403198242,34.645687103271484,34.64384841918945
0.00022313174849841744,0.0,0.0,0.0,16.174274444580078,-16.1738224029541,90.0,-90.0,59.83258056640625,-59.834136962890625,107.35346984863281,-107.35374450683594,83.3031005859375,-83.30711364746094,24.556285858154297,-24.550016403198242,34.645687103271484,34.64384841918945
0.00022313174849841744,0.0,0.0,0.0,16.174274444580078,-16.1738224029541,90.0,-90.0,59.83258056640625,-59.834136962890625,107.35346984863281,-107.35374450683594,83.3031005859375,-83.30711364746094,24.556285858154297,-24.550016403198242,34.645687103271484,34.64384841918945
0.00022313174849841744,0.0,0.0,0.0,16.174274444580078,-16.1738224029541,90.0,-90.0,59.83258056640625,-59.834136962890625,107.35346984863281,-107.35374450683594,83.3031005859375,-83.30711364746094,24.556285858154297,-24.550016403198242,34.645687103271484,34.64384841918945
0.00022313174849841744,0.0,0.0,0.0,16.174274444580078,-16.1738224029541,90.0,-90.0,59.83258056640625,-59.834136962890625,107.35346984863281,-107.35374450683594,83.3031005859375,-83.30711364746094,24.556285858154297,-24.550016403198242,34.645687103271484,34.64384841918945
0.00022313174849841744,0.0,0.0,0.0,16.174274444580078,-16.1738224029541,90.0,-90.0,59.83258056640625,-59.834136962890625,107.35346984863281,-107.35374450683594,83.3031005859375,-83.30711364746094,24.556285858154297,-24.550016403198242,34.645687103271484,34.64384841918945
0.00022313174849841744,0.0,0.0,0.0,16.174274444580078,-16.1738224029541,90.0,-90.0,59.83258056640625,-59.834136962890625,107.35346984863281,-107.35374450683594,83.3031005859375,-83.30711364746094,24.556285858154297,-24.550016403198242,34.645687103271484,34.64384841918945
0.00022313174849841744,0.0,0.0,0.0,16.174274444580078,-16.1738224029541,90.0,-90.0,59.83258056640625,-59.834136962890625,107.35346984863281,-107.35374450683594,83.3031005859375,-83.30711364746094,24.556285858154297,-24.550016403198242,34.645687103271484,34.64384841918945
0.00022313174849841744,0.0,0.0,0.0,16.174274444580078,-16.1738224029541,90.0,-90.0,59.83258056640625,-59.834136962890625,107.35346984863281,-107.35374450683594,83.3031005859375,-83.30711364746094,24.556285858154297,-24.550016403198242,34.645687103271484,34.64384841918945
0.00022313174849841744,0.0,0.0,0.0,16.174274444580078,-16.1738224029541,90.0,-90.0,59.83258056640625,-59.834136962890625,107.35346984863281,-107.35374450683594,83.3031005859375,-83.30711364746094,24.556285858154297,-24.550016403198242,34.645687103271484,34.64384841918945
0.00022313174849841744,0.0,0.0,0.0,16.174274444580078,-16.1738224029541,90.0,-90.0,59.83258056640625,-59.834136962890625,107.35346984863281,-107.35374450683594,83.3031005859375,-83.30711364746094,24.556285858154297,-24.550016403198242,34.645687103271484,34.64384841918945
0.00022313174849841744,0.0,0.0,0.0,16.174274444580078,-16.1738224029541,90.0,-90.0,59.83258056640625,-59.834136962890625,107.35346984863281,-107.35374450683594,83.3031005859375,-83.30711364746094,24.556285858154297,-24.550016403198242,34.645687103271484,34.64384841918945
0.00022313174849841744,0.0,0.0,0.0,16.174274444580078,-16.1738224029541,90.0,-90.0,59.83258056640625,-59.834136962890625,107.35346984863281,-107.35374450683594,83.3031005859375,-83.30711364746094,24.556285858154297,-24.550016403198242,34.645687103271484,34.64384841918945
0.00022313174849841744,0.0,0.0,0.0,16.174274444580078,-16.1738224029541,90.0,-90.0,59.83258056640625,-59.834136962890625,107.35346984863281,-107.35374450683594,83.3031005859375,-83.30711364746094,24.556285858154297,-24.550016403198242,34.645687103271484,34.64384841918945
0.00022313174849841744,0.0,0.0,0.0,16.174274444580078,-16.1738224029541,90.0,-90.0,59.83258056640625,-59.834136962890625,107.35346984863281,-107.35374450683594,83.3031005859375,-83.30711364746094,24.556285858154297,-24.550016403198242,34.645687103271484,34.64384841918945
