Joint_L0_deg,Joint_L1_deg,Joint_L2_U_deg,Joint_L3_U_deg,Joint_L2_R_deg,Joint_L2_L_deg,Joint_L3_R_deg,Joint_L3_L_deg,Joint_L4_R_deg,Joint_L4_L_deg,Joint_L5_R_deg,Joint_L5_L_deg,Joint_L6_R_deg,Joint_L6_L_deg,Joint_L7_R_deg,Joint_L7_L_deg,Joint_L8_R_deg,Joint_L8_L_deg
0.0,0.0,0.0,0.0,0.0,0.0,79.98490905761719,-79.98490905761719,96.14231872558594,-96.14231872558594,100.0957260131836,-100.0957260131836,90.00020599365234,-90.00020599365234,0.0,0.0,0.0,0.0
-1.0628188107375536e-08,0.0,0.0,0.0,0.002103830687701702,-0.002104035345837474,79.97911071777344,-79.97911071777344,96.14566040039062,-96.14566040039062,100.08846282958984,-100.08846282958984,90.00814819335938,-90.00814819335938,-0.00801169965416193,0.008013737387955189,0.0007964323158375919,0.0007963455864228308
-4.2227430441243996e-08,0.0,0.0,0.0,0.008358843624591827,-0.008359657600522041,79.96187591552734,-79.96187591552734,96.15557861328125,-96.15557861328125,100.06686401367188,-100.06685638427734,90.03176879882812,-90.03176879882812,-0.03183171525597572,0.03183981403708458,0.003164348192512989,0.003164003835991025
-9.4369745795575e-08,0.0,0.0,0.0,0.01868032105267048,-0.018682140856981277,79.93344116210938,-79.93344116210938,96.17195129394531,-96.17195129394531,100.03121185302734,-100.03121185302734,90.07074737548828,-90.07074737548828,-0.0711374431848526,0.07115553319454193,0.007071677129715681,0.007070907391607761
-1.6662717428062024e-07,0.0,0.0,0.0,0.03298354893922806,-0.03298676013946533,79.89402770996094,-79.8940200805664,96.19464111328125,-96.19464874267578,99.98181915283203,-99.9818115234375,90.12474822998047,-90.124755859375,-0.1256062537431717,0.1256382018327713,0.012486347928643227,0.012484989129006863
-2.5857173113763565e-07,0.0,0.0,0.0,0.051183804869651794,-0.05118878558278084,79.8438720703125,-79.8438720703125,96.22351837158203,-96.22352600097656,99.9189682006836,-99.91895294189453,90.19347381591797,-90.19347381591797,-0.1949155330657959,0.19496509432792664,0.01937629096210003,0.0193741824477911
-3.6977533568460785e-07,0.0,0.0,0.0,0.07319636642932892,-0.07320348918437958,79.78321838378906,-79.78321838378906,96.2584457397461,-96.25846099853516,99.84294891357422,-99.84293365478516,90.27659606933594,-90.27659606933594,-0.27874261140823364,0.27881351113319397,0.02770942822098732,0.027706412598490715
-4.998101985620451e-07,0.0,0.0,0.0,0.0989365205168724,-0.09894614666700363,79.71229553222656,-79.71228790283203,96.29928588867188,-96.2992935180664,99.75405883789062,-99.75403594970703,90.37379455566406,-90.37379455566406,-0.3767649829387665,0.3768607974052429,0.037453699856996536,0.03744962066411972
-6.482480898739595e-07,0.0,0.0,0.0,0.12831954658031464,-0.1283320188522339,79.63133239746094,-79.6313247680664,96.34590148925781,-96.34591674804688,99.652587890625,-99.65255737304688,90.4847412109375,-90.4847412109375,-0.4886598587036133,0.48878413438796997,0.048577018082141876,0.04857173189520836
-8.14661291315133e-07,0.0,0.0,0.0,0.161260724067688,-0.1612764298915863,79.54056549072266,-79.5405502319336,96.39816284179688,-96.39818572998047,99.53882598876953,-99.53878784179688,90.60912322998047,-90.60912322998047,-0.6141048073768616,0.6142610311508179,0.06104733794927597,0.061040688306093216
-9.986217719415436e-07,0.0,0.0,0.0,0.19767536222934723,-0.19769461452960968,79.44023132324219,-79.44021606445312,96.4559326171875,-96.45596313476562,99.41307830810547,-99.41302490234375,90.74662780761719,-90.74662780761719,-0.7527772188186646,0.7529686093330383,0.07483256608247757,0.07482442259788513
-1.1997013871223317e-06,0.0,0.0,0.0,0.23747871816158295,-0.2375018149614334,79.33055114746094,-79.33053588867188,96.51908111572266,-96.51911163330078,99.27561950683594,-99.27555847167969,90.89692687988281,-90.89692687988281,-0.9043542146682739,0.9045841693878174,0.08990063518285751,0.08989085257053375
-1.4174721627568942e-06,0.0,0.0,0.0,0.2805860638618469,-0.28061339259147644,79.21177673339844,-79.21175384521484,96.58747863769531,-96.58750915527344,99.12674713134766,-99.12667846679688,91.0596923828125,-91.05970001220703,-1.0685133934020996,1.0687851905822754,0.10621947795152664,0.10620792210102081
-1.651506295274885e-06,0.0,0.0,0.0,0.32691267132759094,-0.326944500207901,79.08412170410156,-79.08409881591797,96.66097259521484,-96.66101837158203,98.96676635742188,-98.96668243408203,91.234619140625,-91.23462677001953,-1.2449320554733276,1.2452486753463745,0.1237570270895958,0.12374354898929596
-1.9013757537322817e-06,0.0,0.0,0.0,0.37637388706207275,-0.37641051411628723,78.94783782958984,-78.94780731201172,96.73944854736328,-96.73949432373047,98.79595184326172,-98.79586029052734,91.42138671875,-91.42139434814453,-1.4332876205444336,1.4336522817611694,0.14248120784759521,0.14246568083763123
-2.166652393498225e-06,0.0,0.0,0.0,0.42888495326042175,-0.4289267063140869,78.80314636230469,-78.80310821533203,96.82275390625,-96.82280731201172,98.61461639404297,-98.614501953125,91.61966705322266,-91.61967468261719,-1.6332577466964722,1.633673071861267,0.16235995292663574,0.16234226524829865
-2.446908638376044e-06,0.0,0.0,0.0,0.48436111211776733,-0.48440828919410706,78.65027618408203,-78.65025329589844,96.9107666015625,-96.91082763671875,98.42303466796875,-98.42291259765625,91.82913970947266,-91.82914733886719,-1.844519019126892,1.844988226890564,0.18336117267608643,0.18334120512008667
-2.741715888987528e-06,0.0,0.0,0.0,0.542717695236206,-0.5427705645561218,78.4894790649414,-78.48944854736328,97.00334930419922,-97.00342559814453,98.22150421142578,-98.22136688232422,92.04949951171875,-92.04950714111328,-2.0667498111724854,2.0672755241394043,0.2054528146982193,0.20543044805526733
-3.0506464554491686e-06,0.0,0.0,0.0,0.6038699746131897,-0.6039287447929382,78.32098388671875,-78.32093811035156,97.10037231445312,-97.10044860839844,98.01032257080078,-98.01016998291016,92.28040313720703,-92.28041076660156,-2.299626588821411,2.3002114295959473,0.22860278189182281,0.2285778820514679
-3.3732726478774566e-06,0.0,0.0,0.0,0.6677332520484924,-0.6677982211112976,78.14500427246094,-78.14495849609375,97.20169067382812,-97.2017822265625,97.7897720336914,-97.78961181640625,92.52155303955078,-92.52156066894531,-2.5428273677825928,2.5434741973876953,0.2527790665626526,0.25275152921676636
-3.7091663216415327e-06,0.0,0.0,0.0,0.7342227697372437,-0.7342942953109741,77.96179962158203,-77.96174621582031,97.30718231201172,-97.3072738647461,97.56016540527344,-97.55997467041016,92.77261352539062,-92.77262115478516,-2.796029567718506,2.7967405319213867,0.2779495418071747,0.27791929244995117
-4.057898877363186e-06,0.0,0.0,0.0,0.803253710269928,-0.8033319711685181,77.77159118652344,-77.77153015136719,97.41670227050781,-97.41680145263672,97.32176971435547,-97.32157135009766,93.03327941894531,-93.03328704833984,-3.0589096546173096,3.059687614440918,0.30408206582069397,0.30404898524284363
-4.419043307279935e-06,0.0,0.0,0.0,0.8747416734695435,-0.8748268485069275,77.57461547851562,-77.57454681396484,97.53012084960938,-97.53023529052734,97.07489013671875,-97.07466888427734,93.30321502685547,-93.30322265625,-3.331146478652954,3.331993579864502,0.331144779920578,0.3311087489128113
-4.792171694134595e-06,0.0,0.0,0.0,0.9486017823219299,-0.9486940503120422,77.37109375,-77.37102508544922,97.64730072021484,-97.64742279052734,96.81982421875,-96.81958770751953,93.58209991455078,-93.58211517333984,-3.6124167442321777,3.613335371017456,0.3591054379940033,0.359066367149353
-5.176854756427929e-06,0.0,0.0,0.0,1.0247490406036377,-1.0248488187789917,77.16127014160156,-77.16120147705078,97.76811218261719,-97.76824188232422,96.55685424804688,-96.55659484863281,93.86963653564453,-93.86964416503906,-3.9023971557617188,3.9033892154693604,0.38793203234672546,0.3878897726535797
-5.5726654863974545e-06,0.0,0.0,0.0,1.1030991077423096,-1.1032065153121948,76.94538116455078,-76.94530487060547,97.89241790771484,-97.8925552368164,96.2862777709961,-96.28600311279297,94.16548156738281,-94.16549682617188,-4.200765132904053,4.201833724975586,0.41759243607521057,0.41754695773124695
-5.979175966785988e-06,0.0,0.0,0.0,1.1835670471191406,-1.1836822032928467,76.7236557006836,-76.72357940673828,98.02008056640625,-98.02023315429688,96.00839233398438,-96.00809478759766,94.46932983398438,-94.46934509277344,-4.507199287414551,4.508345603942871,0.44805461168289185,0.4480058252811432
-6.3959587350836955e-06,0.0,0.0,0.0,1.266068458557129,-1.2661917209625244,76.49633026123047,-76.4962387084961,98.15097045898438,-98.15113067626953,95.72348022460938,-95.72315979003906,94.78084564208984,-94.7808609008789,-4.821376800537109,4.82260274887085,0.4792866110801697,0.4792344272136688
-6.82258405504399e-06,0.0,0.0,0.0,1.3505181074142456,-1.3506495952606201,76.26363372802734,-76.26354217529297,98.28495788574219,-98.28512573242188,95.43183898925781,-95.43150329589844,95.0997314453125,-95.09974670410156,-5.142973899841309,5.14428186416626,0.5112560987472534,0.5112004280090332
-7.2586240094096866e-06,0.0,0.0,0.0,1.4368315935134888,-1.4369715452194214,76.02580261230469,-76.02570343017578,98.42189025878906,-98.42208099365234,95.1337661743164,-95.13340759277344,95.42564392089844,-95.42566680908203,-5.471668243408203,5.47305965423584,0.5439311861991882,0.5438719391822815
-7.703653864155058e-06,0.0,0.0,0.0,1.524924397468567,-1.5250728130340576,75.78306579589844,-75.78296661376953,98.56165313720703,-98.56185150146484,94.82955169677734,-94.82916259765625,95.75828552246094,-95.75830078125,-5.807138919830322,5.808615207672119,0.5772798657417297,0.5772169828414917
-8.157241609296761e-06,0.0,0.0,0.0,1.6147112846374512,-1.6148685216903687,75.5356674194336,-75.53555297851562,98.7041015625,-98.70430755615234,94.51947784423828,-94.51907348632812,96.09732055664062,-96.09733581542969,-6.1490607261657715,6.1506242752075195,0.6112698316574097,0.6112032532691956
-8.618962056061719e-06,0.0,0.0,0.0,1.7061078548431396,-1.7062739133834839,75.28382873535156,-75.28370666503906,98.84910583496094,-98.84932708740234,94.20384979248047,-94.20342254638672,96.44242858886719,-96.44245147705078,-6.497112274169922,6.498764514923096,0.6458691954612732,0.6457988619804382
-9.08838501345599e-06,0.0,0.0,0.0,1.7990293502807617,-1.7992045879364014,75.02778625488281,-75.02766418457031,98.99652862548828,-98.99675750732422,93.88294982910156,-93.88249969482422,96.79329681396484,-96.79331970214844,-6.850971221923828,6.852713584899902,0.6810458302497864,0.6809717416763306
-9.565083928464446e-06,0.0,0.0,0.0,1.8933910131454468,-1.8935754299163818,74.76777648925781,-74.76764678955078,99.14623260498047,-99.146484375,93.55708312988281,-93.55661010742188,97.14960479736328,-97.14962768554688,-7.210314750671387,7.2121477127075195,0.7167676091194153,0.7166896462440491
-1.004863042908255e-05,0.0,0.0,0.0,1.9891082048416138,-1.9893020391464233,74.50403594970703,-74.50389862060547,99.298095703125,-99.29834747314453,93.22653198242188,-93.22603607177734,97.51103210449219,-97.51105499267578,-7.574820041656494,7.576745986938477,0.7530026435852051,0.7529206871986389
-1.0538597962295171e-05,0.0,0.0,0.0,2.0860962867736816,-2.086299419403076,74.23678588867188,-74.23664093017578,99.45196533203125,-99.45223236083984,92.89159393310547,-92.89107513427734,97.87725067138672,-97.87728118896484,-7.944164752960205,7.946185111999512,0.789718747138977,0.7896327972412109
-1.1034555427613668e-05,0.0,0.0,0.0,2.1842703819274902,-2.184483051300049,73.96627807617188,-73.96612548828125,99.60772705078125,-99.60800170898438,92.55255889892578,-92.55201721191406,98.24795532226562,-98.24798583984375,-8.318026542663574,8.320141792297363,0.8268837928771973,0.8267938494682312
-1.1536077181517612e-05,0.0,0.0,0.0,2.283545732498169,-2.2837679386138916,73.6927261352539,-73.69257354736328,99.76522827148438,-99.76551818847656,92.209716796875,-92.20915222167969,98.62281799316406,-98.62284088134766,-8.69608211517334,8.69829273223877,0.8644657135009766,0.864371657371521
-1.2042733942507766e-05,0.0,0.0,0.0,2.3838374614715576,-2.3840694427490234,73.4163818359375,-73.41621398925781,99.92434692382812,-99.92465209960938,91.86337280273438,-91.86277770996094,99.00151824951172,-99.00154113769531,-9.078006744384766,9.080315589904785,0.9024324417114258,0.9023342728614807
-1.2554102795547806e-05,0.0,0.0,0.0,2.4850618839263916,-2.4853036403656006,73.13745880126953,-73.13729095458984,100.08494567871094,-100.08525848388672,91.51380920410156,-91.51318359375,99.38374328613281,-99.3837661743164,-9.463484764099121,9.46589183807373,0.9407522678375244,0.9406499266624451
-1.306974718318088e-05,0.0,0.0,0.0,2.587132692337036,-2.5873844623565674,72.85621643066406,-72.85603332519531,100.24687957763672,-100.24720764160156,91.16131591796875,-91.1606674194336,99.76915740966797,-99.7691879272461,-9.85218620300293,9.854691505432129,0.9793925881385803,0.9792859554290771
-1.3589244190370664e-05,0.0,0.0,0.0,2.6899662017822266,-2.690228223800659,72.57286071777344,-72.57266998291016,100.41002655029297,-100.41036987304688,90.80618286132812,-90.80551147460938,100.1574478149414,-100.15748596191406,-10.243791580200195,10.246397018432617,1.0183215141296387,1.0182106494903564
-1.4112164535617922e-05,0.0,0.0,0.0,2.7934772968292236,-2.7937493324279785,72.28764343261719,-72.28744506835938,100.57424926757812,-100.5746078491211,90.44872283935547,-90.4480209350586,100.54830932617188,-100.54833984375,-10.63797664642334,10.640682220458984,1.057507038116455,1.057391881942749
-1.463808166590752e-05,0.0,0.0,0.0,2.8975818157196045,-2.8978638648986816,72.00078582763672,-72.00057983398438,100.73941802978516,-100.73978424072266,90.08920288085938,-90.0884780883789,100.94140625,-100.94144439697266,-11.034422874450684,11.037227630615234,1.0969170331954956,1.0967977046966553
-1.5166565390245523e-05,0.0,0.0,0.0,3.002194404602051,-3.00248646736145,71.71253204345703,-71.71231842041016,100.90538787841797,-100.90576934814453,89.72793579101562,-89.7271957397461,101.33641815185547,-101.3364486694336,-11.432802200317383,11.435709953308105,1.136519432067871,1.136395812034607
-1.5697192793595605e-05,0.0,0.0,0.0,3.1072306632995605,-3.1075334548950195,71.42311096191406,-71.42288970947266,101.07202911376953,-101.07242584228516,89.36520385742188,-89.36442565917969,101.7330322265625,-101.73307037353516,-11.832797050476074,11.835805892944336,1.1762824058532715,1.176154375076294
-1.6229527318500914e-05,0.0,0.0,0.0,3.2126057147979736,-3.212918519973755,71.13275909423828,-71.13253784179688,101.23921203613281,-101.23961639404297,89.00129699707031,-89.00050354003906,102.13092803955078,-102.13096618652344,-12.23408031463623,12.237191200256348,1.2161734104156494,1.2160409688949585
-1.676314786891453e-05,0.0,0.0,0.0,3.318234920501709,-3.3185579776763916,70.84170532226562,-70.84147644042969,101.40679168701172,-101.40721893310547,88.63652038574219,-88.63569641113281,102.52977752685547,-102.52982330322266,-12.636331558227539,12.639545440673828,1.2561607360839844,1.2560240030288696
-1.7297625163337216e-05,0.0,0.0,0.0,3.4240338802337646,-3.4243671894073486,70.55017852783203,-70.54994201660156,101.57464599609375,-101.57508087158203,88.27115631103516,-88.27030181884766,102.92927551269531,-102.92931365966797,-13.039230346679688,13.042546272277832,1.2962123155593872,1.296071171760559
-1.7832529920269735e-05,0.0,0.0,0.0,3.5299172401428223,-3.5302608013153076,70.25843048095703,-70.2581787109375,101.74263763427734,-101.74308776855469,87.90550231933594,-87.90461730957031,103.32908630371094,-103.3291244506836,-13.442449569702148,13.445867538452148,1.3362958431243896,1.3361502885818481
-1.836743285821285e-05,0.0,0.0,0.0,3.6358001232147217,-3.6361541748046875,69.96666717529297,-69.96641540527344,101.91061401367188,-101.91107940673828,87.53984832763672,-87.53893280029297,103.72889709472656,-103.72894287109375,-13.845667839050293,13.849188804626465,1.376379132270813,1.3762294054031372
-1.890191197162494e-05,0.0,0.0,0.0,3.7415990829467773,-3.7419636249542236,69.67514038085938,-69.67488098144531,102.0784683227539,-102.07894897460938,87.17447662353516,-87.17353820800781,104.1283950805664,-104.12843322753906,-14.248566627502441,14.252189636230469,1.4164308309555054,1.4162765741348267
-1.9435530703049153e-05,0.0,0.0,0.0,3.8472282886505127,-3.847602605819702,69.38409423828125,-69.38381958007812,102.24605560302734,-102.24654388427734,86.80970001220703,-86.80873107910156,104.5272445678711,-104.52729034423828,-14.65081787109375,14.654542922973633,1.4564180374145508,1.4562593698501587
-1.9967870684922673e-05,0.0,0.0,0.0,3.952603578567505,-3.952988624572754,69.09373474121094,-69.09346008300781,102.41323852539062,-102.41374206542969,86.44579315185547,-86.4448013305664,104.92514038085938,-104.92518615722656,-15.052103042602539,15.055931091308594,1.4963092803955078,1.4961464405059814
-2.0498493540799245e-05,0.0,0.0,0.0,4.057640075683594,-4.058034896850586,68.80431365966797,-68.80403137207031,102.57987976074219,-102.58039855957031,86.08306121826172,-86.08204650878906,105.3217544555664,-105.32180786132812,-15.452095985412598,15.456025123596191,1.536072015762329,1.535904884338379
-2.102697908412665e-05,0.0,0.0,0.0,4.162252426147461,-4.162657737731934,68.51605987548828,-68.5157699584961,102.745849609375,-102.74637603759766,85.72179412841797,-85.72075653076172,105.71676635742188,-105.71681213378906,-15.85047721862793,15.854506492614746,1.5756745338439941,1.5755029916763306
-2.155289621441625e-05,0.0,0.0,0.0,4.266356945037842,-4.266772270202637,68.22920227050781,-68.22891235351562,102.91101837158203,-102.91156005859375,85.36227416992188,-85.36121368408203,106.10986328125,-106.10991668701172,-16.24692153930664,16.251054763793945,1.6150845289230347,1.6149088144302368
-2.2075813831179403e-05,0.0,0.0,0.0,4.36986780166626,-4.370293140411377,67.9439926147461,-67.94367980957031,103.07524108886719,-103.07579040527344,85.00481414794922,-85.00372314453125,106.50071716308594,-106.50077056884766,-16.64110565185547,16.645336151123047,1.6542699337005615,1.6540898084640503
-2.2595313566853292e-05,0.0,0.0,0.0,4.472701549530029,-4.473136901855469,67.66063690185547,-67.66032409667969,103.23838806152344,-103.23896026611328,84.6496810913086,-84.64856719970703,106.88902282714844,-106.88906860351562,-17.032712936401367,17.037044525146484,1.6931990385055542,1.6930147409439087
-2.3110958863981068e-05,0.0,0.0,0.0,4.574772834777832,-4.575218200683594,67.37938690185547,-67.37906646728516,103.40032196044922,-103.40090942382812,84.29719543457031,-84.29605102539062,107.2744369506836,-107.27449035644531,-17.42141342163086,17.425844192504883,1.7318392992019653,1.7316508293151855
-2.3622325898031704e-05,0.0,0.0,0.0,4.675996780395508,-4.676451683044434,67.10047149658203,-67.10014343261719,103.56092071533203,-103.56151580810547,83.94762420654297,-83.94645690917969,107.65665435791016,-107.6567153930664,-17.8068904876709,17.811418533325195,1.7701590061187744,1.7699662446975708
-2.4128981749527156e-05,0.0,0.0,0.0,4.7762885093688965,-4.7767534255981445,66.8241195678711,-66.82378387451172,103.72003936767578,-103.72064208984375,83.60128021240234,-83.60008239746094,108.03535461425781,-108.03541564941406,-18.188817977905273,18.19344139099121,1.8081258535385132,1.8079291582107544
-2.4630504412925802e-05,0.0,0.0,0.0,4.875564098358154,-4.876038551330566,66.55056762695312,-66.55023193359375,103.8775405883789,-103.87816619873047,83.25843811035156,-83.25721740722656,108.41021728515625,-108.41027069091797,-18.566871643066406,18.57159423828125,1.8457077741622925,1.8455069065093994
-2.5126462787739e-05,0.0,0.0,0.0,4.973737716674805,-4.974222183227539,66.28005981445312,-66.27970886230469,104.03329467773438,-104.033935546875,82.91940307617188,-82.91815948486328,108.78092193603516,-108.78097534179688,-18.940732955932617,18.94554901123047,1.8828729391098022,1.8826677799224854
-2.5616427592467517e-05,0.0,0.0,0.0,5.070725440979004,-5.071218967437744,66.0128173828125,-66.01245880126953,104.18716430664062,-104.18781280517578,82.58446502685547,-82.58320617675781,109.14714050292969,-109.1471939086914,-19.310077667236328,19.314987182617188,1.919588565826416,1.919379711151123
-2.609997864055913e-05,0.0,0.0,0.0,5.166443347930908,-5.166946887969971,65.74906921386719,-65.74870300292969,104.33902740478516,-104.33968353271484,82.25391387939453,-82.25262451171875,109.5085678100586,-109.50862884521484,-19.674585342407227,19.679588317871094,1.9558240175247192,1.955611228942871
-2.657667573657818e-05,0.0,0.0,0.0,5.260804653167725,-5.261316776275635,65.48906707763672,-65.48869323730469,104.48873138427734,-104.48941040039062,81.92804718017578,-81.9267349243164,109.86487579345703,-109.86493682861328,-20.033926010131836,20.03902244567871,1.9915456771850586,1.9913288354873657
-2.7046100512961857e-05,0.0,0.0,0.0,5.353726387023926,-5.354247570037842,65.23301696777344,-65.2326431274414,104.63615417480469,-104.6368408203125,81.60714721679688,-81.6058120727539,110.21574401855469,-110.21580505371094,-20.387786865234375,20.39297103881836,2.0267224311828613,2.0265018939971924
-2.7507820050232112e-05,0.0,0.0,0.0,5.445123195648193,-5.445653438568115,64.98118591308594,-64.98080444335938,104.78115844726562,-104.7818603515625,81.29151916503906,-81.2901611328125,110.56085205078125,-110.56092071533203,-20.735837936401367,20.741113662719727,2.061321973800659,2.0610976219177246
-2.7961406885879114e-05,0.0,0.0,0.0,5.534910202026367,-5.5354485511779785,64.73377990722656,-64.73339080810547,104.92361450195312,-104.92431640625,80.9814453125,-80.98007202148438,110.89988708496094,-110.89995574951172,-21.077760696411133,21.083120346069336,2.0953116416931152,2.095083713531494
-2.840643355739303e-05,0.0,0.0,0.0,5.623002529144287,-5.623549938201904,64.49104309082031,-64.49065399169922,105.06336975097656,-105.0640869140625,80.67723083496094,-80.67582702636719,111.23252868652344,-111.23258972167969,-21.41322898864746,21.41867446899414,2.128660202026367,2.1284286975860596
-2.884247987822164e-05,0.0,0.0,0.0,5.709316253662109,-5.709872245788574,64.25321960449219,-64.25281524658203,105.20030975341797,-105.20104217529297,80.37915802001953,-80.37773132324219,111.55844116210938,-111.55850982666016,-21.741924285888672,21.747453689575195,2.1613354682922363,2.161100149154663
-2.9269102014950477e-05,0.0,0.0,0.0,5.793766021728516,-5.79433012008667,64.02051544189453,-64.0201187133789,105.33428955078125,-105.33503723144531,80.08751678466797,-80.08606719970703,111.87732696533203,-111.87739562988281,-22.063522338867188,22.069133758544922,2.193305015563965,2.193066358566284
-2.968588705698494e-05,0.0,0.0,0.0,5.876267433166504,-5.876839637756348,63.793190002441406,-63.79277801513672,105.4651870727539,-105.46593475341797,79.80260467529297,-79.80113983154297,112.18885040283203,-112.18891906738281,-22.37769889831543,22.383390426635742,2.2245371341705322,2.224294900894165
-3.0092394808889367e-05,0.0,0.0,0.0,5.956735134124756,-5.957314968109131,63.571468353271484,-63.57105255126953,105.59284973144531,-105.59361267089844,79.52471923828125,-79.52323150634766,112.49269104003906,-112.49275970458984,-22.684131622314453,22.689903259277344,2.2549991607666016,2.254753589630127
-3.0488206903100945e-05,0.0,0.0,0.0,6.035085201263428,-6.035673141479492,63.35557174682617,-63.35515594482422,105.71714782714844,-105.7179183959961,79.25414276123047,-79.25263214111328,112.78854370117188,-112.78861236572266,-22.982501983642578,22.98834800720215,2.2846596240997314,2.2844109535217285
-3.0872888601152226e-05,0.0,0.0,0.0,6.111232280731201,-6.1118268966674805,63.145755767822266,-63.14533233642578,105.83795928955078,-105.83873748779297,78.99117279052734,-78.9896469116211,113.0760726928711,-113.07614135742188,-23.27248191833496,23.278400421142578,2.313486099243164,2.3132340908050537
-3.124601425952278e-05,0.0,0.0,0.0,6.185092449188232,-6.185694217681885,62.94224166870117,-62.94180679321289,105.95513916015625,-105.9559326171875,78.7361068725586,-78.73456573486328,113.35496520996094,-113.35503387451172,-23.55375099182129,23.55974006652832,2.3414466381073,2.3411917686462402
-3.160716005368158e-05,0.0,0.0,0.0,6.256580352783203,-6.257189750671387,62.745262145996094,-62.74482345581055,106.06856536865234,-106.0693588256836,78.48922729492188,-78.4876708984375,113.6249008178711,-113.62496948242188,-23.82598876953125,23.832048416137695,2.368509531021118,2.3682515621185303
-3.1955896702129394e-05,0.0,0.0,0.0,6.325611591339111,-6.32622766494751,62.55504608154297,-62.554603576660156,106.1780776977539,-106.17889404296875,78.2508316040039,-78.24925994873047,113.88555908203125,-113.88563537597656,-24.088871002197266,24.094995498657227,2.3946421146392822,2.394381523132324
-3.2291787647409365e-05,0.0,0.0,0.0,6.392100811004639,-6.392723083496094,62.37184143066406,-62.371395111083984,106.2835693359375,-106.28438568115234,78.02122497558594,-78.01962280273438,114.1366195678711,-114.1366958618164,-24.342069625854492,24.3482608795166,2.4198124408721924,2.419548988342285
-3.261441452195868e-05,0.0,0.0,0.0,6.4559645652771,-6.456593036651611,62.195865631103516,-62.19541549682617,106.3848876953125,-106.3857192993164,77.80067443847656,-77.79906463623047,114.37776947021484,-114.37784576416016,-24.58527183532715,24.591524124145508,2.443988800048828,2.443722724914551
-3.29233480442781e-05,0.0,0.0,0.0,6.517117023468018,-6.517751216888428,62.027366638183594,-62.02690887451172,106.4819107055664,-106.48274230957031,77.58949279785156,-77.5878677368164,114.60867309570312,-114.60875701904297,-24.81814956665039,24.824460983276367,2.4671387672424316,2.4668703079223633
-3.3218155294889584e-05,0.0,0.0,0.0,6.575473308563232,-6.576113700866699,61.86656951904297,-61.86610412597656,106.57449340820312,-106.57533264160156,77.3879623413086,-77.38632202148438,114.82903289794922,-114.8291015625,-25.040380477905273,25.0467472076416,2.4892303943634033,2.488959550857544
-3.34984106302727e-05,0.0,0.0,0.0,6.630949020385742,-6.631594657897949,61.71370315551758,-61.7132453918457,106.66250610351562,-106.6633529663086,77.19638061523438,-77.19473266601562,115.03849792480469,-115.03858184814453,-25.25164222717285,25.2580623626709,2.5102314949035645,2.509958267211914
-3.3763684768928215e-05,0.0,0.0,0.0,6.683460712432861,-6.68411111831665,61.56901168823242,-61.56855010986328,106.74581909179688,-106.74667358398438,77.01504516601562,-77.01337432861328,115.23677825927734,-115.23686218261719,-25.451610565185547,25.458084106445312,2.5301103591918945,2.529834747314453
-3.40135557053145e-05,0.0,0.0,0.0,6.732921600341797,-6.733577251434326,61.43273162841797,-61.43225860595703,106.82428741455078,-106.82514953613281,76.84423065185547,-76.8425521850586,115.42354583740234,-115.42362976074219,-25.63996696472168,25.646486282348633,2.5488345623016357,2.5485570430755615
-3.424758688197471e-05,0.0,0.0,0.0,6.779247760772705,-6.779908180236816,61.30507278442383,-61.304603576660156,106.89778900146484,-106.8986587524414,76.68424987792969,-76.68255615234375,115.59848022460938,-115.59856414794922,-25.81638526916504,25.82295036315918,2.5663721561431885,2.5660927295684814
-3.446535629336722e-05,0.0,0.0,0.0,6.822354793548584,-6.823019027709961,61.18629837036133,-61.18582534790039,106.96617889404297,-106.96704864501953,76.53538513183594,-76.53367614746094,115.76124572753906,-115.7613296508789,-25.98054313659668,25.987150192260742,2.582690715789795,2.582409620285034
-3.46664382959716e-05,0.0,0.0,0.0,6.862158298492432,-6.862826347351074,61.07662582397461,-61.07614517211914,107.02933502197266,-107.03020477294922,76.3979263305664,-76.39620971679688,115.91155242919922,-115.91162872314453,-26.13212013244629,26.138765335083008,2.5977590084075928,2.5974762439727783
-3.485039997030981e-05,0.0,0.0,0.0,6.898573398590088,-6.899245262145996,60.97628402709961,-60.97580337524414,107.08710479736328,-107.08798217773438,76.27217102050781,-76.27044677734375,116.04905700683594,-116.04913330078125,-26.270793914794922,26.277475357055664,2.611544132232666,2.611259937286377
-3.5016812034882605e-05,0.0,0.0,0.0,6.931514739990234,-6.932189464569092,60.88551712036133,-60.885032653808594,107.13936614990234,-107.14025115966797,76.15841674804688,-76.15667724609375,116.17343139648438,-116.17351531982422,-26.396238327026367,26.402950286865234,2.624014377593994,2.6237287521362305
-3.516524884616956e-05,0.0,0.0,0.0,6.960897922515869,-6.961575031280518,60.80455017089844,-60.8040657043457,107.18598175048828,-107.1868667602539,76.05693817138672,-76.0551986694336,116.28437805175781,-116.28446197509766,-26.508132934570312,26.514875411987305,2.6351377964019775,2.6348509788513184
-3.529528476065025e-05,0.0,0.0,0.0,6.986638069152832,-6.98731803894043,60.73362731933594,-60.7331428527832,107.22682189941406,-107.22770690917969,75.96804809570312,-75.96630096435547,116.38157653808594,-116.38166046142578,-26.606157302856445,26.61292266845703,2.6448822021484375,2.644594192504883
-3.540649049682543e-05,0.0,0.0,0.0,7.008650779724121,-7.009332656860352,60.6729736328125,-60.672481536865234,107.2617416381836,-107.26263427734375,75.89202880859375,-75.8902816772461,116.4646987915039,-116.46478271484375,-26.68998146057129,26.69676971435547,2.653215169906616,2.652926445007324
-3.5498433135217056e-05,0.0,0.0,0.0,7.026850700378418,-7.0275349617004395,60.62282180786133,-60.62233352661133,107.29061889648438,-107.29151916503906,75.82917785644531,-75.82742309570312,116.5334243774414,-116.53350830078125,-26.759292602539062,26.766098022460938,2.6601054668426514,2.659815788269043
-3.557069067028351e-05,0.0,0.0,0.0,7.041153907775879,-7.041839122772217,60.58340835571289,-60.582916259765625,107.31330871582031,-107.314208984375,75.77978515625,-75.77802276611328,116.5874252319336,-116.58750915527344,-26.81376075744629,26.820579528808594,2.6655197143554688,2.6652297973632812
-3.562283382052556e-05,0.0,0.0,0.0,7.051475524902344,-7.052161693572998,60.554969787597656,-60.55447769165039,107.32968139648438,-107.33058166503906,75.74413299560547,-75.74237823486328,116.62639617919922,-116.62648010253906,-26.85306739807129,26.85989761352539,2.6694273948669434,2.6691367626190186
-3.5654433304443955e-05,0.0,0.0,0.0,7.057730674743652,-7.058417797088623,60.53773498535156,-60.5372428894043,107.33960723876953,-107.34050750732422,75.7225341796875,-75.72077941894531,116.65003204345703,-116.65010833740234,-26.876888275146484,26.88372230529785,2.671795129776001,2.671504497528076
-3.566505984053947e-05,0.0,0.0,0.0,7.0598344802856445,-7.060521602630615,60.53193664550781,-60.53144454956055,107.34294891357422,-107.3438491821289,75.71527099609375,-75.71350860595703,116.65796661376953,-116.65805053710938,-26.884899139404297,26.891735076904297,2.6725916862487793,2.6723005771636963
-3.566505984053947e-05,0.0,0.0,0.0,7.0598344802856445,-7.060521602630615,60.53193664550781,-60.53144454956055,107.34294891357422,-107.3438491821289,75.71527099609375,-75.71350860595703,116.65796661376953,-116.65805053710938,-26.884899139404297,26.891735076904297,2.6725916862487793,2.6723005771636963
-3.566505984053947e-05,0.0,0.0,0.0,7.0598344802856445,-7.060521602630615,60.53193664550781,-60.53144454956055,107.34294891357422,-107.3438491821289,75.71527099609375,-75.71350860595703,116.65796661376953,-116.65805053710938,-26.884899139404297,26.891735076904297,2.6725916862487793,2.6723005771636963
-3.566505984053947e-05,0.0,0.0,0.0,7.0598344802856445,-7.060521602630615,60.53193664550781,-60.53144454956055,107.34294891357422,-107.3438491821289,75.71527099609375,-75.71350860595703,116.65796661376953,-116.65805053710938,-26.884899139404297,26.891735076904297,2.6725916862487793,2.6723005771636963
-5.202016109251417e-05,0.0,0.0,0.0,6.999342918395996,-7.000027656555176,60.67550277709961,-60.67502975463867,107.29154205322266,-107.29242706298828,75.94205474853516,-75.9403076171875,116.59745025634766,-116.59751892089844,-26.728744506835938,26.735565185546875,2.7508468627929688,2.7505526542663574
-5.202016109251417e-05,0.0,0.0,0.0,6.999342918395996,-7.000027656555176,60.67550277709961,-60.67502975463867,107.29154205322266,-107.29242706298828,75.94205474853516,-75.9403076171875,116.59745025634766,-116.59751892089844,-26.728744506835938,26.735565185546875,2.7508468627929688,2.7505526542663574
-3.2410047424491495e-05,0.0,0.0,0.0,6.910329341888428,-6.91104793548584,60.84897994995117,-60.84849548339844,107.23919677734375,-107.24008178710938,76.25518798828125,-76.25349426269531,116.53779602050781,-116.53788757324219,-26.530899047851562,26.53771209716797,2.874690055847168,2.87445068359375
-4.388263187138364e-05,0.0,0.0,0.0,6.854362487792969,-6.85504674911499,60.96006774902344,-60.959590911865234,107.20431518554688,-107.2052001953125,76.45413208007812,-76.45238494873047,116.498046875,-116.49813842773438,-26.404491424560547,26.41131591796875,2.953249216079712,2.952984094619751
-2.2404889023164287e-05,0.0,0.0,0.0,6.790984630584717,-6.791683197021484,61.08674621582031,-61.08626174926758,107.1642074584961,-107.16509246826172,76.68011474609375,-76.67840576171875,116.4522933959961,-116.4524154663086,-26.26055908203125,26.26740264892578,3.0422990322113037,3.0420546531677246
-2.3365384549833834e-05,0.0,0.0,0.0,6.720827102661133,-6.721523284912109,61.22868347167969,-61.22825622558594,107.11824035644531,-107.11911010742188,76.93187713623047,-76.93019104003906,116.39984130859375,-116.39998626708984,-26.099607467651367,26.10643196105957,3.1412925720214844,3.1410775184631348
-2.5473136702203192e-05,0.0,0.0,0.0,6.644378662109375,-6.645086288452148,61.38554000854492,-61.38509750366211,107.06617736816406,-107.06706237792969,77.20824432373047,-77.20655059814453,116.34044647216797,-116.34059143066406,-25.92212677001953,25.92894744873047,3.2497661113739014,3.2495431900024414
-2.5179651856888086e-05,0.0,0.0,0.0,6.5621514320373535,-6.562853813171387,61.55693054199219,-61.55647277832031,107.00778198242188,-107.0086669921875,77.50798034667969,-77.50625610351562,116.2737808227539,-116.2739486694336,-25.728683471679688,25.73552131652832,3.367081880569458,3.3668606281280518
-2.0830742869293317e-05,0.0,0.0,0.0,6.474605560302734,-6.475313186645508,61.74242401123047,-61.74199295043945,106.94285583496094,-106.94373321533203,77.82978820800781,-77.82808685302734,116.19963073730469,-116.19979858398438,-25.519838333129883,25.52666473388672,3.492769241333008,3.4925575256347656
-2.9688644644920714e-05,0.0,0.0,0.0,6.382251739501953,-6.382970333099365,61.941680908203125,-61.941246032714844,106.8710708618164,-106.87197875976562,78.17252349853516,-78.1707763671875,116.11766052246094,-116.11785888671875,-25.29615592956543,25.30299949645996,3.6262643337249756,3.626049280166626
-1.8002618162427098e-05,0.0,0.0,0.0,6.285634517669678,-6.286355495452881,62.15433883666992,-62.153907775878906,106.79220581054688,-106.79310607910156,78.53475952148438,-78.53304290771484,116.0275650024414,-116.02775573730469,-25.058168411254883,25.065004348754883,3.7669572830200195,3.7667336463928223
-1.5814823200344108e-05,0.0,0.0,0.0,6.18520450592041,-6.1859307289123535,62.37992858886719,-62.37953186035156,106.70599365234375,-106.70687103271484,78.91533660888672,-78.91364288330078,115.92903137207031,-115.92928314208984,-24.806495666503906,24.81334114074707,3.9143776893615723,3.9142067432403564
-5.6229000620078295e-06,0.0,0.0,0.0,6.081475257873535,-6.082216739654541,62.61815643310547,-62.61775588989258,106.6121597290039,-106.61304473876953,79.31287384033203,-79.31118774414062,115.82176971435547,-115.82202911376953,-24.541667938232422,24.548507690429688,4.067892074584961,4.0677490234375
9.851747563516255e-06,0.0,0.0,0.0,5.9749603271484375,-5.9757256507873535,62.86860656738281,-62.86820983886719,106.51044464111328,-106.51133728027344,79.72616577148438,-79.7245101928711,115.70551300048828,-115.705810546875,-24.264244079589844,24.27108383178711,4.2270684242248535,4.226960182189941
3.044903678528499e-05,0.0,0.0,0.0,5.866118907928467,-5.866888046264648,63.13090515136719,-63.130523681640625,106.40058898925781,-106.4014892578125,80.1539077758789,-80.15226745605469,115.57990264892578,-115.58021545410156,-23.974794387817383,23.981624603271484,4.391306400299072,4.391218185424805
3.317043956485577e-05,0.0,0.0,0.0,5.755457878112793,-5.756196975708008,63.404693603515625,-63.40431213378906,106.28233337402344,-106.2832260131836,80.5948257446289,-80.59317016601562,115.44473266601562,-115.44503021240234,-23.673873901367188,23.680727005004883,4.560153007507324,4.560031414031982
5.077952300780453e-05,0.0,0.0,0.0,5.643336772918701,-5.644097328186035,63.68958282470703,-63.6891975402832,106.15546417236328,-106.15635681152344,81.04762268066406,-81.04598999023438,115.29962921142578,-115.29998779296875,-23.36205291748047,23.368919372558594,4.732960224151611,4.732923984527588
4.2401868995511904e-05,0.0,0.0,0.0,5.530269622802734,-5.531052112579346,63.98515701293945,-63.98480987548828,106.01974487304688,-106.0206527709961,81.5110855102539,-81.50946044921875,115.14444732666016,-115.14483642578125,-23.039905548095703,23.04676628112793,4.909449577331543,4.909364223480225
7.858052413212135e-05,0.0,0.0,0.0,5.416615962982178,-5.417420387268066,64.2911376953125,-64.290771484375,105.87495422363281,-105.87586212158203,81.98388671875,-81.98231506347656,114.97888946533203,-114.97930908203125,-22.70795440673828,22.714826583862305,5.088924884796143,5.088925838470459
6.433318048948422e-05,0.0,0.0,0.0,5.302855968475342,-5.303636074066162,64.6070785522461,-64.60672760009766,105.72090911865234,-105.72183227539062,82.46501922607422,-82.46338653564453,114.80278778076172,-114.8031997680664,-22.366748809814453,22.37363052368164,5.271128177642822,5.271065711975098
8.183554018614814e-05,0.0,0.0,0.0,5.189315319061279,-5.19010591506958,64.93262481689453,-64.93231201171875,105.55742645263672,-105.55833435058594,82.95301818847656,-82.95143127441406,114.61587524414062,-114.61632537841797,-22.016849517822266,22.023723602294922,5.455432891845703,5.4554314613342285
8.423678082181141e-05,0.0,0.0,0.0,5.076336860656738,-5.077136039733887,65.2674560546875,-65.26712036132812,105.3843765258789,-105.38529205322266,83.44690704345703,-83.44532775878906,114.41802978515625,-114.41848754882812,-21.65874481201172,21.66564178466797,5.641507148742676,5.64150333404541
8.573088416596875e-05,0.0,0.0,0.0,4.9642839431762695,-4.965086936950684,65.61119079589844,-65.61087036132812,105.20158386230469,-105.2025146484375,83.94548034667969,-83.94387817382812,114.20907592773438,-114.20956420898438,-21.29298210144043,21.299880981445312,5.82891845703125,5.828904151916504
9.853748633759096e-05,0.0,0.0,0.0,4.8534464836120605,-4.854274272918701,65.96345520019531,-65.96315002441406,105.00897216796875,-105.00990295410156,84.44759368896484,-84.44603729248047,113.9889144897461,-113.9894027709961,-20.920089721679688,20.926958084106445,6.017276287078857,6.017308712005615
0.0001030731582432054,0.0,0.0,0.0,4.744156837463379,-4.7449750900268555,66.32391357421875,-66.3236312866211,104.80644226074219,-104.807373046875,84.9521713256836,-84.95059204101562,113.75740051269531,-113.7579574584961,-20.540517807006836,20.54741859436035,6.206180572509766,6.206235885620117
0.00011214450205443427,0.0,0.0,0.0,4.636647701263428,-4.637486934661865,66.69218444824219,-66.69194030761719,104.59394073486328,-104.5948715209961,85.45811462402344,-85.45658874511719,113.51454162597656,-113.51509857177734,-20.15482521057129,20.161712646484375,6.39530611038208,6.395368576049805
0.00010995670891134068,0.0,0.0,0.0,4.531188488006592,-4.532033920288086,67.06795501708984,-67.06771087646484,104.37139129638672,-104.37232971191406,85.96443176269531,-85.96292114257812,113.26023864746094,-113.26081848144531,-19.763479232788086,19.770389556884766,6.5842814445495605,6.5843505859375
0.00011726714728865772,0.0,0.0,0.0,4.428003311157227,-4.428852081298828,67.45085144042969,-67.45062255859375,104.13880157470703,-104.13973236083984,86.47008514404297,-86.46857452392578,112.99446105957031,-112.99508666992188,-19.366962432861328,19.373878479003906,6.772739887237549,6.772860527038574
0.00012863300798926502,0.0,0.0,0.0,4.327305793762207,-4.32815408706665,67.84052276611328,-67.8403091430664,103.89620208740234,-103.89714050292969,86.9740982055664,-86.97260284423828,112.71727752685547,-112.71788787841797,-18.965740203857422,18.9726505279541,6.960417747497559,6.960510730743408
0.00014304043725132942,0.0,0.0,0.0,4.229262351989746,-4.230120658874512,68.23663330078125,-68.23643493652344,103.64356994628906,-103.64451599121094,87.47553253173828,-87.47406005859375,112.42867279052734,-112.42931365966797,-18.56026840209961,18.56719207763672,7.14702844619751,7.147127628326416
0.00013807788491249084,0.0,0.0,0.0,4.134080410003662,-4.134937286376953,68.63885498046875,-68.6386489868164,103.38102722167969,-103.38197326660156,87.9734878540039,-87.97200775146484,112.12876892089844,-112.12943267822266,-18.1510009765625,18.157949447631836,7.332253456115723,7.332332134246826
0.00014143961016088724,0.0,0.0,0.0,4.041849613189697,-4.042690753936768,69.04679870605469,-69.04664611816406,103.10865020751953,-103.10958099365234,88.46704864501953,-88.46559143066406,111.817626953125,-111.81830596923828,-17.73838233947754,17.74533462524414,7.515799522399902,7.515871047973633
0.00016000919276848435,0.0,0.0,0.0,3.95274019241333,-3.9536030292510986,69.460205078125,-69.46002960205078,102.8265151977539,-102.82746887207031,88.9554214477539,-88.9539566040039,111.4953842163086,-111.49610137939453,-17.322834014892578,17.329792022705078,7.697403907775879,7.697513103485107
0.00016273059009108692,0.0,0.0,0.0,3.8668391704559326,-3.8677151203155518,69.87863159179688,-69.87847900390625,102.53482055664062,-102.53577423095703,89.43775939941406,-89.43632507324219,111.16224670410156,-111.1629867553711,-16.904794692993164,16.91176414489746,7.876875400543213,7.877004623413086
0.00017020110681187361,0.0,0.0,0.0,3.784271001815796,-3.7851486206054688,70.3017807006836,-70.30165100097656,102.23369598388672,-102.23464965820312,89.91325378417969,-89.91183471679688,110.81834411621094,-110.81908416748047,-16.48465919494629,16.491619110107422,8.053948402404785,8.054080963134766
0.0001889841369120404,0.0,0.0,0.0,3.7050912380218506,-3.7059714794158936,70.72930908203125,-70.72917938232422,101.92337036132812,-101.9243392944336,90.38121795654297,-90.37979888916016,110.46392059326172,-110.46466064453125,-16.062814712524414,16.069774627685547,8.22841739654541,8.22854232788086
0.0001870631385827437,0.0,0.0,0.0,3.629342794418335,-3.630230665206909,71.16091918945312,-71.1607894897461,101.60403442382812,-101.60501098632812,90.84095001220703,-90.83953094482422,110.09921264648438,-110.0999984741211,-15.639629364013672,15.646621704101562,8.400050163269043,8.400190353393555
0.0002050457551376894,0.0,0.0,0.0,3.5570878982543945,-3.5579991340637207,71.5962142944336,-71.59611511230469,101.27598571777344,-101.2769775390625,91.29173278808594,-91.29035186767578,109.72453308105469,-109.72535705566406,-15.21551513671875,15.222502708435059,8.568686485290527,8.568843841552734
0.0002080873236991465,0.0,0.0,0.0,3.4883809089660645,-3.4893064498901367,72.03490447998047,-72.03480529785156,100.9394760131836,-100.94046020507812,91.7328872680664,-91.73153686523438,109.34017944335938,-109.34102630615234,-14.790812492370605,14.797826766967773,8.734088897705078,8.7342529296875
0.00021358348021749407,0.0,0.0,0.0,3.423215627670288,-3.424128770828247,72.47661590576172,-72.47654724121094,100.59477233886719,-100.59576416015625,92.16397094726562,-92.16260528564453,108.94646453857422,-108.94734191894531,-14.365904808044434,14.372917175292969,8.896127700805664,8.896308898925781
0.000227777476538904,0.0,0.0,0.0,3.36160945892334,-3.3625214099884033,72.92101287841797,-72.92093658447266,100.24225616455078,-100.24327087402344,92.5843276977539,-92.58295440673828,108.54380798339844,-108.54469299316406,-13.941121101379395,13.948136329650879,9.054670333862305,9.05480670928955
0.00022681697737425566,0.0,0.0,0.0,3.3035385608673096,-3.3044629096984863,73.36772918701172,-73.36768341064453,99.88226318359375,-99.88326263427734,92.99337768554688,-92.99205017089844,108.13252258300781,-108.1334228515625,-13.516800880432129,13.523813247680664,9.209444046020508,9.209620475769043
0.00022687033924739808,0.0,0.0,0.0,3.2490060329437256,-3.249906063079834,73.81647491455078,-73.81645202636719,99.51512145996094,-99.51612854003906,93.3907699584961,-93.38941955566406,107.7131118774414,-107.71402740478516,-13.093273162841797,13.100301742553711,9.360466003417969,9.360597610473633
0.00024138449225574732,0.0,0.0,0.0,3.197970390319824,-3.1988792419433594,74.26687622070312,-74.26685333251953,99.14128112792969,-99.1423110961914,93.77596282958984,-93.7746353149414,107.28597259521484,-107.2868881225586,-12.67082691192627,12.677854537963867,9.507511138916016,9.507648468017578
0.0002366353728575632,0.0,0.0,0.0,3.1504127979278564,-3.151310682296753,74.71858978271484,-74.71857452392578,98.76116943359375,-98.7621841430664,94.14861297607422,-94.14728546142578,106.85159301757812,-106.85253143310547,-12.249780654907227,12.256834030151367,9.65049934387207,9.650611877441406
0.0002476810768712312,0.0,0.0,0.0,3.106259822845459,-3.107168197631836,75.17129516601562,-75.17131805419922,98.37520599365234,-98.37621307373047,94.50829315185547,-94.50701141357422,106.41047668457031,-106.41145324707031,-11.830429077148438,11.83749008178711,9.789222717285156,9.78939151763916
0.0002617683494463563,0.0,0.0,0.0,3.0654664039611816,-3.0663750171661377,75.62460327148438,-75.62464904785156,97.98384857177734,-97.98487091064453,94.85472869873047,-94.85346221923828,105.96314239501953,-105.96412658691406,-11.413073539733887,11.420136451721191,9.923712730407715,9.92386245727539
0.0002668376255314797,0.0,0.0,0.0,3.0279951095581055,-3.028902053833008,76.07819366455078,-76.07821655273438,97.58758544921875,-97.58861541748047,95.1876449584961,-95.18638610839844,105.5101318359375,-105.51111602783203,-10.997980117797852,11.005049705505371,10.053841590881348,10.053991317749023
0.0002851403842214495,0.0,0.0,0.0,2.993762493133545,-2.994673490524292,76.53167724609375,-76.53172302246094,97.18690490722656,-97.18795013427734,95.50675201416016,-95.50550842285156,105.05196380615234,-105.05298614501953,-10.58542537689209,10.592494010925293,10.179473876953125,10.179656028747559
0.0002815652114804834,0.0,0.0,0.0,2.962691307067871,-2.9636178016662598,76.98474884033203,-76.98480987548828,96.78230285644531,-96.7833480834961,95.81182861328125,-95.81062316894531,104.58926391601562,-104.5903091430664,-10.175660133361816,10.182748794555664,10.30058479309082,10.300760269165039
0.0002833794860634953,0.0,0.0,0.0,2.93472957611084,-2.935643434524536,77.4370346069336,-77.43709564208984,96.37432861328125,-96.37539672851562,96.10282897949219,-96.10159301757812,104.12262725830078,-104.12367248535156,-9.768948554992676,9.776043891906738,10.417140007019043,10.41729736328125
0.00029554576030932367,0.0,0.0,0.0,2.9097683429718018,-2.9106805324554443,77.88819122314453,-77.88827514648438,95.96351623535156,-95.96458435058594,96.37948608398438,-96.37828826904297,103.65269470214844,-103.65374755859375,-9.365545272827148,9.37264347076416,10.52908992767334,10.529203414916992
0.0003100065514445305,0.0,0.0,0.0,2.8877131938934326,-2.8886160850524902,78.33784484863281,-78.3379135131836,95.5504379272461,-95.55150604248047,96.6418228149414,-96.640625,103.18002319335938,-103.18111419677734,-8.965656280517578,8.972784996032715,10.636313438415527,10.636475563049316
0.00032404044759459794,0.0,0.0,0.0,2.8685076236724854,-2.869419813156128,78.78560638427734,-78.78568267822266,95.1356201171875,-95.13671112060547,96.8897705078125,-96.88859558105469,102.70531463623047,-102.7063980102539,-8.56959056854248,8.576692581176758,10.73889446258545,10.739056587219238
0.0003137417952530086,0.0,0.0,0.0,2.8520395755767822,-2.8529345989227295,79.23109436035156,-79.23120880126953,94.71967315673828,-94.72075653076172,97.12333679199219,-97.12215423583984,102.22918701171875,-102.23030090332031,-8.177529335021973,8.184660911560059,10.836793899536133,10.836882591247559
0.00034175626933574677,0.0,0.0,0.0,2.838200807571411,-2.8391029834747314,79.67402648925781,-79.67412567138672,94.30313873291016,-94.3042221069336,97.34253692626953,-97.34140014648438,101.75230407714844,-101.75343322753906,-7.789700984954834,7.7968316078186035,10.929927825927734,10.930108070373535
0.00033828779123723507,0.0,0.0,0.0,2.8269219398498535,-2.8277974128723145,80.1139907836914,-80.11408996582031,93.8865966796875,-93.88768768310547,97.5475082397461,-97.54634857177734,101.27536010742188,-101.27649688720703,-7.406346321105957,7.413496971130371,11.018426895141602,11.01854419708252
0.00034842637251131237,0.0,0.0,0.0,2.818057060241699,-2.8189330101013184,80.55060577392578,-80.55072784423828,93.47065734863281,-93.47174072265625,97.73827362060547,-97.7371597290039,100.79902648925781,-100.80015563964844,-7.027681827545166,7.034833908081055,11.102253913879395,11.102334022521973
0.00034671882167458534,0.0,0.0,0.0,2.811542510986328,-2.8124313354492188,80.9835205078125,-80.9836654663086,93.05591583251953,-93.0570068359375,97.91510772705078,-97.91400909423828,100.3239517211914,-100.32511138916016,-6.6539106369018555,6.661050796508789,11.181425094604492,11.181550979614258
0.0003541359619703144,0.0,0.0,0.0,2.8072099685668945,-2.8081042766571045,81.41234588623047,-81.4124984741211,92.64295959472656,-92.64405822753906,98.07811737060547,-98.07704162597656,99.85083770751953,-99.85201263427734,-6.285247802734375,6.292395114898682,11.255987167358398,11.256125450134277
0.00037590719875879586,0.0,0.0,0.0,2.8050434589385986,-2.8059327602386475,81.8366928100586,-81.83684539794922,92.23234558105469,-92.23345184326172,98.22758483886719,-98.2265396118164,99.38031768798828,-99.38151550292969,-5.9219279289245605,5.9290852546691895,11.326043128967285,11.326176643371582
0.0003664089599624276,0.0,0.0,0.0,2.804922342300415,-2.8057618141174316,82.25621795654297,-82.2563705444336,91.82469177246094,-91.82579040527344,98.36382293701172,-98.36274719238281,98.91312408447266,-98.914306640625,-5.564152240753174,5.571320533752441,11.391644477844238,11.391685485839844
0.00036672913120128214,0.0,0.0,0.0,2.8066718578338623,-2.80751633644104,82.6705322265625,-82.67070007324219,91.42053985595703,-91.42166137695312,98.4870834350586,-98.48600006103516,98.44989013671875,-98.45111083984375,-5.21213960647583,5.2193145751953125,11.452810287475586,11.452837944030762
0.00036614216514863074,0.0,0.0,0.0,2.810230016708374,-2.8110668659210205,83.07927703857422,-83.07942199707031,91.02050018310547,-91.02161407470703,98.59770202636719,-98.59663391113281,97.9913101196289,-97.99252319335938,-4.866108417510986,4.873290061950684,11.509615898132324,11.509693145751953
0.00038337771547958255,0.0,0.0,0.0,2.81544828414917,-2.816298007965088,83.48202514648438,-83.48218536376953,90.6251220703125,-90.62623596191406,98.6960678100586,-98.69506072998047,97.53800201416016,-97.53923797607422,-4.526275157928467,4.533464431762695,11.562260627746582,11.562339782714844
0.00040039984742179513,0.0,0.0,0.0,2.822314977645874,-2.823146104812622,83.87841033935547,-83.87860107421875,90.23499298095703,-90.23609924316406,98.78260803222656,-98.7816162109375,97.09064483642578,-97.0918960571289,-4.192846775054932,4.200030326843262,11.61076545715332,11.610812187194824
0.00040296115912497044,0.0,0.0,0.0,2.830587148666382,-2.831416130065918,84.26808166503906,-84.26826477050781,89.85064697265625,-89.85176086425781,98.85774993896484,-98.85677337646484,96.6498794555664,-96.6511001586914,-3.866044521331787,3.873203992843628,11.65528678894043,11.655333518981934
0.0004009334370493889,0.0,0.0,0.0,2.8402457237243652,-2.8410332202911377,84.65061950683594,-84.65082550048828,89.47261810302734,-89.47372436523438,98.92192840576172,-98.92092895507812,96.21627807617188,-96.2175064086914,-3.5460875034332275,3.553239583969116,11.695886611938477,11.695924758911133
0.00040450860979035497,0.0,0.0,0.0,2.851083755493164,-2.851897716522217,85.02565002441406,-85.02584075927734,89.10145568847656,-89.10256958007812,98.97566986083984,-98.9747085571289,95.79049682617188,-95.791748046875,-3.2331888675689697,3.240373373031616,11.732763290405273,11.732799530029297
0.0004198231908958405,0.0,0.0,0.0,2.8630850315093994,-2.8638744354248047,85.3927993774414,-85.39299774169922,88.73767852783203,-88.7387924194336,99.01953125,-99.0185775756836,95.37315368652344,-95.37442779541016,-2.9276082515716553,2.9347927570343018,11.766080856323242,11.766094207763672
0.0004175286740064621,0.0,0.0,0.0,2.876086711883545,-2.8768749237060547,85.75170135498047,-85.75188446044922,88.38175201416016,-88.38286590576172,99.05396270751953,-99.05301666259766,94.96483612060547,-94.96610260009766,-2.6295740604400635,2.6367714405059814,11.79587173461914,11.795900344848633
0.00042105047032237053,0.0,0.0,0.0,2.889981985092163,-2.8907713890075684,86.10193634033203,-86.10212707519531,88.03423309326172,-88.03536987304688,99.07962799072266,-99.07868194580078,94.56610870361328,-94.56737518310547,-2.339296579360962,2.3464858531951904,11.8224515914917,11.822465896606445
0.0004197698144707829,0.0,0.0,0.0,2.9046690464019775,-2.905435562133789,86.4431381225586,-86.4433364868164,87.69556427001953,-87.6966781616211,99.09696960449219,-99.09603881835938,94.17748260498047,-94.17875671386719,-2.0570261478424072,2.064220428466797,11.845832824707031,11.845839500427246
0.0004200366383884102,0.0,0.0,0.0,2.9200048446655273,-2.9207446575164795,86.77490997314453,-86.77509307861328,87.3662109375,-87.36734008789062,99.10674285888672,-99.10579681396484,93.79955291748047,-93.80084228515625,-1.783019781112671,1.7902323007583618,11.866324424743652,11.8662109375
0.00042660001781769097,0.0,0.0,0.0,2.935889959335327,-2.936642646789551,87.09685516357422,-87.0970458984375,87.04668426513672,-87.04781341552734,99.10944366455078,-99.10852813720703,93.43285369873047,-93.43412780761719,-1.5175238847732544,1.5247206687927246,11.88395881652832,11.883895874023438
0.00044266163604333997,0.0,0.0,0.0,2.952209711074829,-2.9529685974121094,87.40859985351562,-87.40880584716797,86.73737335205078,-86.7385025024414,99.1057357788086,-99.10484313964844,93.07781982421875,-93.0791244506836,-1.2607650756835938,1.2679613828659058,11.898978233337402,11.898966789245605
0.00044629015610553324,0.0,0.0,0.0,2.9688637256622314,-2.9696006774902344,87.70980834960938,-87.71001434326172,86.43870544433594,-86.43983459472656,99.09626007080078,-99.0953598022461,92.73505401611328,-92.73635864257812,-1.0130195617675781,1.0202168226242065,11.911592483520508,11.911540985107422
0.0004430351546034217,0.0,0.0,0.0,2.9856982231140137,-2.986417531967163,88.00000762939453,-88.0002212524414,86.15115356445312,-86.15226745605469,99.08161926269531,-99.08074188232422,92.40496063232422,-92.4062728881836,-0.7745470404624939,0.7817516326904297,11.921961784362793,11.921863555908203
0.0004494918102864176,0.0,0.0,0.0,3.002633810043335,-3.003347158432007,88.27888488769531,-88.27909088134766,85.87505340576172,-85.87616729736328,99.06255340576172,-99.06168365478516,92.08805847167969,-92.08936309814453,-0.5456333756446838,0.5528414845466614,11.930288314819336,11.930198669433594
0.000466140394564718,0.0,0.0,0.0,3.019522190093994,-3.020238161087036,88.5460433959961,-88.5462417602539,85.6108169555664,-85.61192321777344,99.03958892822266,-99.03875732421875,91.7847671508789,-91.78607177734375,-0.32653099298477173,0.3337423503398895,11.936698913574219,11.936652183532715
0.00045973711530677974,0.0,0.0,0.0,3.0362801551818848,-3.036987066268921,88.80104064941406,-88.80126190185547,85.35885620117188,-85.35994720458984,99.01344299316406,-99.01261901855469,91.49555206298828,-91.4968490600586,-0.11754021793603897,0.12473095208406448,11.941473960876465,11.941420555114746
0.00045626863720826805,0.0,0.0,0.0,3.052762985229492,-3.053494930267334,89.0435562133789,-89.04377746582031,85.11949920654297,-85.12061309814453,98.98479461669922,-98.9839859008789,91.22079467773438,-91.22211456298828,0.08108805865049362,-0.0738927349448204,11.944741249084473,11.944722175598145
0.0004544277035165578,0.0,0.0,0.0,3.0688672065734863,-3.0695972442626953,89.27320098876953,-89.2734146118164,84.89315795898438,-84.89425659179688,98.95419311523438,-98.95340728759766,90.96095275878906,-90.9622573852539,0.26909708976745605,-0.2618914544582367,11.946734428405762,11.946708679199219
0.0004494384629651904,0.0,0.0,0.0,3.0845324993133545,-3.0852386951446533,89.48956298828125,-89.48977661132812,84.6801528930664,-84.68123626708984,98.92225646972656,-98.92147827148438,90.71644592285156,-90.7177505493164,0.4461231529712677,-0.43890848755836487,11.947564125061035,11.947504997253418
0.00047152984188869596,0.0,0.0,0.0,3.099595546722412,-3.100290536880493,89.6922836303711,-89.69247436523438,84.48082733154297,-84.48194885253906,98.88972473144531,-98.88893127441406,90.48764038085938,-90.48895263671875,0.6119256615638733,-0.6047160625457764,11.947508811950684,11.947415351867676
0.0004733441164717078,0.0,0.0,0.0,3.1139473915100098,-3.1146352291107178,89.88092803955078,-89.88114166259766,84.29557037353516,-84.29667663574219,98.85704803466797,-98.85627746582031,90.27496337890625,-90.27627563476562,0.7661835551261902,-0.7589801549911499,11.946640014648438,11.9465913772583
0.00045680225593969226,0.0,0.0,0.0,3.127497434616089,-3.1282005310058594,90.0,-90.0,84.12466430664062,-84.12577056884766,98.82494354248047,-98.82417297363281,90.07878112792969,-90.080078125,0.9086205959320068,-0.9014216065406799,11.945241928100586,11.945173263549805
0.0004437888856045902,0.0,0.0,0.0,3.147012948989868,-3.147688150405884,90.0,-90.0,83.9046859741211,-83.90573120117188,98.79324340820312,-98.79253387451172,89.95215606689453,-89.95355224609375,1.1117063760757446,-1.104619026184082,11.943496704101562,11.943461418151855
0.00042651998228393495,0.0,0.0,0.0,3.1699106693267822,-3.170546293258667,90.0,-90.0,83.6615219116211,-83.66256713867188,98.76409149169922,-98.76335906982422,89.87469482421875,-89.87617492675781,1.3458372354507446,-1.3388102054595947,11.942237854003906,11.94210433959961
0.00042946147732436657,0.0,0.0,0.0,3.19992995262146,-3.200568914413452,90.0,-90.0,83.36677551269531,-83.36778259277344,98.73655700683594,-98.73588562011719,89.870361328125,-89.87184143066406,1.6434986591339111,-1.6364972591400146,11.940911293029785,11.940812110900879
0.000418829353293404,0.0,0.0,0.0,3.22127628326416,-3.2218868732452393,90.0,-90.0,83.15999603271484,-83.16100311279297,98.71188354492188,-98.71118927001953,89.82415008544922,-89.82565307617188,1.8456368446350098,-1.8386526107788086,11.940022468566895,11.93988037109375
0.00041161227272823453,0.0,0.0,0.0,3.2421655654907227,-3.2427780628204346,90.0,-90.0,82.96563720703125,-82.96662139892578,98.69000244140625,-98.6893310546875,89.79935455322266,-89.80085754394531,2.038541555404663,-2.03155517578125,11.939257621765137,11.9391450881958
0.00041938963113352656,0.0,0.0,0.0,3.261418104171753,-3.2619924545288086,90.0,-90.0,82.79269409179688,-82.7936782836914,98.67144775390625,-98.67076110839844,89.78911590576172,-89.79060363769531,2.2119648456573486,-2.2049918174743652,11.938714981079102,11.938559532165527
0.000421604112489149,0.0,0.0,0.0,3.272338390350342,-3.2729461193084717,90.0,-90.0,82.69216918945312,-82.69315338134766,98.65694427490234,-98.65628814697266,89.75187683105469,-89.75336456298828,2.307992935180664,-2.301023244857788,11.938359260559082,11.938231468200684
0.00042764723184518516,0.0,0.0,0.0,3.2825024127960205,-3.2831270694732666,90.0,-90.0,82.60266876220703,-82.60365295410156,98.6460189819336,-98.64539337158203,89.739013671875,-89.74052429199219,2.3965892791748047,-2.38960862159729,11.938055038452148,11.93797779083252
0.0004292080120649189,0.0,0.0,0.0,3.2910842895507812,-3.2916855812072754,90.0,-90.0,82.5303726196289,-82.5313720703125,98.63925170898438,-98.63858795166016,89.74623107910156,-89.74773406982422,2.4708423614501953,-2.4638831615448,11.937904357910156,11.93776798248291
0.0004292080120649189,0.0,0.0,0.0,3.2910842895507812,-3.2916855812072754,90.0,-90.0,82.5303726196289,-82.5313720703125,98.63925170898438,-98.63858795166016,89.74623107910156,-89.74773406982422,2.4708423614501953,-2.4638831615448,11.937904357910156,11.93776798248291
0.00040970463305711746,0.0,0.0,0.0,3.299187183380127,-3.2997617721557617,90.0,-90.0,82.46227264404297,-82.46324157714844,98.63246154785156,-98.63177490234375,89.74974822998047,-89.7512435913086,2.5403101444244385,-2.533329963684082,11.937753677368164,11.937597274780273
0.00041349325329065323,0.0,0.0,0.0,3.309540033340454,-3.3101396560668945,90.0,-90.0,82.3717041015625,-82.37268829345703,98.61933898925781,-98.61866760253906,89.72114562988281,-89.72264862060547,2.6275646686553955,-2.620595932006836,11.937457084655762,11.937311172485352
0.0004388396628201008,0.0,0.0,0.0,3.3313779830932617,-3.3319878578186035,90.0,-90.0,82.18997955322266,-82.19096374511719,98.5970230102539,-98.59638214111328,89.70254516601562,-89.70405578613281,2.808626413345337,-2.801659107208252,11.936979293823242,11.936896324157715
0.0004194163193460554,0.0,0.0,0.0,3.3579111099243164,-3.358492374420166,90.0,-90.0,81.9710922241211,-81.97206115722656,98.5660400390625,-98.56539916992188,89.65228271484375,-89.65379333496094,3.022512674331665,-3.015538215637207,11.93651294708252,11.936363220214844
0.00042249789112247527,0.0,0.0,0.0,3.3988943099975586,-3.3994696140289307,90.0,-90.0,81.64984130859375,-81.65082550048828,98.52550506591797,-98.52484893798828,89.62745666503906,-89.62898254394531,3.343757390975952,-3.336780071258545,11.936047554016113,11.935876846313477
0.000430055137258023,0.0,0.0,0.0,3.445322275161743,-3.4458670616149902,90.0,-90.0,81.29718017578125,-81.29816436767578,98.47531127929688,-98.47463989257812,89.57234191894531,-89.5738525390625,3.692246198654175,-3.6852810382843018,11.935681343078613,11.93545913696289
0.0004298550193198025,0.0,0.0,0.0,3.50753116607666,-3.508085012435913,90.0,-90.0,80.8500747680664,-80.85105895996094,98.41448211669922,-98.41383361816406,89.54244995117188,-89.54397583007812,4.140049457550049,-4.13308048248291,11.935582160949707,11.935396194458008
0.00042491915519349277,0.0,0.0,0.0,3.575756311416626,-3.576305389404297,90.0,-90.0,80.38033294677734,-80.3813247680664,98.34278869628906,-98.34211730957031,89.48138427734375,-89.48289489746094,4.606058597564697,-4.599099159240723,11.935775756835938,11.935548782348633
0.00044422244536690414,0.0,0.0,0.0,3.653655529022217,-3.654205083847046,90.0,-90.0,79.86958312988281,-79.87055969238281,98.25935363769531,-98.25875091552734,89.40776824951172,-89.4093017578125,5.111730098724365,-5.1047468185424805,11.936281204223633,11.936110496520996
0.00043710542377084494,0.0,0.0,0.0,3.7430150508880615,-3.743543863296509,90.0,-90.0,79.31360626220703,-79.3145751953125,98.16346740722656,-98.16287994384766,89.3283462524414,-89.32989501953125,5.6623077392578125,-5.655313014984131,11.937313079833984,11.93708610534668
0.0004370720707811415,0.0,0.0,0.0,3.8544857501983643,-3.8550117015838623,90.0,-90.0,78.66327667236328,-78.66426086425781,98.05406188964844,-98.05347442626953,89.28736877441406,-89.28890228271484,6.313744068145752,-6.306766033172607,11.939297676086426,11.939074516296387
0.0004406072257552296,0.0,0.0,0.0,3.9738428592681885,-3.9743356704711914,90.0,-90.0,78.00286865234375,-78.00384521484375,97.93087005615234,-97.93028259277344,89.2182846069336,-89.21981811523438,6.971345901489258,-6.96437406539917,11.941766738891602,11.941485404968262
0.0004358047735877335,0.0,0.0,0.0,4.106016159057617,-4.106510639190674,90.0,-90.0,77.31068420410156,-77.31163024902344,97.79304504394531,-97.79249572753906,89.1425552368164,-89.14408874511719,7.660099029541016,-7.653116703033447,11.944853782653809,11.944594383239746
0.00044363547931425273,0.0,0.0,0.0,4.252883434295654,-4.25338077545166,90.0,-90.0,76.58316040039062,-76.5840835571289,97.63998413085938,-97.63946533203125,89.0666275024414,-89.0681381225586,8.384490966796875,-8.37751579284668,11.948667526245117,11.9484281539917
0.0004707227635663003,0.0,0.0,0.0,4.415436267852783,-4.415895938873291,90.0,-90.0,75.82139587402344,-75.82234191894531,97.4710922241211,-97.4705810546875,88.99314880371094,-88.99470520019531,9.143811225891113,-9.136826515197754,11.953288078308105,11.95301342010498
0.000466060359030962,0.0,0.0,0.0,4.606364727020264,-4.606810569763184,90.0,-90.0,74.97972869873047,-74.98067474365234,97.2856216430664,-97.2851333618164,88.9637222290039,-88.96530151367188,9.989459991455078,-9.982471466064453,11.959319114685059,11.959007263183594
0.000462772004539147,0.0,0.0,0.0,4.806215763092041,-4.806619644165039,90.0,-90.0,74.14348602294922,-74.14443969726562,97.08373260498047,-97.08321380615234,88.91085815429688,-88.91242980957031,10.82638931274414,-10.819406509399414,11.965646743774414,11.965261459350586
0.0004563686961773783,0.0,0.0,0.0,5.021677017211914,-5.022068023681641,90.0,-90.0,73.2876205444336,-73.28854370117188,96.86493682861328,-96.86446380615234,88.85897827148438,-88.86052703857422,11.6830472946167,-11.676054000854492,11.972402572631836,11.972036361694336
0.00047118301154114306,0.0,0.0,0.0,5.254518032073975,-5.254908084869385,90.0,-90.0,72.40896606445312,-72.40985870361328,96.629150390625,-96.62872314453125,88.81428527832031,-88.81582641601562,12.563467025756836,-12.556472778320312,11.97966480255127,11.979296684265137
0.0004898859770037234,0.0,0.0,0.0,5.505221843719482,-5.5056071281433105,90.0,-90.0,71.50875854492188,-71.50965881347656,96.37641143798828,-96.37601470947266,88.77922058105469,-88.78075408935547,13.466492652893066,-13.459506034851074,11.98726749420166,11.986892700195312
0.0004890188574790955,0.0,0.0,0.0,5.788013458251953,-5.788363933563232,90.0,-90.0,70.54522705078125,-70.54612731933594,96.10664367675781,-96.10626220703125,88.792236328125,-88.7938232421875,14.43826675415039,-14.431257247924805,11.995888710021973,11.995476722717285
0.00047169660683721304,0.0,0.0,0.0,6.078855037689209,-6.07916784286499,90.0,-90.0,69.59857177734375,-69.59947204589844,95.82060241699219,-95.82019805908203,88.78982543945312,-88.7914047241211,15.390833854675293,-15.383841514587402,12.003840446472168,12.003348350524902
0.0004985638079233468,0.0,0.0,0.0,6.385683059692383,-6.386013031005859,90.0,-90.0,68.64369201660156,-68.64458465576172,95.51856994628906,-95.51822662353516,88.79625701904297,-88.79782104492188,16.35212516784668,-16.345125198364258,12.011313438415527,12.010863304138184
0.0004968295688740909,0.0,0.0,0.0,6.709732532501221,-6.7100348472595215,90.0,-90.0,67.67808532714844,-67.67898559570312,95.20123291015625,-95.20088195800781,88.81695556640625,-88.81855773925781,17.325042724609375,-17.31804084777832,12.018186569213867,12.017654418945312
0.0004998044460080564,0.0,0.0,0.0,7.050796031951904,-7.051084041595459,90.0,-90.0,66.70333099365234,-66.7042007446289,94.86933898925781,-94.86901092529297,88.85385131835938,-88.85543060302734,18.30807113647461,-18.301055908203125,12.02404499053955,12.023540496826172
0.0005132780643180013,0.0,0.0,0.0,7.423831939697266,-7.424096584320068,90.0,-90.0,65.68120574951172,-65.68206787109375,94.52374267578125,-94.5234375,88.9422836303711,-88.94389343261719,19.34217643737793,-19.33515739440918,12.029358863830566,12.028797149658203
0.0005055674118921161,0.0,0.0,0.0,7.8009538650512695,-7.801178455352783,90.0,-90.0,64.6863021850586,-64.68714904785156,94.16597747802734,-94.16565704345703,89.0224380493164,-89.0240249633789,20.347183227539062,-20.340150833129883,12.032487869262695,12.031876564025879
0.0005171667435206473,0.0,0.0,0.0,8.190572738647461,-8.19079303741455,90.0,-90.0,63.69511413574219,-63.695980072021484,93.79716491699219,-93.79685974121094,89.11695098876953,-89.11856079101562,21.348508834838867,-21.34147834777832,12.033437728881836,12.032777786254883
0.000520468398462981,0.0,0.0,0.0,8.593188285827637,-8.593396186828613,90.0,-90.0,62.705780029296875,-62.70662307739258,93.41883087158203,-93.4185562133789,89.23008728027344,-89.23172760009766,22.34807014465332,-22.34102439880371,12.031975746154785,12.031298637390137
0.0005341221112757921,0.0,0.0,0.0,9.023369789123535,-9.023557662963867,90.0,-90.0,61.68406677246094,-61.684913635253906,93.03247833251953,-93.03221893310547,89.39374542236328,-89.39540100097656,23.381793975830078,-23.374740600585938,12.028058052062988,12.027344703674316
0.0005427665892057121,0.0,0.0,0.0,9.452028274536133,-9.45219898223877,90.0,-90.0,60.69738006591797,-60.698211669921875,92.64025115966797,-92.63997650146484,89.55290222167969,-89.55451202392578,24.37857437133789,-24.371532440185547,12.020661354064941,12.019927024841309
0.0005507573951035738,0.0,0.0,0.0,9.887136459350586,-9.887288093566895,90.0,-90.0,59.72490310668945,-59.72571563720703,92.24392700195312,-92.24366760253906,89.7274398803711,-89.72906494140625,25.360309600830078,-25.353260040283203,12.009716033935547,12.00894832611084
0.0005554397939704359,0.0,0.0,0.0,10.32832145690918,-10.328466415405273,90.0,-90.0,58.76579284667969,-58.766571044921875,91.84571075439453,-91.8454818725586,89.92012023925781,-89.9217300415039,26.327848434448242,-26.32079315185547,11.995064735412598,11.994270324707031
0.0005584079772233963,0.0,0.0,0.0,10.773574829101562,-10.77372932434082,90.0,-90.0,57.822593688964844,-57.82335662841797,91.44780731201172,-91.44760131835938,90.13065338134766,-90.13227844238281,27.2784366607666,-27.271371841430664,11.976436614990234,11.975655555725098
0.0005759036866948009,0.0,0.0,0.0,11.236465454101562,-11.236604690551758,90.0,-90.0,56.86556625366211,-56.86634063720703,91.05247497558594,-91.0522689819336,90.38648986816406,-90.38813781738281,28.24209213256836,-28.235023498535156,11.953400611877441,11.952594757080078
0.0005868960288353264,0.0,0.0,0.0,11.686054229736328,-11.686173439025879,90.0,-90.0,55.9573860168457,-55.95814895629883,90.66255187988281,-90.662353515625,90.63481140136719,-90.63645935058594,29.154809951782227,-29.14771270751953,11.926375389099121,11.925532341003418
0.0005782115622423589,0.0,0.0,0.0,12.129361152648926,-12.129448890686035,90.0,-90.0,55.0805549621582,-55.081321716308594,90.28054809570312,-90.28031921386719,90.89181518554688,-90.89347076416016,30.03443145751953,-30.027362823486328,11.895416259765625,11.894500732421875
0.0005981551366858184,0.0,0.0,0.0,12.564993858337402,-12.565077781677246,90.0,-90.0,54.23533248901367,-54.23606872558594,89.90911865234375,-89.9089126586914,91.15819549560547,-91.15985870361328,30.88071632385254,-30.873626708984375,11.860699653625488,11.859772682189941
0.000604231609031558,0.0,0.0,0.0,12.989909172058105,-12.989991188049316,90.0,-90.0,53.42529296875,-53.42603302001953,89.55115509033203,-89.55094909667969,91.43162536621094,-91.43328857421875,31.690059661865234,-31.682960510253906,11.822625160217285,11.821671485900879
0.0006130228284746408,0.0,0.0,0.0,13.40065860748291,-13.400703430175781,90.0,-90.0,52.65480041503906,-52.65553283691406,89.20943450927734,-89.209228515625,91.70875549316406,-91.71044158935547,32.45817947387695,-32.451080322265625,11.781709671020508,11.780710220336914
0.0006272034952417016,0.0,0.0,0.0,13.793420791625977,-13.79349422454834,90.0,-90.0,51.928550720214844,-51.92925262451172,88.88690948486328,-88.88673400878906,91.9857406616211,-91.9874038696289,33.18051528930664,-33.173397064208984,11.738699913024902,11.7377347946167
0.0006280472152866423,0.0,0.0,0.0,14.16440486907959,-14.164469718933105,90.0,-90.0,51.25147247314453,-51.252174377441406,88.58654022216797,-88.58637237548828,92.25828552246094,-92.25994873046875,33.85223388671875,-33.845130920410156,11.694592475891113,11.693596839904785
0.0006218440248630941,0.0,0.0,0.0,14.50953197479248,-14.509580612182617,90.0,-90.0,50.628787994384766,-50.62948989868164,88.31126403808594,-88.31108856201172,92.52176666259766,-92.5234603881836,34.468502044677734,-34.46138000488281,11.650406837463379,11.649361610412598
0.000635244301520288,0.0,0.0,0.0,14.810783386230469,-14.810819625854492,90.0,-90.0,50.09138107299805,-50.092071533203125,88.06407928466797,-88.06391906738281,92.7479019165039,-92.74959564208984,34.99946212768555,-34.99236297607422,11.608845710754395,11.60777473449707
0.0006163712241686881,0.0,0.0,0.0,15.088492393493652,-15.088550567626953,90.0,-90.0,49.59938430786133,-49.60007095336914,87.84769439697266,-87.8475112915039,92.97289276123047,-92.9745864868164,35.484195709228516,-35.477081298828125,11.568696975708008,11.567633628845215
0.0006240285001695156,0.0,0.0,0.0,15.31813907623291,-15.318161010742188,90.0,-90.0,49.19593811035156,-49.19661331176758,87.66510009765625,-87.66490173339844,93.15713500976562,-93.15882110595703,35.881107330322266,-35.87400436401367,11.533773422241211,11.53264331817627
0.0006460131844505668,0.0,0.0,0.0,15.503664016723633,-15.503690719604492,90.0,-90.0,48.87179946899414,-48.87247848510742,87.51884460449219,-87.5186538696289,93.30911254882812,-93.31079864501953,36.199459075927734,-36.19234848022461,11.504368782043457,11.50326919555664
0.000651822832878679,0.0,0.0,0.0,15.644838333129883,-15.644898414611816,90.0,-90.0,48.625911712646484,-48.6265754699707,87.4114761352539,-87.41133117675781,93.43003845214844,-93.43173217773438,36.440494537353516,-36.43336486816406,11.481452941894531,11.480348587036133
0.0006362114800140262,0.0,0.0,0.0,15.72836685180664,-15.728353500366211,90.0,-90.0,48.48116683959961,-48.48187255859375,87.34554290771484,-87.34534454345703,93.49920654296875,-93.5009536743164,36.582332611083984,-36.575218200683594,11.467606544494629,11.466411590576172
0.0006663770182058215,0.0,0.0,0.0,15.762345314025879,-15.762399673461914,90.0,-90.0,48.42192077636719,-48.422584533691406,87.32304382324219,-87.3228988647461,93.53221893310547,-93.53392028808594,36.64020919799805,-36.633079528808594,11.461980819702148,11.460908889770508
0.0006663770182058215,0.0,0.0,0.0,15.762345314025879,-15.762399673461914,90.0,-90.0,48.42192077636719,-48.422584533691406,87.32304382324219,-87.3228988647461,93.53221893310547,-93.53392028808594,36.64020919799805,-36.633079528808594,11.461980819702148,11.460908889770508
0.0006663770182058215,0.0,0.0,0.0,15.762345314025879,-15.762399673461914,90.0,-90.0,48.42192077636719,-48.422584533691406,87.32304382324219,-87.3228988647461,93.53221893310547,-93.53392028808594,36.64020919799805,-36.633079528808594,11.461980819702148,11.460908889770508
0.000650548841804266,0.0,0.0,0.0,15.788480758666992,-15.788512229919434,90.0,-90.0,48.39269256591797,-48.39333724975586,87.37037658691406,-87.3702163696289,93.5278091430664,-93.52950286865234,36.671165466308594,-36.66404724121094,11.526209831237793,11.525101661682129
0.000650548841804266,0.0,0.0,0.0,15.788480758666992,-15.788512229919434,90.0,-90.0,48.39269256591797,-48.39333724975586,87.37037658691406,-87.3702163696289,93.5278091430664,-93.52950286865234,36.671165466308594,-36.66404724121094,11.526209831237793,11.525101661682129
0.0006353143253363669,0.0,0.0,0.0,15.8229341506958,-15.822942733764648,90.0,-90.0,48.361846923828125,-48.36252975463867,87.4527359008789,-87.45254516601562,93.50130462646484,-93.50303649902344,36.705848693847656,-36.698734283447266,11.639659881591797,11.638507843017578
0.0006353143253363669,0.0,0.0,0.0,15.8229341506958,-15.822942733764648,90.0,-90.0,48.361846923828125,-48.36252975463867,87.4527359008789,-87.45254516601562,93.50130462646484,-93.50303649902344,36.705848693847656,-36.698734283447266,11.639659881591797,11.638507843017578
0.0006393163930624723,0.0,0.0,0.0,15.866618156433105,-15.866630554199219,90.0,-90.0,48.329402923583984,-48.330074310302734,87.57359313964844,-87.57342529296875,93.45039367675781,-93.4521255493164,36.744483947753906,-36.73737335205078,11.807458877563477,11.806312561035156
0.0006393163930624723,0.0,0.0,0.0,15.866618156433105,-15.866630554199219,90.0,-90.0,48.329402923583984,-48.330074310302734,87.57359313964844,-87.57342529296875,93.45039367675781,-93.4521255493164,36.744483947753906,-36.73737335205078,11.807458877563477,11.806312561035156
0.0006402835715562105,0.0,0.0,0.0,15.919093132019043,-15.91908073425293,90.0,-90.0,48.29615020751953,-48.296836853027344,87.73088073730469,-87.73072052001953,93.37547302246094,-93.37723541259766,36.786067962646484,-36.77897262573242,12.027286529541016,12.026092529296875
0.0006402835715562105,0.0,0.0,0.0,15.919093132019043,-15.91908073425293,90.0,-90.0,48.29615020751953,-48.296836853027344,87.73088073730469,-87.73072052001953,93.37547302246094,-93.37723541259766,36.786067962646484,-36.77897262573242,12.027286529541016,12.026092529296875
0.0006442122394219041,0.0,0.0,0.0,15.979850769042969,-15.979857444763184,89.99918365478516,-89.99919891357422,48.26283264160156,-48.263519287109375,87.92253112792969,-87.92241668701172,93.27703094482422,-93.27881622314453,36.82972717285156,-36.822608947753906,12.296770095825195,12.295644760131836
0.0006442122394219041,0.0,0.0,0.0,15.979850769042969,-15.979857444763184,89.99918365478516,-89.99919891357422,48.26283264160156,-48.263519287109375,87.92253112792969,-87.92241668701172,93.27703094482422,-93.27881622314453,36.82972717285156,-36.822608947753906,12.296770095825195,12.295644760131836
0.0006171449786052108,0.0,0.0,0.0,16.048664093017578,-16.048627853393555,89.9698486328125,-89.96983337402344,48.22992706298828,-48.230648040771484,88.14639282226562,-88.14625549316406,93.15586853027344,-93.15770721435547,36.8746337890625,-36.867515563964844,12.613595962524414,12.612382888793945
0.0006171449786052108,0.0,0.0,0.0,16.048664093017578,-16.048627853393555,89.9698486328125,-89.96983337402344,48.22992706298828,-48.230648040771484,88.14639282226562,-88.14625549316406,93.15586853027344,-93.15770721435547,36.8746337890625,-36.867515563964844,12.613595962524414,12.612382888793945
0.000621840707026422,0.0,0.0,0.0,16.128074645996094,-16.12801742553711,89.93700408935547,-89.93701171875,48.192901611328125,-48.19365692138672,88.40038299560547,-88.40026092529297,93.01740264892578,-93.01929473876953,36.92489242553711,-36.91779327392578,12.974946975708008,12.973734855651855
0.000621840707026422,0.0,0.0,0.0,16.128074645996094,-16.12801742553711,89.93700408935547,-89.93701171875,48.192901611328125,-48.19365692138672,88.40038299560547,-88.40026092529297,93.01740264892578,-93.01929473876953,36.92489242553711,-36.91779327392578,12.974946975708008,12.973734855651855
0.0006245221011340618,0.0,0.0,0.0,16.217987060546875,-16.217918395996094,89.90128326416016,-89.9012680053711,48.15225601196289,-48.15299606323242,88.6821517944336,-88.68206787109375,92.86245727539062,-92.86434173583984,36.979881286621094,-36.97278594970703,13.378544807434082,13.377300262451172
0.0006245221011340618,0.0,0.0,0.0,16.217987060546875,-16.217918395996094,89.90128326416016,-89.9012680053711,48.15225601196289,-48.15299606323242,88.6821517944336,-88.68206787109375,92.86245727539062,-92.86434173583984,36.979881286621094,-36.97278594970703,13.378544807434082,13.377300262451172
0.0005896640941500664,0.0,0.0,0.0,16.31822395324707,-16.31813621520996,89.86316680908203,-89.86317443847656,48.1083869934082,-48.109161376953125,88.98939514160156,-88.98932647705078,92.69181060791016,-92.69377136230469,37.03885269165039,-37.031761169433594,13.821807861328125,13.820531845092773
0.0005896640941500664,0.0,0.0,0.0,16.31822395324707,-16.31813621520996,89.86316680908203,-89.86317443847656,48.1083869934082,-48.109161376953125,88.98939514160156,-88.98932647705078,92.69181060791016,-92.69377136230469,37.03885269165039,-37.031761169433594,13.821807861328125,13.820531845092773
0.0005917985690757632,0.0,0.0,0.0,16.428659439086914,-16.42856216430664,89.82322692871094,-89.82321166992188,48.06175994873047,-48.06256866455078,89.32000732421875,-89.31996154785156,92.50621032714844,-92.5082015991211,37.10114288330078,-37.09407043457031,14.302617073059082,14.30128288269043
0.0005927390302531421,0.0,0.0,0.0,16.488445281982422,-16.488338470458984,89.80292510986328,-89.80291748046875,48.03759002685547,-48.038421630859375,89.49322509765625,-89.4931869506836,92.40760803222656,-92.40962982177734,37.133018493652344,-37.125946044921875,14.557291984558105,14.555970191955566
0.0005770509596914053,0.0,0.0,0.0,16.549915313720703,-16.549789428710938,89.78225708007812,-89.7822265625,48.013038635253906,-48.013877868652344,89.6714859008789,-89.67147827148438,92.30590057373047,-92.30797576904297,37.16557312011719,-37.158477783203125,14.819526672363281,14.818143844604492
0.0005674660205841064,0.0,0.0,0.0,16.613868713378906,-16.613698959350586,89.76140594482422,-89.7613754272461,47.988037109375,-47.98889923095703,89.85445404052734,-89.85443878173828,92.20091247558594,-92.20301055908203,37.19853591918945,-37.19147491455078,15.089866638183594,15.088432312011719
0.000551324337720871,0.0,0.0,0.0,16.680217742919922,-16.68006706237793,89.74042510986328,-89.74038696289062,47.962669372558594,-47.96355056762695,90.04187774658203,-90.0418701171875,92.0926742553711,-92.09480285644531,37.23189926147461,-37.22483444213867,15.368120193481445,15.366698265075684
0.0005586748011410236,0.0,0.0,0.0,16.748991012573242,-16.748821258544922,89.71937561035156,-89.7193603515625,47.93697738647461,-47.937870025634766,90.23343658447266,-90.23345184326172,91.9813461303711,-91.9834976196289,37.265506744384766,-37.25846862792969,15.653862953186035,15.652449607849121
0.0005292996647767723,0.0,0.0,0.0,16.82016372680664,-16.81997299194336,89.69833374023438,-89.69831085205078,47.911033630371094,-47.91194152832031,90.42890930175781,-90.4289321899414,91.86698913574219,-91.86918640136719,37.299312591552734,-37.292266845703125,15.94693660736084,15.945489883422852
0.0005347824771888554,0.0,0.0,0.0,16.8936710357666,-16.893474578857422,89.67733001708984,-89.67731475830078,47.884883880615234,-47.885799407958984,90.62802124023438,-90.62805938720703,91.74971771240234,-91.7519302368164,37.333213806152344,-37.32618713378906,16.246978759765625,16.245529174804688
0.0005353293963707983,0.0,0.0,0.0,16.969507217407227,-16.969308853149414,89.65648651123047,-89.65644073486328,47.858577728271484,-47.85953140258789,90.83043670654297,-90.83050537109375,91.62967681884766,-91.6319351196289,37.36710739135742,-37.36008071899414,16.553630828857422,16.552146911621094
0.0005328347906470299,0.0,0.0,0.0,17.047632217407227,-17.047412872314453,89.63580322265625,-89.6357650756836,47.832191467285156,-47.833152770996094,91.03599548339844,-91.03607940673828,91.50691986083984,-91.50921630859375,37.400943756103516,-37.39392852783203,16.866710662841797,16.8652286529541
0.0005124776507727802,0.0,0.0,0.0,17.12801170349121,-17.12778663635254,89.61536407470703,-89.61530303955078,47.80576705932617,-47.80674362182617,91.2444076538086,-91.24451446533203,91.38159942626953,-91.3839111328125,37.43461608886719,-37.42760467529297,17.185863494873047,17.184324264526367
0.0005052205524407327,0.0,0.0,0.0,17.210596084594727,-17.210346221923828,89.59522247314453,-89.59516143798828,47.77934646606445,-47.78036117553711,91.45538330078125,-91.45549011230469,91.2538070678711,-91.25617218017578,37.46803283691406,-37.46104049682617,17.51073455810547,17.50917625427246
0.0004946684348396957,0.0,0.0,0.0,17.29534149169922,-17.29507827758789,89.57544708251953,-89.57537841796875,47.75303268432617,-47.75403594970703,91.66869354248047,-91.6688232421875,91.12369537353516,-91.1260757446289,37.50114440917969,-37.4941520690918,17.84104347229004,17.8394718170166
0.00046712090261280537,0.0,0.0,0.0,17.382225036621094,-17.381940841674805,89.5560531616211,-89.55598449707031,47.72682571411133,-47.72783660888672,91.88411712646484,-91.88426208496094,90.99131774902344,-90.99373626708984,37.53384780883789,-37.52687454223633,18.176589965820312,18.174976348876953
0.0004832892445847392,0.0,0.0,0.0,17.471206665039062,-17.470901489257812,89.53715515136719,-89.53706359863281,47.70079040527344,-47.70183181762695,92.10130310058594,-92.10149383544922,90.85681915283203,-90.85929107666016,37.56608963012695,-37.559120178222656,18.516902923583984,18.515260696411133
0.0004525533877313137,0.0,0.0,0.0,17.562198638916016,-17.5618839263916,89.51873779296875,-89.51864624023438,47.674983978271484,-47.676048278808594,92.32017517089844,-92.32035827636719,90.72032165527344,-90.72283172607422,37.59776306152344,-37.5908203125,18.86180305480957,18.860151290893555
0.0004400536126922816,0.0,0.0,0.0,17.655202865600586,-17.65485954284668,89.5008773803711,-89.50077056884766,47.64944839477539,-47.650535583496094,92.54039764404297,-92.54058074951172,90.5819320678711,-90.58446502685547,37.628822326660156,-37.62190246582031,19.21099853515625,19.209291458129883
0.0004272470250725746,0.0,0.0,0.0,17.75010108947754,-17.749736785888672,89.4836196899414,-89.48351287841797,47.624229431152344,-47.625362396240234,92.7617416381836,-92.7619400024414,90.44178009033203,-90.44437408447266,37.659202575683594,-37.652305603027344,19.564085006713867,19.562334060668945
0.00043377038673497736,0.0,0.0,0.0,17.846874237060547,-17.846511840820312,89.46702575683594,-89.46690368652344,47.59940719604492,-47.60053253173828,92.98394012451172,-92.98419189453125,90.29999542236328,-90.3026123046875,37.68885803222656,-37.68195343017578,19.920719146728516,19.91899871826172
0.00040110020199790597,0.0,0.0,0.0,17.94546890258789,-17.945070266723633,89.45110321044922,-89.45097351074219,47.57495880126953,-47.576114654541016,93.20687866210938,-93.20714569091797,90.15666198730469,-90.15934753417969,37.71767807006836,-37.71078872680664,20.28080177307129,20.278995513916016
0.00040031311800703406,0.0,0.0,0.0,18.045778274536133,-18.045358657836914,89.43588256835938,-89.43575286865234,47.550987243652344,-47.55214309692383,93.43025207519531,-93.43054962158203,90.01197814941406,-90.0146713256836,37.74562454223633,-37.7387580871582,20.643814086914062,20.64200210571289
0.0003902679309248924,0.0,0.0,0.0,18.147764205932617,-18.147340774536133,89.42144012451172,-89.42131042480469,47.52750778198242,-47.52867126464844,93.65388488769531,-93.65420532226562,89.86601257324219,-89.86873626708984,37.77265167236328,-37.765811920166016,21.009531021118164,21.00771713256836
0.0003631873114500195,0.0,0.0,0.0,18.251375198364258,-18.25091552734375,89.40779113769531,-89.40763092041016,47.50450134277344,-47.505714416503906,93.8775863647461,-93.87789916992188,89.71882629394531,-89.72161865234375,37.7987174987793,-37.791893005371094,21.37771224975586,21.375835418701172
0.0003779949329327792,0.0,0.0,0.0,18.35648536682129,-18.356042861938477,89.39497375488281,-89.39480590820312,47.482120513916016,-47.48333740234375,94.10100555419922,-94.10137176513672,89.57071685791016,-89.57353210449219,37.82375717163086,-37.81694030761719,21.747821807861328,21.745981216430664
0.0003524751227814704,0.0,0.0,0.0,18.463077545166016,-18.462614059448242,89.38298034667969,-89.38279724121094,47.46030044555664,-47.461551666259766,94.32416534423828,-94.32455444335938,89.42167663574219,-89.4245376586914,37.84770965576172,-37.840911865234375,22.119871139526367,22.11797332763672
0.0003400286950636655,0.0,0.0,0.0,18.571022033691406,-18.570539474487305,89.37186431884766,-89.3716812133789,47.43912887573242,-47.44038772583008,94.54668426513672,-94.54706573486328,89.27191925048828,-89.2748031616211,37.87055587768555,-37.86378860473633,22.49321937561035,22.491310119628906
0.00032181930146180093,0.0,0.0,0.0,18.68027687072754,-18.679767608642578,89.36166381835938,-89.36146545410156,47.41862106323242,-47.419883728027344,94.76847839355469,-94.76889038085938,89.12151336669922,-89.12442779541016,37.892276763916016,-37.885528564453125,22.867809295654297,22.86585235595703
0.0003264483530074358,0.0,0.0,0.0,18.790742874145508,-18.790193557739258,89.35234069824219,-89.35213470458984,47.39877700805664,-47.400054931640625,94.98930358886719,-94.98974609375,88.9705810546875,-88.97354888916016,37.91279983520508,-37.90607833862305,23.24323272705078,23.241275787353516
0.00027618242893368006,0.0,0.0,0.0,18.902294158935547,-18.901718139648438,89.343994140625,-89.34375,47.37963104248047,-47.3809700012207,95.2090072631836,-95.20944213867188,88.81932830810547,-88.82238006591797,37.93212890625,-37.92543029785156,23.619169235229492,23.61709976196289
0.0003011953376699239,0.0,0.0,0.0,19.014881134033203,-19.014331817626953,89.3365249633789,-89.33628845214844,47.36125183105469,-47.3625602722168,95.4273681640625,-95.42786407470703,88.66785430908203,-88.67088317871094,37.95022201538086,-37.94352722167969,23.995271682739258,23.9932861328125
0.00027418139507062733,0.0,0.0,0.0,19.128398895263672,-19.127826690673828,89.33003234863281,-89.32978820800781,47.343589782714844,-47.34492111206055,95.64430236816406,-95.64480590820312,88.51626586914062,-88.51932525634766,37.96706008911133,-37.96040344238281,24.371362686157227,24.369352340698242
0.0002725939266383648,0.0,0.0,0.0,19.24277114868164,-19.242158889770508,89.32451629638672,-89.32423400878906,47.32671356201172,-47.32805633544922,95.85950469970703,-95.86004638671875,88.36473846435547,-88.36785125732422,37.982635498046875,-37.97599411010742,24.746992111206055,24.74492073059082
0.0002474476059433073,0.0,0.0,0.0,19.357839584350586,-19.357234954833984,89.31991577148438,-89.31963348388672,47.310604095458984,-47.311981201171875,96.07292175292969,-96.07349395751953,88.2133560180664,-88.21651458740234,37.9969367980957,-37.990318298339844,25.121898651123047,25.119827270507812
0.00021465736790560186,0.0,0.0,0.0,19.473573684692383,-19.472923278808594,89.31631469726562,-89.31599426269531,47.2952880859375,-47.296688079833984,96.28436279296875,-96.2849349975586,88.06230926513672,-88.0655288696289,38.00994110107422,-38.00334167480469,25.495777130126953,25.493633270263672
0.0001904181990539655,0.0,0.0,0.0,19.589799880981445,-19.589130401611328,89.31364440917969,-89.3133316040039,47.28076934814453,-47.28219985961914,96.49365997314453,-96.4942398071289,87.91173553466797,-87.91498565673828,38.02164840698242,-38.01510238647461,25.8682861328125,25.866111755371094
0.00019798210996668786,0.0,0.0,0.0,19.70644760131836,-19.705766677856445,89.3119125366211,-89.31157684326172,47.267059326171875,-47.26850128173828,96.70068359375,-96.7013168334961,87.76171875,-87.76499938964844,38.03207015991211,-38.025543212890625,26.239154815673828,26.236968994140625
0.00018913754320237786,0.0,0.0,0.0,19.82338523864746,-19.82271957397461,89.31112670898438,-89.31078338623047,47.25418472290039,-47.25564193725586,96.9052734375,-96.90593719482422,87.61244201660156,-87.61575317382812,38.041236877441406,-38.03471374511719,26.608022689819336,26.605863571166992
0.00017895895871333778,0.0,0.0,0.0,19.940555572509766,-19.93986701965332,89.31126403808594,-89.3109130859375,47.24211120605469,-47.243568420410156,97.10730743408203,-97.10798645019531,87.46405029296875,-87.46736145019531,38.049072265625,-38.0425910949707,26.974681854248047,26.972488403320312
0.00015391937631648034,0.0,0.0,0.0,20.05777931213379,-20.057065963745117,89.31230926513672,-89.31194305419922,47.23085021972656,-47.232330322265625,97.30661010742188,-97.30730438232422,87.31661224365234,-87.31997680664062,38.05567932128906,-38.04922866821289,27.33873748779297,27.33652687072754
0.00014145961904432625,0.0,0.0,0.0,20.17493438720703,-20.174236297607422,89.31425476074219,-89.31385803222656,47.22038650512695,-47.22190475463867,97.5030517578125,-97.50376892089844,87.17034149169922,-87.17373657226562,38.06102752685547,-38.054595947265625,27.699846267700195,27.697614669799805
0.00014307379024103284,0.0,0.0,0.0,20.291954040527344,-20.291231155395508,89.31705474853516,-89.316650390625,47.21073913574219,-47.212242126464844,97.6965103149414,-97.69728088378906,87.0252685546875,-87.02870178222656,38.065189361572266,-38.05876541137695,28.057796478271484,28.055574417114258
0.00011495262151584029,0.0,0.0,0.0,20.4086971282959,-20.407928466796875,89.32071685791016,-89.32026672363281,47.20188522338867,-47.20341873168945,97.8868637084961,-97.88764190673828,86.88162994384766,-86.8851318359375,38.06812286376953,-38.061729431152344,28.412220001220703,28.409915924072266
0.00012167608656454831,0.0,0.0,0.0,20.524980545043945,-20.524246215820312,89.32515716552734,-89.32471466064453,47.19382858276367,-47.19535827636719,98.07402801513672,-98.0748291015625,86.73954010009766,-86.74303436279297,38.069915771484375,-38.06352615356445,28.762815475463867,28.760604858398438
9.688996942713857e-05,0.0,0.0,0.0,20.640779495239258,-20.639984130859375,89.3304214477539,-89.32994079589844,47.1865348815918,-47.18808364868164,98.25785827636719,-98.2586669921875,86.59908294677734,-86.60261535644531,38.070556640625,-38.0642204284668,29.10938835144043,29.107084274291992
8.013466140255332e-05,0.0,0.0,0.0,20.755897521972656,-20.755107879638672,89.3364028930664,-89.33592987060547,47.17999267578125,-47.18156051635742,98.43820190429688,-98.43904113769531,86.46043395996094,-86.46400451660156,38.07008361816406,-38.06378173828125,29.451486587524414,29.449188232421875
8.200229058274999e-05,0.0,0.0,0.0,20.870197296142578,-20.869382858276367,89.34310913085938,-89.3426284790039,47.174190521240234,-47.175750732421875,98.6150131225586,-98.6158676147461,86.32369232177734,-86.3272705078125,38.06858825683594,-38.06231689453125,29.788883209228516,29.786584854125977
6.380624108714983e-05,0.0,0.0,0.0,20.98356819152832,-20.982749938964844,89.35050201416016,-89.3499984741211,47.16908645629883,-47.17066192626953,98.78812408447266,-98.78902435302734,86.18898010253906,-86.19261169433594,38.06608200073242,-38.059810638427734,30.12128448486328,30.118959426879883
4.7371097025461495e-05,0.0,0.0,0.0,21.09588050842285,-21.09505271911621,89.35852813720703,-89.3580093383789,47.16469192504883,-47.16630554199219,98.95748901367188,-98.95840454101562,86.05647277832031,-86.06013488769531,38.06260299682617,-38.05636978149414,30.448383331298828,30.44603729248047
2.8081149139325134e-05,0.0,0.0,0.0,21.206972122192383,-21.20613670349121,89.36712646484375,-89.36661529541016,47.16097640991211,-47.162574768066406,99.12293243408203,-99.12388610839844,85.92626953125,-85.9299545288086,38.05821990966797,-38.05199432373047,30.769811630249023,30.767471313476562
2.174454857595265e-05,0.0,0.0,0.0,21.316736221313477,-21.315879821777344,89.37628936767578,-89.3757553100586,47.15788269042969,-47.15949630737305,99.28443145751953,-99.285400390625,85.79846954345703,-85.80219268798828,38.052978515625,-38.04677200317383,31.085363388061523,31.083017349243164
2.0957475499017164e-05,0.0,0.0,0.0,21.425020217895508,-21.424158096313477,89.38595581054688,-89.3853988647461,47.155426025390625,-47.15705871582031,99.4418716430664,-99.44286346435547,85.6732406616211,-85.67698669433594,38.04692840576172,-38.04074478149414,31.39473533630371,31.392379760742188
9.05800516193267e-06,0.0,0.0,0.0,21.531661987304688,-21.530776977539062,89.39604187011719,-89.3954849243164,47.15354537963867,-47.15517807006836,99.59518432617188,-99.59618377685547,85.55067443847656,-85.55442810058594,38.04012680053711,-38.03398895263672,31.697633743286133,31.695270538330078
-2.8307933462201618e-05,0.0,0.0,0.0,21.636571884155273,-21.635665893554688,89.40658569335938,-89.40597534179688,47.1522102355957,-47.15388488769531,99.74424743652344,-99.74523162841797,85.43090057373047,-85.43467712402344,38.032649993896484,-38.02655029296875,31.993791580200195,31.991350173950195
-2.785436481644865e-05,0.0,0.0,0.0,21.73952865600586,-21.738658905029297,89.41742706298828,-89.41683959960938,47.15142822265625,-47.15308380126953,99.88894653320312,-99.88998413085938,85.31402587890625,-85.31781768798828,38.02458953857422,-38.01847457885742,32.282814025878906,32.280460357666016
-4.619715764420107e-05,0.0,0.0,0.0,21.840482711791992,-21.83959197998047,89.4285659790039,-89.42798614501953,47.1511344909668,-47.15279769897461,100.02923583984375,-100.0302963256836,85.20020294189453,-85.20401000976562,38.01593017578125,-38.00987243652344,32.56451416015625,32.56211853027344
-6.260562076931819e-05,0.0,0.0,0.0,21.939241409301758,-21.938310623168945,89.43998718261719,-89.4393310546875,47.15126037597656,-47.1529541015625,100.16506958007812,-100.16612243652344,85.08946990966797,-85.09333801269531,38.00680923461914,-38.00075912475586,32.8386344909668,32.8361930847168
-7.832039409549907e-05,0.0,0.0,0.0,22.03564453125,-22.034698486328125,89.45156860351562,-89.450927734375,47.1518440246582,-47.153533935546875,100.2962646484375,-100.29735565185547,84.98204040527344,-84.98592376708984,37.99727249145508,-37.99125671386719,33.10478591918945,33.10234069824219
-8.397664350923151e-05,0.0,0.0,0.0,22.129545211791992,-22.128612518310547,89.46327209472656,-89.46261596679688,47.152774810791016,-47.15448760986328,100.42286682128906,-100.42393493652344,84.87796783447266,-84.88184356689453,37.98737716674805,-37.98140335083008,33.3627815246582,33.36033630371094
-0.00010541436495259404,0.0,0.0,0.0,22.220808029174805,-22.2198543548584,89.47504425048828,-89.4743881225586,47.1540641784668,-47.15577697753906,100.54463958740234,-100.54576110839844,84.77740478515625,-84.78132629394531,37.97721862792969,-37.97125244140625,33.612205505371094,33.60972213745117
-0.00010541436495259404,0.0,0.0,0.0,22.220808029174805,-22.2198543548584,89.47504425048828,-89.4743881225586,47.1540641784668,-47.15577697753906,100.54463958740234,-100.54576110839844,84.77740478515625,-84.78132629394531,37.97721862792969,-37.97125244140625,33.612205505371094,33.60972213745117
-0.00011683358752634376,0.0,0.0,0.0,22.394224166870117,-22.393245697021484,89.49810028076172,-89.49739837646484,47.15727996826172,-47.15898513793945,100.77401733398438,-100.7751693725586,84.58733367919922,-84.59129333496094,37.95696258544922,-37.951011657714844,34.08387756347656,34.0814094543457
-0.00011683358752634376,0.0,0.0,0.0,22.394224166870117,-22.393245697021484,89.49810028076172,-89.49739837646484,47.15727996826172,-47.15898513793945,100.77401733398438,-100.7751693725586,84.58733367919922,-84.59129333496094,37.95696258544922,-37.951011657714844,34.08387756347656,34.0814094543457
-0.00012449087807908654,0.0,0.0,0.0,22.55621910095215,-22.555259704589844,89.52106475830078,-89.5203628540039,47.16145706176758,-47.16319274902344,100.98320007324219,-100.9843978881836,84.41242218017578,-84.41643524169922,37.9360466003418,-37.93013000488281,34.51905822753906,34.51662063598633
-0.00012449087807908654,0.0,0.0,0.0,22.55621910095215,-22.555259704589844,89.52106475830078,-89.5203628540039,47.16145706176758,-47.16319274902344,100.98320007324219,-100.9843978881836,84.41242218017578,-84.41643524169922,37.9360466003418,-37.93013000488281,34.51905822753906,34.51662063598633
-0.00014266023936215788,0.0,0.0,0.0,22.704755783081055,-22.703786849975586,89.54316711425781,-89.54243469238281,47.166255950927734,-47.16799545288086,101.1718978881836,-101.17313385009766,84.25357055664062,-84.25760650634766,37.9154167175293,-37.9095344543457,34.914772033691406,34.912288665771484
-0.00014266023936215788,0.0,0.0,0.0,22.704755783081055,-22.703786849975586,89.54316711425781,-89.54243469238281,47.166255950927734,-47.16799545288086,101.1718978881836,-101.17313385009766,84.25357055664062,-84.25760650634766,37.9154167175293,-37.9095344543457,34.914772033691406,34.912288665771484
-0.00015885525499470532,0.0,0.0,0.0,22.838590621948242,-22.837608337402344,89.56390380859375,-89.56315612792969,47.17139434814453,-47.17314529418945,101.33955383300781,-101.34077453613281,84.11164093017578,-84.11567687988281,37.89568328857422,-37.88985061645508,35.26876449584961,35.266300201416016
-0.00015885525499470532,0.0,0.0,0.0,22.838590621948242,-22.837608337402344,89.56390380859375,-89.56315612792969,47.17139434814453,-47.17314529418945,101.33955383300781,-101.34077453613281,84.11164093017578,-84.11567687988281,37.89568328857422,-37.88985061645508,35.26876449584961,35.266300201416016
-0.00016189682355616242,0.0,0.0,0.0,22.956581115722656,-22.955591201782227,89.58283233642578,-89.58206939697266,47.176513671875,-47.178287506103516,101.48542785644531,-101.4866943359375,83.98741149902344,-83.9914779663086,37.87739562988281,-37.8715934753418,35.57887268066406,35.57638168334961
-0.00016189682355616242,0.0,0.0,0.0,22.956581115722656,-22.955591201782227,89.58283233642578,-89.58206939697266,47.176513671875,-47.178287506103516,101.48542785644531,-101.4866943359375,83.98741149902344,-83.9914779663086,37.87739562988281,-37.8715934753418,35.57887268066406,35.57638168334961
-0.00018218730110675097,0.0,0.0,0.0,23.05760955810547,-23.056589126586914,89.59953308105469,-89.5987319946289,47.18134307861328,-47.18311309814453,101.60900115966797,-101.61028289794922,83.8817138671875,-83.88582611083984,37.8610725402832,-37.85527801513672,35.84294891357422,35.840431213378906
-0.00018218730110675097,0.0,0.0,0.0,23.05760955810547,-23.056589126586914,89.59953308105469,-89.5987319946289,47.18134307861328,-47.18311309814453,101.60900115966797,-101.61028289794922,83.8817138671875,-83.88582611083984,37.8610725402832,-37.85527801513672,35.84294891357422,35.840431213378906
-0.00018218730110675097,0.0,0.0,0.0,23.05760955810547,-23.056589126586914,89.59953308105469,-89.5987319946289,47.18134307861328,-47.18311309814453,101.60900115966797,-101.61028289794922,83.8817138671875,-83.88582611083984,37.8610725402832,-37.85527801513672,35.84294891357422,35.840431213378906
-0.00018724323308560997,0.0,0.0,0.0,23.174585342407227,-23.173583984375,89.61930847167969,-89.61849212646484,47.18741989135742,-47.18919372558594,101.7508544921875,-101.75213623046875,83.75997924804688,-83.76405334472656,37.841552734375,-37.83580017089844,36.14738845825195,36.144874572753906
-0.00018724323308560997,0.0,0.0,0.0,23.174585342407227,-23.173583984375,89.61930847167969,-89.61849212646484,47.18741989135742,-47.18919372558594,101.7508544921875,-101.75213623046875,83.75997924804688,-83.76405334472656,37.841552734375,-37.83580017089844,36.14738845825195,36.144874572753906
-0.00018724323308560997,0.0,0.0,0.0,23.174585342407227,-23.173583984375,89.61930847167969,-89.61849212646484,47.18741989135742,-47.18919372558594,101.7508544921875,-101.75213623046875,83.75997924804688,-83.76405334472656,37.841552734375,-37.83580017089844,36.14738845825195,36.144874572753906
-0.00018724323308560997,0.0,0.0,0.0,23.174585342407227,-23.173583984375,89.61930847167969,-89.61849212646484,47.18741989135742,-47.18919372558594,101.7508544921875,-101.75213623046875,83.75997924804688,-83.76405334472656,37.841552734375,-37.83580017089844,36.14738845825195,36.144874572753906
-0.00018724323308560997,0.0,0.0,0.0,23.174585342407227,-23.173583984375,89.61930847167969,-89.61849212646484,47.18741989135742,-47.18919372558594,101.7508544921875,-101.75213623046875,83.75997924804688,-83.76405334472656,37.841552734375,-37.83580017089844,36.14738845825195,36.144874572753906
-0.0001950605947058648,0.0,0.0,0.0,23.269685745239258,-23.268653869628906,89.63583374023438,-89.635009765625,47.192745208740234,-47.19453811645508,101.86457824707031,-101.86588287353516,83.66181945800781,-83.66595458984375,37.825016021728516,-37.819305419921875,36.39314270019531,36.390625
-0.0001950605947058648,0.0,0.0,0.0,23.269685745239258,-23.268653869628906,89.63583374023438,-89.635009765625,47.192745208740234,-47.19453811645508,101.86457824707031,-101.86588287353516,83.66181945800781,-83.66595458984375,37.825016021728516,-37.819305419921875,36.39314270019531,36.390625
-0.0001950605947058648,0.0,0.0,0.0,23.269685745239258,-23.268653869628906,89.63583374023438,-89.635009765625,47.192745208740234,-47.19453811645508,101.86457824707031,-101.86588287353516,83.66181945800781,-83.66595458984375,37.825016021728516,-37.819305419921875,36.39314270019531,36.390625
-0.0001950605947058648,0.0,0.0,0.0,23.269685745239258,-23.268653869628906,89.63583374023438,-89.635009765625,47.192745208740234,-47.19453811645508,101.86457824707031,-101.86588287353516,83.66181945800781,-83.66595458984375,37.825016021728516,-37.819305419921875,36.39314270019531,36.390625
-0.0001950605947058648,0.0,0.0,0.0,23.269685745239258,-23.268653869628906,89.63583374023438,-89.635009765625,47.192745208740234,-47.19453811645508,101.86457824707031,-101.86588287353516,83.66181945800781,-83.66595458984375,37.825016021728516,-37.819305419921875,36.39314270019531,36.390625
-0.0001950605947058648,0.0,0.0,0.0,23.269685745239258,-23.268653869628906,89.63583374023438,-89.635009765625,47.192745208740234,-47.19453811645508,101.86457824707031,-101.86588287353516,83.66181945800781,-83.66595458984375,37.825016021728516,-37.819305419921875,36.39314270019531,36.390625
-0.0001950605947058648,0.0,0.0,0.0,23.269685745239258,-23.268653869628906,89.63583374023438,-89.635009765625,47.192745208740234,-47.19453811645508,101.86457824707031,-101.86588287353516,83.66181945800781,-83.66595458984375,37.825016021728516,-37.819305419921875,36.39314270019531,36.390625
-0.0001950605947058648,0.0,0.0,0.0,23.269685745239258,-23.268653869628906,89.63583374023438,-89.635009765625,47.192745208740234,-47.19453811645508,101.86457824707031,-101.86588287353516,83.66181945800781,-83.66595458984375,37.825016021728516,-37.819305419921875,36.39314270019531,36.390625
-0.0001950605947058648,0.0,0.0,0.0,23.269685745239258,-23.268653869628906,89.63583374023438,-89.635009765625,47.192745208740234,-47.19453811645508,101.86457824707031,-101.86588287353516,83.66181945800781,-83.66595458984375,37.825016021728516,-37.819305419921875,36.39314270019531,36.390625
-0.0001950605947058648,0.0,0.0,0.0,23.269685745239258,-23.268653869628906,89.63583374023438,-89.635009765625,47.192745208740234,-47.19453811645508,101.86457824707031,-101.86588287353516,83.66181945800781,-83.66595458984375,37.825016021728516,-37.819305419921875,36.39314270019531,36.390625
-0.0001950605947058648,0.0,0.0,0.0,23.269685745239258,-23.268653869628906,89.63583374023438,-89.635009765625,47.192745208740234,-47.19453811645508,101.86457824707031,-101.86588287353516,83.66181945800781,-83.66595458984375,37.825016021728516,-37.819305419921875,36.39314270019531,36.390625
-0.0001950605947058648,0.0,0.0,0.0,23.269685745239258,-23.268653869628906,89.63583374023438,-89.635009765625,47.192745208740234,-47.19453811645508,101.86457824707031,-101.86588287353516,83.66181945800781,-83.66595458984375,37.825016021728516,-37.819305419921875,36.39314270019531,36.390625
-0.0001950605947058648,0.0,0.0,0.0,23.269685745239258,-23.268653869628906,89.63583374023438,-89.635009765625,47.192745208740234,-47.19453811645508,101.86457824707031,-101.86588287353516,83.66181945800781,-83.66595458984375,37.825016021728516,-37.819305419921875,36.39314270019531,36.390625
-0.0001950605947058648,0.0,0.0,0.0,23.269685745239258,-23.268653869628906,89.63583374023438,-89.635009765625,47.192745208740234,-47.19453811645508,101.86457824707031,-101.86588287353516,83.66181945800781,-83.66595458984375,37.825016021728516,-37.819305419921875,36.39314270019531,36.390625
-0.0001950605947058648,0.0,0.0,0.0,23.269685745239258,-23.268653869628906,89.63583374023438,-89.635009765625,47.192745208740234,-47.19453811645508,101.86457824707031,-101.86588287353516,83.66181945800781,-83.66595458984375,37.825016021728516,-37.819305419921875,36.39314270019531,36.390625
-0.0001950605947058648,0.0,0.0,0.0,23.269685745239258,-23.268653869628906,89.63583374023438,-89.635009765625,47.192745208740234,-47.19453811645508,101.86457824707031,-101.86588287353516,83.66181945800781,-83.66595458984375,37.825016021728516,-37.819305419921875,36.39314270019531,36.390625
-0.0001950605947058648,0.0,0.0,0.0,23.269685745239258,-23.268653869628906,89.63583374023438,-89.635009765625,47.192745208740234,-47.19453811645508,101.86457824707031,-101.86588287353516,83.66181945800781,-83.66595458984375,37.825016021728516,-37.819305419921875,36.39314270019531,36.390625
-0.0001950605947058648,0.0,0.0,0.0,23.269685745239258,-23.268653869628906,89.63583374023438,-89.635009765625,47.192745208740234,-47.19453811645508,101.86457824707031,-101.86588287353516,83.66181945800781,-83.66595458984375,37.825016021728516,-37.819305419921875,36.39314270019531,36.390625
-0.0001950605947058648,0.0,0.0,0.0,23.269685745239258,-23.268653869628906,89.63583374023438,-89.635009765625,47.192745208740234,-47.19453811645508,101.86457824707031,-101.86588287353516,83.66181945800781,-83.66595458984375,37.825016021728516,-37.819305419921875,36.39314270019531,36.390625
-0.0001950605947058648,0.0,0.0,0.0,23.269685745239258,-23.268653869628906,89.63583374023438,-89.635009765625,47.192745208740234,-47.19453811645508,101.86457824707031,-101.86588287353516,83.66181945800781,-83.66595458984375,37.825016021728516,-37.819305419921875,36.39314270019531,36.390625
-0.0001950605947058648,0.0,0.0,0.0,23.269685745239258,-23.268653869628906,89.63583374023438,-89.635009765625,47.192745208740234,-47.19453811645508,101.86457824707031,-101.86588287353516,83.66181945800781,-83.66595458984375,37.825016021728516,-37.819305419921875,36.39314270019531,36.390625
-0.0001950605947058648,0.0,0.0,0.0,23.269685745239258,-23.268653869628906,89.63583374023438,-89.635009765625,47.192745208740234,-47.19453811645508,101.86457824707031,-101.86588287353516,83.66181945800781,-83.66595458984375,37.825016021728516,-37.819305419921875,36.39314270019531,36.390625
-0.0001950605947058648,0.0,0.0,0.0,23.269685745239258,-23.268653869628906,89.63583374023438,-89.635009765625,47.192745208740234,-47.19453811645508,101.86457824707031,-101.86588287353516,83.66181945800781,-83.66595458984375,37.825016021728516,-37.819305419921875,36.39314270019531,36.390625
-0.0001950605947058648,0.0,0.0,0.0,23.269685745239258,-23.268653869628906,89.63583374023438,-89.635009765625,47.192745208740234,-47.19453811645508,101.86457824707031,-101.86588287353516,83.66181945800781,-83.66595458984375,37.825016021728516,-37.819305419921875,36.39314270019531,36.390625
-0.0001950605947058648,0.0,0.0,0.0,23.269685745239258,-23.268653869628906,89.63583374023438,-89.635009765625,47.192745208740234,-47.19453811645508,101.86457824707031,-101.86588287353516,83.66181945800781,-83.66595458984375,37.825016021728516,-37.819305419921875,36.39314270019531,36.390625
-0.0001950605947058648,0.0,0.0,0.0,23.269685745239258,-23.268653869628906,89.63583374023438,-89.635009765625,47.192745208740234,-47.19453811645508,101.86457824707031,-101.86588287353516,83.66181945800781,-83.66595458984375,37.825016021728516,-37.819305419921875,36.39314270019531,36.390625
-0.0001950605947058648,0.0,0.0,0.0,23.269685745239258,-23.268653869628906,89.63583374023438,-89.635009765625,47.192745208740234,-47.19453811645508,101.86457824707031,-101.86588287353516,83.66181945800781,-83.66595458984375,37.825016021728516,-37.819305419921875,36.39314270019531,36.390625
-0.0001950605947058648,0.0,0.0,0.0,23.269685745239258,-23.268653869628906,89.63583374023438,-89.635009765625,47.192745208740234,-47.19453811645508,101.86457824707031,-101.86588287353516,83.66181945800781,-83.66595458984375,37.825016021728516,-37.819305419921875,36.39314270019531,36.390625
-0.0001950605947058648,0.0,0.0,0.0,23.269685745239258,-23.268653869628906,89.63583374023438,-89.635009765625,47.192745208740234,-47.19453811645508,101.86457824707031,-101.86588287353516,83.66181945800781,-83.66595458984375,37.825016021728516,-37.819305419921875,36.39314270019531,36.390625
-0.0001950605947058648,0.0,0.0,0.0,23.269685745239258,-23.268653869628906,89.63583374023438,-89.635009765625,47.192745208740234,-47.19453811645508,101.86457824707031,-101.86588287353516,83.66181945800781,-83.66595458984375,37.825016021728516,-37.819305419921875,36.39314270019531,36.390625
-0.0001950605947058648,0.0,0.0,0.0,23.269685745239258,-23.268653869628906,89.63583374023438,-89.635009765625,47.192745208740234,-47.19453811645508,101.86457824707031,-101.86588287353516,83.66181945800781,-83.66595458984375,37.825016021728516,-37.819305419921875,36.39314270019531,36.390625
-0.0001950605947058648,0.0,0.0,0.0,23.269685745239258,-23.268653869628906,89.63583374023438,-89.635009765625,47.192745208740234,-47.19453811645508,101.86457824707031,-101.86588287353516,83.66181945800781,-83.66595458984375,37.825016021728516,-37.819305419921875,36.39314270019531,36.390625
-0.0001950605947058648,0.0,0.0,0.0,23.269685745239258,-23.268653869628906,89.63583374023438,-89.635009765625,47.192745208740234,-47.19453811645508,101.86457824707031,-101.86588287353516,83.66181945800781,-83.66595458984375,37.825016021728516,-37.819305419921875,36.39314270019531,36.390625
-0.0001950605947058648,0.0,0.0,0.0,23.269685745239258,-23.268653869628906,89.63583374023438,-89.635009765625,47.192745208740234,-47.19453811645508,101.86457824707031,-101.86588287353516,83.66181945800781,-83.66595458984375,37.825016021728516,-37.819305419921875,36.39314270019531,36.390625
-0.0001950605947058648,0.0,0.0,0.0,23.269685745239258,-23.268653869628906,89.63583374023438,-89.635009765625,47.192745208740234,-47.19453811645508,101.86457824707031,-101.86588287353516,83.66181945800781,-83.66595458984375,37.825016021728516,-37.819305419921875,36.39314270019531,36.390625
-0.0001950605947058648,0.0,0.0,0.0,23.269685745239258,-23.268653869628906,89.63583374023438,-89.635009765625,47.192745208740234,-47.19453811645508,101.86457824707031,-101.86588287353516,83.66181945800781,-83.66595458984375,37.825016021728516,-37.819305419921875,36.39314270019531,36.390625
-0.0001950605947058648,0.0,0.0,0.0,23.269685745239258,-23.268653869628906,89.63583374023438,-89.635009765625,47.192745208740234,-47.19453811645508,101.86457824707031,-101.86588287353516,83.66181945800781,-83.66595458984375,37.825016021728516,-37.819305419921875,36.39314270019531,36.390625
-0.0001950605947058648,0.0,0.0,0.0,23.269685745239258,-23.268653869628906,89.63583374023438,-89.635009765625,47.192745208740234,-47.19453811645508,101.86457824707031,-101.86588287353516,83.66181945800781,-83.66595458984375,37.825016021728516,-37.819305419921875,36.39314270019531,36.390625
-0.0001950605947058648,0.0,0.0,0.0,23.269685745239258,-23.268653869628906,89.63583374023438,-89.635009765625,47.192745208740234,-47.19453811645508,101.86457824707031,-101.86588287353516,83.66181945800781,-83.66595458984375,37.825016021728516,-37.819305419921875,36.39314270019531,36.390625
-0.0001950605947058648,0.0,0.0,0.0,23.269685745239258,-23.268653869628906,89.63583374023438,-89.635009765625,47.192745208740234,-47.19453811645508,101.86457824707031,-101.86588287353516,83.66181945800781,-83.66595458984375,37.825016021728516,-37.819305419921875,36.39314270019531,36.390625
-0.0001950605947058648,0.0,0.0,0.0,23.269685745239258,-23.268653869628906,89.63583374023438,-89.635009765625,47.192745208740234,-47.19453811645508,101.86457824707031,-101.86588287353516,83.66181945800781,-83.66595458984375,37.825016021728516,-37.819305419921875,36.39314270019531,36.390625
-0.0001950605947058648,0.0,0.0,0.0,23.269685745239258,-23.268653869628906,89.63583374023438,-89.635009765625,47.192745208740234,-47.19453811645508,101.86457824707031,-101.86588287353516,83.66181945800781,-83.66595458984375,37.825016021728516,-37.819305419921875,36.39314270019531,36.390625
-0.0001950605947058648,0.0,0.0,0.0,23.269685745239258,-23.268653869628906,89.63583374023438,-89.635009765625,47.192745208740234,-47.19453811645508,101.86457824707031,-101.86588287353516,83.66181945800781,-83.66595458984375,37.825016021728516,-37.819305419921875,36.39314270019531,36.390625
-0.0001950605947058648,0.0,0.0,0.0,23.269685745239258,-23.268653869628906,89.63583374023438,-89.635009765625,47.192745208740234,-47.19453811645508,101.86457824707031,-101.86588287353516,83.66181945800781,-83.66595458984375,37.825016021728516,-37.819305419921875,36.39314270019531,36.390625
-0.0001950605947058648,0.0,0.0,0.0,23.269685745239258,-23.268653869628906,89.63583374023438,-89.635009765625,47.192745208740234,-47.19453811645508,101.86457824707031,-101.86588287353516,83.66181945800781,-83.66595458984375,37.825016021728516,-37.819305419921875,36.39314270019531,36.390625
-0.0001950605947058648,0.0,0.0,0.0,23.269685745239258,-23.268653869628906,89.63583374023438,-89.635009765625,47.192745208740234,-47.19453811645508,101.86457824707031,-101.86588287353516,83.66181945800781,-83.66595458984375,37.825016021728516,-37.819305419921875,36.39314270019531,36.390625
-0.0001950605947058648,0.0,0.0,0.0,23.269685745239258,-23.268653869628906,89.63583374023438,-89.635009765625,47.192745208740234,-47.19453811645508,101.86457824707031,-101.86588287353516,83.66181945800781,-83.66595458984375,37.825016021728516,-37.819305419921875,36.39314270019531,36.390625
-0.0001950605947058648,0.0,0.0,0.0,23.269685745239258,-23.268653869628906,89.63583374023438,-89.635009765625,47.192745208740234,-47.19453811645508,101.86457824707031,-101.86588287353516,83.66181945800781,-83.66595458984375,37.825016021728516,-37.819305419921875,36.39314270019531,36.390625
-0.0001950605947058648,0.0,0.0,0.0,23.269685745239258,-23.268653869628906,89.63583374023438,-89.635009765625,47.192745208740234,-47.19453811645508,101.86457824707031,-101.86588287353516,83.66181945800781,-83.66595458984375,37.825016021728516,-37.819305419921875,36.39314270019531,36.390625
-0.0001950605947058648,0.0,0.0,0.0,23.269685745239258,-23.268653869628906,89.63583374023438,-89.635009765625,47.192745208740234,-47.19453811645508,101.86457824707031,-101.86588287353516,83.66181945800781,-83.66595458984375,37.825016021728516,-37.819305419921875,36.39314270019531,36.390625
-0.0001950605947058648,0.0,0.0,0.0,23.269685745239258,-23.268653869628906,89.63583374023438,-89.635009765625,47.192745208740234,-47.19453811645508,101.86457824707031,-101.86588287353516,83.66181945800781,-83.66595458984375,37.825016021728516,-37.819305419921875,36.39314270019531,36.390625
-0.0001950605947058648,0.0,0.0,0.0,23.269685745239258,-23.268653869628906,89.63583374023438,-89.635009765625,47.192745208740234,-47.19453811645508,101.86457824707031,-101.86588287353516,83.66181945800781,-83.66595458984375,37.825016021728516,-37.819305419921875,36.39314270019531,36.390625
-0.0001950605947058648,0.0,0.0,0.0,23.269685745239258,-23.268653869628906,89.63583374023438,-89.635009765625,47.192745208740234,-47.19453811645508,101.86457824707031,-101.86588287353516,83.66181945800781,-83.66595458984375,37.825016021728516,-37.819305419921875,36.39314270019531,36.390625
-0.0001950605947058648,0.0,0.0,0.0,23.269685745239258,-23.268653869628906,89.63583374023438,-89.635009765625,47.192745208740234,-47.19453811645508,101.86457824707031,-101.86588287353516,83.66181945800781,-83.66595458984375,37.825016021728516,-37.819305419921875,36.39314270019531,36.390625
-0.0001950605947058648,0.0,0.0,0.0,23.269685745239258,-23.268653869628906,89.63583374023438,-89.635009765625,47.192745208740234,-47.19453811645508,101.86457824707031,-101.86588287353516,83.66181945800781,-83.66595458984375,37.825016021728516,-37.819305419921875,36.39314270019531,36.390625
-0.0001950605947058648,0.0,0.0,0.0,23.269685745239258,-23.268653869628906,89.63583374023438,-89.635009765625,47.192745208740234,-47.19453811645508,101.86457824707031,-101.86588287353516,83.66181945800781,-83.66595458984375,37.825016021728516,-37.819305419921875,36.39314270019531,36.390625
-0.0001950605947058648,0.0,0.0,0.0,23.269685745239258,-23.268653869628906,89.63583374023438,-89.635009765625,47.192745208740234,-47.19453811645508,101.86457824707031,-101.86588287353516,83.66181945800781,-83.66595458984375,37.825016021728516,-37.819305419921875,36.39314270019531,36.390625
-0.0001950605947058648,0.0,0.0,0.0,23.269685745239258,-23.268653869628906,89.63583374023438,-89.635009765625,47.192745208740234,-47.19453811645508,101.86457824707031,-101.86588287353516,83.66181945800781,-83.66595458984375,37.825016021728516,-37.819305419921875,36.39314270019531,36.390625
-0.0001950605947058648,0.0,0.0,0.0,23.269685745239258,-23.268653869628906,89.63583374023438,-89.635009765625,47.192745208740234,-47.19453811645508,101.86457824707031,-101.86588287353516,83.66181945800781,-83.66595458984375,37.825016021728516,-37.819305419921875,36.39314270019531,36.390625
-0.0001950605947058648,0.0,0.0,0.0,23.269685745239258,-23.268653869628906,89.63583374023438,-89.635009765625,47.192745208740234,-47.19453811645508,101.86457824707031,-101.86588287353516,83.66181945800781,-83.66595458984375,37.825016021728516,-37.819305419921875,36.39314270019531,36.390625
-0.0001950605947058648,0.0,0.0,0.0,23.269685745239258,-23.268653869628906,89.63583374023438,-89.635009765625,47.192745208740234,-47.19453811645508,101.86457824707031,-101.86588287353516,83.66181945800781,-83.66595458984375,37.825016021728516,-37.819305419921875,36.39314270019531,36.390625
-0.0001950605947058648,0.0,0.0,0.0,23.269685745239258,-23.268653869628906,89.63583374023438,-89.635009765625,47.192745208740234,-47.19453811645508,101.86457824707031,-101.86588287353516,83.66181945800781,-83.66595458984375,37.825016021728516,-37.819305419921875,36.39314270019531,36.390625
-0.0001950605947058648,0.0,0.0,0.0,23.269685745239258,-23.268653869628906,89.63583374023438,-89.635009765625,47.192745208740234,-47.19453811645508,101.86457824707031,-101.86588287353516,83.66181945800781,-83.66595458984375,37.825016021728516,-37.819305419921875,36.39314270019531,36.390625
-0.0001950605947058648,0.0,0.0,0.0,23.269685745239258,-23.268653869628906,89.63583374023438,-89.635009765625,47.192745208740234,-47.19453811645508,101.86457824707031,-101.86588287353516,83.66181945800781,-83.66595458984375,37.825016021728516,-37.819305419921875,36.39314270019531,36.390625
-0.0001950605947058648,0.0,0.0,0.0,23.269685745239258,-23.268653869628906,89.63583374023438,-89.635009765625,47.192745208740234,-47.19453811645508,101.86457824707031,-101.86588287353516,83.66181945800781,-83.66595458984375,37.825016021728516,-37.819305419921875,36.39314270019531,36.390625
-0.0001950605947058648,0.0,0.0,0.0,23.269685745239258,-23.268653869628906,89.63583374023438,-89.635009765625,47.192745208740234,-47.19453811645508,101.86457824707031,-101.86588287353516,83.66181945800781,-83.66595458984375,37.825016021728516,-37.819305419921875,36.39314270019531,36.390625
-0.0001950605947058648,0.0,0.0,0.0,23.269685745239258,-23.268653869628906,89.63583374023438,-89.635009765625,47.192745208740234,-47.19453811645508,101.86457824707031,-101.86588287353516,83.66181945800781,-83.66595458984375,37.825016021728516,-37.819305419921875,36.39314270019531,36.390625
-0.0001950605947058648,0.0,0.0,0.0,23.269685745239258,-23.268653869628906,89.63583374023438,-89.635009765625,47.192745208740234,-47.19453811645508,101.86457824707031,-101.86588287353516,83.66181945800781,-83.66595458984375,37.825016021728516,-37.819305419921875,36.39314270019531,36.390625
-0.0001950605947058648,0.0,0.0,0.0,23.269685745239258,-23.268653869628906,89.63583374023438,-89.635009765625,47.192745208740234,-47.19453811645508,101.86457824707031,-101.86588287353516,83.66181945800781,-83.66595458984375,37.825016021728516,-37.819305419921875,36.39314270019531,36.390625
-0.0001950605947058648,0.0,0.0,0.0,23.269685745239258,-23.268653869628906,89.63583374023438,-89.635009765625,47.192745208740234,-47.19453811645508,101.86457824707031,-101.86588287353516,83.66181945800781,-83.66595458984375,37.825016021728516,-37.819305419921875,36.39314270019531,36.390625
-0.0001950605947058648,0.0,0.0,0.0,23.269685745239258,-23.268653869628906,89.63583374023438,-89.635009765625,47.192745208740234,-47.19453811645508,101.86457824707031,-101.86588287353516,83.66181945800781,-83.66595458984375,37.825016021728516,-37.819305419921875,36.39314270019531,36.390625
-0.0001950605947058648,0.0,0.0,0.0,23.269685745239258,-23.268653869628906,89.63583374023438,-89.635009765625,47.192745208740234,-47.19453811645508,101.86457824707031,-101.86588287353516,83.66181945800781,-83.66595458984375,37.825016021728516,-37.819305419921875,36.39314270019531,36.390625
-0.0001950605947058648,0.0,0.0,0.0,23.269685745239258,-23.268653869628906,89.63583374023438,-89.635009765625,47.192745208740234,-47.19453811645508,101.86457824707031,-101.86588287353516,83.66181945800781,-83.66595458984375,37.825016021728516,-37.819305419921875,36.39314270019531,36.390625
-0.0001950605947058648,0.0,0.0,0.0,23.269685745239258,-23.268653869628906,89.63583374023438,-89.635009765625,47.192745208740234,-47.19453811645508,101.86457824707031,-101.86588287353516,83.66181945800781,-83.66595458984375,37.825016021728516,-37.819305419921875,36.39314270019531,36.390625
-0.0001950605947058648,0.0,0.0,0.0,23.269685745239258,-23.268653869628906,89.63583374023438,-89.635009765625,47.192745208740234,-47.19453811645508,101.86457824707031,-101.86588287353516,83.66181945800781,-83.66595458984375,37.825016021728516,-37.819305419921875,36.39314270019531,36.390625
-0.0001950605947058648,0.0,0.0,0.0,23.269685745239258,-23.268653869628906,89.63583374023438,-89.635009765625,47.192745208740234,-47.19453811645508,101.86457824707031,-101.86588287353516,83.66181945800781,-83.66595458984375,37.825016021728516,-37.819305419921875,36.39314270019531,36.390625
-0.0001950605947058648,0.0,0.0,0.0,23.269685745239258,-23.268653869628906,89.63583374023438,-89.635009765625,47.192745208740234,-47.19453811645508,101.86457824707031,-101.86588287353516,83.66181945800781,-83.66595458984375,37.825016021728516,-37.819305419921875,36.39314270019531,36.390625
-0.0001950605947058648,0.0,0.0,0.0,23.269685745239258,-23.268653869628906,89.63583374023438,-89.635009765625,47.192745208740234,-47.19453811645508,101.86457824707031,-101.86588287353516,83.66181945800781,-83.66595458984375,37.825016021728516,-37.819305419921875,36.39314270019531,36.390625
-0.0001950605947058648,0.0,0.0,0.0,23.269685745239258,-23.268653869628906,89.63583374023438,-89.635009765625,47.192745208740234,-47.19453811645508,101.86457824707031,-101.86588287353516,83.66181945800781,-83.66595458984375,37.825016021728516,-37.819305419921875,36.39314270019531,36.390625
-0.0001950605947058648,0.0,0.0,0.0,23.269685745239258,-23.268653869628906,89.63583374023438,-89.635009765625,47.192745208740234,-47.19453811645508,101.86457824707031,-101.86588287353516,83.66181945800781,-83.66595458984375,37.825016021728516,-37.819305419921875,36.39314270019531,36.390625
-0.0001950605947058648,0.0,0.0,0.0,23.269685745239258,-23.268653869628906,89.63583374023438,-89.635009765625,47.192745208740234,-47.19453811645508,101.86457824707031,-101.86588287353516,83.66181945800781,-83.66595458984375,37.825016021728516,-37.819305419921875,36.39314270019531,36.390625
-0.0001950605947058648,0.0,0.0,0.0,23.269685745239258,-23.268653869628906,89.63583374023438,-89.635009765625,47.192745208740234,-47.19453811645508,101.86457824707031,-101.86588287353516,83.66181945800781,-83.66595458984375,37.825016021728516,-37.819305419921875,36.39314270019531,36.390625
-0.0001950605947058648,0.0,0.0,0.0,23.269685745239258,-23.268653869628906,89.63583374023438,-89.635009765625,47.192745208740234,-47.19453811645508,101.86457824707031,-101.86588287353516,83.66181945800781,-83.66595458984375,37.825016021728516,-37.819305419921875,36.39314270019531,36.390625
-0.0001950605947058648,0.0,0.0,0.0,23.269685745239258,-23.268653869628906,89.63583374023438,-89.635009765625,47.192745208740234,-47.19453811645508,101.86457824707031,-101.86588287353516,83.66181945800781,-83.66595458984375,37.825016021728516,-37.819305419921875,36.39314270019531,36.390625
-0.0001950605947058648,0.0,0.0,0.0,23.269685745239258,-23.268653869628906,89.63583374023438,-89.635009765625,47.192745208740234,-47.19453811645508,101.86457824707031,-101.86588287353516,83.66181945800781,-83.66595458984375,37.825016021728516,-37.819305419921875,36.39314270019531,36.390625
-0.0001950605947058648,0.0,0.0,0.0,23.269685745239258,-23.268653869628906,89.63583374023438,-89.635009765625,47.192745208740234,-47.19453811645508,101.86457824707031,-101.86588287353516,83.66181945800781,-83.66595458984375,37.825016021728516,-37.819305419921875,36.39314270019531,36.390625
-0.0001950605947058648,0.0,0.0,0.0,23.269685745239258,-23.268653869628906,89.63583374023438,-89.635009765625,47.192745208740234,-47.19453811645508,101.86457824707031,-101.86588287353516,83.66181945800781,-83.66595458984375,37.825016021728516,-37.819305419921875,36.39314270019531,36.390625
-0.0001950605947058648,0.0,0.0,0.0,23.269685745239258,-23.268653869628906,89.63583374023438,-89.635009765625,47.192745208740234,-47.19453811645508,101.86457824707031,-101.86588287353516,83.66181945800781,-83.66595458984375,37.825016021728516,-37.819305419921875,36.39314270019531,36.390625
-0.0001950605947058648,0.0,0.0,0.0,23.269685745239258,-23.268653869628906,89.63583374023438,-89.635009765625,47.192745208740234,-47.19453811645508,101.86457824707031,-101.86588287353516,83.66181945800781,-83.66595458984375,37.825016021728516,-37.819305419921875,36.39314270019531,36.390625
-0.0001950605947058648,0.0,0.0,0.0,23.269685745239258,-23.268653869628906,89.63583374023438,-89.635009765625,47.192745208740234,-47.19453811645508,101.86457824707031,-101.86588287353516,83.66181945800781,-83.66595458984375,37.825016021728516,-37.819305419921875,36.39314270019531,36.390625
-0.0001950605947058648,0.0,0.0,0.0,23.269685745239258,-23.268653869628906,89.63583374023438,-89.635009765625,47.192745208740234,-47.19453811645508,101.86457824707031,-101.86588287353516,83.66181945800781,-83.66595458984375,37.825016021728516,-37.819305419921875,36.39314270019531,36.390625
-0.0001950605947058648,0.0,0.0,0.0,23.269685745239258,-23.268653869628906,89.63583374023438,-89.635009765625,47.192745208740234,-47.19453811645508,101.86457824707031,-101.86588287353516,83.66181945800781,-83.66595458984375,37.825016021728516,-37.819305419921875,36.39314270019531,36.390625
-0.0001950605947058648,0.0,0.0,0.0,23.269685745239258,-23.268653869628906,89.63583374023438,-89.635009765625,47.192745208740234,-47.19453811645508,101.86457824707031,-101.86588287353516,83.66181945800781,-83.66595458984375,37.825016021728516,-37.819305419921875,36.39314270019531,36.390625
-0.0001950605947058648,0.0,0.0,0.0,23.269685745239258,-23.268653869628906,89.63583374023438,-89.635009765625,47.192745208740234,-47.19453811645508,101.86457824707031,-101.86588287353516,83.66181945800781,-83.66595458984375,37.825016021728516,-37.819305419921875,36.39314270019531,36.390625
-0.0001950605947058648,0.0,0.0,0.0,23.269685745239258,-23.268653869628906,89.63583374023438,-89.635009765625,47.192745208740234,-47.19453811645508,101.86457824707031,-101.86588287353516,83.66181945800781,-83.66595458984375,37.825016021728516,-37.819305419921875,36.39314270019531,36.390625
-0.0001950605947058648,0.0,0.0,0.0,23.269685745239258,-23.268653869628906,89.63583374023438,-89.635009765625,47.192745208740234,-47.19453811645508,101.86457824707031,-101.86588287353516,83.66181945800781,-83.66595458984375,37.825016021728516,-37.819305419921875,36.39314270019531,36.390625
-0.0001950605947058648,0.0,0.0,0.0,23.269685745239258,-23.268653869628906,89.63583374023438,-89.635009765625,47.192745208740234,-47.19453811645508,101.86457824707031,-101.86588287353516,83.66181945800781,-83.66595458984375,37.825016021728516,-37.819305419921875,36.39314270019531,36.390625
-0.0001950605947058648,0.0,0.0,0.0,23.269685745239258,-23.268653869628906,89.63583374023438,-89.635009765625,47.192745208740234,-47.19453811645508,101.86457824707031,-101.86588287353516,83.66181945800781,-83.66595458984375,37.825016021728516,-37.819305419921875,36.39314270019531,36.390625
-0.0001950605947058648,0.0,0.0,0.0,23.269685745239258,-23.268653869628906,89.63583374023438,-89.635009765625,47.192745208740234,-47.19453811645508,101.86457824707031,-101.86588287353516,83.66181945800781,-83.66595458984375,37.825016021728516,-37.819305419921875,36.39314270019531,36.390625
-0.0001950605947058648,0.0,0.0,0.0,23.269685745239258,-23.268653869628906,89.63583374023438,-89.635009765625,47.192745208740234,-47.19453811645508,101.86457824707031,-101.86588287353516,83.66181945800781,-83.66595458984375,37.825016021728516,-37.819305419921875,36.39314270019531,36.390625
-0.0001950605947058648,0.0,0.0,0.0,23.269685745239258,-23.268653869628906,89.63583374023438,-89.635009765625,47.192745208740234,-47.19453811645508,101.86457824707031,-101.86588287353516,83.66181945800781,-83.66595458984375,37.825016021728516,-37.819305419921875,36.39314270019531,36.390625
-0.0001950605947058648,0.0,0.0,0.0,23.269685745239258,-23.268653869628906,89.63583374023438,-89.635009765625,47.192745208740234,-47.19453811645508,101.86457824707031,-101.86588287353516,83.66181945800781,-83.66595458984375,37.825016021728516,-37.819305419921875,36.39314270019531,36.390625
-0.0001950605947058648,0.0,0.0,0.0,23.269685745239258,-23.268653869628906,89.63583374023438,-89.635009765625,47.192745208740234,-47.19453811645508,101.86457824707031,-101.86588287353516,83.66181945800781,-83.66595458984375,37.825016021728516,-37.819305419921875,36.39314270019531,36.390625
-0.0001950605947058648,0.0,0.0,0.0,23.269685745239258,-23.268653869628906,89.63583374023438,-89.635009765625,47.192745208740234,-47.19453811645508,101.86457824707031,-101.86588287353516,83.66181945800781,-83.66595458984375,37.825016021728516,-37.819305419921875,36.39314270019531,36.390625
-0.0001950605947058648,0.0,0.0,0.0,23.269685745239258,-23.268653869628906,89.63583374023438,-89.635009765625,47.192745208740234,-47.19453811645508,101.86457824707031,-101.86588287353516,83.66181945800781,-83.66595458984375,37.825016021728516,-37.819305419921875,36.39314270019531,36.390625
-0.0001950605947058648,0.0,0.0,0.0,23.269685745239258,-23.268653869628906,89.63583374023438,-89.635009765625,47.192745208740234,-47.19453811645508,101.86457824707031,-101.86588287353516,83.66181945800781,-83.66595458984375,37.825016021728516,-37.819305419921875,36.39314270019531,36.390625
-0.0001950605947058648,0.0,0.0,0.0,23.269685745239258,-23.268653869628906,89.63583374023438,-89.635009765625,47.192745208740234,-47.19453811645508,101.86457824707031,-101.86588287353516,83.66181945800781,-83.66595458984375,37.825016021728516,-37.819305419921875,36.39314270019531,36.390625
-0.0001950605947058648,0.0,0.0,0.0,23.269685745239258,-23.268653869628906,89.63583374023438,-89.635009765625,47.192745208740234,-47.19453811645508,101.86457824707031,-101.86588287353516,83.66181945800781,-83.66595458984375,37.825016021728516,-37.819305419921875,36.39314270019531,36.390625
-0.0001950605947058648,0.0,0.0,0.0,23.269685745239258,-23.268653869628906,89.63583374023438,-89.635009765625,47.192745208740234,-47.19453811645508,101.86457824707031,-101.86588287353516,83.66181945800781,-83.66595458984375,37.825016021728516,-37.819305419921875,36.39314270019531,36.390625
-0.0001950605947058648,0.0,0.0,0.0,23.269685745239258,-23.268653869628906,89.63583374023438,-89.635009765625,47.192745208740234,-47.19453811645508,101.86457824707031,-101.86588287353516,83.66181945800781,-83.66595458984375,37.825016021728516,-37.819305419921875,36.39314270019531,36.390625
-0.0001950605947058648,0.0,0.0,0.0,23.269685745239258,-23.268653869628906,89.63583374023438,-89.635009765625,47.192745208740234,-47.19453811645508,101.86457824707031,-101.86588287353516,83.66181945800781,-83.66595458984375,37.825016021728516,-37.819305419921875,36.39314270019531,36.390625
-0.0001950605947058648,0.0,0.0,0.0,23.269685745239258,-23.268653869628906,89.63583374023438,-89.635009765625,47.192745208740234,-47.19453811645508,101.86457824707031,-101.86588287353516,83.66181945800781,-83.66595458984375,37.825016021728516,-37.819305419921875,36.39314270019531,36.390625
-0.0001950605947058648,0.0,0.0,0.0,23.269685745239258,-23.268653869628906,89.63583374023438,-89.635009765625,47.192745208740234,-47.19453811645508,101.86457824707031,-101.86588287353516,83.66181945800781,-83.66595458984375,37.825016021728516,-37.819305419921875,36.39314270019531,36.390625
-0.0001950605947058648,0.0,0.0,0.0,23.269685745239258,-23.268653869628906,89.63583374023438,-89.635009765625,47.192745208740234,-47.19453811645508,101.86457824707031,-101.86588287353516,83.66181945800781,-83.66595458984375,37.825016021728516,-37.819305419921875,36.39314270019531,36.390625
-0.0001950605947058648,0.0,0.0,0.0,23.269685745239258,-23.268653869628906,89.63583374023438,-89.635009765625,47.192745208740234,-47.19453811645508,101.86457824707031,-101.86588287353516,83.66181945800781,-83.66595458984375,37.825016021728516,-37.819305419921875,36.39314270019531,36.390625
-0.0001950605947058648,0.0,0.0,0.0,23.269685745239258,-23.268653869628906,89.63583374023438,-89.635009765625,47.192745208740234,-47.19453811645508,101.86457824707031,-101.86588287353516,83.66181945800781,-83.66595458984375,37.825016021728516,-37.819305419921875,36.39314270019531,36.390625
-0.0001950605947058648,0.0,0.0,0.0,23.269685745239258,-23.268653869628906,89.63583374023438,-89.635009765625,47.192745208740234,-47.19453811645508,101.86457824707031,-101.86588287353516,83.66181945800781,-83.66595458984375,37.825016021728516,-37.819305419921875,36.39314270019531,36.390625
-0.0001950605947058648,0.0,0.0,0.0,23.269685745239258,-23.268653869628906,89.63583374023438,-89.635009765625,47.192745208740234,-47.19453811645508,101.86457824707031,-101.86588287353516,83.66181945800781,-83.66595458984375,37.825016021728516,-37.819305419921875,36.39314270019531,36.390625
-0.0001950605947058648,0.0,0.0,0.0,23.269685745239258,-23.268653869628906,89.63583374023438,-89.635009765625,47.192745208740234,-47.19453811645508,101.86457824707031,-101.86588287353516,83.66181945800781,-83.66595458984375,37.825016021728516,-37.819305419921875,36.39314270019531,36.390625
-0.0001950605947058648,0.0,0.0,0.0,23.269685745239258,-23.268653869628906,89.63583374023438,-89.635009765625,47.192745208740234,-47.19453811645508,101.86457824707031,-101.86588287353516,83.66181945800781,-83.66595458984375,37.825016021728516,-37.819305419921875,36.39314270019531,36.390625
-0.0001950605947058648,0.0,0.0,0.0,23.269685745239258,-23.268653869628906,89.63583374023438,-89.635009765625,47.192745208740234,-47.19453811645508,101.86457824707031,-101.86588287353516,83.66181945800781,-83.66595458984375,37.825016021728516,-37.819305419921875,36.39314270019531,36.390625
-0.0001950605947058648,0.0,0.0,0.0,23.269685745239258,-23.268653869628906,89.63583374023438,-89.635009765625,47.192745208740234,-47.19453811645508,101.86457824707031,-101.86588287353516,83.66181945800781,-83.66595458984375,37.825016021728516,-37.819305419921875,36.39314270019531,36.390625
-0.0001950605947058648,0.0,0.0,0.0,23.269685745239258,-23.268653869628906,89.63583374023438,-89.635009765625,47.192745208740234,-47.19453811645508,101.86457824707031,-101.86588287353516,83.66181945800781,-83.66595458984375,37.825016021728516,-37.819305419921875,36.39314270019531,36.390625
-0.0001950605947058648,0.0,0.0,0.0,23.269685745239258,-23.268653869628906,89.63583374023438,-89.635009765625,47.192745208740234,-47.19453811645508,101.86457824707031,-101.86588287353516,83.66181945800781,-83.66595458984375,37.825016021728516,-37.819305419921875,36.39314270019531,36.390625
-0.0001950605947058648,0.0,0.0,0.0,23.269685745239258,-23.268653869628906,89.63583374023438,-89.635009765625,47.192745208740234,-47.19453811645508,101.86457824707031,-101.86588287353516,83.66181945800781,-83.66595458984375,37.825016021728516,-37.819305419921875,36.39314270019531,36.390625
-0.0001950605947058648,0.0,0.0,0.0,23.269685745239258,-23.268653869628906,89.63583374023438,-89.635009765625,47.192745208740234,-47.19453811645508,101.86457824707031,-101.86588287353516,83.66181945800781,-83.66595458984375,37.825016021728516,-37.819305419921875,36.39314270019531,36.390625
-0.0001950605947058648,0.0,0.0,0.0,23.269685745239258,-23.268653869628906,89.63583374023438,-89.635009765625,47.192745208740234,-47.19453811645508,101.86457824707031,-101.86588287353516,83.66181945800781,-83.66595458984375,37.825016021728516,-37.819305419921875,36.39314270019531,36.390625
-0.0001950605947058648,0.0,0.0,0.0,23.269685745239258,-23.268653869628906,89.63583374023438,-89.635009765625,47.192745208740234,-47.19453811645508,101.86457824707031,-101.86588287353516,83.66181945800781,-83.66595458984375,37.825016021728516,-37.819305419921875,36.39314270019531,36.390625
-0.0001950605947058648,0.0,0.0,0.0,23.269685745239258,-23.268653869628906,89.63583374023438,-89.635009765625,47.192745208740234,-47.19453811645508,101.86457824707031,-101.86588287353516,83.66181945800781,-83.66595458984375,37.825016021728516,-37.819305419921875,36.39314270019531,36.390625
-0.0001950605947058648,0.0,0.0,0.0,23.269685745239258,-23.268653869628906,89.63583374023438,-89.635009765625,47.192745208740234,-47.19453811645508,101.86457824707031,-101.86588287353516,83.66181945800781,-83.66595458984375,37.825016021728516,-37.819305419921875,36.39314270019531,36.390625
-0.0001950605947058648,0.0,0.0,0.0,23.269685745239258,-23.268653869628906,89.63583374023438,-89.635009765625,47.192745208740234,-47.19453811645508,101.86457824707031,-101.86588287353516,83.66181945800781,-83.66595458984375,37.825016021728516,-37.819305419921875,36.39314270019531,36.390625
-0.0001950605947058648,0.0,0.0,0.0,23.269685745239258,-23.268653869628906,89.63583374023438,-89.635009765625,47.192745208740234,-47.19453811645508,101.86457824707031,-101.86588287353516,83.66181945800781,-83.66595458984375,37.825016021728516,-37.819305419921875,36.39314270019531,36.390625
-0.0001950605947058648,0.0,0.0,0.0,23.269685745239258,-23.268653869628906,89.63583374023438,-89.635009765625,47.192745208740234,-47.19453811645508,101.86457824707031,-101.86588287353516,83.66181945800781,-83.66595458984375,37.825016021728516,-37.819305419921875,36.39314270019531,36.390625
-0.0001950605947058648,0.0,0.0,0.0,23.269685745239258,-23.268653869628906,89.63583374023438,-89.635009765625,47.192745208740234,-47.19453811645508,101.86457824707031,-101.86588287353516,83.66181945800781,-83.66595458984375,37.825016021728516,-37.819305419921875,36.39314270019531,36.390625
-0.0001950605947058648,0.0,0.0,0.0,23.269685745239258,-23.268653869628906,89.63583374023438,-89.635009765625,47.192745208740234,-47.19453811645508,101.86457824707031,-101.86588287353516,83.66181945800781,-83.66595458984375,37.825016021728516,-37.819305419921875,36.39314270019531,36.390625
-0.0001950605947058648,0.0,0.0,0.0,23.269685745239258,-23.268653869628906,89.63583374023438,-89.635009765625,47.192745208740234,-47.19453811645508,101.86457824707031,-101.86588287353516,83.66181945800781,-83.66595458984375,37.825016021728516,-37.819305419921875,36.39314270019531,36.390625
-0.0001950605947058648,0.0,0.0,0.0,23.269685745239258,-23.268653869628906,89.63583374023438,-89.635009765625,47.192745208740234,-47.19453811645508,101.86457824707031,-101.86588287353516,83.66181945800781,-83.66595458984375,37.825016021728516,-37.819305419921875,36.39314270019531,36.390625
-0.0001950605947058648,0.0,0.0,0.0,23.269685745239258,-23.268653869628906,89.63583374023438,-89.635009765625,47.192745208740234,-47.19453811645508,101.86457824707031,-101.86588287353516,83.66181945800781,-83.66595458984375,37.825016021728516,-37.819305419921875,36.39314270019531,36.390625
-0.0001950605947058648,0.0,0.0,0.0,23.269685745239258,-23.268653869628906,89.63583374023438,-89.635009765625,47.192745208740234,-47.19453811645508,101.86457824707031,-101.86588287353516,83.66181945800781,-83.66595458984375,37.825016021728516,-37.819305419921875,36.39314270019531,36.390625
-0.0001950605947058648,0.0,0.0,0.0,23.269685745239258,-23.268653869628906,89.63583374023438,-89.635009765625,47.192745208740234,-47.19453811645508,101.86457824707031,-101.86588287353516,83.66181945800781,-83.66595458984375,37.825016021728516,-37.819305419921875,36.39314270019531,36.390625
-0.0001950605947058648,0.0,0.0,0.0,23.269685745239258,-23.268653869628906,89.63583374023438,-89.635009765625,47.192745208740234,-47.19453811645508,101.86457824707031,-101.86588287353516,83.66181945800781,-83.66595458984375,37.825016021728516,-37.819305419921875,36.39314270019531,36.390625
-0.0001950605947058648,0.0,0.0,0.0,23.269685745239258,-23.268653869628906,89.63583374023438,-89.635009765625,47.192745208740234,-47.19453811645508,101.86457824707031,-101.86588287353516,83.66181945800781,-83.66595458984375,37.825016021728516,-37.819305419921875,36.39314270019531,36.390625
-0.0001950605947058648,0.0,0.0,0.0,23.269685745239258,-23.268653869628906,89.63583374023438,-89.635009765625,47.192745208740234,-47.19453811645508,101.86457824707031,-101.86588287353516,83.66181945800781,-83.66595458984375,37.825016021728516,-37.819305419921875,36.39314270019531,36.390625
-0.0001950605947058648,0.0,0.0,0.0,23.269685745239258,-23.268653869628906,89.63583374023438,-89.635009765625,47.192745208740234,-47.19453811645508,101.86457824707031,-101.86588287353516,83.66181945800781,-83.66595458984375,37.825016021728516,-37.819305419921875,36.39314270019531,36.390625
-0.0001950605947058648,0.0,0.0,0.0,23.269685745239258,-23.268653869628906,89.63583374023438,-89.635009765625,47.192745208740234,-47.19453811645508,101.86457824707031,-101.86588287353516,83.66181945800781,-83.66595458984375,37.825016021728516,-37.819305419921875,36.39314270019531,36.390625
-0.0001950605947058648,0.0,0.0,0.0,23.269685745239258,-23.268653869628906,89.63583374023438,-89.635009765625,47.192745208740234,-47.19453811645508,101.86457824707031,-101.86588287353516,83.66181945800781,-83.66595458984375,37.825016021728516,-37.819305419921875,36.39314270019531,36.390625
-0.0001950605947058648,0.0,0.0,0.0,23.269685745239258,-23.268653869628906,89.63583374023438,-89.635009765625,47.192745208740234,-47.19453811645508,101.86457824707031,-101.86588287353516,83.66181945800781,-83.66595458984375,37.825016021728516,-37.819305419921875,36.39314270019531,36.390625
-0.0001950605947058648,0.0,0.0,0.0,23.269685745239258,-23.268653869628906,89.63583374023438,-89.635009765625,47.192745208740234,-47.19453811645508,101.86457824707031,-101.86588287353516,83.66181945800781,-83.66595458984375,37.825016021728516,-37.819305419921875,36.39314270019531,36.390625
-0.0001950605947058648,0.0,0.0,0.0,23.269685745239258,-23.268653869628906,89.63583374023438,-89.635009765625,47.192745208740234,-47.19453811645508,101.86457824707031,-101.86588287353516,83.66181945800781,-83.66595458984375,37.825016021728516,-37.819305419921875,36.39314270019531,36.390625
-0.0001950605947058648,0.0,0.0,0.0,23.269685745239258,-23.268653869628906,89.63583374023438,-89.635009765625,47.192745208740234,-47.19453811645508,101.86457824707031,-101.86588287353516,83.66181945800781,-83.66595458984375,37.825016021728516,-37.819305419921875,36.39314270019531,36.390625
-0.0001950605947058648,0.0,0.0,0.0,23.269685745239258,-23.268653869628906,89.63583374023438,-89.635009765625,47.192745208740234,-47.19453811645508,101.86457824707031,-101.86588287353516,83.66181945800781,-83.66595458984375,37.825016021728516,-37.819305419921875,36.39314270019531,36.390625
-0.0001950605947058648,0.0,0.0,0.0,23.269685745239258,-23.268653869628906,89.63583374023438,-89.635009765625,47.192745208740234,-47.19453811645508,101.86457824707031,-101.86588287353516,83.66181945800781,-83.66595458984375,37.825016021728516,-37.819305419921875,36.39314270019531,36.390625
