Joint_L0_deg,Joint_L1_deg,Joint_L2_U_deg,Joint_L3_U_deg,Joint_L2_R_deg,Joint_L2_L_deg,Joint_L3_R_deg,Joint_L3_L_deg,Joint_L4_R_deg,Joint_L4_L_deg,Joint_L5_R_deg,Joint_L5_L_deg,Joint_L6_R_deg,Joint_L6_L_deg,Joint_L7_R_deg,Joint_L7_L_deg,Joint_L8_R_deg,Joint_L8_L_deg
0.0,0.0,0.0,0.0,0.0,0.0,79.98490905761719,-79.98490905761719,96.14231872558594,-96.14231872558594,100.0957260131836,-100.0957260131836,90.00020599365234,-90.00020599365234,0.0,0.0,0.0,0.0
-1.0628188107375536e-08,0.0,0.0,0.0,0.002103830687701702,-0.002104035345837474,79.97911071777344,-79.97911071777344,96.14566040039062,-96.14566040039062,100.08846282958984,-100.08846282958984,90.00814819335938,-90.00814819335938,-0.00801169965416193,0.008013737387955189,0.0007964323158375919,0.0007963455864228308
-4.2227430441243996e-08,0.0,0.0,0.0,0.008358843624591827,-0.008359657600522041,79.96187591552734,-79.96187591552734,96.15557861328125,-96.15557861328125,100.06686401367188,-100.06685638427734,90.03176879882812,-90.03176879882812,-0.03183171525597572,0.03183981403708458,0.003164348192512989,0.003164003835991025
-9.4369745795575e-08,0.0,0.0,0.0,0.01868032105267048,-0.018682140856981277,79.93344116210938,-79.93344116210938,96.17195129394531,-96.17195129394531,100.03121185302734,-100.03121185302734,90.07074737548828,-90.07074737548828,-0.0711374431848526,0.07115553319454193,0.007071677129715681,0.007070907391607761
-1.6662717428062024e-07,0.0,0.0,0.0,0.03298354893922806,-0.03298676013946533,79.89402770996094,-79.8940200805664,96.19464111328125,-96.19464874267578,99.98181915283203,-99.9818115234375,90.12474822998047,-90.124755859375,-0.1256062537431717,0.1256382018327713,0.012486347928643227,0.012484989129006863
-2.5857173113763565e-07,0.0,0.0,0.0,0.051183804869651794,-0.05118878558278084,79.8438720703125,-79.8438720703125,96.22351837158203,-96.22352600097656,99.9189682006836,-99.91895294189453,90.19347381591797,-90.19347381591797,-0.1949155330657959,0.19496509432792664,0.01937629096210003,0.0193741824477911
-3.6977533568460785e-07,0.0,0.0,0.0,0.07319636642932892,-0.07320348918437958,79.78321838378906,-79.78321838378906,96.2584457397461,-96.25846099853516,99.84294891357422,-99.84293365478516,90.27659606933594,-90.27659606933594,-0.27874261140823364,0.27881351113319397,0.02770942822098732,0.027706412598490715
-4.998101985620451e-07,0.0,0.0,0.0,0.0989365205168724,-0.09894614666700363,79.71229553222656,-79.71228790283203,96.29928588867188,-96.2992935180664,99.75405883789062,-99.75403594970703,90.37379455566406,-90.37379455566406,-0.3767649829387665,0.3768607974052429,0.037453699856996536,0.03744962066411972
-6.482480898739595e-07,0.0,0.0,0.0,0.12831954658031464,-0.1283320188522339,79.63133239746094,-79.6313247680664,96.34590148925781,-96.34591674804688,99.652587890625,-99.65255737304688,90.4847412109375,-90.4847412109375,-0.4886598587036133,0.48878413438796997,0.048577018082141876,0.04857173189520836
-8.14661291315133e-07,0.0,0.0,0.0,0.161260724067688,-0.1612764298915863,79.54056549072266,-79.5405502319336,96.39816284179688,-96.39818572998047,99.53882598876953,-99.53878784179688,90.60912322998047,-90.60912322998047,-0.6141048073768616,0.6142610311508179,0.06104733794927597,0.061040688306093216
-9.986217719415436e-07,0.0,0.0,0.0,0.19767536222934723,-0.19769461452960968,79.44023132324219,-79.44021606445312,96.4559326171875,-96.45596313476562,99.41307830810547,-99.41302490234375,90.74662780761719,-90.74662780761719,-0.7527772188186646,0.7529686093330383,0.07483256608247757,0.07482442259788513
-1.1997013871223317e-06,0.0,0.0,0.0,0.23747871816158295,-0.2375018149614334,79.33055114746094,-79.33053588867188,96.51908111572266,-96.51911163330078,99.27561950683594,-99.27555847167969,90.89692687988281,-90.89692687988281,-0.9043542146682739,0.9045841693878174,0.08990063518285751,0.08989085257053375
-1.4174721627568942e-06,0.0,0.0,0.0,0.2805860638618469,-0.28061339259147644,79.21177673339844,-79.21175384521484,96.58747863769531,-96.58750915527344,99.12674713134766,-99.12667846679688,91.0596923828125,-91.05970001220703,-1.0685133934020996,1.0687851905822754,0.10621947795152664,0.10620792210102081
-1.651506295274885e-06,0.0,0.0,0.0,0.32691267132759094,-0.326944500207901,79.08412170410156,-79.08409881591797,96.66097259521484,-96.66101837158203,98.96676635742188,-98.96668243408203,91.234619140625,-91.23462677001953,-1.2449320554733276,1.2452486753463745,0.1237570270895958,0.12374354898929596
-1.9013757537322817e-06,0.0,0.0,0.0,0.37637388706207275,-0.37641051411628723,78.94783782958984,-78.94780731201172,96.73944854736328,-96.73949432373047,98.79595184326172,-98.79586029052734,91.42138671875,-91.42139434814453,-1.4332876205444336,1.4336522817611694,0.14248120784759521,0.14246568083763123
-2.166652393498225e-06,0.0,0.0,0.0,0.42888495326042175,-0.4289267063140869,78.80314636230469,-78.80310821533203,96.82275390625,-96.82280731201172,98.61461639404297,-98.614501953125,91.61966705322266,-91.61967468261719,-1.6332577466964722,1.633673071861267,0.16235995292663574,0.16234226524829865
-2.446908638376044e-06,0.0,0.0,0.0,0.48436111211776733,-0.48440828919410706,78.65027618408203,-78.65025329589844,96.9107666015625,-96.91082763671875,98.42303466796875,-98.42291259765625,91.82913970947266,-91.82914733886719,-1.844519019126892,1.844988226890564,0.18336117267608643,0.18334120512008667
-2.741715888987528e-06,0.0,0.0,0.0,0.542717695236206,-0.5427705645561218,78.4894790649414,-78.48944854736328,97.00334930419922,-97.00342559814453,98.22150421142578,-98.22136688232422,92.04949951171875,-92.04950714111328,-2.0667498111724854,2.0672755241394043,0.2054528146982193,0.20543044805526733
-3.0506464554491686e-06,0.0,0.0,0.0,0.6038699746131897,-0.6039287447929382,78.32098388671875,-78.32093811035156,97.10037231445312,-97.10044860839844,98.01032257080078,-98.01016998291016,92.28040313720703,-92.28041076660156,-2.299626588821411,2.3002114295959473,0.22860278189182281,0.2285778820514679
-3.3732726478774566e-06,0.0,0.0,0.0,0.6677332520484924,-0.6677982211112976,78.14500427246094,-78.14495849609375,97.20169067382812,-97.2017822265625,97.7897720336914,-97.78961181640625,92.52155303955078,-92.52156066894531,-2.5428273677825928,2.5434741973876953,0.2527790665626526,0.25275152921676636
-3.7091663216415327e-06,0.0,0.0,0.0,0.7342227697372437,-0.7342942953109741,77.96179962158203,-77.96174621582031,97.30718231201172,-97.3072738647461,97.56016540527344,-97.55997467041016,92.77261352539062,-92.77262115478516,-2.796029567718506,2.7967405319213867,0.2779495418071747,0.27791929244995117
-4.057898877363186e-06,0.0,0.0,0.0,0.803253710269928,-0.8033319711685181,77.77159118652344,-77.77153015136719,97.41670227050781,-97.41680145263672,97.32176971435547,-97.32157135009766,93.03327941894531,-93.03328704833984,-3.0589096546173096,3.059687614440918,0.30408206582069397,0.30404898524284363
-4.419043307279935e-06,0.0,0.0,0.0,0.8747416734695435,-0.8748268485069275,77.57461547851562,-77.57454681396484,97.53012084960938,-97.53023529052734,97.07489013671875,-97.07466888427734,93.30321502685547,-93.30322265625,-3.331146478652954,3.331993579864502,0.331144779920578,0.3311087489128113
-4.792171694134595e-06,0.0,0.0,0.0,0.9486017823219299,-0.9486940503120422,77.37109375,-77.37102508544922,97.64730072021484,-97.64742279052734,96.81982421875,-96.81958770751953,93.58209991455078,-93.58211517333984,-3.6124167442321777,3.613335371017456,0.3591054379940033,0.359066367149353
-5.176854756427929e-06,0.0,0.0,0.0,1.0247490406036377,-1.0248488187789917,77.16127014160156,-77.16120147705078,97.76811218261719,-97.76824188232422,96.55685424804688,-96.55659484863281,93.86963653564453,-93.86964416503906,-3.9023971557617188,3.9033892154693604,0.38793203234672546,0.3878897726535797
-5.5726654863974545e-06,0.0,0.0,0.0,1.1030991077423096,-1.1032065153121948,76.94538116455078,-76.94530487060547,97.89241790771484,-97.8925552368164,96.2862777709961,-96.28600311279297,94.16548156738281,-94.16549682617188,-4.200765132904053,4.201833724975586,0.41759243607521057,0.41754695773124695
-5.979175966785988e-06,0.0,0.0,0.0,1.1835670471191406,-1.1836822032928467,76.7236557006836,-76.72357940673828,98.02008056640625,-98.02023315429688,96.00839233398438,-96.00809478759766,94.46932983398438,-94.46934509277344,-4.507199287414551,4.508345603942871,0.44805461168289185,0.4480058252811432
-6.3959587350836955e-06,0.0,0.0,0.0,1.266068458557129,-1.2661917209625244,76.49633026123047,-76.4962387084961,98.15097045898438,-98.15113067626953,95.72348022460938,-95.72315979003906,94.78084564208984,-94.7808609008789,-4.821376800537109,4.82260274887085,0.4792866110801697,0.4792344272136688
-6.82258405504399e-06,0.0,0.0,0.0,1.3505181074142456,-1.3506495952606201,76.26363372802734,-76.26354217529297,98.28495788574219,-98.28512573242188,95.43183898925781,-95.43150329589844,95.0997314453125,-95.09974670410156,-5.142973899841309,5.14428186416626,0.5112560987472534,0.5112004280090332
-7.2586240094096866e-06,0.0,0.0,0.0,1.4368315935134888,-1.4369715452194214,76.02580261230469,-76.02570343017578,98.42189025878906,-98.42208099365234,95.1337661743164,-95.13340759277344,95.42564392089844,-95.42566680908203,-5.471668243408203,5.47305965423584,0.5439311861991882,0.5438719391822815
-7.703653864155058e-06,0.0,0.0,0.0,1.524924397468567,-1.5250728130340576,75.78306579589844,-75.78296661376953,98.56165313720703,-98.56185150146484,94.82955169677734,-94.82916259765625,95.75828552246094,-95.75830078125,-5.807138919830322,5.808615207672119,0.5772798657417297,0.5772169828414917
-8.157241609296761e-06,0.0,0.0,0.0,1.6147112846374512,-1.6148685216903687,75.5356674194336,-75.53555297851562,98.7041015625,-98.70430755615234,94.51947784423828,-94.51907348632812,96.09732055664062,-96.09733581542969,-6.1490607261657715,6.1506242752075195,0.6112698316574097,0.6112032532691956
-8.618962056061719e-06,0.0,0.0,0.0,1.7061078548431396,-1.7062739133834839,75.28382873535156,-75.28370666503906,98.84910583496094,-98.84932708740234,94.20384979248047,-94.20342254638672,96.44242858886719,-96.44245147705078,-6.497112274169922,6.498764514923096,0.6458691954612732,0.6457988619804382
-9.08838501345599e-06,0.0,0.0,0.0,1.7990293502807617,-1.7992045879364014,75.02778625488281,-75.02766418457031,98.99652862548828,-98.99675750732422,93.88294982910156,-93.88249969482422,96.79329681396484,-96.79331970214844,-6.850971221923828,6.852713584899902,0.6810458302497864,0.6809717416763306
-9.565083928464446e-06,0.0,0.0,0.0,1.8933910131454468,-1.8935754299163818,74.76777648925781,-74.76764678955078,99.14623260498047,-99.146484375,93.55708312988281,-93.55661010742188,97.14960479736328,-97.14962768554688,-7.210314750671387,7.2121477127075195,0.7167676091194153,0.7166896462440491
-1.004863042908255e-05,0.0,0.0,0.0,1.9891082048416138,-1.9893020391464233,74.50403594970703,-74.50389862060547,99.298095703125,-99.29834747314453,93.22653198242188,-93.22603607177734,97.51103210449219,-97.51105499267578,-7.574820041656494,7.576745986938477,0.7530026435852051,0.7529206871986389
-1.0538597962295171e-05,0.0,0.0,0.0,2.0860962867736816,-2.086299419403076,74.23678588867188,-74.23664093017578,99.45196533203125,-99.45223236083984,92.89159393310547,-92.89107513427734,97.87725067138672,-97.87728118896484,-7.944164752960205,7.946185111999512,0.789718747138977,0.7896327972412109
-1.1034555427613668e-05,0.0,0.0,0.0,2.1842703819274902,-2.184483051300049,73.96627807617188,-73.96612548828125,99.60772705078125,-99.60800170898438,92.55255889892578,-92.55201721191406,98.24795532226562,-98.24798583984375,-8.318026542663574,8.320141792297363,0.8268837928771973,0.8267938494682312
-1.1536077181517612e-05,0.0,0.0,0.0,2.283545732498169,-2.2837679386138916,73.6927261352539,-73.69257354736328,99.76522827148438,-99.76551818847656,92.209716796875,-92.20915222167969,98.62281799316406,-98.62284088134766,-8.69608211517334,8.69829273223877,0.8644657135009766,0.864371657371521
-1.2042733942507766e-05,0.0,0.0,0.0,2.3838374614715576,-2.3840694427490234,73.4163818359375,-73.41621398925781,99.92434692382812,-99.92465209960938,91.86337280273438,-91.86277770996094,99.00151824951172,-99.00154113769531,-9.078006744384766,9.080315589904785,0.9024324417114258,0.9023342728614807
-1.2554102795547806e-05,0.0,0.0,0.0,2.4850618839263916,-2.4853036403656006,73.13745880126953,-73.13729095458984,100.08494567871094,-100.08525848388672,91.51380920410156,-91.51318359375,99.38374328613281,-99.3837661743164,-9.463484764099121,9.46589183807373,0.9407522678375244,0.9406499266624451
-1.306974718318088e-05,0.0,0.0,0.0,2.587132692337036,-2.5873844623565674,72.85621643066406,-72.85603332519531,100.24687957763672,-100.24720764160156,91.16131591796875,-91.1606674194336,99.76915740966797,-99.7691879272461,-9.85218620300293,9.854691505432129,0.9793925881385803,0.9792859554290771
-1.3589244190370664e-05,0.0,0.0,0.0,2.6899662017822266,-2.690228223800659,72.57286071777344,-72.57266998291016,100.41002655029297,-100.41036987304688,90.80618286132812,-90.80551147460938,100.1574478149414,-100.15748596191406,-10.243791580200195,10.246397018432617,1.0183215141296387,1.0182106494903564
-1.4112164535617922e-05,0.0,0.0,0.0,2.7934772968292236,-2.7937493324279785,72.28764343261719,-72.28744506835938,100.57424926757812,-100.5746078491211,90.44872283935547,-90.4480209350586,100.54830932617188,-100.54833984375,-10.63797664642334,10.640682220458984,1.057507038116455,1.057391881942749
-1.463808166590752e-05,0.0,0.0,0.0,2.8975818157196045,-2.8978638648986816,72.00078582763672,-72.00057983398438,100.73941802978516,-100.73978424072266,90.08920288085938,-90.0884780883789,100.94140625,-100.94144439697266,-11.034422874450684,11.037227630615234,1.0969170331954956,1.0967977046966553
-1.5166565390245523e-05,0.0,0.0,0.0,3.002194404602051,-3.00248646736145,71.71253204345703,-71.71231842041016,100.90538787841797,-100.90576934814453,89.72793579101562,-89.7271957397461,101.33641815185547,-101.3364486694336,-11.432802200317383,11.435709953308105,1.136519432067871,1.136395812034607
-1.5697192793595605e-05,0.0,0.0,0.0,3.1072306632995605,-3.1075334548950195,71.42311096191406,-71.42288970947266,101.07202911376953,-101.07242584228516,89.36520385742188,-89.36442565917969,101.7330322265625,-101.73307037353516,-11.832797050476074,11.835805892944336,1.1762824058532715,1.176154375076294
-1.6229527318500914e-05,0.0,0.0,0.0,3.2126057147979736,-3.212918519973755,71.13275909423828,-71.13253784179688,101.23921203613281,-101.23961639404297,89.00129699707031,-89.00050354003906,102.13092803955078,-102.13096618652344,-12.23408031463623,12.237191200256348,1.2161734104156494,1.2160409688949585
-1.676314786891453e-05,0.0,0.0,0.0,3.318234920501709,-3.3185579776763916,70.84170532226562,-70.84147644042969,101.40679168701172,-101.40721893310547,88.63652038574219,-88.63569641113281,102.52977752685547,-102.52982330322266,-12.636331558227539,12.639545440673828,1.2561607360839844,1.2560240030288696
-1.7297625163337216e-05,0.0,0.0,0.0,3.4240338802337646,-3.4243671894073486,70.55017852783203,-70.54994201660156,101.57464599609375,-101.57508087158203,88.27115631103516,-88.27030181884766,102.92927551269531,-102.92931365966797,-13.039230346679688,13.042546272277832,1.2962123155593872,1.296071171760559
-1.7832529920269735e-05,0.0,0.0,0.0,3.5299172401428223,-3.5302608013153076,70.25843048095703,-70.2581787109375,101.74263763427734,-101.74308776855469,87.90550231933594,-87.90461730957031,103.32908630371094,-103.3291244506836,-13.442449569702148,13.445867538452148,1.3362958431243896,1.3361502885818481
-1.836743285821285e-05,0.0,0.0,0.0,3.6358001232147217,-3.6361541748046875,69.96666717529297,-69.96641540527344,101.91061401367188,-101.91107940673828,87.53984832763672,-87.53893280029297,103.72889709472656,-103.72894287109375,-13.845667839050293,13.849188804626465,1.376379132270813,1.3762294054031372
-1.890191197162494e-05,0.0,0.0,0.0,3.7415990829467773,-3.7419636249542236,69.67514038085938,-69.67488098144531,102.0784683227539,-102.07894897460938,87.17447662353516,-87.17353820800781,104.1283950805664,-104.12843322753906,-14.248566627502441,14.252189636230469,1.4164308309555054,1.4162765741348267
-1.9435530703049153e-05,0.0,0.0,0.0,3.8472282886505127,-3.847602605819702,69.38409423828125,-69.38381958007812,102.24605560302734,-102.24654388427734,86.80970001220703,-86.80873107910156,104.5272445678711,-104.52729034423828,-14.65081787109375,14.654542922973633,1.4564180374145508,1.4562593698501587
-1.9967870684922673e-05,0.0,0.0,0.0,3.952603578567505,-3.952988624572754,69.09373474121094,-69.09346008300781,102.41323852539062,-102.41374206542969,86.44579315185547,-86.4448013305664,104.92514038085938,-104.92518615722656,-15.052103042602539,15.055931091308594,1.4963092803955078,1.4961464405059814
-2.0498493540799245e-05,0.0,0.0,0.0,4.057640075683594,-4.058034896850586,68.80431365966797,-68.80403137207031,102.57987976074219,-102.58039855957031,86.08306121826172,-86.08204650878906,105.3217544555664,-105.32180786132812,-15.452095985412598,15.456025123596191,1.536072015762329,1.535904884338379
-2.102697908412665e-05,0.0,0.0,0.0,4.162252426147461,-4.162657737731934,68.51605987548828,-68.5157699584961,102.745849609375,-102.74637603759766,85.72179412841797,-85.72075653076172,105.71676635742188,-105.71681213378906,-15.85047721862793,15.854506492614746,1.5756745338439941,1.5755029916763306
-2.155289621441625e-05,0.0,0.0,0.0,4.266356945037842,-4.266772270202637,68.22920227050781,-68.22891235351562,102.91101837158203,-102.91156005859375,85.36227416992188,-85.36121368408203,106.10986328125,-106.10991668701172,-16.24692153930664,16.251054763793945,1.6150845289230347,1.6149088144302368
-2.2075813831179403e-05,0.0,0.0,0.0,4.36986780166626,-4.370293140411377,67.9439926147461,-67.94367980957031,103.07524108886719,-103.07579040527344,85.00481414794922,-85.00372314453125,106.50071716308594,-106.50077056884766,-16.64110565185547,16.645336151123047,1.6542699337005615,1.6540898084640503
-2.2595313566853292e-05,0.0,0.0,0.0,4.472701549530029,-4.473136901855469,67.66063690185547,-67.66032409667969,103.23838806152344,-103.23896026611328,84.6496810913086,-84.64856719970703,106.88902282714844,-106.88906860351562,-17.032712936401367,17.037044525146484,1.6931990385055542,1.6930147409439087
-2.3110958863981068e-05,0.0,0.0,0.0,4.574772834777832,-4.575218200683594,67.37938690185547,-67.37906646728516,103.40032196044922,-103.40090942382812,84.29719543457031,-84.29605102539062,107.2744369506836,-107.27449035644531,-17.42141342163086,17.425844192504883,1.7318392992019653,1.7316508293151855
-2.3622325898031704e-05,0.0,0.0,0.0,4.675996780395508,-4.676451683044434,67.10047149658203,-67.10014343261719,103.56092071533203,-103.56151580810547,83.94762420654297,-83.94645690917969,107.65665435791016,-107.6567153930664,-17.8068904876709,17.811418533325195,1.7701590061187744,1.7699662446975708
-2.4128981749527156e-05,0.0,0.0,0.0,4.7762885093688965,-4.7767534255981445,66.8241195678711,-66.82378387451172,103.72003936767578,-103.72064208984375,83.60128021240234,-83.60008239746094,108.03535461425781,-108.03541564941406,-18.188817977905273,18.19344139099121,1.8081258535385132,1.8079291582107544
-2.4630504412925802e-05,0.0,0.0,0.0,4.875564098358154,-4.876038551330566,66.55056762695312,-66.55023193359375,103.8775405883789,-103.87816619873047,83.25843811035156,-83.25721740722656,108.41021728515625,-108.41027069091797,-18.566871643066406,18.57159423828125,1.8457077741622925,1.8455069065093994
-2.5126462787739e-05,0.0,0.0,0.0,4.973737716674805,-4.974222183227539,66.28005981445312,-66.27970886230469,104.03329467773438,-104.033935546875,82.91940307617188,-82.91815948486328,108.78092193603516,-108.78097534179688,-18.940732955932617,18.94554901123047,1.8828729391098022,1.8826677799224854
-2.5616427592467517e-05,0.0,0.0,0.0,5.070725440979004,-5.071218967437744,66.0128173828125,-66.01245880126953,104.18716430664062,-104.18781280517578,82.58446502685547,-82.58320617675781,109.14714050292969,-109.1471939086914,-19.310077667236328,19.314987182617188,1.919588565826416,1.919379711151123
-2.609997864055913e-05,0.0,0.0,0.0,5.166443347930908,-5.166946887969971,65.74906921386719,-65.74870300292969,104.33902740478516,-104.33968353271484,82.25391387939453,-82.25262451171875,109.5085678100586,-109.50862884521484,-19.674585342407227,19.679588317871094,1.9558240175247192,1.955611228942871
-2.657667573657818e-05,0.0,0.0,0.0,5.260804653167725,-5.261316776275635,65.48906707763672,-65.48869323730469,104.48873138427734,-104.48941040039062,81.92804718017578,-81.9267349243164,109.86487579345703,-109.86493682861328,-20.033926010131836,20.03902244567871,1.9915456771850586,1.9913288354873657
-2.7046100512961857e-05,0.0,0.0,0.0,5.353726387023926,-5.354247570037842,65.23301696777344,-65.2326431274414,104.63615417480469,-104.6368408203125,81.60714721679688,-81.6058120727539,110.21574401855469,-110.21580505371094,-20.387786865234375,20.39297103881836,2.0267224311828613,2.0265018939971924
-2.7507820050232112e-05,0.0,0.0,0.0,5.445123195648193,-5.445653438568115,64.98118591308594,-64.98080444335938,104.78115844726562,-104.7818603515625,81.29151916503906,-81.2901611328125,110.56085205078125,-110.56092071533203,-20.735837936401367,20.741113662719727,2.061321973800659,2.0610976219177246
-2.7961406885879114e-05,0.0,0.0,0.0,5.534910202026367,-5.5354485511779785,64.73377990722656,-64.73339080810547,104.92361450195312,-104.92431640625,80.9814453125,-80.98007202148438,110.89988708496094,-110.89995574951172,-21.077760696411133,21.083120346069336,2.0953116416931152,2.095083713531494
-2.840643355739303e-05,0.0,0.0,0.0,5.623002529144287,-5.623549938201904,64.49104309082031,-64.49065399169922,105.06336975097656,-105.0640869140625,80.67723083496094,-80.67582702636719,111.23252868652344,-111.23258972167969,-21.41322898864746,21.41867446899414,2.128660202026367,2.1284286975860596
-2.884247987822164e-05,0.0,0.0,0.0,5.709316253662109,-5.709872245788574,64.25321960449219,-64.25281524658203,105.20030975341797,-105.20104217529297,80.37915802001953,-80.37773132324219,111.55844116210938,-111.55850982666016,-21.741924285888672,21.747453689575195,2.1613354682922363,2.161100149154663
-2.9269102014950477e-05,0.0,0.0,0.0,5.793766021728516,-5.79433012008667,64.02051544189453,-64.0201187133789,105.33428955078125,-105.33503723144531,80.08751678466797,-80.08606719970703,111.87732696533203,-111.87739562988281,-22.063522338867188,22.069133758544922,2.193305015563965,2.193066358566284
-2.968588705698494e-05,0.0,0.0,0.0,5.876267433166504,-5.876839637756348,63.793190002441406,-63.79277801513672,105.4651870727539,-105.46593475341797,79.80260467529297,-79.80113983154297,112.18885040283203,-112.18891906738281,-22.37769889831543,22.383390426635742,2.2245371341705322,2.224294900894165
-3.0092394808889367e-05,0.0,0.0,0.0,5.956735134124756,-5.957314968109131,63.571468353271484,-63.57105255126953,105.59284973144531,-105.59361267089844,79.52471923828125,-79.52323150634766,112.49269104003906,-112.49275970458984,-22.684131622314453,22.689903259277344,2.2549991607666016,2.254753589630127
-3.0488206903100945e-05,0.0,0.0,0.0,6.035085201263428,-6.035673141479492,63.35557174682617,-63.35515594482422,105.71714782714844,-105.7179183959961,79.25414276123047,-79.25263214111328,112.78854370117188,-112.78861236572266,-22.982501983642578,22.98834800720215,2.2846596240997314,2.2844109535217285
-3.0872888601152226e-05,0.0,0.0,0.0,6.111232280731201,-6.1118268966674805,63.145755767822266,-63.14533233642578,105.83795928955078,-105.83873748779297,78.99117279052734,-78.9896469116211,113.0760726928711,-113.07614135742188,-23.27248191833496,23.278400421142578,2.313486099243164,2.3132340908050537
-3.124601425952278e-05,0.0,0.0,0.0,6.185092449188232,-6.185694217681885,62.94224166870117,-62.94180679321289,105.95513916015625,-105.9559326171875,78.7361068725586,-78.73456573486328,113.35496520996094,-113.35503387451172,-23.55375099182129,23.55974006652832,2.3414466381073,2.3411917686462402
-3.160716005368158e-05,0.0,0.0,0.0,6.256580352783203,-6.257189750671387,62.745262145996094,-62.74482345581055,106.06856536865234,-106.0693588256836,78.48922729492188,-78.4876708984375,113.6249008178711,-113.62496948242188,-23.82598876953125,23.832048416137695,2.368509531021118,2.3682515621185303
-3.1955896702129394e-05,0.0,0.0,0.0,6.325611591339111,-6.32622766494751,62.55504608154297,-62.554603576660156,106.1780776977539,-106.17889404296875,78.2508316040039,-78.24925994873047,113.88555908203125,-113.88563537597656,-24.088871002197266,24.094995498657227,2.3946421146392822,2.394381523132324
-3.2291787647409365e-05,0.0,0.0,0.0,6.392100811004639,-6.392723083496094,62.37184143066406,-62.371395111083984,106.2835693359375,-106.28438568115234,78.02122497558594,-78.01962280273438,114.1366195678711,-114.1366958618164,-24.342069625854492,24.3482608795166,2.4198124408721924,2.419548988342285
-3.261441452195868e-05,0.0,0.0,0.0,6.4559645652771,-6.456593036651611,62.195865631103516,-62.19541549682617,106.3848876953125,-106.3857192993164,77.80067443847656,-77.79906463623047,114.37776947021484,-114.37784576416016,-24.58527183532715,24.591524124145508,2.443988800048828,2.443722724914551
-3.29233480442781e-05,0.0,0.0,0.0,6.517117023468018,-6.517751216888428,62.027366638183594,-62.02690887451172,106.4819107055664,-106.48274230957031,77.58949279785156,-77.5878677368164,114.60867309570312,-114.60875701904297,-24.81814956665039,24.824460983276367,2.4671387672424316,2.4668703079223633
-3.3218155294889584e-05,0.0,0.0,0.0,6.575473308563232,-6.576113700866699,61.86656951904297,-61.86610412597656,106.57449340820312,-106.57533264160156,77.3879623413086,-77.38632202148438,114.82903289794922,-114.8291015625,-25.040380477905273,25.0467472076416,2.4892303943634033,2.488959550857544
-3.34984106302727e-05,0.0,0.0,0.0,6.630949020385742,-6.631594657897949,61.71370315551758,-61.7132453918457,106.66250610351562,-106.6633529663086,77.19638061523438,-77.19473266601562,115.03849792480469,-115.03858184814453,-25.25164222717285,25.2580623626709,2.5102314949035645,2.509958267211914
-3.3763684768928215e-05,0.0,0.0,0.0,6.683460712432861,-6.68411111831665,61.56901168823242,-61.56855010986328,106.74581909179688,-106.74667358398438,77.01504516601562,-77.01337432861328,115.23677825927734,-115.23686218261719,-25.451610565185547,25.458084106445312,2.5301103591918945,2.529834747314453
-3.40135557053145e-05,0.0,0.0,0.0,6.732921600341797,-6.733577251434326,61.43273162841797,-61.43225860595703,106.82428741455078,-106.82514953613281,76.84423065185547,-76.8425521850586,115.42354583740234,-115.42362976074219,-25.63996696472168,25.646486282348633,2.5488345623016357,2.5485570430755615
-3.424758688197471e-05,0.0,0.0,0.0,6.779247760772705,-6.779908180236816,61.30507278442383,-61.304603576660156,106.89778900146484,-106.8986587524414,76.68424987792969,-76.68255615234375,115.59848022460938,-115.59856414794922,-25.81638526916504,25.82295036315918,2.5663721561431885,2.5660927295684814
-3.446535629336722e-05,0.0,0.0,0.0,6.822354793548584,-6.823019027709961,61.18629837036133,-61.18582534790039,106.96617889404297,-106.96704864501953,76.53538513183594,-76.53367614746094,115.76124572753906,-115.7613296508789,-25.98054313659668,25.987150192260742,2.582690715789795,2.582409620285034
-3.46664382959716e-05,0.0,0.0,0.0,6.862158298492432,-6.862826347351074,61.07662582397461,-61.07614517211914,107.02933502197266,-107.03020477294922,76.3979263305664,-76.39620971679688,115.91155242919922,-115.91162872314453,-26.13212013244629,26.138765335083008,2.5977590084075928,2.5974762439727783
-3.485039997030981e-05,0.0,0.0,0.0,6.898573398590088,-6.899245262145996,60.97628402709961,-60.97580337524414,107.08710479736328,-107.08798217773438,76.27217102050781,-76.27044677734375,116.04905700683594,-116.04913330078125,-26.270793914794922,26.277475357055664,2.611544132232666,2.611259937286377
-3.5016812034882605e-05,0.0,0.0,0.0,6.931514739990234,-6.932189464569092,60.88551712036133,-60.885032653808594,107.13936614990234,-107.14025115966797,76.15841674804688,-76.15667724609375,116.17343139648438,-116.17351531982422,-26.396238327026367,26.402950286865234,2.624014377593994,2.6237287521362305
-3.516524884616956e-05,0.0,0.0,0.0,6.960897922515869,-6.961575031280518,60.80455017089844,-60.8040657043457,107.18598175048828,-107.1868667602539,76.05693817138672,-76.0551986694336,116.28437805175781,-116.28446197509766,-26.508132934570312,26.514875411987305,2.6351377964019775,2.6348509788513184
-3.529528476065025e-05,0.0,0.0,0.0,6.986638069152832,-6.98731803894043,60.73362731933594,-60.7331428527832,107.22682189941406,-107.22770690917969,75.96804809570312,-75.96630096435547,116.38157653808594,-116.38166046142578,-26.606157302856445,26.61292266845703,2.6448822021484375,2.644594192504883
-3.540649049682543e-05,0.0,0.0,0.0,7.008650779724121,-7.009332656860352,60.6729736328125,-60.672481536865234,107.2617416381836,-107.26263427734375,75.89202880859375,-75.8902816772461,116.4646987915039,-116.46478271484375,-26.68998146057129,26.69676971435547,2.653215169906616,2.652926445007324
-3.5498433135217056e-05,0.0,0.0,0.0,7.026850700378418,-7.0275349617004395,60.62282180786133,-60.62233352661133,107.29061889648438,-107.29151916503906,75.82917785644531,-75.82742309570312,116.5334243774414,-116.53350830078125,-26.759292602539062,26.766098022460938,2.6601054668426514,2.659815788269043
-3.557069067028351e-05,0.0,0.0,0.0,7.041153907775879,-7.041839122772217,60.58340835571289,-60.582916259765625,107.31330871582031,-107.314208984375,75.77978515625,-75.77802276611328,116.5874252319336,-116.58750915527344,-26.81376075744629,26.820579528808594,2.6655197143554688,2.6652297973632812
-3.562283382052556e-05,0.0,0.0,0.0,7.051475524902344,-7.052161693572998,60.554969787597656,-60.55447769165039,107.32968139648438,-107.33058166503906,75.74413299560547,-75.74237823486328,116.62639617919922,-116.62648010253906,-26.85306739807129,26.85989761352539,2.6694273948669434,2.6691367626190186
-3.5654433304443955e-05,0.0,0.0,0.0,7.057730674743652,-7.058417797088623,60.53773498535156,-60.5372428894043,107.33960723876953,-107.34050750732422,75.7225341796875,-75.72077941894531,116.65003204345703,-116.65010833740234,-26.876888275146484,26.88372230529785,2.671795129776001,2.671504497528076
-3.566505984053947e-05,0.0,0.0,0.0,7.0598344802856445,-7.060521602630615,60.53193664550781,-60.53144454956055,107.34294891357422,-107.3438491821289,75.71527099609375,-75.71350860595703,116.65796661376953,-116.65805053710938,-26.884899139404297,26.891735076904297,2.6725916862487793,2.6723005771636963
-3.566505984053947e-05,0.0,0.0,0.0,7.0598344802856445,-7.060521602630615,60.53193664550781,-60.53144454956055,107.34294891357422,-107.3438491821289,75.71527099609375,-75.71350860595703,116.65796661376953,-116.65805053710938,-26.884899139404297,26.891735076904297,2.6725916862487793,2.6723005771636963
-3.566505984053947e-05,0.0,0.0,0.0,7.0598344802856445,-7.060521602630615,60.53193664550781,-60.53144454956055,107.34294891357422,-107.3438491821289,75.71527099609375,-75.71350860595703,116.65796661376953,-116.65805053710938,-26.884899139404297,26.891735076904297,2.6725916862487793,2.6723005771636963
-3.566505984053947e-05,0.0,0.0,0.0,7.0598344802856445,-7.060521602630615,60.53193664550781,-60.53144454956055,107.34294891357422,-107.3438491821289,75.71527099609375,-75.71350860595703,116.65796661376953,-116.65805053710938,-26.884899139404297,26.891735076904297,2.6725916862487793,2.6723005771636963
-5.202016109251417e-05,0.0,0.0,0.0,6.999342918395996,-7.000027656555176,60.67550277709961,-60.67502975463867,107.29154205322266,-107.29242706298828,75.94205474853516,-75.9403076171875,116.59745025634766,-116.59751892089844,-26.728744506835938,26.735565185546875,2.7508468627929688,2.7505526542663574
-5.202016109251417e-05,0.0,0.0,0.0,6.999342918395996,-7.000027656555176,60.67550277709961,-60.67502975463867,107.29154205322266,-107.29242706298828,75.94205474853516,-75.9403076171875,116.59745025634766,-116.59751892089844,-26.728744506835938,26.735565185546875,2.7508468627929688,2.7505526542663574
-3.2410047424491495e-05,0.0,0.0,0.0,6.910329341888428,-6.91104793548584,60.84897994995117,-60.84849548339844,107.23919677734375,-107.24008178710938,76.25518798828125,-76.25349426269531,116.53779602050781,-116.53788757324219,-26.530899047851562,26.53771209716797,2.874690055847168,2.87445068359375
-4.388263187138364e-05,0.0,0.0,0.0,6.854362487792969,-6.85504674911499,60.96006774902344,-60.959590911865234,107.20431518554688,-107.2052001953125,76.45413208007812,-76.45238494873047,116.498046875,-116.49813842773438,-26.404491424560547,26.41131591796875,2.953249216079712,2.952984094619751
-2.2404889023164287e-05,0.0,0.0,0.0,6.790984630584717,-6.791683197021484,61.08674621582031,-61.08626174926758,107.1642074584961,-107.16509246826172,76.68011474609375,-76.67840576171875,116.4522933959961,-116.4524154663086,-26.26055908203125,26.26740264892578,3.0422990322113037,3.0420546531677246
-2.3365384549833834e-05,0.0,0.0,0.0,6.720827102661133,-6.721523284912109,61.22868347167969,-61.22825622558594,107.11824035644531,-107.11911010742188,76.93187713623047,-76.93019104003906,116.39984130859375,-116.39998626708984,-26.099607467651367,26.10643196105957,3.1412925720214844,3.1410775184631348
-2.5473136702203192e-05,0.0,0.0,0.0,6.644378662109375,-6.645086288452148,61.38554000854492,-61.38509750366211,107.06617736816406,-107.06706237792969,77.20824432373047,-77.20655059814453,116.34044647216797,-116.34059143066406,-25.92212677001953,25.92894744873047,3.2497661113739014,3.2495431900024414
-2.5179651856888086e-05,0.0,0.0,0.0,6.5621514320373535,-6.562853813171387,61.55693054199219,-61.55647277832031,107.00778198242188,-107.0086669921875,77.50798034667969,-77.50625610351562,116.2737808227539,-116.2739486694336,-25.728683471679688,25.73552131652832,3.367081880569458,3.3668606281280518
-2.0830742869293317e-05,0.0,0.0,0.0,6.474605560302734,-6.475313186645508,61.74242401123047,-61.74199295043945,106.94285583496094,-106.94373321533203,77.82978820800781,-77.82808685302734,116.19963073730469,-116.19979858398438,-25.519838333129883,25.52666473388672,3.492769241333008,3.4925575256347656
-2.9688644644920714e-05,0.0,0.0,0.0,6.382251739501953,-6.382970333099365,61.941680908203125,-61.941246032714844,106.8710708618164,-106.87197875976562,78.17252349853516,-78.1707763671875,116.11766052246094,-116.11785888671875,-25.29615592956543,25.30299949645996,3.6262643337249756,3.626049280166626
-1.8002618162427098e-05,0.0,0.0,0.0,6.285634517669678,-6.286355495452881,62.15433883666992,-62.153907775878906,106.79220581054688,-106.79310607910156,78.53475952148438,-78.53304290771484,116.0275650024414,-116.02775573730469,-25.058168411254883,25.065004348754883,3.7669572830200195,3.7667336463928223
-1.5814823200344108e-05,0.0,0.0,0.0,6.18520450592041,-6.1859307289123535,62.37992858886719,-62.37953186035156,106.70599365234375,-106.70687103271484,78.91533660888672,-78.91364288330078,115.92903137207031,-115.92928314208984,-24.806495666503906,24.81334114074707,3.9143776893615723,3.9142067432403564
-5.6229000620078295e-06,0.0,0.0,0.0,6.081475257873535,-6.082216739654541,62.61815643310547,-62.61775588989258,106.6121597290039,-106.61304473876953,79.31287384033203,-79.31118774414062,115.82176971435547,-115.82202911376953,-24.541667938232422,24.548507690429688,4.067892074584961,4.0677490234375
9.851747563516255e-06,0.0,0.0,0.0,5.9749603271484375,-5.9757256507873535,62.86860656738281,-62.86820983886719,106.51044464111328,-106.51133728027344,79.72616577148438,-79.7245101928711,115.70551300048828,-115.705810546875,-24.264244079589844,24.27108383178711,4.2270684242248535,4.226960182189941
3.044903678528499e-05,0.0,0.0,0.0,5.866118907928467,-5.866888046264648,63.13090515136719,-63.130523681640625,106.40058898925781,-106.4014892578125,80.1539077758789,-80.15226745605469,115.57990264892578,-115.58021545410156,-23.974794387817383,23.981624603271484,4.391306400299072,4.391218185424805
3.317043956485577e-05,0.0,0.0,0.0,5.755457878112793,-5.756196975708008,63.404693603515625,-63.40431213378906,106.28233337402344,-106.2832260131836,80.5948257446289,-80.59317016601562,115.44473266601562,-115.44503021240234,-23.673873901367188,23.680727005004883,4.560153007507324,4.560031414031982
5.077952300780453e-05,0.0,0.0,0.0,5.643336772918701,-5.644097328186035,63.68958282470703,-63.6891975402832,106.15546417236328,-106.15635681152344,81.04762268066406,-81.04598999023438,115.29962921142578,-115.29998779296875,-23.36205291748047,23.368919372558594,4.732960224151611,4.732923984527588
4.2401868995511904e-05,0.0,0.0,0.0,5.530269622802734,-5.531052112579346,63.98515701293945,-63.98480987548828,106.01974487304688,-106.0206527709961,81.5110855102539,-81.50946044921875,115.14444732666016,-115.14483642578125,-23.039905548095703,23.04676628112793,4.909449577331543,4.909364223480225
7.858052413212135e-05,0.0,0.0,0.0,5.416615962982178,-5.417420387268066,64.2911376953125,-64.290771484375,105.87495422363281,-105.87586212158203,81.98388671875,-81.98231506347656,114.97888946533203,-114.97930908203125,-22.70795440673828,22.714826583862305,5.088924884796143,5.088925838470459
6.433318048948422e-05,0.0,0.0,0.0,5.302855968475342,-5.303636074066162,64.6070785522461,-64.60672760009766,105.72090911865234,-105.72183227539062,82.46501922607422,-82.46338653564453,114.80278778076172,-114.8031997680664,-22.366748809814453,22.37363052368164,5.271128177642822,5.271065711975098
8.183554018614814e-05,0.0,0.0,0.0,5.189315319061279,-5.19010591506958,64.93262481689453,-64.93231201171875,105.55742645263672,-105.55833435058594,82.95301818847656,-82.95143127441406,114.61587524414062,-114.61632537841797,-22.016849517822266,22.023723602294922,5.455432891845703,5.4554314613342285
8.423678082181141e-05,0.0,0.0,0.0,5.076336860656738,-5.077136039733887,65.2674560546875,-65.26712036132812,105.3843765258789,-105.38529205322266,83.44690704345703,-83.44532775878906,114.41802978515625,-114.41848754882812,-21.65874481201172,21.66564178466797,5.641507148742676,5.64150333404541
8.573088416596875e-05,0.0,0.0,0.0,4.9642839431762695,-4.965086936950684,65.61119079589844,-65.61087036132812,105.20158386230469,-105.2025146484375,83.94548034667969,-83.94387817382812,114.20907592773438,-114.20956420898438,-21.29298210144043,21.299880981445312,5.82891845703125,5.828904151916504
9.853748633759096e-05,0.0,0.0,0.0,4.8534464836120605,-4.854274272918701,65.96345520019531,-65.96315002441406,105.00897216796875,-105.00990295410156,84.44759368896484,-84.44603729248047,113.9889144897461,-113.9894027709961,-20.920089721679688,20.926958084106445,6.017276287078857,6.017308712005615
0.0001030731582432054,0.0,0.0,0.0,4.744156837463379,-4.7449750900268555,66.32391357421875,-66.3236312866211,104.80644226074219,-104.807373046875,84.9521713256836,-84.95059204101562,113.75740051269531,-113.7579574584961,-20.540517807006836,20.54741859436035,6.206180572509766,6.206235885620117
0.00011214450205443427,0.0,0.0,0.0,4.636647701263428,-4.637486934661865,66.69218444824219,-66.69194030761719,104.59394073486328,-104.5948715209961,85.45811462402344,-85.45658874511719,113.51454162597656,-113.51509857177734,-20.15482521057129,20.161712646484375,6.39530611038208,6.395368576049805
0.00010995670891134068,0.0,0.0,0.0,4.531188488006592,-4.532033920288086,67.06795501708984,-67.06771087646484,104.37139129638672,-104.37232971191406,85.96443176269531,-85.96292114257812,113.26023864746094,-113.26081848144531,-19.763479232788086,19.770389556884766,6.5842814445495605,6.5843505859375
0.00011726714728865772,0.0,0.0,0.0,4.428003311157227,-4.428852081298828,67.45085144042969,-67.45062255859375,104.13880157470703,-104.13973236083984,86.47008514404297,-86.46857452392578,112.99446105957031,-112.99508666992188,-19.366962432861328,19.373878479003906,6.772739887237549,6.772860527038574
0.00012863300798926502,0.0,0.0,0.0,4.327305793762207,-4.32815408706665,67.84052276611328,-67.8403091430664,103.89620208740234,-103.89714050292969,86.9740982055664,-86.97260284423828,112.71727752685547,-112.71788787841797,-18.965740203857422,18.9726505279541,6.960417747497559,6.960510730743408
0.00014304043725132942,0.0,0.0,0.0,4.229262351989746,-4.230120658874512,68.23663330078125,-68.23643493652344,103.64356994628906,-103.64451599121094,87.47553253173828,-87.47406005859375,112.42867279052734,-112.42931365966797,-18.56026840209961,18.56719207763672,7.14702844619751,7.147127628326416
0.00013807788491249084,0.0,0.0,0.0,4.134080410003662,-4.134937286376953,68.63885498046875,-68.6386489868164,103.38102722167969,-103.38197326660156,87.9734878540039,-87.97200775146484,112.12876892089844,-112.12943267822266,-18.1510009765625,18.157949447631836,7.332253456115723,7.332332134246826
0.00014143961016088724,0.0,0.0,0.0,4.041849613189697,-4.042690753936768,69.04679870605469,-69.04664611816406,103.10865020751953,-103.10958099365234,88.46704864501953,-88.46559143066406,111.817626953125,-111.81830596923828,-17.73838233947754,17.74533462524414,7.515799522399902,7.515871047973633
0.00016000919276848435,0.0,0.0,0.0,3.95274019241333,-3.9536030292510986,69.460205078125,-69.46002960205078,102.8265151977539,-102.82746887207031,88.9554214477539,-88.9539566040039,111.4953842163086,-111.49610137939453,-17.322834014892578,17.329792022705078,7.697403907775879,7.697513103485107
0.00016273059009108692,0.0,0.0,0.0,3.8668391704559326,-3.8677151203155518,69.87863159179688,-69.87847900390625,102.53482055664062,-102.53577423095703,89.43775939941406,-89.43632507324219,111.16224670410156,-111.1629867553711,-16.904794692993164,16.91176414489746,7.876875400543213,7.877004623413086
0.00017020110681187361,0.0,0.0,0.0,3.784271001815796,-3.7851486206054688,70.3017807006836,-70.30165100097656,102.23369598388672,-102.23464965820312,89.91325378417969,-89.91183471679688,110.81834411621094,-110.81908416748047,-16.48465919494629,16.491619110107422,8.053948402404785,8.054080963134766
0.0001889841369120404,0.0,0.0,0.0,3.7050912380218506,-3.7059714794158936,70.72930908203125,-70.72917938232422,101.92337036132812,-101.9243392944336,90.38121795654297,-90.37979888916016,110.46392059326172,-110.46466064453125,-16.062814712524414,16.069774627685547,8.22841739654541,8.22854232788086
0.0001870631385827437,0.0,0.0,0.0,3.629342794418335,-3.630230665206909,71.16091918945312,-71.1607894897461,101.60403442382812,-101.60501098632812,90.84095001220703,-90.83953094482422,110.09921264648438,-110.0999984741211,-15.639629364013672,15.646621704101562,8.400050163269043,8.400190353393555
0.0002050457551376894,0.0,0.0,0.0,3.5570878982543945,-3.5579991340637207,71.5962142944336,-71.59611511230469,101.27598571777344,-101.2769775390625,91.29173278808594,-91.29035186767578,109.72453308105469,-109.72535705566406,-15.21551513671875,15.222502708435059,8.568686485290527,8.568843841552734
0.0002080873236991465,0.0,0.0,0.0,3.4883809089660645,-3.4893064498901367,72.03490447998047,-72.03480529785156,100.9394760131836,-100.94046020507812,91.7328872680664,-91.73153686523438,109.34017944335938,-109.34102630615234,-14.790812492370605,14.797826766967773,8.734088897705078,8.7342529296875
0.00021358348021749407,0.0,0.0,0.0,3.423215627670288,-3.424128770828247,72.47661590576172,-72.47654724121094,100.59477233886719,-100.59576416015625,92.16397094726562,-92.16260528564453,108.94646453857422,-108.94734191894531,-14.365904808044434,14.372917175292969,8.896127700805664,8.896308898925781
0.000227777476538904,0.0,0.0,0.0,3.36160945892334,-3.3625214099884033,72.92101287841797,-72.92093658447266,100.24225616455078,-100.24327087402344,92.5843276977539,-92.58295440673828,108.54380798339844,-108.54469299316406,-13.941121101379395,13.948136329650879,9.054670333862305,9.05480670928955
0.00022681697737425566,0.0,0.0,0.0,3.3035385608673096,-3.3044629096984863,73.36772918701172,-73.36768341064453,99.88226318359375,-99.88326263427734,92.99337768554688,-92.99205017089844,108.13252258300781,-108.1334228515625,-13.516800880432129,13.523813247680664,9.209444046020508,9.209620475769043
0.00022687033924739808,0.0,0.0,0.0,3.2490060329437256,-3.249906063079834,73.81647491455078,-73.81645202636719,99.51512145996094,-99.51612854003906,93.3907699584961,-93.38941955566406,107.7131118774414,-107.71402740478516,-13.093273162841797,13.100301742553711,9.360466003417969,9.360597610473633
0.00024138449225574732,0.0,0.0,0.0,3.197970390319824,-3.1988792419433594,74.26687622070312,-74.26685333251953,99.14128112792969,-99.1423110961914,93.77596282958984,-93.7746353149414,107.28597259521484,-107.2868881225586,-12.67082691192627,12.677854537963867,9.507511138916016,9.507648468017578
0.0002366353728575632,0.0,0.0,0.0,3.1504127979278564,-3.151310682296753,74.71858978271484,-74.71857452392578,98.76116943359375,-98.7621841430664,94.14861297607422,-94.14728546142578,106.85159301757812,-106.85253143310547,-12.249780654907227,12.256834030151367,9.65049934387207,9.650611877441406
0.0002476810768712312,0.0,0.0,0.0,3.106259822845459,-3.107168197631836,75.17129516601562,-75.17131805419922,98.37520599365234,-98.37621307373047,94.50829315185547,-94.50701141357422,106.41047668457031,-106.41145324707031,-11.830429077148438,11.83749008178711,9.789222717285156,9.78939151763916
0.0002617683494463563,0.0,0.0,0.0,3.0654664039611816,-3.0663750171661377,75.62460327148438,-75.62464904785156,97.98384857177734,-97.98487091064453,94.85472869873047,-94.85346221923828,105.96314239501953,-105.96412658691406,-11.413073539733887,11.420136451721191,9.923712730407715,9.92386245727539
0.0002668376255314797,0.0,0.0,0.0,3.0279951095581055,-3.028902053833008,76.07819366455078,-76.07821655273438,97.58758544921875,-97.58861541748047,95.1876449584961,-95.18638610839844,105.5101318359375,-105.51111602783203,-10.997980117797852,11.005049705505371,10.053841590881348,10.053991317749023
0.0002851403842214495,0.0,0.0,0.0,2.993762493133545,-2.994673490524292,76.53167724609375,-76.53172302246094,97.18690490722656,-97.18795013427734,95.50675201416016,-95.50550842285156,105.05196380615234,-105.05298614501953,-10.58542537689209,10.592494010925293,10.179473876953125,10.179656028747559
0.0002815652114804834,0.0,0.0,0.0,2.962691307067871,-2.9636178016662598,76.98474884033203,-76.98480987548828,96.78230285644531,-96.7833480834961,95.81182861328125,-95.81062316894531,104.58926391601562,-104.5903091430664,-10.175660133361816,10.182748794555664,10.30058479309082,10.300760269165039
0.0002833794860634953,0.0,0.0,0.0,2.93472957611084,-2.935643434524536,77.4370346069336,-77.43709564208984,96.37432861328125,-96.37539672851562,96.10282897949219,-96.10159301757812,104.12262725830078,-104.12367248535156,-9.768948554992676,9.776043891906738,10.417140007019043,10.41729736328125
0.00029554576030932367,0.0,0.0,0.0,2.9097683429718018,-2.9106805324554443,77.88819122314453,-77.88827514648438,95.96351623535156,-95.96458435058594,96.37948608398438,-96.37828826904297,103.65269470214844,-103.65374755859375,-9.365545272827148,9.37264347076416,10.52908992767334,10.529203414916992
0.0003100065514445305,0.0,0.0,0.0,2.8877131938934326,-2.8886160850524902,78.33784484863281,-78.3379135131836,95.5504379272461,-95.55150604248047,96.6418228149414,-96.640625,103.18002319335938,-103.18111419677734,-8.965656280517578,8.972784996032715,10.636313438415527,10.636475563049316
0.00032404044759459794,0.0,0.0,0.0,2.8685076236724854,-2.869419813156128,78.78560638427734,-78.78568267822266,95.1356201171875,-95.13671112060547,96.8897705078125,-96.88859558105469,102.70531463623047,-102.7063980102539,-8.56959056854248,8.576692581176758,10.73889446258545,10.739056587219238
0.0003137417952530086,0.0,0.0,0.0,2.8520395755767822,-2.8529345989227295,79.23109436035156,-79.23120880126953,94.71967315673828,-94.72075653076172,97.12333679199219,-97.12215423583984,102.22918701171875,-102.23030090332031,-8.177529335021973,8.184660911560059,10.836793899536133,10.836882591247559
0.00034175626933574677,0.0,0.0,0.0,2.838200807571411,-2.8391029834747314,79.67402648925781,-79.67412567138672,94.30313873291016,-94.3042221069336,97.34253692626953,-97.34140014648438,101.75230407714844,-101.75343322753906,-7.789700984954834,7.7968316078186035,10.929927825927734,10.930108070373535
0.00033828779123723507,0.0,0.0,0.0,2.8269219398498535,-2.8277974128723145,80.1139907836914,-80.11408996582031,93.8865966796875,-93.88768768310547,97.5475082397461,-97.54634857177734,101.27536010742188,-101.27649688720703,-7.406346321105957,7.413496971130371,11.018426895141602,11.01854419708252
0.00034842637251131237,0.0,0.0,0.0,2.818057060241699,-2.8189330101013184,80.55060577392578,-80.55072784423828,93.47065734863281,-93.47174072265625,97.73827362060547,-97.7371597290039,100.79902648925781,-100.80015563964844,-7.027681827545166,7.034833908081055,11.102253913879395,11.102334022521973
0.00034671882167458534,0.0,0.0,0.0,2.811542510986328,-2.8124313354492188,80.9835205078125,-80.9836654663086,93.05591583251953,-93.0570068359375,97.91510772705078,-97.91400909423828,100.3239517211914,-100.32511138916016,-6.6539106369018555,6.661050796508789,11.181425094604492,11.181550979614258
0.0003541359619703144,0.0,0.0,0.0,2.8072099685668945,-2.8081042766571045,81.41234588623047,-81.4124984741211,92.64295959472656,-92.64405822753906,98.07811737060547,-98.07704162597656,99.85083770751953,-99.85201263427734,-6.285247802734375,6.292395114898682,11.255987167358398,11.256125450134277
0.00037590719875879586,0.0,0.0,0.0,2.8050434589385986,-2.8059327602386475,81.8366928100586,-81.83684539794922,92.23234558105469,-92.23345184326172,98.22758483886719,-98.2265396118164,99.38031768798828,-99.38151550292969,-5.9219279289245605,5.9290852546691895,11.326043128967285,11.326176643371582
0.0003664089599624276,0.0,0.0,0.0,2.804922342300415,-2.8057618141174316,82.25621795654297,-82.2563705444336,91.82469177246094,-91.82579040527344,98.36382293701172,-98.36274719238281,98.91312408447266,-98.914306640625,-5.564152240753174,5.571320533752441,11.391644477844238,11.391685485839844
0.00036672913120128214,0.0,0.0,0.0,2.8066718578338623,-2.80751633644104,82.6705322265625,-82.67070007324219,91.42053985595703,-91.42166137695312,98.4870834350586,-98.48600006103516,98.44989013671875,-98.45111083984375,-5.21213960647583,5.2193145751953125,11.452810287475586,11.452837944030762
0.00036614216514863074,0.0,0.0,0.0,2.810230016708374,-2.8110668659210205,83.07927703857422,-83.07942199707031,91.02050018310547,-91.02161407470703,98.59770202636719,-98.59663391113281,97.9913101196289,-97.99252319335938,-4.866108417510986,4.873290061950684,11.509615898132324,11.509693145751953
0.00038337771547958255,0.0,0.0,0.0,2.81544828414917,-2.816298007965088,83.48202514648438,-83.48218536376953,90.6251220703125,-90.62623596191406,98.6960678100586,-98.69506072998047,97.53800201416016,-97.53923797607422,-4.526275157928467,4.533464431762695,11.562260627746582,11.562339782714844
0.00040039984742179513,0.0,0.0,0.0,2.822314977645874,-2.823146104812622,83.87841033935547,-83.87860107421875,90.23499298095703,-90.23609924316406,98.78260803222656,-98.7816162109375,97.09064483642578,-97.0918960571289,-4.192846775054932,4.200030326843262,11.61076545715332,11.610812187194824
0.00040296115912497044,0.0,0.0,0.0,2.830587148666382,-2.831416130065918,84.26808166503906,-84.26826477050781,89.85064697265625,-89.85176086425781,98.85774993896484,-98.85677337646484,96.6498794555664,-96.6511001586914,-3.866044521331787,3.873203992843628,11.65528678894043,11.655333518981934
0.0004009334370493889,0.0,0.0,0.0,2.8402457237243652,-2.8410332202911377,84.65061950683594,-84.65082550048828,89.47261810302734,-89.47372436523438,98.92192840576172,-98.92092895507812,96.21627807617188,-96.2175064086914,-3.5460875034332275,3.553239583969116,11.695886611938477,11.695924758911133
0.00040450860979035497,0.0,0.0,0.0,2.851083755493164,-2.851897716522217,85.02565002441406,-85.02584075927734,89.10145568847656,-89.10256958007812,98.97566986083984,-98.9747085571289,95.79049682617188,-95.791748046875,-3.2331888675689697,3.240373373031616,11.732763290405273,11.732799530029297
0.0004198231908958405,0.0,0.0,0.0,2.8630850315093994,-2.8638744354248047,85.3927993774414,-85.39299774169922,88.73767852783203,-88.7387924194336,99.01953125,-99.0185775756836,95.37315368652344,-95.37442779541016,-2.9276082515716553,2.9347927570343018,11.766080856323242,11.766094207763672
0.0004175286740064621,0.0,0.0,0.0,2.876086711883545,-2.8768749237060547,85.75170135498047,-85.75188446044922,88.38175201416016,-88.38286590576172,99.05396270751953,-99.05301666259766,94.96483612060547,-94.96610260009766,-2.6295740604400635,2.6367714405059814,11.79587173461914,11.795900344848633
0.00042105047032237053,0.0,0.0,0.0,2.889981985092163,-2.8907713890075684,86.10193634033203,-86.10212707519531,88.03423309326172,-88.03536987304688,99.07962799072266,-99.07868194580078,94.56610870361328,-94.56737518310547,-2.339296579360962,2.3464858531951904,11.8224515914917,11.822465896606445
0.0004197698144707829,0.0,0.0,0.0,2.9046690464019775,-2.905435562133789,86.4431381225586,-86.4433364868164,87.69556427001953,-87.6966781616211,99.09696960449219,-99.09603881835938,94.17748260498047,-94.17875671386719,-2.0570261478424072,2.064220428466797,11.845832824707031,11.845839500427246
0.0004200366383884102,0.0,0.0,0.0,2.9200048446655273,-2.9207446575164795,86.77490997314453,-86.77509307861328,87.3662109375,-87.36734008789062,99.10674285888672,-99.10579681396484,93.79955291748047,-93.80084228515625,-1.783019781112671,1.7902323007583618,11.866324424743652,11.8662109375
0.00042660001781769097,0.0,0.0,0.0,2.935889959335327,-2.936642646789551,87.09685516357422,-87.0970458984375,87.04668426513672,-87.04781341552734,99.10944366455078,-99.10852813720703,93.43285369873047,-93.43412780761719,-1.5175238847732544,1.5247206687927246,11.88395881652832,11.883895874023438
0.00044266163604333997,0.0,0.0,0.0,2.952209711074829,-2.9529685974121094,87.40859985351562,-87.40880584716797,86.73737335205078,-86.7385025024414,99.1057357788086,-99.10484313964844,93.07781982421875,-93.0791244506836,-1.2607650756835938,1.2679613828659058,11.898978233337402,11.898966789245605
0.00044629015610553324,0.0,0.0,0.0,2.9688637256622314,-2.9696006774902344,87.70980834960938,-87.71001434326172,86.43870544433594,-86.43983459472656,99.09626007080078,-99.0953598022461,92.73505401611328,-92.73635864257812,-1.0130195617675781,1.0202168226242065,11.911592483520508,11.911540985107422
0.0004430351546034217,0.0,0.0,0.0,2.9856982231140137,-2.986417531967163,88.00000762939453,-88.0002212524414,86.15115356445312,-86.15226745605469,99.08161926269531,-99.08074188232422,92.40496063232422,-92.4062728881836,-0.7745470404624939,0.7817516326904297,11.921961784362793,11.921863555908203
0.0004494918102864176,0.0,0.0,0.0,3.002633810043335,-3.003347158432007,88.27888488769531,-88.27909088134766,85.87505340576172,-85.87616729736328,99.06255340576172,-99.06168365478516,92.08805847167969,-92.08936309814453,-0.5456333756446838,0.5528414845466614,11.930288314819336,11.930198669433594
0.000466140394564718,0.0,0.0,0.0,3.019522190093994,-3.020238161087036,88.5460433959961,-88.5462417602539,85.6108169555664,-85.61192321777344,99.03958892822266,-99.03875732421875,91.7847671508789,-91.78607177734375,-0.32653099298477173,0.3337423503398895,11.936698913574219,11.936652183532715
0.00045973711530677974,0.0,0.0,0.0,3.0362801551818848,-3.036987066268921,88.80104064941406,-88.80126190185547,85.35885620117188,-85.35994720458984,99.01344299316406,-99.01261901855469,91.49555206298828,-91.4968490600586,-0.11754021793603897,0.12473095208406448,11.941473960876465,11.941420555114746
0.00045626863720826805,0.0,0.0,0.0,3.052762985229492,-3.053494930267334,89.0435562133789,-89.04377746582031,85.11949920654297,-85.12061309814453,98.98479461669922,-98.9839859008789,91.22079467773438,-91.22211456298828,0.08108805865049362,-0.0738927349448204,11.944741249084473,11.944722175598145
0.0004544277035165578,0.0,0.0,0.0,3.0688672065734863,-3.0695972442626953,89.27320098876953,-89.2734146118164,84.89315795898438,-84.89425659179688,98.95419311523438,-98.95340728759766,90.96095275878906,-90.9622573852539,0.26909708976745605,-0.2618914544582367,11.946734428405762,11.946708679199219
0.0004494384629651904,0.0,0.0,0.0,3.0845324993133545,-3.0852386951446533,89.48956298828125,-89.48977661132812,84.6801528930664,-84.68123626708984,98.92225646972656,-98.92147827148438,90.71644592285156,-90.7177505493164,0.4461231529712677,-0.43890848755836487,11.947564125061035,11.947504997253418
0.00047152984188869596,0.0,0.0,0.0,3.099595546722412,-3.100290536880493,89.6922836303711,-89.69247436523438,84.48082733154297,-84.48194885253906,98.88972473144531,-98.88893127441406,90.48764038085938,-90.48895263671875,0.6119256615638733,-0.6047160625457764,11.947508811950684,11.947415351867676
0.0004733441164717078,0.0,0.0,0.0,3.1139473915100098,-3.1146352291107178,89.88092803955078,-89.88114166259766,84.29557037353516,-84.29667663574219,98.85704803466797,-98.85627746582031,90.27496337890625,-90.27627563476562,0.7661835551261902,-0.7589801549911499,11.946640014648438,11.9465913772583
0.00045680225593969226,0.0,0.0,0.0,3.127497434616089,-3.1282005310058594,90.0,-90.0,84.12466430664062,-84.12577056884766,98.82494354248047,-98.82417297363281,90.07878112792969,-90.080078125,0.9086205959320068,-0.9014216065406799,11.945241928100586,11.945173263549805
0.0004437888856045902,0.0,0.0,0.0,3.147012948989868,-3.147688150405884,90.0,-90.0,83.9046859741211,-83.90573120117188,98.79324340820312,-98.79253387451172,89.95215606689453,-89.95355224609375,1.1117063760757446,-1.104619026184082,11.943496704101562,11.943461418151855
0.00042651998228393495,0.0,0.0,0.0,3.1699106693267822,-3.170546293258667,90.0,-90.0,83.6615219116211,-83.66256713867188,98.76409149169922,-98.76335906982422,89.87469482421875,-89.87617492675781,1.3458372354507446,-1.3388102054595947,11.942237854003906,11.94210433959961
0.00042946147732436657,0.0,0.0,0.0,3.19992995262146,-3.200568914413452,90.0,-90.0,83.36677551269531,-83.36778259277344,98.73655700683594,-98.73588562011719,89.870361328125,-89.87184143066406,1.6434986591339111,-1.6364972591400146,11.940911293029785,11.940812110900879
0.000418829353293404,0.0,0.0,0.0,3.22127628326416,-3.2218868732452393,90.0,-90.0,83.15999603271484,-83.16100311279297,98.71188354492188,-98.71118927001953,89.82415008544922,-89.82565307617188,1.8456368446350098,-1.8386526107788086,11.940022468566895,11.93988037109375
0.00041161227272823453,0.0,0.0,0.0,3.2421655654907227,-3.2427780628204346,90.0,-90.0,82.96563720703125,-82.96662139892578,98.69000244140625,-98.6893310546875,89.79935455322266,-89.80085754394531,2.038541555404663,-2.03155517578125,11.939257621765137,11.9391450881958
0.00041938963113352656,0.0,0.0,0.0,3.261418104171753,-3.2619924545288086,90.0,-90.0,82.79269409179688,-82.7936782836914,98.67144775390625,-98.67076110839844,89.78911590576172,-89.79060363769531,2.2119648456573486,-2.2049918174743652,11.938714981079102,11.938559532165527
0.000421604112489149,0.0,0.0,0.0,3.272338390350342,-3.2729461193084717,90.0,-90.0,82.69216918945312,-82.69315338134766,98.65694427490234,-98.65628814697266,89.75187683105469,-89.75336456298828,2.307992935180664,-2.301023244857788,11.938359260559082,11.938231468200684
0.00042764723184518516,0.0,0.0,0.0,3.2825024127960205,-3.2831270694732666,90.0,-90.0,82.60266876220703,-82.60365295410156,98.6460189819336,-98.64539337158203,89.739013671875,-89.74052429199219,2.3965892791748047,-2.38960862159729,11.938055038452148,11.93797779083252
0.0004292080120649189,0.0,0.0,0.0,3.2910842895507812,-3.2916855812072754,90.0,-90.0,82.5303726196289,-82.5313720703125,98.63925170898438,-98.63858795166016,89.74623107910156,-89.74773406982422,2.4708423614501953,-2.4638831615448,11.937904357910156,11.93776798248291
0.0004292080120649189,0.0,0.0,0.0,3.2910842895507812,-3.2916855812072754,90.0,-90.0,82.5303726196289,-82.5313720703125,98.63925170898438,-98.63858795166016,89.74623107910156,-89.74773406982422,2.4708423614501953,-2.4638831615448,11.937904357910156,11.93776798248291
0.00040968460962176323,0.0,0.0,0.0,3.2982778549194336,-3.2988526821136475,90.0,-90.0,82.47117614746094,-82.4721450805664,98.63462829589844,-98.63394927978516,89.75996398925781,-89.76145935058594,2.5328612327575684,-2.525881290435791,11.937796592712402,11.937640190124512
0.00040968460962176323,0.0,0.0,0.0,3.2982778549194336,-3.2988526821136475,90.0,-90.0,82.47117614746094,-82.4721450805664,98.63462829589844,-98.63394927978516,89.75996398925781,-89.76145935058594,2.5328612327575684,-2.525881290435791,11.937796592712402,11.937640190124512
0.0004179955867584795,0.0,0.0,0.0,3.3100361824035645,-3.310643196105957,90.0,-90.0,82.36628723144531,-82.36727142333984,98.61749267578125,-98.61683654785156,89.71043395996094,-89.7119369506836,2.6314127445220947,-2.6244397163391113,11.937417984008789,11.937314987182617
0.00042535271495580673,0.0,0.0,0.0,3.3287153244018555,-3.3292932510375977,90.0,-90.0,82.21393585205078,-82.21492004394531,98.60197448730469,-98.601318359375,89.72069549560547,-89.7221908569336,2.7871410846710205,-2.7801737785339355,11.937114715576172,11.936972618103027
0.000421804201323539,0.0,0.0,0.0,3.3415472507476807,-3.342113733291626,90.0,-90.0,82.10315704345703,-82.10415649414062,98.58306884765625,-98.5823974609375,89.66673278808594,-89.6682357788086,2.891007900238037,-2.8840434551239014,11.936805725097656,11.93660831451416
0.0004261397698428482,0.0,0.0,0.0,3.3656561374664307,-3.3662431240081787,90.0,-90.0,81.91002655029297,-81.91101837158203,98.55911254882812,-98.55846405029297,89.65261840820312,-89.65410614013672,3.0843260288238525,-3.0773634910583496,11.936426162719727,11.936244010925293
0.0004192895721644163,0.0,0.0,0.0,3.391603469848633,-3.392191171646118,90.0,-90.0,81.70488739013672,-81.70586395263672,98.53121185302734,-98.53057098388672,89.62163543701172,-89.6231460571289,3.2872154712677,-3.280245065689087,11.936062812805176,11.935948371887207
0.00042069697519764304,0.0,0.0,0.0,3.427537202835083,-3.428103446960449,90.0,-90.0,81.43353271484375,-81.43450927734375,98.49869537353516,-98.49803924560547,89.62017822265625,-89.62169647216797,3.561490774154663,-3.5545248985290527,11.935895919799805,11.935715675354004
0.0004262198053766042,0.0,0.0,0.0,3.45702862739563,-3.4575765132904053,90.0,-90.0,81.21011352539062,-81.21109008789062,98.46206665039062,-98.46141052246094,89.55516052246094,-89.55668640136719,3.7777419090270996,-3.7707762718200684,11.93558406829834,11.935401916503906
0.0004261464346200228,0.0,0.0,0.0,3.4998793601989746,-3.5004377365112305,90.0,-90.0,80.90294647216797,-80.90391540527344,98.4205322265625,-98.41989135742188,89.53731536865234,-89.538818359375,4.08580207824707,-4.078830718994141,11.935563087463379,11.935373306274414
0.0004242721479386091,0.0,0.0,0.0,3.54439640045166,-3.5449259281158447,90.0,-90.0,80.59253692626953,-80.59352111816406,98.37446594238281,-98.37379455566406,89.5013427734375,-89.50286865234375,4.3944010734558105,-4.387439727783203,11.935650825500488,11.935409545898438
0.00043833939707838,0.0,0.0,0.0,3.5922160148620605,-3.592780351638794,90.0,-90.0,80.26918029785156,-80.27015686035156,98.32366943359375,-98.32305908203125,89.4568862915039,-89.45841979980469,4.71486234664917,-4.7078776359558105,11.935826301574707,11.93563461303711
0.0004445759404916316,0.0,0.0,0.0,3.6441779136657715,-3.644728660583496,90.0,-90.0,79.92945861816406,-79.930419921875,98.26803588867188,-98.2674331665039,89.40833282470703,-89.40984344482422,5.051281452178955,-5.044291019439697,11.936177253723145,11.935997009277344
0.00044145435094833374,0.0,0.0,0.0,3.700644016265869,-3.701205253601074,90.0,-90.0,79.57267761230469,-79.5736312866211,98.20751953125,-98.20693969726562,89.35775756835938,-89.35928344726562,5.4046525955200195,-5.397670269012451,11.936737060546875,11.9365873336792
0.0004317093116696924,0.0,0.0,0.0,3.770695686340332,-3.771225929260254,90.0,-90.0,79.15144348144531,-79.15242004394531,98.14181518554688,-98.14118957519531,89.34603118896484,-89.34758758544922,5.8287458419799805,-5.821782112121582,11.93792724609375,11.937653541564941
0.00045282687642611563,0.0,0.0,0.0,3.8319718837738037,-3.832484483718872,90.0,-90.0,78.78922271728516,-78.7901840209961,98.07147979736328,-98.07089233398438,89.27230834960938,-89.27384185791016,6.184315204620361,-6.177334785461426,11.938760757446289,11.93850326538086
0.00044594332575798035,0.0,0.0,0.0,3.910621404647827,-3.911116600036621,90.0,-90.0,78.34786987304688,-78.34886169433594,97.995849609375,-97.99523162841797,89.2527084350586,-89.25425720214844,6.627566337585449,-6.620589733123779,11.940420150756836,11.94013786315918
0.0004551880992949009,0.0,0.0,0.0,3.990006923675537,-3.990499258041382,90.0,-90.0,77.91676330566406,-77.91771697998047,97.91533660888672,-97.9147720336914,89.21465301513672,-89.21620178222656,7.0578484535217285,-7.050856590270996,11.942170143127441,11.941903114318848
0.0004556149651762098,0.0,0.0,0.0,4.072803020477295,-4.073319435119629,90.0,-90.0,77.48208618164062,-77.48301696777344,97.82998657226562,-97.8294677734375,89.17108154296875,-89.17262268066406,7.490915298461914,-7.483929634094238,11.944089889526367,11.94388198852539
0.0004555616178549826,0.0,0.0,0.0,4.159946441650391,-4.160433769226074,90.0,-90.0,77.04012298583984,-77.04105377197266,97.73988342285156,-97.73934936523438,89.12660217285156,-89.12812042236328,7.93115758895874,-7.9241790771484375,11.946314811706543,11.946063995361328
0.0004575092752929777,0.0,0.0,0.0,4.251669883728027,-4.252169609069824,90.0,-90.0,76.5905990600586,-76.5915298461914,97.64508819580078,-97.64458465576172,89.08293914794922,-89.08448791503906,8.379189491271973,-8.37220287322998,11.948735237121582,11.94849681854248
0.00045823631808161736,0.0,0.0,0.0,4.347949981689453,-4.348443508148193,90.0,-90.0,76.13433837890625,-76.13526916503906,97.54583740234375,-97.54533386230469,89.04096984863281,-89.04251098632812,8.834216117858887,-8.82724380493164,11.95143985748291,11.951212882995605
0.000448891514679417,0.0,0.0,0.0,4.448689937591553,-4.44915246963501,90.0,-90.0,75.67256927490234,-75.67350006103516,97.44229125976562,-97.44176483154297,89.00110626220703,-89.0026626586914,9.2951021194458,-9.288128852844238,11.954401016235352,11.9541015625
0.0004674810916185379,0.0,0.0,0.0,4.55367374420166,-4.554141998291016,90.0,-90.0,75.20663452148438,-75.20755767822266,97.33470153808594,-97.33422088623047,88.96367645263672,-88.96524047851562,9.760493278503418,-9.753508567810059,11.957558631896973,11.957283973693848
0.0004547678690869361,0.0,0.0,0.0,4.662651538848877,-4.66307258605957,90.0,-90.0,74.73794555664062,-74.7388687133789,97.22341918945312,-97.2229232788086,88.92899322509766,-88.9305648803711,10.228981018066406,-10.221993446350098,11.960925102233887,11.960577011108398
0.00047038926277309656,0.0,0.0,0.0,4.775301456451416,-4.775778293609619,90.0,-90.0,74.2679214477539,-74.26885223388672,97.10872650146484,-97.10829162597656,88.89727020263672,-88.89881896972656,10.699149131774902,-10.692160606384277,11.964422225952148,11.96414852142334
0.00046758781536482275,0.0,0.0,0.0,4.89137077331543,-4.8917975425720215,90.0,-90.0,73.7980728149414,-73.79898071289062,96.99108123779297,-96.99063110351562,88.86873626708984,-88.87027740478516,11.169528007507324,-11.162546157836914,11.9680757522583,11.967792510986328
0.00046762783313170075,0.0,0.0,0.0,5.0104146003723145,-5.010812759399414,90.0,-90.0,73.32975769042969,-73.33068084716797,96.8708267211914,-96.87036895751953,88.84349822998047,-88.84505462646484,11.638678550720215,-11.63170051574707,11.971867561340332,11.971490859985352
0.0004680280399043113,0.0,0.0,0.0,5.131983280181885,-5.132384777069092,90.0,-90.0,72.86451721191406,-72.86543273925781,96.74848937988281,-96.74803161621094,88.82172393798828,-88.82329559326172,12.105147361755371,-12.09814739227295,11.97571086883545,11.975358009338379
0.0004818218294531107,0.0,0.0,0.0,5.25567626953125,-5.256078243255615,90.0,-90.0,72.40379333496094,-72.40470886230469,96.62454986572266,-96.6241226196289,88.80351257324219,-88.8050765991211,12.56741714477539,-12.560422897338867,11.979613304138184,11.979249954223633
0.00046698751975782216,0.0,0.0,0.0,5.380921363830566,-5.381297588348389,90.0,-90.0,71.94905090332031,-71.94996643066406,96.49956512451172,-96.4991226196289,88.7889175415039,-88.79049682617188,13.023982048034668,-13.016980171203613,11.983490943908691,11.983110427856445
0.0004722568846773356,0.0,0.0,0.0,5.507189750671387,-5.507571697235107,90.0,-90.0,71.5018081665039,-71.50272369384766,96.37413024902344,-96.37371063232422,88.7779541015625,-88.779541015625,13.473362922668457,-13.466360092163086,11.987348556518555,11.986969947814941
0.00047543185064569116,0.0,0.0,0.0,5.633870601654053,-5.634218215942383,90.0,-90.0,71.06356048583984,-71.06446838378906,96.2488784790039,-96.24845123291016,88.77063751220703,-88.77220916748047,13.913962364196777,-13.906959533691406,11.9911527633667,11.990723609924316
0.00047396443551406264,0.0,0.0,0.0,5.760314464569092,-5.760662078857422,90.0,-90.0,70.63583374023438,-70.6367416381836,96.12446594238281,-96.12403106689453,88.76685333251953,-88.76844787597656,14.344278335571289,-14.33727741241455,11.994827270507812,11.99439811706543
0.0004852569254580885,0.0,0.0,0.0,5.885850429534912,-5.88620138168335,90.0,-90.0,70.22020721435547,-70.2210922241211,96.00155639648438,-96.00117492675781,88.76656341552734,-88.76812744140625,14.762714385986328,-14.75571060180664,11.998347282409668,11.997912406921387
0.00047705270117148757,0.0,0.0,0.0,6.009769439697266,-6.010095119476318,90.0,-90.0,69.81816864013672,-69.81907653808594,95.88094329833984,-95.88052368164062,88.7695083618164,-88.77112579345703,15.167731285095215,-15.160726547241211,12.001778602600098,12.001312255859375
0.00047865352826192975,0.0,0.0,0.0,6.13131046295166,-6.13162899017334,90.0,-90.0,69.43134307861328,-69.4322280883789,95.7633056640625,-95.76290130615234,88.77564239501953,-88.7772216796875,15.557662963867188,-15.550663948059082,12.005000114440918,12.004524230957031
0.000479387235827744,0.0,0.0,0.0,6.24968147277832,-6.250013828277588,90.0,-90.0,69.06128692626953,-69.06217193603516,95.64945983886719,-95.6490707397461,88.78463745117188,-88.78622436523438,15.930922508239746,-15.923918724060059,12.00803279876709,12.007555961608887
0.000496596097946167,0.0,0.0,0.0,6.364081382751465,-6.3643927574157715,90.0,-90.0,68.7096176147461,-68.71050262451172,95.54015350341797,-95.53978729248047,88.7962875366211,-88.79788970947266,16.285823822021484,-16.2788143157959,12.010805130004883,12.010332107543945
0.0004948885762132704,0.0,0.0,0.0,6.473673343658447,-6.473998546600342,90.0,-90.0,68.3779525756836,-68.37885284423828,95.43624114990234,-95.43585968017578,88.81025695800781,-88.81184387207031,16.620731353759766,-16.613737106323242,12.013428688049316,12.012935638427734
0.0004945083637721837,0.0,0.0,0.0,6.563494682312012,-6.563791751861572,90.0,-90.0,68.10797882080078,-68.10884857177734,95.33869171142578,-95.33831787109375,88.7926025390625,-88.79419708251953,16.89052391052246,-16.883520126342773,12.015033721923828,12.01448917388916
0.0005074483924545348,0.0,0.0,0.0,6.669234752655029,-6.669561386108398,90.0,-90.0,67.7974624633789,-67.79833221435547,95.24781036376953,-95.24747467041016,88.83028411865234,-88.83186340332031,17.20627212524414,-17.19927215576172,12.017583847045898,12.017107963562012
0.0004903462249785662,0.0,0.0,0.0,6.749695301055908,-6.750010013580322,90.0,-90.0,67.5621109008789,-67.56298065185547,95.1650161743164,-95.1646728515625,88.82705688476562,-88.8286361694336,17.442581176757812,-17.435569763183594,12.019015312194824,12.018495559692383
0.0005030661122873425,0.0,0.0,0.0,6.827569484710693,-6.827888488769531,90.0,-90.0,67.3373031616211,-67.33818054199219,95.09074401855469,-95.09041595458984,88.83827209472656,-88.8398666381836,17.6695499420166,-17.66253089904785,12.020479202270508,12.020003318786621
0.0004993308684788644,0.0,0.0,0.0,6.899328231811523,-6.899622917175293,90.0,-90.0,67.13246154785156,-67.13331604003906,95.0258560180664,-95.02552032470703,88.85711669921875,-88.85869598388672,17.87711524963379,-17.870113372802734,12.021919250488281,12.021442413330078
0.0005027192528359592,0.0,0.0,0.0,6.949337482452393,-6.949592590332031,90.0,-90.0,66.98963928222656,-66.9905014038086,94.97132110595703,-94.97097778320312,88.84915924072266,-88.85076141357422,18.01995086669922,-18.012950897216797,12.022577285766602,12.022014617919922
0.0005071348859928548,0.0,0.0,0.0,6.996145248413086,-6.996427536010742,90.0,-90.0,66.85748291015625,-66.85834503173828,94.92761993408203,-94.92729187011719,88.8587646484375,-88.86036682128906,18.153600692749023,-18.146589279174805,12.023408889770508,12.022858619689941
0.0005002980469726026,0.0,0.0,0.0,7.036545276641846,-7.036800384521484,90.0,-90.0,66.74473571777344,-66.74559783935547,94.89553833007812,-94.89517211914062,88.8796615600586,-88.88126373291016,18.268722534179688,-18.2617130279541,12.024275779724121,12.023723602294922
0.0005005181301385164,0.0,0.0,0.0,7.05600643157959,-7.056273937225342,90.0,-90.0,66.69002532958984,-66.69088745117188,94.87593841552734,-94.8755874633789,88.88040924072266,-88.88199615478516,18.323728561401367,-18.31672477722168,12.024576187133789,12.023995399475098
0.0005005181301385164,0.0,0.0,0.0,7.05600643157959,-7.056273937225342,90.0,-90.0,66.69002532958984,-66.69088745117188,94.87593841552734,-94.8755874633789,88.88040924072266,-88.88199615478516,18.323728561401367,-18.31672477722168,12.024576187133789,12.023995399475098
0.0005005181301385164,0.0,0.0,0.0,7.05600643157959,-7.056273937225342,90.0,-90.0,66.69002532958984,-66.69088745117188,94.87593841552734,-94.8755874633789,88.88040924072266,-88.88199615478516,18.323728561401367,-18.31672477722168,12.024576187133789,12.023995399475098
0.0005005181301385164,0.0,0.0,0.0,7.05600643157959,-7.056273937225342,90.0,-90.0,66.69002532958984,-66.69088745117188,94.87593841552734,-94.8755874633789,88.88040924072266,-88.88199615478516,18.323728561401367,-18.31672477722168,12.024576187133789,12.023995399475098
0.000501198461279273,0.0,0.0,0.0,7.079852104187012,-7.080128192901611,90.0,-90.0,66.6469955444336,-66.64788818359375,94.91625213623047,-94.9158935546875,88.88553619384766,-88.88716125488281,18.367889404296875,-18.360864639282227,12.082928657531738,12.082361221313477
0.000501198461279273,0.0,0.0,0.0,7.079852104187012,-7.080128192901611,90.0,-90.0,66.6469955444336,-66.64788818359375,94.91625213623047,-94.9158935546875,88.88553619384766,-88.88716125488281,18.367889404296875,-18.360864639282227,12.082928657531738,12.082361221313477
0.000501198461279273,0.0,0.0,0.0,7.079852104187012,-7.080128192901611,90.0,-90.0,66.6469955444336,-66.64788818359375,94.91625213623047,-94.9158935546875,88.88553619384766,-88.88716125488281,18.367889404296875,-18.360864639282227,12.082928657531738,12.082361221313477
0.0004927607951685786,0.0,0.0,0.0,7.117229461669922,-7.117508888244629,90.0,-90.0,66.61067962646484,-66.61158752441406,95.0535659790039,-95.05318450927734,88.86998748779297,-88.8716049194336,18.4045352935791,-18.397525787353516,12.252537727355957,12.251975059509277
0.0004927607951685786,0.0,0.0,0.0,7.117229461669922,-7.117508888244629,90.0,-90.0,66.61067962646484,-66.61158752441406,95.0535659790039,-95.05318450927734,88.86998748779297,-88.8716049194336,18.4045352935791,-18.397525787353516,12.252537727355957,12.251975059509277
0.0005112503422424197,0.0,0.0,0.0,7.1530632972717285,-7.153327941894531,90.0,-90.0,66.5808334350586,-66.58172607421875,95.19215393066406,-95.19181060791016,88.84808349609375,-88.84972381591797,18.43427085876465,-18.427261352539062,12.424341201782227,12.423789024353027
0.0005112503422424197,0.0,0.0,0.0,7.1530632972717285,-7.153327941894531,90.0,-90.0,66.5808334350586,-66.58172607421875,95.19215393066406,-95.19181060791016,88.84808349609375,-88.84972381591797,18.43427085876465,-18.427261352539062,12.424341201782227,12.423789024353027
0.0005007115541957319,0.0,0.0,0.0,7.194558620452881,-7.194808483123779,90.0,-90.0,66.55416870117188,-66.5550537109375,95.36604309082031,-95.3656997680664,88.81148529052734,-88.81314086914062,18.459875106811523,-18.452863693237305,12.640247344970703,12.639647483825684
0.0005007115541957319,0.0,0.0,0.0,7.194558620452881,-7.194808483123779,90.0,-90.0,66.55416870117188,-66.5550537109375,95.36604309082031,-95.3656997680664,88.81148529052734,-88.81314086914062,18.459875106811523,-18.452863693237305,12.640247344970703,12.639647483825684
0.0004918269696645439,0.0,0.0,0.0,7.242105960845947,-7.242353439331055,90.0,-90.0,66.530029296875,-66.53091430664062,95.5731201171875,-95.5727767944336,88.76123809814453,-88.7629165649414,18.4820499420166,-18.475040435791016,12.898224830627441,12.897627830505371
0.0004918269696645439,0.0,0.0,0.0,7.242105960845947,-7.242353439331055,90.0,-90.0,66.530029296875,-66.53091430664062,95.5731201171875,-95.5727767944336,88.76123809814453,-88.7629165649414,18.4820499420166,-18.475040435791016,12.898224830627441,12.897627830505371
0.0005049671162851155,0.0,0.0,0.0,7.296005725860596,-7.296252250671387,90.0,-90.0,66.50785827636719,-66.5087661743164,95.81121826171875,-95.8108901977539,88.69840240478516,-88.70014953613281,18.501291275024414,-18.4942684173584,13.196206092834473,13.195600509643555
0.0005049671162851155,0.0,0.0,0.0,7.296005725860596,-7.296252250671387,90.0,-90.0,66.50785827636719,-66.5087661743164,95.81121826171875,-95.8108901977539,88.69840240478516,-88.70014953613281,18.501291275024414,-18.4942684173584,13.196206092834473,13.195600509643555
0.0004951753653585911,0.0,0.0,0.0,7.356581687927246,-7.35684061050415,90.0,-90.0,66.48725891113281,-66.48818969726562,96.07830810546875,-96.0779800415039,88.62401580810547,-88.62579345703125,18.51798439025879,-18.510976791381836,13.532157897949219,13.531526565551758
0.0004951753653585911,0.0,0.0,0.0,7.356581687927246,-7.35684061050415,90.0,-90.0,66.48725891113281,-66.48818969726562,96.07830810546875,-96.0779800415039,88.62401580810547,-88.62579345703125,18.51798439025879,-18.510976791381836,13.532157897949219,13.531526565551758
0.0004790937528014183,0.0,0.0,0.0,7.424109935760498,-7.424340724945068,90.0,-90.0,66.46784973144531,-66.4687728881836,96.37211608886719,-96.37177276611328,88.5389404296875,-88.54077911376953,18.532459259033203,-18.525442123413086,13.903924942016602,13.903287887573242
0.0004790937528014183,0.0,0.0,0.0,7.424109935760498,-7.424340724945068,90.0,-90.0,66.46784973144531,-66.4687728881836,96.37211608886719,-96.37177276611328,88.5389404296875,-88.54077911376953,18.532459259033203,-18.525442123413086,13.903924942016602,13.903287887573242
0.0004959958023391664,0.0,0.0,0.0,7.4988555908203125,-7.499104022979736,89.99317932128906,-89.99320220947266,66.44932556152344,-66.45024108886719,96.69046020507812,-96.6901626586914,88.44416046142578,-88.44600677490234,18.54494285583496,-18.537940979003906,14.309405326843262,14.308770179748535
0.0004959958023391664,0.0,0.0,0.0,7.4988555908203125,-7.499104022979736,89.99317932128906,-89.99320220947266,66.44932556152344,-66.45024108886719,96.69046020507812,-96.6901626586914,88.44416046142578,-88.44600677490234,18.54494285583496,-18.537940979003906,14.309405326843262,14.308770179748535
0.0004848367243539542,0.0,0.0,0.0,7.5817389488220215,-7.58196496963501,89.98640441894531,-89.98643493652344,66.42987060546875,-66.43079376220703,97.0312271118164,-97.0309066772461,88.34180450439453,-88.34370422363281,18.557384490966797,-18.550386428833008,14.74662971496582,14.74596881866455
0.0004952654126100242,0.0,0.0,0.0,7.627157211303711,-7.627381801605225,89.98345184326172,-89.98350524902344,66.41979217529297,-66.42073822021484,97.20899200439453,-97.20868682861328,88.28778076171875,-88.28972625732422,18.563331604003906,-18.556331634521484,14.977155685424805,14.976497650146484
0.0004846366064157337,0.0,0.0,0.0,7.673795223236084,-7.674042224884033,89.98055267333984,-89.9805908203125,66.40958404541016,-66.41053009033203,97.39181518554688,-97.39151000976562,88.23219299316406,-88.234130859375,18.569337844848633,-18.562345504760742,15.214183807373047,15.213523864746094
0.0004818151646759361,0.0,0.0,0.0,7.7225542068481445,-7.722750663757324,89.97785186767578,-89.97789764404297,66.39920043945312,-66.40017700195312,97.57915496826172,-97.57881164550781,88.1749267578125,-88.17693328857422,18.57522964477539,-18.568248748779297,15.458113670349121,15.457386016845703
0.00048536364920437336,0.0,0.0,0.0,7.773354530334473,-7.773573398590088,89.97539520263672,-89.97545623779297,66.3886947631836,-66.38964080810547,97.77070617675781,-97.7704086303711,88.11611938476562,-88.11812591552734,18.580968856811523,-18.573976516723633,15.708617210388184,15.707910537719727
0.00048305580276064575,0.0,0.0,0.0,7.82628870010376,-7.826509952545166,89.97323608398438,-89.9732894897461,66.37803649902344,-66.37901306152344,97.96626281738281,-97.96595001220703,88.05577850341797,-88.05779266357422,18.586528778076172,-18.579551696777344,15.965524673461914,15.964822769165039
0.0004896725295111537,0.0,0.0,0.0,7.881314277648926,-7.881543159484863,89.97136688232422,-89.9714126586914,66.36729431152344,-66.36829376220703,98.16556549072266,-98.1652603149414,87.99394989013672,-87.99600982666016,18.59189796447754,-18.584915161132812,16.228540420532227,16.227832794189453
0.0004903462249785662,0.0,0.0,0.0,7.938488960266113,-7.938663959503174,89.9698257446289,-89.96989440917969,66.3564682006836,-66.35746765136719,98.36829376220703,-98.36797332763672,87.93073272705078,-87.93282318115234,18.597003936767578,-18.59004783630371,16.49742317199707,16.49665641784668
0.0004856871673837304,0.0,0.0,0.0,7.997732639312744,-7.997924327850342,89.96866607666016,-89.96873474121094,66.34559631347656,-66.34661102294922,98.57422637939453,-98.57389831542969,87.8661880493164,-87.86831665039062,18.601869583129883,-18.594921112060547,16.771860122680664,16.77108383178711
0.0004803077026735991,0.0,0.0,0.0,8.059099197387695,-8.059289932250977,89.96788024902344,-89.96793365478516,66.33467864990234,-66.33567810058594,98.78309631347656,-98.78279113769531,87.80035400390625,-87.80252075195312,18.6064453125,-18.599454879760742,17.051578521728516,17.05080795288086
0.00048674436402507126,0.0,0.0,0.0,8.122564315795898,-8.122756004333496,89.96749114990234,-89.96755981445312,66.32373809814453,-66.32476806640625,98.9946517944336,-98.99434661865234,87.73332214355469,-87.73551177978516,18.610671997070312,-18.603708267211914,17.33636474609375,17.335596084594727
0.0004895691527053714,0.0,0.0,0.0,8.188130378723145,-8.188326835632324,89.967529296875,-89.96762084960938,66.31282043457031,-66.3138656616211,99.20865631103516,-99.20835876464844,87.6651382446289,-87.66737365722656,18.614566802978516,-18.60761833190918,17.625944137573242,17.625173568725586
0.0004873480065725744,0.0,0.0,0.0,8.255799293518066,-8.255988121032715,89.96803283691406,-89.9681167602539,66.30192565917969,-66.30297088623047,99.42488861083984,-99.42459106445312,87.59584045410156,-87.59809112548828,18.61811065673828,-18.611156463623047,17.92015266418457,17.91935920715332
0.00047666250611655414,0.0,0.0,0.0,8.32552433013916,-8.325709342956543,89.96900939941406,-89.9690933227539,66.29107666015625,-66.2921142578125,99.6430435180664,-99.64274597167969,87.52556610107422,-87.52783966064453,18.621234893798828,-18.614280700683594,18.218551635742188,18.21774673461914
0.0004655100929085165,0.0,0.0,0.0,8.397327423095703,-8.397479057312012,89.97046661376953,-89.97054290771484,66.2802963256836,-66.28133392333984,99.8629379272461,-99.86263275146484,87.45430755615234,-87.45660400390625,18.62394905090332,-18.61699867248535,18.5210018157959,18.520153045654297
0.0004829657555092126,0.0,0.0,0.0,8.471166610717773,-8.471332550048828,89.97244262695312,-89.97254180908203,66.26957702636719,-66.27064514160156,100.08429718017578,-100.08402252197266,87.38211822509766,-87.38448333740234,18.62624168395996,-18.61928939819336,18.82718276977539,18.826364517211914
0.0004690985952038318,0.0,0.0,0.0,8.547036170959473,-8.547185897827148,89.97493743896484,-89.97503662109375,66.25897216796875,-66.26004028320312,100.30695343017578,-100.30665588378906,87.30914306640625,-87.31153869628906,18.628047943115234,-18.621103286743164,19.13689613342285,19.136043548583984
0.0004828523669857532,0.0,0.0,0.0,8.62486457824707,-8.625046730041504,89.97799682617188,-89.97808837890625,66.24848175048828,-66.24954986572266,100.53056335449219,-100.53030395507812,87.23540496826172,-87.23778533935547,18.6294002532959,-18.62246322631836,19.449769973754883,19.448944091796875
0.00047536182682961226,0.0,0.0,0.0,8.704681396484375,-8.704832077026367,89.98158264160156,-89.98168182373047,66.23811340332031,-66.23918914794922,100.7550277709961,-100.75476837158203,87.16093444824219,-87.16336822509766,18.630247116088867,-18.623315811157227,19.765684127807617,19.764854431152344
0.00045392411993816495,0.0,0.0,0.0,8.786416053771973,-8.78654670715332,89.9857406616211,-89.98583221435547,66.22789001464844,-66.22900390625,100.98008728027344,-100.97977447509766,87.08583068847656,-87.08830261230469,18.630582809448242,-18.623676300048828,20.084312438964844,20.08342170715332
0.0004446726816240698,0.0,0.0,0.0,8.870050430297852,-8.870172500610352,89.99048614501953,-89.99059295654297,66.21784210205078,-66.21894836425781,101.2054443359375,-101.20513916015625,87.01016235351562,-87.0126724243164,18.630409240722656,-18.623504638671875,20.405344009399414,20.404422760009766
0.00046663734246976674,0.0,0.0,0.0,8.955491065979004,-8.955631256103516,89.9958267211914,-89.99592590332031,66.20797729492188,-66.20909881591797,101.43096160888672,-101.43070983886719,86.9339828491211,-86.9365463256836,18.629722595214844,-18.622804641723633,20.72858238220215,20.727670669555664
0.0004588666488416493,0.0,0.0,0.0,9.042765617370605,-9.042905807495117,90.0,-90.0,66.19831085205078,-66.1994400024414,101.65643310546875,-101.65618133544922,86.85740661621094,-86.85997772216797,18.62845230102539,-18.62157440185547,21.05371856689453,21.05278205871582
0.00042763722012750804,0.0,0.0,0.0,9.131986618041992,-9.13209056854248,90.0,-90.0,66.18843841552734,-66.18955993652344,101.8816909790039,-101.88143157958984,86.78073120117188,-86.78338623046875,18.627126693725586,-18.620275497436523,21.380569458007812,21.379608154296875
0.00044127090950496495,0.0,0.0,0.0,9.223434448242188,-9.223554611206055,90.0,-90.0,66.17739868164062,-66.17851257324219,102.1064453125,-102.10623931884766,86.70492553710938,-86.70760345458984,18.626916885375977,-18.620101928710938,21.7088565826416,21.70796012878418
0.00042846432188525796,0.0,0.0,0.0,9.317096710205078,-9.31721019744873,90.0,-90.0,66.1653060913086,-66.16645812988281,102.33055877685547,-102.3303451538086,86.62979888916016,-86.63253021240234,18.62761878967285,-18.62085723876953,22.038436889648438,22.037452697753906
0.00042903126450255513,0.0,0.0,0.0,9.412781715393066,-9.412891387939453,90.0,-90.0,66.15242767333984,-66.15352630615234,102.55382537841797,-102.55365753173828,86.55538940429688,-86.55813598632812,18.62913703918457,-18.622371673583984,22.368896484375,22.36797332763672
0.00042269466212019324,0.0,0.0,0.0,9.510432243347168,-9.510534286499023,90.0,-90.0,66.13874053955078,-66.13988494873047,102.77609252929688,-102.77592468261719,86.4815673828125,-86.4843978881836,18.631296157836914,-18.624553680419922,22.700103759765625,22.699142456054688
0.00039890906191430986,0.0,0.0,0.0,9.609907150268555,-9.610003471374512,90.0,-90.0,66.12446594238281,-66.12561798095703,102.99713134765625,-102.9969482421875,86.40845489501953,-86.41132354736328,18.634008407592773,-18.627281188964844,23.03171157836914,23.030744552612305
0.0003992825804743916,0.0,0.0,0.0,9.711119651794434,-9.711212158203125,90.0,-90.0,66.1095962524414,-66.11076354980469,103.216796875,-103.21661376953125,86.33596801757812,-86.3388442993164,18.637208938598633,-18.63051986694336,23.363510131835938,23.36254119873047
0.00040403171442449093,0.0,0.0,0.0,9.813996315002441,-9.814037322998047,90.0,-90.0,66.09428405761719,-66.09541320800781,103.43485260009766,-103.4346923828125,86.26415252685547,-86.2670669555664,18.64085578918457,-18.634174346923828,23.69518280029297,23.69417953491211
0.00040213740430772305,0.0,0.0,0.0,9.918339729309082,-9.918407440185547,90.0,-90.0,66.07849884033203,-66.07963562011719,103.65118408203125,-103.65105438232422,86.19302368164062,-86.19595336914062,18.64488410949707,-18.63821792602539,24.02645492553711,24.02546501159668
0.00039253244176506996,0.0,0.0,0.0,10.024147987365723,-10.024199485778809,90.0,-90.0,66.06232452392578,-66.06348419189453,103.86563110351562,-103.86548614501953,86.12260437011719,-86.12559509277344,18.649248123168945,-18.642606735229492,24.357128143310547,24.356098175048828
0.00038250727811828256,0.0,0.0,0.0,10.131278038024902,-10.131340980529785,90.0,-90.0,66.04580688476562,-66.0469741821289,104.07799530029297,-104.07786560058594,86.05294799804688,-86.05597686767578,18.653947830200195,-18.647310256958008,24.686843872070312,24.685836791992188
0.00038670276990160346,0.0,0.0,0.0,10.239642143249512,-10.239672660827637,90.0,-90.0,66.02897644042969,-66.03016662597656,104.28819274902344,-104.28804779052734,85.98406982421875,-85.9871597290039,18.658935546875,-18.652315139770508,25.015457153320312,25.014394760131836
0.0003730490570887923,0.0,0.0,0.0,10.34908390045166,-10.349102020263672,90.0,-90.0,66.01187896728516,-66.0130615234375,104.49595642089844,-104.49580383300781,85.91607666015625,-85.91915893554688,18.664194107055664,-18.65760612487793,25.342567443847656,25.34149169921875
0.0003735292993951589,0.0,0.0,0.0,10.459501266479492,-10.459507942199707,90.0,-90.0,65.99452209472656,-65.99571990966797,104.70124816894531,-104.70110321044922,85.84888458251953,-85.85204315185547,18.669736862182617,-18.663143157958984,25.668012619018555,25.666921615600586
0.0003730023745447397,0.0,0.0,0.0,10.57076644897461,-10.570801734924316,90.0,-90.0,65.97697448730469,-65.97816467285156,104.9038314819336,-104.90373229980469,85.78268432617188,-85.78585815429688,18.675518035888672,-18.668930053710938,25.991413116455078,25.990312576293945
0.0003669259021990001,0.0,0.0,0.0,10.682814598083496,-10.682798385620117,90.0,-90.0,65.95921325683594,-65.96041107177734,105.10369110107422,-105.10356140136719,85.7174072265625,-85.72061920166016,18.681537628173828,-18.674968719482422,26.312623977661133,26.311481475830078
0.00036896028905175626,0.0,0.0,0.0,10.795437812805176,-10.795458793640137,90.0,-90.0,65.9413070678711,-65.94252014160156,105.30056762695312,-105.30046844482422,85.65312194824219,-85.65636444091797,18.687803268432617,-18.681243896484375,26.631284713745117,26.630205154418945
0.0003646447148639709,0.0,0.0,0.0,10.908550262451172,-10.90857219696045,90.0,-90.0,65.92325592041016,-65.92447662353516,105.49436950683594,-105.49427795410156,85.58991241455078,-85.59320068359375,18.694271087646484,-18.687719345092773,26.947145462036133,26.946060180664062
0.00037474327837117016,0.0,0.0,0.0,11.021970748901367,-11.021978378295898,90.0,-90.0,65.90507507324219,-65.90629577636719,105.68498229980469,-105.68489074707031,85.52779388427734,-85.53106689453125,18.700950622558594,-18.69444465637207,27.259960174560547,27.25884437561035
0.00035231836955063045,0.0,0.0,0.0,11.135653495788574,-11.135645866394043,90.0,-90.0,65.88682556152344,-65.8880615234375,105.87235260009766,-105.87225341796875,85.46675872802734,-85.4701156616211,18.70784568786621,-18.701330184936523,27.569543838500977,27.568387985229492
0.00035867499536834657,0.0,0.0,0.0,11.249347686767578,-11.249348640441895,90.0,-90.0,65.86852264404297,-65.86975860595703,106.05619812011719,-106.05612182617188,85.40692138671875,-85.41028594970703,18.714948654174805,-18.708444595336914,27.875417709350586,27.874292373657227
0.0003574676811695099,0.0,0.0,0.0,11.362959861755371,-11.362945556640625,90.0,-90.0,65.85016632080078,-65.8514175415039,106.23652648925781,-106.23643493652344,85.34829711914062,-85.3516845703125,18.722227096557617,-18.715747833251953,28.177461624145508,28.176305770874023
0.00034724909346550703,0.0,0.0,0.0,11.476308822631836,-11.47629451751709,90.0,-90.0,65.83181762695312,-65.83307647705078,106.41316223144531,-106.41307067871094,85.29093170166016,-85.2943344116211,18.729694366455078,-18.723224639892578,28.475339889526367,28.47416114807129
0.0003431136137805879,0.0,0.0,0.0,11.589277267456055,-11.589238166809082,90.0,-90.0,65.81348419189453,-65.81475067138672,106.5860366821289,-106.58595275878906,85.23480224609375,-85.2382583618164,18.737342834472656,-18.730886459350586,28.768848419189453,28.767642974853516
0.0003496836870908737,0.0,0.0,0.0,11.701652526855469,-11.701592445373535,90.0,-90.0,65.79517364501953,-65.79644012451172,106.75499725341797,-106.75492095947266,85.1800308227539,-85.18351745605469,18.74513816833496,-18.738697052001953,29.057626724243164,29.056373596191406
0.00034818288986571133,0.0,0.0,0.0,11.813283920288086,-11.813263893127441,90.0,-90.0,65.77693176269531,-65.77820587158203,106.91998291015625,-106.91992950439453,85.12662506103516,-85.13011169433594,18.753089904785156,-18.746662139892578,29.34144401550293,29.34025001525879
0.00034313363721594214,0.0,0.0,0.0,11.924019813537598,-11.924001693725586,90.0,-90.0,65.7587661743164,-65.76005554199219,107.08092498779297,-107.08087921142578,85.07457733154297,-85.07811737060547,18.761188507080078,-18.75477409362793,29.62004852294922,29.61886978149414
0.00033901818096637726,0.0,0.0,0.0,12.033699989318848,-12.033639907836914,90.0,-90.0,65.74073791503906,-65.74205017089844,107.23764038085938,-107.23756408691406,85.02397155761719,-85.02754211425781,18.76942253112793,-18.763036727905273,29.89318084716797,29.89192771911621
0.00033318850910291076,0.0,0.0,0.0,12.142122268676758,-12.142044067382812,90.0,-90.0,65.72282409667969,-65.72412872314453,107.39009094238281,-107.3900146484375,84.97481536865234,-84.9784164428711,18.77777671813965,-18.77139663696289,30.160545349121094,30.15927505493164
0.0003293131594546139,0.0,0.0,0.0,12.24913215637207,-12.249035835266113,90.0,-90.0,65.70511627197266,-65.7064208984375,107.53813934326172,-107.53807067871094,84.92716979980469,-84.93083190917969,18.786245346069336,-18.77985382080078,30.421802520751953,30.420549392700195
0.0003274588962085545,0.0,0.0,0.0,12.354506492614746,-12.354433059692383,90.0,-90.0,65.68757629394531,-65.68889617919922,107.68171691894531,-107.68165588378906,84.88106536865234,-84.88471984863281,18.794801712036133,-18.788440704345703,30.676740646362305,30.675466537475586
0.00031649990705773234,0.0,0.0,0.0,12.458115577697754,-12.45799732208252,90.0,-90.0,65.67025756835938,-65.67156982421875,107.82076263427734,-107.82069396972656,84.83647918701172,-84.84019470214844,18.80344581604004,-18.797096252441406,30.925098419189453,30.923757553100586
0.0003374173538759351,0.0,0.0,0.0,12.559704780578613,-12.559646606445312,90.0,-90.0,65.6531753540039,-65.65451049804688,107.95515441894531,-107.95512390136719,84.79353332519531,-84.79723358154297,18.812156677246094,-18.805803298950195,31.166505813598633,31.165245056152344
0.0003230899746995419,0.0,0.0,0.0,12.659167289733887,-12.659085273742676,90.0,-90.0,65.63636016845703,-65.63771057128906,108.08480834960938,-108.08474731445312,84.75218200683594,-84.75590515136719,18.82093048095703,-18.81459617614746,31.400798797607422,31.399477005004883
0.00031383184250444174,0.0,0.0,0.0,12.75627613067627,-12.756166458129883,90.0,-90.0,65.61985778808594,-65.62118530273438,108.20964813232422,-108.20957946777344,84.71248626708984,-84.71621704101562,18.829744338989258,-18.823423385620117,31.62763214111328,31.626314163208008
0.00033012026688084006,0.0,0.0,0.0,12.850820541381836,-12.850739479064941,90.0,-90.0,65.6036605834961,-65.60499572753906,108.32959747314453,-108.3295669555664,84.67445373535156,-84.67823791503906,18.838579177856445,-18.832250595092773,31.84674835205078,31.84547996520996
0.00031135723111219704,0.0,0.0,0.0,12.942694664001465,-12.942567825317383,90.0,-90.0,65.58778381347656,-65.58914947509766,108.44458770751953,-108.44451904296875,84.63812255859375,-84.64191436767578,18.847402572631836,-18.84111785888672,32.05801773071289,32.05662536621094
0.00032052863389253616,0.0,0.0,0.0,13.031599998474121,-13.031488418579102,90.0,-90.0,65.57232666015625,-65.57367706298828,108.55447387695312,-108.554443359375,84.60353088378906,-84.60733795166016,18.856266021728516,-18.84996795654297,32.26091003417969,32.259559631347656
0.00032598478719592094,0.0,0.0,0.0,13.117411613464355,-13.117317199707031,90.0,-90.0,65.55723571777344,-65.55858612060547,108.65923309326172,-108.65921783447266,84.57070922851562,-84.57453155517578,18.865081787109375,-18.858779907226562,32.45527648925781,32.45397186279297
0.0003173669974785298,0.0,0.0,0.0,13.199909210205078,-13.19980525970459,90.0,-90.0,65.5425796508789,-65.54393005371094,108.75874328613281,-108.75872802734375,84.53968811035156,-84.54352569580078,18.87385368347168,-18.867576599121094,32.640830993652344,32.639522552490234
0.0003173669974785298,0.0,0.0,0.0,13.199909210205078,-13.19980525970459,90.0,-90.0,65.5425796508789,-65.54393005371094,108.75874328613281,-108.75872802734375,84.53968811035156,-84.54352569580078,18.87385368347168,-18.867576599121094,32.640830993652344,32.639522552490234
0.0003106568765360862,0.0,0.0,0.0,13.346796989440918,-13.346644401550293,90.0,-90.0,65.52886199951172,-65.53024291992188,108.94210815429688,-108.94208526611328,84.47299194335938,-84.47689056396484,18.872499465942383,-18.86625862121582,32.98212814331055,32.980709075927734
0.0003106568765360862,0.0,0.0,0.0,13.346796989440918,-13.346644401550293,90.0,-90.0,65.52886199951172,-65.53024291992188,108.94210815429688,-108.94208526611328,84.47299194335938,-84.47689056396484,18.872499465942383,-18.86625862121582,32.98212814331055,32.980709075927734
0.00031380518339574337,0.0,0.0,0.0,13.48095703125,-13.480839729309082,90.0,-90.0,65.51287078857422,-65.51425170898438,109.10319519042969,-109.10319519042969,84.41683959960938,-84.42073822021484,18.87628173828125,-18.870044708251953,33.28583526611328,33.284481048583984
0.00031380518339574337,0.0,0.0,0.0,13.48095703125,-13.480839729309082,90.0,-90.0,65.51287078857422,-65.51425170898438,109.10319519042969,-109.10319519042969,84.41683959960938,-84.42073822021484,18.87628173828125,-18.870044708251953,33.28583526611328,33.284481048583984
0.0003096497093793005,0.0,0.0,0.0,13.599788665771484,-13.599664688110352,90.0,-90.0,65.4955825805664,-65.4969711303711,109.24166870117188,-109.2416763305664,84.37091064453125,-84.37483978271484,18.88411521911621,-18.877891540527344,33.54932403564453,33.5479621887207
0.0003096497093793005,0.0,0.0,0.0,13.599788665771484,-13.599664688110352,90.0,-90.0,65.4955825805664,-65.4969711303711,109.24166870117188,-109.2416763305664,84.37091064453125,-84.37483978271484,18.88411521911621,-18.877891540527344,33.54932403564453,33.5479621887207
0.0003053741529583931,0.0,0.0,0.0,13.701519966125488,-13.70137882232666,90.0,-90.0,65.47785949707031,-65.479248046875,109.35687255859375,-109.35688781738281,84.33493041992188,-84.33889770507812,18.894981384277344,-18.88875961303711,33.770294189453125,33.768898010253906
0.0003053741529583931,0.0,0.0,0.0,13.701519966125488,-13.70137882232666,90.0,-90.0,65.47785949707031,-65.479248046875,109.35687255859375,-109.35688781738281,84.33493041992188,-84.33889770507812,18.894981384277344,-18.88875961303711,33.770294189453125,33.768898010253906
0.0003015054971911013,0.0,0.0,0.0,13.784480094909668,-13.784356117248535,90.0,-90.0,65.46045684814453,-65.46186828613281,109.44795989990234,-109.4479751586914,84.30883026123047,-84.31280517578125,18.908063888549805,-18.901859283447266,33.946407318115234,33.94503402709961
0.0003015054971911013,0.0,0.0,0.0,13.784480094909668,-13.784356117248535,90.0,-90.0,65.46045684814453,-65.46186828613281,109.44795989990234,-109.4479751586914,84.30883026123047,-84.31280517578125,18.908063888549805,-18.901859283447266,33.946407318115234,33.94503402709961
0.0003015054971911013,0.0,0.0,0.0,13.784480094909668,-13.784356117248535,90.0,-90.0,65.46045684814453,-65.46186828613281,109.44795989990234,-109.4479751586914,84.30883026123047,-84.31280517578125,18.908063888549805,-18.901859283447266,33.946407318115234,33.94503402709961
0.0003015054971911013,0.0,0.0,0.0,13.784480094909668,-13.784356117248535,90.0,-90.0,65.46045684814453,-65.46186828613281,109.44795989990234,-109.4479751586914,84.30883026123047,-84.31280517578125,18.908063888549805,-18.901859283447266,33.946407318115234,33.94503402709961
0.0002903263957705349,0.0,0.0,0.0,13.880175590515137,-13.880040168762207,90.0,-90.0,65.44449615478516,-65.4458999633789,109.55471801757812,-109.55472564697266,84.27507019042969,-84.27906799316406,18.917482376098633,-18.91128158569336,34.1527214050293,34.15134811401367
0.0002903263957705349,0.0,0.0,0.0,13.880175590515137,-13.880040168762207,90.0,-90.0,65.44449615478516,-65.4458999633789,109.55471801757812,-109.55472564697266,84.27507019042969,-84.27906799316406,18.917482376098633,-18.91128158569336,34.1527214050293,34.15134811401367
0.0002903263957705349,0.0,0.0,0.0,13.880175590515137,-13.880040168762207,90.0,-90.0,65.44449615478516,-65.4458999633789,109.55471801757812,-109.55472564697266,84.27507019042969,-84.27906799316406,18.917482376098633,-18.91128158569336,34.1527214050293,34.15134811401367
0.0002903263957705349,0.0,0.0,0.0,13.880175590515137,-13.880040168762207,90.0,-90.0,65.44449615478516,-65.4458999633789,109.55471801757812,-109.55472564697266,84.27507019042969,-84.27906799316406,18.917482376098633,-18.91128158569336,34.1527214050293,34.15134811401367
0.0002903263957705349,0.0,0.0,0.0,13.880175590515137,-13.880040168762207,90.0,-90.0,65.44449615478516,-65.4458999633789,109.55471801757812,-109.55472564697266,84.27507019042969,-84.27906799316406,18.917482376098633,-18.91128158569336,34.1527214050293,34.15134811401367
0.0002903263957705349,0.0,0.0,0.0,13.880175590515137,-13.880040168762207,90.0,-90.0,65.44449615478516,-65.4458999633789,109.55471801757812,-109.55472564697266,84.27507019042969,-84.27906799316406,18.917482376098633,-18.91128158569336,34.1527214050293,34.15134811401367
0.0002903263957705349,0.0,0.0,0.0,13.880175590515137,-13.880040168762207,90.0,-90.0,65.44449615478516,-65.4458999633789,109.55471801757812,-109.55472564697266,84.27507019042969,-84.27906799316406,18.917482376098633,-18.91128158569336,34.1527214050293,34.15134811401367
0.0002903263957705349,0.0,0.0,0.0,13.880175590515137,-13.880040168762207,90.0,-90.0,65.44449615478516,-65.4458999633789,109.55471801757812,-109.55472564697266,84.27507019042969,-84.27906799316406,18.917482376098633,-18.91128158569336,34.1527214050293,34.15134811401367
0.0002903263957705349,0.0,0.0,0.0,13.880175590515137,-13.880040168762207,90.0,-90.0,65.44449615478516,-65.4458999633789,109.55471801757812,-109.55472564697266,84.27507019042969,-84.27906799316406,18.917482376098633,-18.91128158569336,34.1527214050293,34.15134811401367
0.0002903263957705349,0.0,0.0,0.0,13.880175590515137,-13.880040168762207,90.0,-90.0,65.44449615478516,-65.4458999633789,109.55471801757812,-109.55472564697266,84.27507019042969,-84.27906799316406,18.917482376098633,-18.91128158569336,34.1527214050293,34.15134811401367
0.0002903263957705349,0.0,0.0,0.0,13.880175590515137,-13.880040168762207,90.0,-90.0,65.44449615478516,-65.4458999633789,109.55471801757812,-109.55472564697266,84.27507019042969,-84.27906799316406,18.917482376098633,-18.91128158569336,34.1527214050293,34.15134811401367
0.0002903263957705349,0.0,0.0,0.0,13.880175590515137,-13.880040168762207,90.0,-90.0,65.44449615478516,-65.4458999633789,109.55471801757812,-109.55472564697266,84.27507019042969,-84.27906799316406,18.917482376098633,-18.91128158569336,34.1527214050293,34.15134811401367
0.0002903263957705349,0.0,0.0,0.0,13.880175590515137,-13.880040168762207,90.0,-90.0,65.44449615478516,-65.4458999633789,109.55471801757812,-109.55472564697266,84.27507019042969,-84.27906799316406,18.917482376098633,-18.91128158569336,34.1527214050293,34.15134811401367
0.0002903263957705349,0.0,0.0,0.0,13.880175590515137,-13.880040168762207,90.0,-90.0,65.44449615478516,-65.4458999633789,109.55471801757812,-109.55472564697266,84.27507019042969,-84.27906799316406,18.917482376098633,-18.91128158569336,34.1527214050293,34.15134811401367
0.0002903263957705349,0.0,0.0,0.0,13.880175590515137,-13.880040168762207,90.0,-90.0,65.44449615478516,-65.4458999633789,109.55471801757812,-109.55472564697266,84.27507019042969,-84.27906799316406,18.917482376098633,-18.91128158569336,34.1527214050293,34.15134811401367
0.0002903263957705349,0.0,0.0,0.0,13.880175590515137,-13.880040168762207,90.0,-90.0,65.44449615478516,-65.4458999633789,109.55471801757812,-109.55472564697266,84.27507019042969,-84.27906799316406,18.917482376098633,-18.91128158569336,34.1527214050293,34.15134811401367
0.0002903263957705349,0.0,0.0,0.0,13.880175590515137,-13.880040168762207,90.0,-90.0,65.44449615478516,-65.4458999633789,109.55471801757812,-109.55472564697266,84.27507019042969,-84.27906799316406,18.917482376098633,-18.91128158569336,34.1527214050293,34.15134811401367
0.0002903263957705349,0.0,0.0,0.0,13.880175590515137,-13.880040168762207,90.0,-90.0,65.44449615478516,-65.4458999633789,109.55471801757812,-109.55472564697266,84.27507019042969,-84.27906799316406,18.917482376098633,-18.91128158569336,34.1527214050293,34.15134811401367
0.0002903263957705349,0.0,0.0,0.0,13.880175590515137,-13.880040168762207,90.0,-90.0,65.44449615478516,-65.4458999633789,109.55471801757812,-109.55472564697266,84.27507019042969,-84.27906799316406,18.917482376098633,-18.91128158569336,34.1527214050293,34.15134811401367
0.0002903263957705349,0.0,0.0,0.0,13.880175590515137,-13.880040168762207,90.0,-90.0,65.44449615478516,-65.4458999633789,109.55471801757812,-109.55472564697266,84.27507019042969,-84.27906799316406,18.917482376098633,-18.91128158569336,34.1527214050293,34.15134811401367
0.0002903263957705349,0.0,0.0,0.0,13.880175590515137,-13.880040168762207,90.0,-90.0,65.44449615478516,-65.4458999633789,109.55471801757812,-109.55472564697266,84.27507019042969,-84.27906799316406,18.917482376098633,-18.91128158569336,34.1527214050293,34.15134811401367
0.0002903263957705349,0.0,0.0,0.0,13.880175590515137,-13.880040168762207,90.0,-90.0,65.44449615478516,-65.4458999633789,109.55471801757812,-109.55472564697266,84.27507019042969,-84.27906799316406,18.917482376098633,-18.91128158569336,34.1527214050293,34.15134811401367
0.0002903263957705349,0.0,0.0,0.0,13.880175590515137,-13.880040168762207,90.0,-90.0,65.44449615478516,-65.4458999633789,109.55471801757812,-109.55472564697266,84.27507019042969,-84.27906799316406,18.917482376098633,-18.91128158569336,34.1527214050293,34.15134811401367
0.0002903263957705349,0.0,0.0,0.0,13.880175590515137,-13.880040168762207,90.0,-90.0,65.44449615478516,-65.4458999633789,109.55471801757812,-109.55472564697266,84.27507019042969,-84.27906799316406,18.917482376098633,-18.91128158569336,34.1527214050293,34.15134811401367
0.0002903263957705349,0.0,0.0,0.0,13.880175590515137,-13.880040168762207,90.0,-90.0,65.44449615478516,-65.4458999633789,109.55471801757812,-109.55472564697266,84.27507019042969,-84.27906799316406,18.917482376098633,-18.91128158569336,34.1527214050293,34.15134811401367
0.0002903263957705349,0.0,0.0,0.0,13.880175590515137,-13.880040168762207,90.0,-90.0,65.44449615478516,-65.4458999633789,109.55471801757812,-109.55472564697266,84.27507019042969,-84.27906799316406,18.917482376098633,-18.91128158569336,34.1527214050293,34.15134811401367
0.0002903263957705349,0.0,0.0,0.0,13.880175590515137,-13.880040168762207,90.0,-90.0,65.44449615478516,-65.4458999633789,109.55471801757812,-109.55472564697266,84.27507019042969,-84.27906799316406,18.917482376098633,-18.91128158569336,34.1527214050293,34.15134811401367
0.0002903263957705349,0.0,0.0,0.0,13.880175590515137,-13.880040168762207,90.0,-90.0,65.44449615478516,-65.4458999633789,109.55471801757812,-109.55472564697266,84.27507019042969,-84.27906799316406,18.917482376098633,-18.91128158569336,34.1527214050293,34.15134811401367
0.0002903263957705349,0.0,0.0,0.0,13.880175590515137,-13.880040168762207,90.0,-90.0,65.44449615478516,-65.4458999633789,109.55471801757812,-109.55472564697266,84.27507019042969,-84.27906799316406,18.917482376098633,-18.91128158569336,34.1527214050293,34.15134811401367
0.0002903263957705349,0.0,0.0,0.0,13.880175590515137,-13.880040168762207,90.0,-90.0,65.44449615478516,-65.4458999633789,109.55471801757812,-109.55472564697266,84.27507019042969,-84.27906799316406,18.917482376098633,-18.91128158569336,34.1527214050293,34.15134811401367
0.0002903263957705349,0.0,0.0,0.0,13.880175590515137,-13.880040168762207,90.0,-90.0,65.44449615478516,-65.4458999633789,109.55471801757812,-109.55472564697266,84.27507019042969,-84.27906799316406,18.917482376098633,-18.91128158569336,34.1527214050293,34.15134811401367
0.0002903263957705349,0.0,0.0,0.0,13.880175590515137,-13.880040168762207,90.0,-90.0,65.44449615478516,-65.4458999633789,109.55471801757812,-109.55472564697266,84.27507019042969,-84.27906799316406,18.917482376098633,-18.91128158569336,34.1527214050293,34.15134811401367
0.0002903263957705349,0.0,0.0,0.0,13.880175590515137,-13.880040168762207,90.0,-90.0,65.44449615478516,-65.4458999633789,109.55471801757812,-109.55472564697266,84.27507019042969,-84.27906799316406,18.917482376098633,-18.91128158569336,34.1527214050293,34.15134811401367
0.0002903263957705349,0.0,0.0,0.0,13.880175590515137,-13.880040168762207,90.0,-90.0,65.44449615478516,-65.4458999633789,109.55471801757812,-109.55472564697266,84.27507019042969,-84.27906799316406,18.917482376098633,-18.91128158569336,34.1527214050293,34.15134811401367
0.0002903263957705349,0.0,0.0,0.0,13.880175590515137,-13.880040168762207,90.0,-90.0,65.44449615478516,-65.4458999633789,109.55471801757812,-109.55472564697266,84.27507019042969,-84.27906799316406,18.917482376098633,-18.91128158569336,34.1527214050293,34.15134811401367
0.0002903263957705349,0.0,0.0,0.0,13.880175590515137,-13.880040168762207,90.0,-90.0,65.44449615478516,-65.4458999633789,109.55471801757812,-109.55472564697266,84.27507019042969,-84.27906799316406,18.917482376098633,-18.91128158569336,34.1527214050293,34.15134811401367
0.0002903263957705349,0.0,0.0,0.0,13.880175590515137,-13.880040168762207,90.0,-90.0,65.44449615478516,-65.4458999633789,109.55471801757812,-109.55472564697266,84.27507019042969,-84.27906799316406,18.917482376098633,-18.91128158569336,34.1527214050293,34.15134811401367
0.0002903263957705349,0.0,0.0,0.0,13.880175590515137,-13.880040168762207,90.0,-90.0,65.44449615478516,-65.4458999633789,109.55471801757812,-109.55472564697266,84.27507019042969,-84.27906799316406,18.917482376098633,-18.91128158569336,34.1527214050293,34.15134811401367
0.0002903263957705349,0.0,0.0,0.0,13.880175590515137,-13.880040168762207,90.0,-90.0,65.44449615478516,-65.4458999633789,109.55471801757812,-109.55472564697266,84.27507019042969,-84.27906799316406,18.917482376098633,-18.91128158569336,34.1527214050293,34.15134811401367
0.0002903263957705349,0.0,0.0,0.0,13.880175590515137,-13.880040168762207,90.0,-90.0,65.44449615478516,-65.4458999633789,109.55471801757812,-109.55472564697266,84.27507019042969,-84.27906799316406,18.917482376098633,-18.91128158569336,34.1527214050293,34.15134811401367
0.0002903263957705349,0.0,0.0,0.0,13.880175590515137,-13.880040168762207,90.0,-90.0,65.44449615478516,-65.4458999633789,109.55471801757812,-109.55472564697266,84.27507019042969,-84.27906799316406,18.917482376098633,-18.91128158569336,34.1527214050293,34.15134811401367
0.0002903263957705349,0.0,0.0,0.0,13.880175590515137,-13.880040168762207,90.0,-90.0,65.44449615478516,-65.4458999633789,109.55471801757812,-109.55472564697266,84.27507019042969,-84.27906799316406,18.917482376098633,-18.91128158569336,34.1527214050293,34.15134811401367
0.0002903263957705349,0.0,0.0,0.0,13.880175590515137,-13.880040168762207,90.0,-90.0,65.44449615478516,-65.4458999633789,109.55471801757812,-109.55472564697266,84.27507019042969,-84.27906799316406,18.917482376098633,-18.91128158569336,34.1527214050293,34.15134811401367
0.0002903263957705349,0.0,0.0,0.0,13.880175590515137,-13.880040168762207,90.0,-90.0,65.44449615478516,-65.4458999633789,109.55471801757812,-109.55472564697266,84.27507019042969,-84.27906799316406,18.917482376098633,-18.91128158569336,34.1527214050293,34.15134811401367
0.0002903263957705349,0.0,0.0,0.0,13.880175590515137,-13.880040168762207,90.0,-90.0,65.44449615478516,-65.4458999633789,109.55471801757812,-109.55472564697266,84.27507019042969,-84.27906799316406,18.917482376098633,-18.91128158569336,34.1527214050293,34.15134811401367
0.0002903263957705349,0.0,0.0,0.0,13.880175590515137,-13.880040168762207,90.0,-90.0,65.44449615478516,-65.4458999633789,109.55471801757812,-109.55472564697266,84.27507019042969,-84.27906799316406,18.917482376098633,-18.91128158569336,34.1527214050293,34.15134811401367
0.0002903263957705349,0.0,0.0,0.0,13.880175590515137,-13.880040168762207,90.0,-90.0,65.44449615478516,-65.4458999633789,109.55471801757812,-109.55472564697266,84.27507019042969,-84.27906799316406,18.917482376098633,-18.91128158569336,34.1527214050293,34.15134811401367
0.0002903263957705349,0.0,0.0,0.0,13.880175590515137,-13.880040168762207,90.0,-90.0,65.44449615478516,-65.4458999633789,109.55471801757812,-109.55472564697266,84.27507019042969,-84.27906799316406,18.917482376098633,-18.91128158569336,34.1527214050293,34.15134811401367
0.0002903263957705349,0.0,0.0,0.0,13.880175590515137,-13.880040168762207,90.0,-90.0,65.44449615478516,-65.4458999633789,109.55471801757812,-109.55472564697266,84.27507019042969,-84.27906799316406,18.917482376098633,-18.91128158569336,34.1527214050293,34.15134811401367
0.0002903263957705349,0.0,0.0,0.0,13.880175590515137,-13.880040168762207,90.0,-90.0,65.44449615478516,-65.4458999633789,109.55471801757812,-109.55472564697266,84.27507019042969,-84.27906799316406,18.917482376098633,-18.91128158569336,34.1527214050293,34.15134811401367
0.0002903263957705349,0.0,0.0,0.0,13.880175590515137,-13.880040168762207,90.0,-90.0,65.44449615478516,-65.4458999633789,109.55471801757812,-109.55472564697266,84.27507019042969,-84.27906799316406,18.917482376098633,-18.91128158569336,34.1527214050293,34.15134811401367
0.0002903263957705349,0.0,0.0,0.0,13.880175590515137,-13.880040168762207,90.0,-90.0,65.44449615478516,-65.4458999633789,109.55471801757812,-109.55472564697266,84.27507019042969,-84.27906799316406,18.917482376098633,-18.91128158569336,34.1527214050293,34.15134811401367
0.0002903263957705349,0.0,0.0,0.0,13.880175590515137,-13.880040168762207,90.0,-90.0,65.44449615478516,-65.4458999633789,109.55471801757812,-109.55472564697266,84.27507019042969,-84.27906799316406,18.917482376098633,-18.91128158569336,34.1527214050293,34.15134811401367
0.0002903263957705349,0.0,0.0,0.0,13.880175590515137,-13.880040168762207,90.0,-90.0,65.44449615478516,-65.4458999633789,109.55471801757812,-109.55472564697266,84.27507019042969,-84.27906799316406,18.917482376098633,-18.91128158569336,34.1527214050293,34.15134811401367
0.0002903263957705349,0.0,0.0,0.0,13.880175590515137,-13.880040168762207,90.0,-90.0,65.44449615478516,-65.4458999633789,109.55471801757812,-109.55472564697266,84.27507019042969,-84.27906799316406,18.917482376098633,-18.91128158569336,34.1527214050293,34.15134811401367
0.0002903263957705349,0.0,0.0,0.0,13.880175590515137,-13.880040168762207,90.0,-90.0,65.44449615478516,-65.4458999633789,109.55471801757812,-109.55472564697266,84.27507019042969,-84.27906799316406,18.917482376098633,-18.91128158569336,34.1527214050293,34.15134811401367
0.0002903263957705349,0.0,0.0,0.0,13.880175590515137,-13.880040168762207,90.0,-90.0,65.44449615478516,-65.4458999633789,109.55471801757812,-109.55472564697266,84.27507019042969,-84.27906799316406,18.917482376098633,-18.91128158569336,34.1527214050293,34.15134811401367
0.0002903263957705349,0.0,0.0,0.0,13.880175590515137,-13.880040168762207,90.0,-90.0,65.44449615478516,-65.4458999633789,109.55471801757812,-109.55472564697266,84.27507019042969,-84.27906799316406,18.917482376098633,-18.91128158569336,34.1527214050293,34.15134811401367
0.0002903263957705349,0.0,0.0,0.0,13.880175590515137,-13.880040168762207,90.0,-90.0,65.44449615478516,-65.4458999633789,109.55471801757812,-109.55472564697266,84.27507019042969,-84.27906799316406,18.917482376098633,-18.91128158569336,34.1527214050293,34.15134811401367
0.0002903263957705349,0.0,0.0,0.0,13.880175590515137,-13.880040168762207,90.0,-90.0,65.44449615478516,-65.4458999633789,109.55471801757812,-109.55472564697266,84.27507019042969,-84.27906799316406,18.917482376098633,-18.91128158569336,34.1527214050293,34.15134811401367
0.0002903263957705349,0.0,0.0,0.0,13.880175590515137,-13.880040168762207,90.0,-90.0,65.44449615478516,-65.4458999633789,109.55471801757812,-109.55472564697266,84.27507019042969,-84.27906799316406,18.917482376098633,-18.91128158569336,34.1527214050293,34.15134811401367
0.0002903263957705349,0.0,0.0,0.0,13.880175590515137,-13.880040168762207,90.0,-90.0,65.44449615478516,-65.4458999633789,109.55471801757812,-109.55472564697266,84.27507019042969,-84.27906799316406,18.917482376098633,-18.91128158569336,34.1527214050293,34.15134811401367
0.0002903263957705349,0.0,0.0,0.0,13.880175590515137,-13.880040168762207,90.0,-90.0,65.44449615478516,-65.4458999633789,109.55471801757812,-109.55472564697266,84.27507019042969,-84.27906799316406,18.917482376098633,-18.91128158569336,34.1527214050293,34.15134811401367
0.0002903263957705349,0.0,0.0,0.0,13.880175590515137,-13.880040168762207,90.0,-90.0,65.44449615478516,-65.4458999633789,109.55471801757812,-109.55472564697266,84.27507019042969,-84.27906799316406,18.917482376098633,-18.91128158569336,34.1527214050293,34.15134811401367
0.0002903263957705349,0.0,0.0,0.0,13.880175590515137,-13.880040168762207,90.0,-90.0,65.44449615478516,-65.4458999633789,109.55471801757812,-109.55472564697266,84.27507019042969,-84.27906799316406,18.917482376098633,-18.91128158569336,34.1527214050293,34.15134811401367
0.0002903263957705349,0.0,0.0,0.0,13.880175590515137,-13.880040168762207,90.0,-90.0,65.44449615478516,-65.4458999633789,109.55471801757812,-109.55472564697266,84.27507019042969,-84.27906799316406,18.917482376098633,-18.91128158569336,34.1527214050293,34.15134811401367
0.0002903263957705349,0.0,0.0,0.0,13.880175590515137,-13.880040168762207,90.0,-90.0,65.44449615478516,-65.4458999633789,109.55471801757812,-109.55472564697266,84.27507019042969,-84.27906799316406,18.917482376098633,-18.91128158569336,34.1527214050293,34.15134811401367
0.0002903263957705349,0.0,0.0,0.0,13.880175590515137,-13.880040168762207,90.0,-90.0,65.44449615478516,-65.4458999633789,109.55471801757812,-109.55472564697266,84.27507019042969,-84.27906799316406,18.917482376098633,-18.91128158569336,34.1527214050293,34.15134811401367
0.0002903263957705349,0.0,0.0,0.0,13.880175590515137,-13.880040168762207,90.0,-90.0,65.44449615478516,-65.4458999633789,109.55471801757812,-109.55472564697266,84.27507019042969,-84.27906799316406,18.917482376098633,-18.91128158569336,34.1527214050293,34.15134811401367
0.0002903263957705349,0.0,0.0,0.0,13.880175590515137,-13.880040168762207,90.0,-90.0,65.44449615478516,-65.4458999633789,109.55471801757812,-109.55472564697266,84.27507019042969,-84.27906799316406,18.917482376098633,-18.91128158569336,34.1527214050293,34.15134811401367
0.0002903263957705349,0.0,0.0,0.0,13.880175590515137,-13.880040168762207,90.0,-90.0,65.44449615478516,-65.4458999633789,109.55471801757812,-109.55472564697266,84.27507019042969,-84.27906799316406,18.917482376098633,-18.91128158569336,34.1527214050293,34.15134811401367
0.0002903263957705349,0.0,0.0,0.0,13.880175590515137,-13.880040168762207,90.0,-90.0,65.44449615478516,-65.4458999633789,109.55471801757812,-109.55472564697266,84.27507019042969,-84.27906799316406,18.917482376098633,-18.91128158569336,34.1527214050293,34.15134811401367
0.0002903263957705349,0.0,0.0,0.0,13.880175590515137,-13.880040168762207,90.0,-90.0,65.44449615478516,-65.4458999633789,109.55471801757812,-109.55472564697266,84.27507019042969,-84.27906799316406,18.917482376098633,-18.91128158569336,34.1527214050293,34.15134811401367
0.0002903263957705349,0.0,0.0,0.0,13.880175590515137,-13.880040168762207,90.0,-90.0,65.44449615478516,-65.4458999633789,109.55471801757812,-109.55472564697266,84.27507019042969,-84.27906799316406,18.917482376098633,-18.91128158569336,34.1527214050293,34.15134811401367
0.0002903263957705349,0.0,0.0,0.0,13.880175590515137,-13.880040168762207,90.0,-90.0,65.44449615478516,-65.4458999633789,109.55471801757812,-109.55472564697266,84.27507019042969,-84.27906799316406,18.917482376098633,-18.91128158569336,34.1527214050293,34.15134811401367
0.0002903263957705349,0.0,0.0,0.0,13.880175590515137,-13.880040168762207,90.0,-90.0,65.44449615478516,-65.4458999633789,109.55471801757812,-109.55472564697266,84.27507019042969,-84.27906799316406,18.917482376098633,-18.91128158569336,34.1527214050293,34.15134811401367
0.0002903263957705349,0.0,0.0,0.0,13.880175590515137,-13.880040168762207,90.0,-90.0,65.44449615478516,-65.4458999633789,109.55471801757812,-109.55472564697266,84.27507019042969,-84.27906799316406,18.917482376098633,-18.91128158569336,34.1527214050293,34.15134811401367
0.0002903263957705349,0.0,0.0,0.0,13.880175590515137,-13.880040168762207,90.0,-90.0,65.44449615478516,-65.4458999633789,109.55471801757812,-109.55472564697266,84.27507019042969,-84.27906799316406,18.917482376098633,-18.91128158569336,34.1527214050293,34.15134811401367
0.0002903263957705349,0.0,0.0,0.0,13.880175590515137,-13.880040168762207,90.0,-90.0,65.44449615478516,-65.4458999633789,109.55471801757812,-109.55472564697266,84.27507019042969,-84.27906799316406,18.917482376098633,-18.91128158569336,34.1527214050293,34.15134811401367
0.0002903263957705349,0.0,0.0,0.0,13.880175590515137,-13.880040168762207,90.0,-90.0,65.44449615478516,-65.4458999633789,109.55471801757812,-109.55472564697266,84.27507019042969,-84.27906799316406,18.917482376098633,-18.91128158569336,34.1527214050293,34.15134811401367
0.0002903263957705349,0.0,0.0,0.0,13.880175590515137,-13.880040168762207,90.0,-90.0,65.44449615478516,-65.4458999633789,109.55471801757812,-109.55472564697266,84.27507019042969,-84.27906799316406,18.917482376098633,-18.91128158569336,34.1527214050293,34.15134811401367
0.0002903263957705349,0.0,0.0,0.0,13.880175590515137,-13.880040168762207,90.0,-90.0,65.44449615478516,-65.4458999633789,109.55471801757812,-109.55472564697266,84.27507019042969,-84.27906799316406,18.917482376098633,-18.91128158569336,34.1527214050293,34.15134811401367
0.0002903263957705349,0.0,0.0,0.0,13.880175590515137,-13.880040168762207,90.0,-90.0,65.44449615478516,-65.4458999633789,109.55471801757812,-109.55472564697266,84.27507019042969,-84.27906799316406,18.917482376098633,-18.91128158569336,34.1527214050293,34.15134811401367
0.0002903263957705349,0.0,0.0,0.0,13.880175590515137,-13.880040168762207,90.0,-90.0,65.44449615478516,-65.4458999633789,109.55471801757812,-109.55472564697266,84.27507019042969,-84.27906799316406,18.917482376098633,-18.91128158569336,34.1527214050293,34.15134811401367
0.0002903263957705349,0.0,0.0,0.0,13.880175590515137,-13.880040168762207,90.0,-90.0,65.44449615478516,-65.4458999633789,109.55471801757812,-109.55472564697266,84.27507019042969,-84.27906799316406,18.917482376098633,-18.91128158569336,34.1527214050293,34.15134811401367
0.0002903263957705349,0.0,0.0,0.0,13.880175590515137,-13.880040168762207,90.0,-90.0,65.44449615478516,-65.4458999633789,109.55471801757812,-109.55472564697266,84.27507019042969,-84.27906799316406,18.917482376098633,-18.91128158569336,34.1527214050293,34.15134811401367
0.0002903263957705349,0.0,0.0,0.0,13.880175590515137,-13.880040168762207,90.0,-90.0,65.44449615478516,-65.4458999633789,109.55471801757812,-109.55472564697266,84.27507019042969,-84.27906799316406,18.917482376098633,-18.91128158569336,34.1527214050293,34.15134811401367
0.0002903263957705349,0.0,0.0,0.0,13.880175590515137,-13.880040168762207,90.0,-90.0,65.44449615478516,-65.4458999633789,109.55471801757812,-109.55472564697266,84.27507019042969,-84.27906799316406,18.917482376098633,-18.91128158569336,34.1527214050293,34.15134811401367
0.0002903263957705349,0.0,0.0,0.0,13.880175590515137,-13.880040168762207,90.0,-90.0,65.44449615478516,-65.4458999633789,109.55471801757812,-109.55472564697266,84.27507019042969,-84.27906799316406,18.917482376098633,-18.91128158569336,34.1527214050293,34.15134811401367
0.0002903263957705349,0.0,0.0,0.0,13.880175590515137,-13.880040168762207,90.0,-90.0,65.44449615478516,-65.4458999633789,109.55471801757812,-109.55472564697266,84.27507019042969,-84.27906799316406,18.917482376098633,-18.91128158569336,34.1527214050293,34.15134811401367
0.0002903263957705349,0.0,0.0,0.0,13.880175590515137,-13.880040168762207,90.0,-90.0,65.44449615478516,-65.4458999633789,109.55471801757812,-109.55472564697266,84.27507019042969,-84.27906799316406,18.917482376098633,-18.91128158569336,34.1527214050293,34.15134811401367
0.0002903263957705349,0.0,0.0,0.0,13.880175590515137,-13.880040168762207,90.0,-90.0,65.44449615478516,-65.4458999633789,109.55471801757812,-109.55472564697266,84.27507019042969,-84.27906799316406,18.917482376098633,-18.91128158569336,34.1527214050293,34.15134811401367
0.0002903263957705349,0.0,0.0,0.0,13.880175590515137,-13.880040168762207,90.0,-90.0,65.44449615478516,-65.4458999633789,109.55471801757812,-109.55472564697266,84.27507019042969,-84.27906799316406,18.917482376098633,-18.91128158569336,34.1527214050293,34.15134811401367
0.0002903263957705349,0.0,0.0,0.0,13.880175590515137,-13.880040168762207,90.0,-90.0,65.44449615478516,-65.4458999633789,109.55471801757812,-109.55472564697266,84.27507019042969,-84.27906799316406,18.917482376098633,-18.91128158569336,34.1527214050293,34.15134811401367
0.0002903263957705349,0.0,0.0,0.0,13.880175590515137,-13.880040168762207,90.0,-90.0,65.44449615478516,-65.4458999633789,109.55471801757812,-109.55472564697266,84.27507019042969,-84.27906799316406,18.917482376098633,-18.91128158569336,34.1527214050293,34.15134811401367
0.0002903263957705349,0.0,0.0,0.0,13.880175590515137,-13.880040168762207,90.0,-90.0,65.44449615478516,-65.4458999633789,109.55471801757812,-109.55472564697266,84.27507019042969,-84.27906799316406,18.917482376098633,-18.91128158569336,34.1527214050293,34.15134811401367
0.0002903263957705349,0.0,0.0,0.0,13.880175590515137,-13.880040168762207,90.0,-90.0,65.44449615478516,-65.4458999633789,109.55471801757812,-109.55472564697266,84.27507019042969,-84.27906799316406,18.917482376098633,-18.91128158569336,34.1527214050293,34.15134811401367
0.0002903263957705349,0.0,0.0,0.0,13.880175590515137,-13.880040168762207,90.0,-90.0,65.44449615478516,-65.4458999633789,109.55471801757812,-109.55472564697266,84.27507019042969,-84.27906799316406,18.917482376098633,-18.91128158569336,34.1527214050293,34.15134811401367
0.0002903263957705349,0.0,0.0,0.0,13.880175590515137,-13.880040168762207,90.0,-90.0,65.44449615478516,-65.4458999633789,109.55471801757812,-109.55472564697266,84.27507019042969,-84.27906799316406,18.917482376098633,-18.91128158569336,34.1527214050293,34.15134811401367
0.0002903263957705349,0.0,0.0,0.0,13.880175590515137,-13.880040168762207,90.0,-90.0,65.44449615478516,-65.4458999633789,109.55471801757812,-109.55472564697266,84.27507019042969,-84.27906799316406,18.917482376098633,-18.91128158569336,34.1527214050293,34.15134811401367
0.0002903263957705349,0.0,0.0,0.0,13.880175590515137,-13.880040168762207,90.0,-90.0,65.44449615478516,-65.4458999633789,109.55471801757812,-109.55472564697266,84.27507019042969,-84.27906799316406,18.917482376098633,-18.91128158569336,34.1527214050293,34.15134811401367
0.0002903263957705349,0.0,0.0,0.0,13.880175590515137,-13.880040168762207,90.0,-90.0,65.44449615478516,-65.4458999633789,109.55471801757812,-109.55472564697266,84.27507019042969,-84.27906799316406,18.917482376098633,-18.91128158569336,34.1527214050293,34.15134811401367
0.0002903263957705349,0.0,0.0,0.0,13.880175590515137,-13.880040168762207,90.0,-90.0,65.44449615478516,-65.4458999633789,109.55471801757812,-109.55472564697266,84.27507019042969,-84.27906799316406,18.917482376098633,-18.91128158569336,34.1527214050293,34.15134811401367
0.0002903263957705349,0.0,0.0,0.0,13.880175590515137,-13.880040168762207,90.0,-90.0,65.44449615478516,-65.4458999633789,109.55471801757812,-109.55472564697266,84.27507019042969,-84.27906799316406,18.917482376098633,-18.91128158569336,34.1527214050293,34.15134811401367
0.0002903263957705349,0.0,0.0,0.0,13.880175590515137,-13.880040168762207,90.0,-90.0,65.44449615478516,-65.4458999633789,109.55471801757812,-109.55472564697266,84.27507019042969,-84.27906799316406,18.917482376098633,-18.91128158569336,34.1527214050293,34.15134811401367
0.0002903263957705349,0.0,0.0,0.0,13.880175590515137,-13.880040168762207,90.0,-90.0,65.44449615478516,-65.4458999633789,109.55471801757812,-109.55472564697266,84.27507019042969,-84.27906799316406,18.917482376098633,-18.91128158569336,34.1527214050293,34.15134811401367
0.0002903263957705349,0.0,0.0,0.0,13.880175590515137,-13.880040168762207,90.0,-90.0,65.44449615478516,-65.4458999633789,109.55471801757812,-109.55472564697266,84.27507019042969,-84.27906799316406,18.917482376098633,-18.91128158569336,34.1527214050293,34.15134811401367
0.0002903263957705349,0.0,0.0,0.0,13.880175590515137,-13.880040168762207,90.0,-90.0,65.44449615478516,-65.4458999633789,109.55471801757812,-109.55472564697266,84.27507019042969,-84.27906799316406,18.917482376098633,-18.91128158569336,34.1527214050293,34.15134811401367
0.0002903263957705349,0.0,0.0,0.0,13.880175590515137,-13.880040168762207,90.0,-90.0,65.44449615478516,-65.4458999633789,109.55471801757812,-109.55472564697266,84.27507019042969,-84.27906799316406,18.917482376098633,-18.91128158569336,34.1527214050293,34.15134811401367
0.0002903263957705349,0.0,0.0,0.0,13.880175590515137,-13.880040168762207,90.0,-90.0,65.44449615478516,-65.4458999633789,109.55471801757812,-109.55472564697266,84.27507019042969,-84.27906799316406,18.917482376098633,-18.91128158569336,34.1527214050293,34.15134811401367
0.0002903263957705349,0.0,0.0,0.0,13.880175590515137,-13.880040168762207,90.0,-90.0,65.44449615478516,-65.4458999633789,109.55471801757812,-109.55472564697266,84.27507019042969,-84.27906799316406,18.917482376098633,-18.91128158569336,34.1527214050293,34.15134811401367
0.0002903263957705349,0.0,0.0,0.0,13.880175590515137,-13.880040168762207,90.0,-90.0,65.44449615478516,-65.4458999633789,109.55471801757812,-109.55472564697266,84.27507019042969,-84.27906799316406,18.917482376098633,-18.91128158569336,34.1527214050293,34.15134811401367
0.0002903263957705349,0.0,0.0,0.0,13.880175590515137,-13.880040168762207,90.0,-90.0,65.44449615478516,-65.4458999633789,109.55471801757812,-109.55472564697266,84.27507019042969,-84.27906799316406,18.917482376098633,-18.91128158569336,34.1527214050293,34.15134811401367
0.0002903263957705349,0.0,0.0,0.0,13.880175590515137,-13.880040168762207,90.0,-90.0,65.44449615478516,-65.4458999633789,109.55471801757812,-109.55472564697266,84.27507019042969,-84.27906799316406,18.917482376098633,-18.91128158569336,34.1527214050293,34.15134811401367
0.0002903263957705349,0.0,0.0,0.0,13.880175590515137,-13.880040168762207,90.0,-90.0,65.44449615478516,-65.4458999633789,109.55471801757812,-109.55472564697266,84.27507019042969,-84.27906799316406,18.917482376098633,-18.91128158569336,34.1527214050293,34.15134811401367
0.0002903263957705349,0.0,0.0,0.0,13.880175590515137,-13.880040168762207,90.0,-90.0,65.44449615478516,-65.4458999633789,109.55471801757812,-109.55472564697266,84.27507019042969,-84.27906799316406,18.917482376098633,-18.91128158569336,34.1527214050293,34.15134811401367
0.0002903263957705349,0.0,0.0,0.0,13.880175590515137,-13.880040168762207,90.0,-90.0,65.44449615478516,-65.4458999633789,109.55471801757812,-109.55472564697266,84.27507019042969,-84.27906799316406,18.917482376098633,-18.91128158569336,34.1527214050293,34.15134811401367
0.0002903263957705349,0.0,0.0,0.0,13.880175590515137,-13.880040168762207,90.0,-90.0,65.44449615478516,-65.4458999633789,109.55471801757812,-109.55472564697266,84.27507019042969,-84.27906799316406,18.917482376098633,-18.91128158569336,34.1527214050293,34.15134811401367
0.0002903263957705349,0.0,0.0,0.0,13.880175590515137,-13.880040168762207,90.0,-90.0,65.44449615478516,-65.4458999633789,109.55471801757812,-109.55472564697266,84.27507019042969,-84.27906799316406,18.917482376098633,-18.91128158569336,34.1527214050293,34.15134811401367
0.0002903263957705349,0.0,0.0,0.0,13.880175590515137,-13.880040168762207,90.0,-90.0,65.44449615478516,-65.4458999633789,109.55471801757812,-109.55472564697266,84.27507019042969,-84.27906799316406,18.917482376098633,-18.91128158569336,34.1527214050293,34.15134811401367
0.0002903263957705349,0.0,0.0,0.0,13.880175590515137,-13.880040168762207,90.0,-90.0,65.44449615478516,-65.4458999633789,109.55471801757812,-109.55472564697266,84.27507019042969,-84.27906799316406,18.917482376098633,-18.91128158569336,34.1527214050293,34.15134811401367
0.0002903263957705349,0.0,0.0,0.0,13.880175590515137,-13.880040168762207,90.0,-90.0,65.44449615478516,-65.4458999633789,109.55471801757812,-109.55472564697266,84.27507019042969,-84.27906799316406,18.917482376098633,-18.91128158569336,34.1527214050293,34.15134811401367
0.0002903263957705349,0.0,0.0,0.0,13.880175590515137,-13.880040168762207,90.0,-90.0,65.44449615478516,-65.4458999633789,109.55471801757812,-109.55472564697266,84.27507019042969,-84.27906799316406,18.917482376098633,-18.91128158569336,34.1527214050293,34.15134811401367
0.0002903263957705349,0.0,0.0,0.0,13.880175590515137,-13.880040168762207,90.0,-90.0,65.44449615478516,-65.4458999633789,109.55471801757812,-109.55472564697266,84.27507019042969,-84.27906799316406,18.917482376098633,-18.91128158569336,34.1527214050293,34.15134811401367
0.0002903263957705349,0.0,0.0,0.0,13.880175590515137,-13.880040168762207,90.0,-90.0,65.44449615478516,-65.4458999633789,109.55471801757812,-109.55472564697266,84.27507019042969,-84.27906799316406,18.917482376098633,-18.91128158569336,34.1527214050293,34.15134811401367
0.0002903263957705349,0.0,0.0,0.0,13.880175590515137,-13.880040168762207,90.0,-90.0,65.44449615478516,-65.4458999633789,109.55471801757812,-109.55472564697266,84.27507019042969,-84.27906799316406,18.917482376098633,-18.91128158569336,34.1527214050293,34.15134811401367
0.0002903263957705349,0.0,0.0,0.0,13.880175590515137,-13.880040168762207,90.0,-90.0,65.44449615478516,-65.4458999633789,109.55471801757812,-109.55472564697266,84.27507019042969,-84.27906799316406,18.917482376098633,-18.91128158569336,34.1527214050293,34.15134811401367
0.0002903263957705349,0.0,0.0,0.0,13.880175590515137,-13.880040168762207,90.0,-90.0,65.44449615478516,-65.4458999633789,109.55471801757812,-109.55472564697266,84.27507019042969,-84.27906799316406,18.917482376098633,-18.91128158569336,34.1527214050293,34.15134811401367
0.0002903263957705349,0.0,0.0,0.0,13.880175590515137,-13.880040168762207,90.0,-90.0,65.44449615478516,-65.4458999633789,109.55471801757812,-109.55472564697266,84.27507019042969,-84.27906799316406,18.917482376098633,-18.91128158569336,34.1527214050293,34.15134811401367
0.0002903263957705349,0.0,0.0,0.0,13.880175590515137,-13.880040168762207,90.0,-90.0,65.44449615478516,-65.4458999633789,109.55471801757812,-109.55472564697266,84.27507019042969,-84.27906799316406,18.917482376098633,-18.91128158569336,34.1527214050293,34.15134811401367
0.0002903263957705349,0.0,0.0,0.0,13.880175590515137,-13.880040168762207,90.0,-90.0,65.44449615478516,-65.4458999633789,109.55471801757812,-109.55472564697266,84.27507019042969,-84.27906799316406,18.917482376098633,-18.91128158569336,34.1527214050293,34.15134811401367
0.0002903263957705349,0.0,0.0,0.0,13.880175590515137,-13.880040168762207,90.0,-90.0,65.44449615478516,-65.4458999633789,109.55471801757812,-109.55472564697266,84.27507019042969,-84.27906799316406,18.917482376098633,-18.91128158569336,34.1527214050293,34.15134811401367
0.0002903263957705349,0.0,0.0,0.0,13.880175590515137,-13.880040168762207,90.0,-90.0,65.44449615478516,-65.4458999633789,109.55471801757812,-109.55472564697266,84.27507019042969,-84.27906799316406,18.917482376098633,-18.91128158569336,34.1527214050293,34.15134811401367
0.0002903263957705349,0.0,0.0,0.0,13.880175590515137,-13.880040168762207,90.0,-90.0,65.44449615478516,-65.4458999633789,109.55471801757812,-109.55472564697266,84.27507019042969,-84.27906799316406,18.917482376098633,-18.91128158569336,34.1527214050293,34.15134811401367
0.0002903263957705349,0.0,0.0,0.0,13.880175590515137,-13.880040168762207,90.0,-90.0,65.44449615478516,-65.4458999633789,109.55471801757812,-109.55472564697266,84.27507019042969,-84.27906799316406,18.917482376098633,-18.91128158569336,34.1527214050293,34.15134811401367
0.0002903263957705349,0.0,0.0,0.0,13.880175590515137,-13.880040168762207,90.0,-90.0,65.44449615478516,-65.4458999633789,109.55471801757812,-109.55472564697266,84.27507019042969,-84.27906799316406,18.917482376098633,-18.91128158569336,34.1527214050293,34.15134811401367
0.0002903263957705349,0.0,0.0,0.0,13.880175590515137,-13.880040168762207,90.0,-90.0,65.44449615478516,-65.4458999633789,109.55471801757812,-109.55472564697266,84.27507019042969,-84.27906799316406,18.917482376098633,-18.91128158569336,34.1527214050293,34.15134811401367
0.0002903263957705349,0.0,0.0,0.0,13.880175590515137,-13.880040168762207,90.0,-90.0,65.44449615478516,-65.4458999633789,109.55471801757812,-109.55472564697266,84.27507019042969,-84.27906799316406,18.917482376098633,-18.91128158569336,34.1527214050293,34.15134811401367
0.0002903263957705349,0.0,0.0,0.0,13.880175590515137,-13.880040168762207,90.0,-90.0,65.44449615478516,-65.4458999633789,109.55471801757812,-109.55472564697266,84.27507019042969,-84.27906799316406,18.917482376098633,-18.91128158569336,34.1527214050293,34.15134811401367
0.0002903263957705349,0.0,0.0,0.0,13.880175590515137,-13.880040168762207,90.0,-90.0,65.44449615478516,-65.4458999633789,109.55471801757812,-109.55472564697266,84.27507019042969,-84.27906799316406,18.917482376098633,-18.91128158569336,34.1527214050293,34.15134811401367
0.0002903263957705349,0.0,0.0,0.0,13.880175590515137,-13.880040168762207,90.0,-90.0,65.44449615478516,-65.4458999633789,109.55471801757812,-109.55472564697266,84.27507019042969,-84.27906799316406,18.917482376098633,-18.91128158569336,34.1527214050293,34.15134811401367
0.0002903263957705349,0.0,0.0,0.0,13.880175590515137,-13.880040168762207,90.0,-90.0,65.44449615478516,-65.4458999633789,109.55471801757812,-109.55472564697266,84.27507019042969,-84.27906799316406,18.917482376098633,-18.91128158569336,34.1527214050293,34.15134811401367
0.0002903263957705349,0.0,0.0,0.0,13.880175590515137,-13.880040168762207,90.0,-90.0,65.44449615478516,-65.4458999633789,109.55471801757812,-109.55472564697266,84.27507019042969,-84.27906799316406,18.917482376098633,-18.91128158569336,34.1527214050293,34.15134811401367
0.0002903263957705349,0.0,0.0,0.0,13.880175590515137,-13.880040168762207,90.0,-90.0,65.44449615478516,-65.4458999633789,109.55471801757812,-109.55472564697266,84.27507019042969,-84.27906799316406,18.917482376098633,-18.91128158569336,34.1527214050293,34.15134811401367
0.0002903263957705349,0.0,0.0,0.0,13.880175590515137,-13.880040168762207,90.0,-90.0,65.44449615478516,-65.4458999633789,109.55471801757812,-109.55472564697266,84.27507019042969,-84.27906799316406,18.917482376098633,-18.91128158569336,34.1527214050293,34.15134811401367
0.0002903263957705349,0.0,0.0,0.0,13.880175590515137,-13.880040168762207,90.0,-90.0,65.44449615478516,-65.4458999633789,109.55471801757812,-109.55472564697266,84.27507019042969,-84.27906799316406,18.917482376098633,-18.91128158569336,34.1527214050293,34.15134811401367
0.0002903263957705349,0.0,0.0,0.0,13.880175590515137,-13.880040168762207,90.0,-90.0,65.44449615478516,-65.4458999633789,109.55471801757812,-109.55472564697266,84.27507019042969,-84.27906799316406,18.917482376098633,-18.91128158569336,34.1527214050293,34.15134811401367
0.0002903263957705349,0.0,0.0,0.0,13.880175590515137,-13.880040168762207,90.0,-90.0,65.44449615478516,-65.4458999633789,109.55471801757812,-109.55472564697266,84.27507019042969,-84.27906799316406,18.917482376098633,-18.91128158569336,34.1527214050293,34.15134811401367
0.0002903263957705349,0.0,0.0,0.0,13.880175590515137,-13.880040168762207,90.0,-90.0,65.44449615478516,-65.4458999633789,109.55471801757812,-109.55472564697266,84.27507019042969,-84.27906799316406,18.917482376098633,-18.91128158569336,34.1527214050293,34.15134811401367
0.0002903263957705349,0.0,0.0,0.0,13.880175590515137,-13.880040168762207,90.0,-90.0,65.44449615478516,-65.4458999633789,109.55471801757812,-109.55472564697266,84.27507019042969,-84.27906799316406,18.917482376098633,-18.91128158569336,34.1527214050293,34.15134811401367
0.0002903263957705349,0.0,0.0,0.0,13.880175590515137,-13.880040168762207,90.0,-90.0,65.44449615478516,-65.4458999633789,109.55471801757812,-109.55472564697266,84.27507019042969,-84.27906799316406,18.917482376098633,-18.91128158569336,34.1527214050293,34.15134811401367
0.0002903263957705349,0.0,0.0,0.0,13.880175590515137,-13.880040168762207,90.0,-90.0,65.44449615478516,-65.4458999633789,109.55471801757812,-109.55472564697266,84.27507019042969,-84.27906799316406,18.917482376098633,-18.91128158569336,34.1527214050293,34.15134811401367
0.0002903263957705349,0.0,0.0,0.0,13.880175590515137,-13.880040168762207,90.0,-90.0,65.44449615478516,-65.4458999633789,109.55471801757812,-109.55472564697266,84.27507019042969,-84.27906799316406,18.917482376098633,-18.91128158569336,34.1527214050293,34.15134811401367
