sample_index,elapsed_time_s,wall_time_s,op_state,q_Joint_L0_deg,q_Joint_L1_deg,q_Joint_L2_U_deg,q_Joint_L3_U_deg,q_Joint_L2_L_deg,q_Joint_L3_L_deg,q_Joint_L4_L_deg,q_Joint_L5_L_deg,q_Joint_L6_L_deg,q_Joint_L7_L_deg,q_Joint_L8_L_deg,q_Joint_L2_R_deg,q_Joint_L3_R_deg,q_Joint_L4_R_deg,q_Joint_L5_R_deg,q_Joint_L6_R_deg,q_Joint_L7_R_deg,q_Joint_L8_R_deg,q_Dummy_0_deg,q_Dummy_1_deg,q_Dummy_2_deg,q_Dummy_3_deg,qdot_Joint_L0_deg_s,qdot_Joint_L1_deg_s,qdot_Joint_L2_U_deg_s,qdot_Joint_L3_U_deg_s,qdot_Joint_L2_L_deg_s,qdot_Joint_L3_L_deg_s,qdot_Joint_L4_L_deg_s,qdot_Joint_L5_L_deg_s,qdot_Joint_L6_L_deg_s,qdot_Joint_L7_L_deg_s,qdot_Joint_L8_L_deg_s,qdot_Joint_L2_R_deg_s,qdot_Joint_L3_R_deg_s,qdot_Joint_L4_R_deg_s,qdot_Joint_L5_R_deg_s,qdot_Joint_L6_R_deg_s,qdot_Joint_L7_R_deg_s,qdot_Joint_L8_R_deg_s,qdot_Dummy_0_deg_s,qdot_Dummy_1_deg_s,qdot_Dummy_2_deg_s,qdot_Dummy_3_deg_s,ik_mode,command_Joint_L0_deg,command_Joint_L1_deg,command_Joint_L2_U_deg,command_Joint_L3_U_deg,command_Joint_L2_L_deg,command_Joint_L3_L_deg,command_Joint_L4_L_deg,command_Joint_L5_L_deg,command_Joint_L6_L_deg,command_Joint_L7_L_deg,command_Joint_L8_L_deg,command_Joint_L2_R_deg,command_Joint_L3_R_deg,command_Joint_L4_R_deg,command_Joint_L5_R_deg,command_Joint_L6_R_deg,command_Joint_L7_R_deg,command_Joint_L8_R_deg,command_Dummy_0_deg,command_Dummy_1_deg,command_Dummy_2_deg,command_Dummy_3_deg
0,0.002979339999910735,1789353534.1614287,17,0.0036235848,-0.3100874,-0.008256743,0.007315154,0.0030555725,-79.97546,-96.15547,-100.14096,-90.008446,-0.034085084,0.0010986328,0.00011444092,79.97737,96.11005,100.089264,90.02723,0.0002883911,-0.007388306,0.0,0.0,0.0,0.0,0.0,0.0030856351,-0.0,0.0,0.0,0.0,0.0,0.0,0.0,-0.0,0.0,0.0,0.0,0.0,0.0,0.0,-0.0,-0.0,0.0,0.0,0.0,0.0,rl_constraint,0.0,0.0,0.0,0.0,-0.6547583937644958,-77.26602935791016,-92.8658218383789,-100.59352111816406,-99.92965698242188,-2.261899948120117,3.8436200618743896,2.8787026405334473,75.79927062988281,93.78952026367188,96.22992706298828,92.56390380859375,1.2120312452316284,0.001117977313697338,0.0,0.0,0.0,0.0
1,0.022066163000090455,1789353534.1805153,17,0.0036235848,-0.30998895,-0.008256743,0.00728796,0.0025405884,-79.97374,-96.15382,-100.141136,-90.01556,-0.03554077,0.003501892,0.0018424988,79.97383,96.110306,100.08794,90.02906,0.0007965088,-0.007333374,0.0,0.0,0.0,0.0,0.0,0.009478073,-0.0,0.0,-0.049999237,0.40000534,0.3599945,-0.059999086,-1.6800019,-0.41999358,0.66000366,0.34999466,-0.8499985,0.0,-0.29999542,0.5400055,0.059999086,-0.0,0.0,0.0,0.0,0.0,rl_constraint,0.0,0.0,0.0,0.0,-0.6533434987068176,-77.24878692626953,-92.88530731201172,-100.58683013916016,-99.94062042236328,-2.2493538856506348,3.8229548931121826,2.8747079372406006,75.79581451416016,93.79660034179688,96.23231506347656,92.56828308105469,1.2007120847702026,0.007061763200908899,0.0,0.0,0.0,0.0
2,0.04230353399998421,1789353534.2007527,17,0.0036235848,-0.30955788,-0.008256743,0.0072641657,-0.005630493,-79.93594,-96.117546,-100.1457,-90.137985,-0.06490173,0.06865082,0.040706635,79.90697,96.09079,100.04896,90.06384,0.008885193,-0.0073196413,0.0,0.0,0.0,0.0,0.0,0.02777333,-0.0,0.0,-0.8499985,3.75,3.9599946,-0.5400055,-10.079997,-2.8799973,6.359999,4.2000046,-6.2999954,-2.9399962,-4.7999954,3.1199937,0.9,-0.0,0.0,0.0,0.0,0.0,rl_constraint,0.0,0.0,0.0,0.0,-0.6628034710884094,-77.14779663085938,-92.92489624023438,-100.58259582519531,-99.99545288085938,-2.2306153774261475,3.8222696781158447,2.876711845397949,75.75566864013672,93.81838989257812,96.22013092041016,92.60549926757812,1.1564686298370361,0.025102511048316956,0.0,0.0,0.0,0.0
3,0.062394403999860515,1789353534.2208436,17,0.0036235848,-0.30835757,-0.008256743,0.0072063785,-0.03434372,-79.8058,-95.96499,-100.16087,-90.40663,-0.16648407,0.25691527,0.1740303,79.708534,95.995476,99.88073,90.172844,0.05369568,-0.007209778,0.0,0.0,0.0,0.0,0.0,0.09985102,-0.0,0.0,-2.1000023,8.700005,11.039996,-0.9,-16.080002,-6.539996,11.039996,8.700005,-12.999996,-6.6599946,-12.6,7.5599947,3.6599991,-0.059999086,0.0,0.0,0.0,0.0,rl_constraint,0.0,0.0,0.0,0.0,-0.6943255662918091,-77.00955963134766,-92.80635070800781,-100.6173324584961,-100.01968383789062,-2.341949701309204,3.9759104251861572,2.9168853759765625,75.66067504882812,93.77739715576172,96.10552215576172,92.69441986083984,1.1618566513061523,0.021110426634550095,0.0,0.0,0.0,0.0
4,0.0824594209998395,1789353534.2409086,17,0.0036235848,-0.30588028,-0.008256743,0.007124797,-0.08369064,-79.60371,-95.72072,-100.179436,-90.79433,-0.3182602,0.523938,0.38837814,79.40941,95.82746,99.59288,90.34839,0.14379731,-0.0071136476,0.0,0.0,0.0,0.0,0.0,0.15803674,-0.0,0.0,-2.800003,10.849995,12.959994,-0.9599991,-21.240005,-8.940001,14.880007,11.750004,-16.350002,-8.640005,-15.780006,9.840001,5.8800063,-0.0,0.0,0.0,0.0,0.0,rl_constraint,0.0,0.0,0.0,0.0,-0.7526121139526367,-76.88166046142578,-92.52812194824219,-100.68095397949219,-99.97435760498047,-2.5938539505004883,4.208111763000488,2.9642677307128906,75.56683349609375,93.63015747070312,95.88374328613281,92.82471466064453,1.2699980735778809,-0.009930635802447796,0.0,0.0,0.0,0.0
5,0.10244586699991487,1789353534.260895,17,0.0036235848,-0.30142194,-0.008256743,0.0070738085,-0.14212418,-79.377,-95.44536,-100.20652,-91.29905,-0.5013199,0.8348511,0.63521576,79.06389,95.63669,99.26117,90.56066,0.25569305,-0.0070861815,0.0,0.0,0.0,0.0,0.0,0.28233224,-0.0,0.0,-2.800003,12.199997,14.220003,-1.9799973,-27.06,-9.780002,15.960004,12.500004,-17.599995,-9.660004,-17.16,10.740001,4.7999954,0.059999086,0.0,0.0,0.0,0.0,rl_constraint,0.0,0.0,0.0,0.0,-0.8427499532699585,-76.7546157836914,-92.20026397705078,-100.78135681152344,-99.85965728759766,-2.9333367347717285,4.459853649139404,2.98136830329895,75.53614044189453,93.42167663574219,95.63946533203125,92.96186065673828,1.4294790029525757,-0.05166551470756531,0.0,0.0,0.0,0.0
6,0.12187401600021985,1789353534.280323,17,0.0036269838,-0.29618913,-0.008256743,0.007036417,-0.20102692,-79.12994,-95.15259,-100.255325,-91.91797,-0.70317996,1.1734359,0.8891144,78.697975,95.42508,98.91867,90.79345,0.36411437,-0.0071411133,0.0,0.0,0.0,0.0,0.0,0.22897834,-0.0,0.0,-3.0499992,12.700001,15.000005,-2.5200028,-32.880005,-10.859999,17.16,12.799999,-18.75,-10.319994,-17.04,11.939997,5.519998,0.059999086,0.0,0.0,0.0,0.0,rl_constraint,0.0,0.0,0.0,0.0,-0.9248924851417542,-76.60272979736328,-91.8577880859375,-100.92483520507812,-99.6873779296875,-3.3141748905181885,4.728465557098389,2.9528005123138428,75.57649993896484,93.16810607910156,95.41985321044922,93.08881378173828,1.5814532041549683,-0.10337527096271515,0.0,0.0,0.0,0.0
7,0.1421687230003954,1789353534.3006177,17,0.0036269838,-0.2915099,-0.008256743,0.006999025,-0.2652626,-78.87023,-94.84651,-100.3156,-92.660805,-0.9230026,1.5299286,1.134407,78.327,95.20697,98.565285,91.03203,0.47517243,-0.007182312,0.0,0.0,0.0,0.0,0.0,0.2263184,-0.0,0.0,-3.0,12.799999,15.599996,-2.8199983,-38.999996,-11.400004,19.139996,12.049999,-18.400005,-10.919998,-17.94,12.719998,4.8599944,-0.0,0.0,0.0,0.0,0.0,rl_constraint,0.0,0.0,0.0,0.0,-0.9809626936912537,-76.43832397460938,-91.48898315429688,-101.08404541015625,-99.45519256591797,-3.7310597896575928,5.019044876098633,2.861820936203003,75.64312744140625,92.90275573730469,95.21578216552734,93.19629669189453,1.731337547302246,-0.16380634903907776,0.0,0.0,0.0,0.0
8,0.162428392000038,1789353534.3208776,17,0.0036269838,-0.28754032,-0.008256743,0.0069616335,-0.32442856,-78.60735,-94.5356,-100.37243,-93.52373,-1.1582474,1.890033,1.3701553,77.968796,94.98481,98.20264,91.27021,0.594072,-0.007443237,0.0,0.0,0.0,0.0,0.0,0.1564527,-0.0,0.0,-3.199997,12.949997,15.780006,-2.759999,-47.400005,-12.659999,16.920002,11.299999,-17.499996,-11.099996,-18.179996,11.999995,5.6999955,-0.0,0.0,0.0,0.0,0.0,rl_constraint,0.0,0.0,0.0,0.0,-0.9987202286720276,-76.26597595214844,-91.11194610595703,-101.23201751708984,-99.15679931640625,-4.174797058105469,5.309576511383057,2.74379825592041,75.7195053100586,92.64351654052734,95.01419067382812,93.2857437133789,1.8803960084915161,-0.2320650815963745,0.0,0.0,0.0,0.0
9,0.18234677799955534,1789353534.340796,17,0.0036269838,-0.28462195,-0.008256743,0.0068766526,-0.399971,-78.35211,-94.208725,-100.417595,-94.503334,-1.4017044,2.2458115,1.589962,77.63727,94.76151,97.84602,91.50248,0.708371,-0.009379578,0.0,0.0,0.0,0.0,0.0,0.1478527,-0.0,0.0,-4.250004,12.500004,16.680006,-2.1599946,-51.479996,-12.540001,17.580006,10.150005,-16.049995,-10.859999,-17.820004,11.159994,6.1200027,-0.059999086,0.0,0.0,0.0,0.0,rl_constraint,0.0,0.0,0.0,0.0,-1.0051684379577637,-76.05963897705078,-90.73308563232422,-101.3484115600586,-98.7841796875,-4.607754230499268,5.602053165435791,2.6038033962249756,75.83531188964844,92.39996337890625,94.83307647705078,93.34683990478516,2.004443883895874,-0.3105320930480957,0.0,0.0,0.0,0.0
10,0.20208880599966506,1789353534.3605378,17,0.0036269838,-0.28061604,-0.008256743,0.0066828965,-0.472023,-78.10419,-93.87318,-100.46923,-95.591064,-1.6636047,2.598816,1.7846031,77.3402,94.53897,97.50384,91.72539,0.832077,-0.018237304,0.0,0.0,0.0,0.0,0.0,0.28070575,-0.0,0.0,-3.1499977,12.049999,16.559994,-3.8999953,-53.16,-14.040006,18.06,9.349995,-14.200001,-11.099996,-17.279997,10.680002,5.7599945,-0.7800018,0.0,0.0,0.0,0.0,rl_constraint,0.0,0.0,0.0,0.0,-0.9938138127326965,-75.84435272216797,-90.3456039428711,-101.4423599243164,-98.32140350341797,-5.025184631347656,5.89475154876709,2.4198901653289795,75.95636749267578,92.19348907470703,94.69512939453125,93.38626098632812,2.131056785583496,-0.3990964889526367,0.0,0.0,0.0,0.0
11,0.2217783039995993,1789353534.3802273,17,0.0036269838,-0.2720337,-0.008256743,0.0065843184,-0.53541183,-77.86416,-93.537636,-100.564095,-96.58098,-1.9470794,2.945366,1.9482536,77.081764,94.31374,97.17555,91.935776,0.96006775,-0.036790468,0.0,0.0,0.0,0.0,0.0,0.58447516,-0.0,-0.025987154,-3.1499977,12.0,16.680006,-4.7399964,-44.88,-14.880007,17.1,7.300003,-11.700005,-11.159994,-15.419998,10.500005,6.5999956,-1.0799973,0.0,0.0,0.0,0.0,rl_constraint,0.0,0.0,0.0,0.0,-0.9767208099365234,-75.6906509399414,-89.97628784179688,-101.54618072509766,-97.74557495117188,-5.432092189788818,6.179633617401123,2.251338243484497,76.07017517089844,92.01161193847656,94.61132049560547,93.4106674194336,2.2684154510498047,-0.5142652988433838,0.0,0.0,0.0,0.0
12,0.24215149700012262,1789353534.4006007,17,0.0036269838,-0.2526928,-0.008256743,0.0065163337,-0.5998421,-77.6303,-93.196625,-100.648605,-97.42357,-2.2474456,3.2817123,2.0822983,76.86533,94.08887,96.87078,92.13058,1.0870972,-0.06285553,0.0,0.0,0.0,0.0,0.0,1.3996657,-0.0,0.0,-2.9000015,11.700005,16.980001,-4.380002,-38.520004,-15.960004,16.619993,6.0999985,-9.500004,-11.520002,-14.880007,8.820003,6.0600038,-1.5600036,0.0,0.0,0.0,0.0,rl_constraint,0.0,0.0,0.0,0.0,-0.9819180965423584,-75.61605834960938,-89.64827728271484,-101.61803436279297,-97.15702819824219,-5.818041801452637,6.42104434967041,2.12060546875,76.16084289550781,91.85714721679688,94.60659790039062,93.40414428710938,2.413316488265991,-0.6570749878883362,0.0,0.0,0.0,0.0
13,0.26220843000010063,1789353534.4206574,17,0.0036269838,-0.2249645,-0.008256743,0.006465345,-0.6562271,-77.39815,-92.85614,-100.7534,-98.143135,-2.5680816,3.6159987,2.178028,76.69225,93.85826,96.583916,92.308655,1.214154,-0.09783325,0.0,0.0,0.0,0.0,0.0,1.0961717,-0.0,0.0,-2.800003,11.299999,16.980001,-4.8599944,-33.599995,-17.459995,17.1,3.8999977,-7.699997,-11.280006,-13.5,7.6800065,6.5999956,-2.0999954,0.0,0.0,0.0,0.0,rl_constraint,0.0,0.0,0.0,0.0,-0.9723631739616394,-75.6194076538086,-89.35189056396484,-101.72065734863281,-96.62863159179688,-6.181257247924805,6.650653839111328,2.033107042312622,76.21692657470703,91.73042297363281,94.68070220947266,93.35454559326172,2.5710296630859375,-0.8268157243728638,0.0,0.0,0.0,0.0
14,0.28214653699978953,1789353534.4405956,17,0.0036269838,-0.20402578,-0.008256743,0.006417756,-0.71064377,-77.17909,-92.508965,-100.83774,-98.73959,-2.8996627,3.9399993,2.2430763,76.55307,93.62964,96.318,92.47153,1.3447815,-0.13160248,0.0,0.0,0.0,0.0,0.0,1.1299584,-0.0,0.0,-2.7000046,10.400002,17.580006,-4.1400056,-26.399996,-16.920002,17.04,2.1000023,-5.5499954,-11.159994,-12.959994,6.7800064,6.5999956,-1.6200027,0.0,0.0,0.0,0.0,rl_constraint,0.0,0.0,0.0,0.0,-0.9311289191246033,-75.6767349243164,-89.08755493164062,-101.81491088867188,-96.16584777832031,-6.510456562042236,6.848029136657715,1.9444894790649414,76.24796295166016,91.63087463378906,94.85236358642578,93.25960540771484,2.7439327239990234,-0.9795007109642029,0.0,0.0,0.0,0.0
15,0.30285190799986594,1789353534.461301,17,0.0036269838,-0.18023816,-0.008256743,0.0063803643,-0.7537422,-76.972496,-92.15839,-100.93905,-99.21669,-3.2432601,4.2596602,2.2715263,76.443985,93.404495,96.071526,92.615555,1.4776337,-0.17972259,0.0,0.0,0.0,0.0,0.0,0.9440992,-0.0,0.0,-1.4500008,10.049995,17.399996,-5.340001,-21.119993,-18.239996,15.180002,0.79999924,-4.2000046,-11.7,-11.759999,6.8400054,6.0600038,-3.6,0.0,0.0,0.0,0.0,rl_constraint,0.0,0.0,0.0,0.0,-0.8751131892204285,-75.77101135253906,-88.85691833496094,-101.9629135131836,-95.7811050415039,-6.81605863571167,7.038297176361084,1.870363712310791,76.24635314941406,91.56632232666016,95.11296844482422,93.13349914550781,2.9348227977752686,-1.152429461479187,0.0,0.0,0.0,0.0
16,0.32178591699994286,1789353534.480235,17,0.0036269838,-0.16699035,-0.008256743,0.0063259765,-0.78466415,-76.78461,-91.812744,-101.028885,-99.57232,-3.5914307,4.564833,2.2782784,76.37669,93.185074,95.85585,92.73376,1.6106231,-0.24683532,0.0,0.0,0.0,0.0,0.0,0.4703105,-0.0,0.0,-1.7999954,8.700005,17.580006,-4.380002,-13.619998,-17.820004,15.719994,-0.049999237,-3.6500015,-10.199995,-10.500005,5.9400053,7.080002,-3.3000045,0.0,0.0,0.0,0.0,rl_constraint,0.0,0.0,0.0,0.0,-0.8029608130455017,-75.82413482666016,-88.69641876220703,-102.1515121459961,-95.4820785522461,-7.0905632972717285,7.210654258728027,1.7864735126495361,76.21772766113281,91.51899719238281,95.4388656616211,92.99533081054688,3.142261266708374,-1.33946692943573,0.0,0.0,0.0,0.0
17,0.34222877499996684,1789353534.5006778,17,0.0036303832,-0.15460728,-0.008256743,0.006261391,-0.8159065,-76.61728,-91.46897,-101.12668,-99.807304,-3.9417572,4.862645,2.2755089,76.3109,92.97261,95.66977,92.83396,1.7444092,-0.3190567,0.0,0.0,0.0,0.0,0.0,0.8302659,-0.0,0.0,-1.1500053,7.549999,17.1,-5.2200027,-8.760004,-17.1,14.819994,-0.34999466,-2.7000046,-10.620003,-8.519994,4.559999,7.020003,-3.6599991,0.0,0.0,0.0,0.0,rl_constraint,0.0,0.0,0.0,0.0,-0.7285667061805725,-75.82978057861328,-88.6036605834961,-102.41141510009766,-95.23793029785156,-7.345407009124756,7.385745048522949,1.731730341911316,76.141357421875,91.48656463623047,95.82666778564453,92.86717987060547,3.3590378761291504,-1.4960901737213135,0.0,0.0,0.0,0.0
18,0.3621451729995897,1789353534.5205941,17,0.0036303832,-0.13379344,-0.008256743,0.006213802,-0.8390808,-76.47452,-91.13574,-101.21804,-99.92458,-4.294652,5.1497865,2.261982,76.2832,92.7809,95.539444,92.90614,1.8872315,-0.40321198,0.0,0.0,0.0,0.0,0.0,1.0945262,-0.0,0.0,-1.1500053,6.500004,16.080002,-4.7999954,-2.8799973,-16.920002,13.200005,-0.9999962,-0.79999924,-7.980002,-5.519998,3.3000045,6.5999956,-4.6799974,0.0,0.0,0.0,0.0,rl_constraint,0.0,0.0,0.0,0.0,-0.6367660164833069,-75.79734802246094,-88.56272888183594,-102.7278823852539,-95.02812957763672,-7.600622177124023,7.554049015045166,1.658850908279419,76.0435562133789,91.47708892822266,96.30719757080078,92.72750854492188,3.5943732261657715,-1.615738034248352,0.0,0.0,0.0,0.0
19,0.3822860390000642,1789353534.5407352,17,0.0036303832,-0.11765792,-0.008256743,0.0061764102,-0.8531914,-76.35232,-90.81645,-101.33568,-99.92682,-4.6476836,5.425804,2.227501,76.26731,92.613594,95.457214,92.95447,2.0405457,-0.5047943,0.0,0.0,0.0,0.0,0.0,0.56977886,-0.0,0.0,-0.049999237,5.5999947,15.719994,-6.000005,1.8,-18.0,13.380002,-2.050003,-0.8999977,-8.339996,-2.4000046,1.740001,6.9000044,-4.8599944,0.0,0.0,0.0,0.0,rl_constraint,0.0,0.0,0.0,0.0,-0.5290293097496033,-75.71392822265625,-88.55950164794922,-103.12854766845703,-94.8497085571289,-7.864642143249512,7.7292327880859375,1.576367735862732,75.9213638305664,91.48792266845703,96.84175872802734,92.60704803466797,3.839115858078003,-1.7039822340011597,0.0,0.0,0.0,0.0
20,0.4020745979996718,1789353534.5605237,17,0.0036303832,-0.10867174,-0.008256743,0.006142418,-0.85305405,-76.25688,-90.518295,-101.4488,-99.81036,-4.990457,5.6859465,2.1840477,76.25042,92.44865,95.436,92.98073,2.1908386,-0.60444033,0.0,0.0,0.0,0.0,0.0,0.43980756,-0.0,0.0,0.0,4.1500053,14.220003,-6.419998,10.319994,-17.820004,12.959994,-2.800003,-0.8999977,-7.6800065,-0.23999634,0.7200028,9.0,-6.000005,0.0,0.0,0.0,0.0,rl_constraint,0.0,0.0,0.0,0.0,-0.3843170702457428,-75.56951904296875,-88.60315704345703,-103.55601501464844,-94.7005386352539,-8.11777114868164,7.891690731048584,1.4771196842193604,75.75294494628906,91.50511169433594,97.42536926269531,92.5195083618164,4.067465305328369,-1.7097855806350708,0.0,0.0,0.0,0.0
21,0.4222345289999794,1789353534.5806835,17,0.0036303832,-0.096124314,-0.008256743,0.006111825,-0.84895706,-76.173,-90.24299,-101.58901,-99.54842,-5.3240433,5.937355,2.1232224,76.21588,92.30132,95.44666,92.9842,2.352983,-0.7186844,0.0,0.0,0.0,0.0,0.0,0.86055964,-0.0,0.0,0.5000038,3.949997,12.959994,-6.960004,15.900004,-17.04,12.119993,-3.2999954,-2.5999947,-7.920003,1.6200027,0.0,8.760004,-6.1200027,0.0,0.0,0.0,0.0,rl_constraint,0.0,0.0,0.0,0.0,-0.21647429466247559,-75.35846710205078,-88.70392608642578,-104.07299041748047,-94.60153198242188,-8.36325740814209,8.056949615478516,1.3786048889160156,75.57506561279297,91.51628875732422,98.0101318359375,92.46649932861328,4.297345161437988,-1.6897916793823242,0.0,0.0,0.0,0.0
22,0.4420089850000295,1789353534.600458,17,0.0036303832,-0.07967441,-0.008256743,0.0060608364,-0.83415985,-76.09528,-89.992,-101.74406,-99.17518,-5.6488953,6.1744537,2.059433,76.16265,92.16723,95.511604,92.981,2.5220351,-0.8377212,0.0,0.0,0.0,0.0,0.0,0.62439644,-0.0,0.0,1.2000046,3.75,11.640001,-8.640005,20.640001,-15.419998,11.340006,-2.7000046,-2.7500038,-6.359999,4.7999954,-0.3599945,9.059999,-5.6399965,0.0,0.0,0.0,0.0,rl_constraint,0.0,0.0,0.0,0.0,0.032629840075969696,-75.10840606689453,-88.84314727783203,-104.63731384277344,-94.55985260009766,-8.615184783935547,8.19937515258789,1.25517737865448,75.4137954711914,91.49103546142578,98.59343719482422,92.46285247802734,4.53486442565918,-1.6346230506896973,0.0,0.0,0.0,0.0
23,0.46244379000017943,1789353534.620893,17,0.0036303832,-0.0736158,-0.008256743,0.0060200454,-0.7959595,-76.02033,-89.78005,-101.934845,-98.68663,-5.967952,6.398094,1.9990768,76.13076,92.06143,95.6495,92.96149,2.7050674,-0.93485415,0.0,0.0,0.0,0.0,0.0,0.035368998,-0.0,0.0,2.5499954,3.7000008,9.600004,-10.620003,28.380007,-15.780006,10.500005,-3.6000023,-0.8999977,-3.0599945,9.299995,-1.5000045,9.720003,-4.380002,0.0,0.0,0.0,0.0,rl_constraint,0.0,0.0,0.0,0.0,0.3441450297832489,-74.84001922607422,-89.0116195678711,-105.22543334960938,-94.56877136230469,-8.87265682220459,8.31567668914795,1.1849912405014038,75.30010986328125,91.43368530273438,99.19011688232422,92.49545288085938,4.788499355316162,-1.4658347368240356,0.0,0.0,0.0,0.0
24,0.48241694799980905,1789353534.640866,17,0.0036303832,-0.0736524,-0.008256743,0.0059826537,-0.7370796,-75.94324,-89.60195,-102.156456,-98.08201,-6.2797575,6.6174364,1.917881,76.09735,91.99409,95.86766,92.91665,2.8944442,-1.036615,0.0,0.0,0.0,0.0,0.0,-0.0030752344,-0.0,0.0,3.5000038,3.8999977,8.279997,-12.119993,32.759995,-15.840006,10.079997,-3.8499985,-2.3999977,-4.1400056,12.779997,-2.5200028,9.059999,-4.619998,0.0,0.0,0.0,0.0,rl_constraint,0.0,0.0,0.0,0.0,0.6717898845672607,-74.56497192382812,-89.20035552978516,-105.83952331542969,-94.60926055908203,-9.119150161743164,8.42244815826416,1.113100290298462,75.17205047607422,91.38182067871094,99.77729797363281,92.56513977050781,5.025541305541992,-1.2681411504745483,0.0,0.0,0.0,0.0
25,0.5018544940003267,1789353534.6603036,17,0.0036303832,-0.07366407,-0.008256743,0.0059486614,-0.66448975,-75.855736,-89.45148,-102.41318,-97.35706,-6.5807695,6.827399,1.846756,76.02559,91.89197,96.13029,92.868835,3.0896575,-1.1208801,0.0,0.0,0.0,0.0,0.0,0.0030752348,-0.0,0.0,4.1500053,5.050003,6.7199936,-13.440001,38.159996,-15.120003,10.319994,-3.550003,-4.5999985,-4.6799974,13.859995,-2.6400008,9.9,-3.6,0.0,0.0,0.0,0.0,rl_constraint,0.0,0.0,0.0,0.0,1.0778576135635376,-74.29595184326172,-89.37646484375,-106.46878814697266,-94.70419311523438,-9.350929260253906,8.507458686828613,1.0443627834320068,75.03317260742188,91.2472915649414,100.32337188720703,92.69970703125,5.2656965255737305,-1.0258793830871582,0.0,0.0,0.0,0.0
26,0.5218850060000477,1789353534.680334,17,0.0036303832,-0.07360896,-0.008256743,0.0059214677,-0.5648804,-75.74574,-89.34049,-102.70025,-96.51661,-6.8764524,7.0283384,1.7677231,75.94384,91.814545,96.43375,92.81544,3.2864501,-1.1924835,0.0,0.0,0.0,0.0,0.0,0.0,-0.0,0.0,5.499996,5.499996,4.619998,-15.900004,41.819992,-13.679997,10.319994,-3.7999992,-3.199997,-3.3000045,16.140001,-1.8599991,9.299995,-3.3600037,0.0,0.0,0.0,0.0,rl_constraint,0.0,0.0,0.0,0.0,1.5453819036483765,-74.02530670166016,-89.58114624023438,-107.10564422607422,-94.84698486328125,-9.56696891784668,8.559165000915527,0.9518986344337463,74.89754486083984,91.0967025756836,100.81134796142578,92.87134552001953,5.4982686042785645,-0.770842969417572,0.0,0.0,0.0,0.0
27,0.5423362459996497,1789353534.7007854,17,0.0036303832,-0.07353092,-0.008256743,0.005894274,-0.4464569,-75.62659,-89.264984,-103.03271,-95.74448,-7.16369,7.2155457,1.6957626,75.87114,91.75108,96.77618,92.77688,3.4958358,-1.2289444,0.0,0.0,0.0,0.0,0.0,0.009446122,-0.0,0.0,6.799999,6.3499947,2.4600036,-16.439997,34.26,-14.040006,9.119998,-3.4500046,-4.749996,-3.4200027,18.299995,-1.5000045,10.8,-1.0799973,0.0,0.0,0.0,0.0,rl_constraint,0.0,0.0,0.0,0.0,2.0278148651123047,-73.73675537109375,-89.77912902832031,-107.71250915527344,-95.07037353515625,-9.761931419372559,8.575822830200195,0.8488274216651917,74.80213928222656,90.91241455078125,101.23274230957031,93.08495330810547,5.734676361083984,-0.45577722787857056,0.0,0.0,0.0,0.0
28,0.5624635470003341,1789353534.7209127,17,0.0036337825,-0.07321194,-0.008256743,0.0058738785,-0.299263,-75.48895,-89.23068,-103.39497,-95.11996,-7.4410677,7.3944445,1.6133423,75.77069,91.682045,97.160576,92.753654,3.7023513,-1.2418808,0.0,0.0,0.0,0.0,0.0,0.015597314,-0.0,0.0,8.449997,7.8499947,1.1999954,-19.139996,27.540005,-12.719998,8.1,-4.1500053,-4.699997,-3.1199937,20.099995,-0.8400009,9.840001,-0.11999817,0.0,0.0,0.0,0.0,rl_constraint,0.0,0.0,0.0,0.0,2.520010232925415,-73.34357452392578,-89.96651458740234,-108.23416137695312,-95.30633544921875,-9.935373306274414,8.578801155090332,0.6526898741722107,74.6955337524414,90.7055435180664,101.58733367919922,93.34268188476562,5.95456600189209,-0.1220092624425888,0.0,0.0,0.0,0.0
29,0.5824033460003193,1789353534.7408526,17,0.0036337825,-0.07230326,-0.008256743,0.005853483,-0.1167984,-75.33364,-89.22207,-103.801765,-94.622536,-7.714325,7.555229,1.5315056,75.6789,91.62073,97.56874,92.74423,3.9168594,-1.2411255,0.0,0.0,0.0,0.0,0.0,0.08677344,-0.0,0.0,10.150005,8.299999,-0.17999725,-20.520002,21.719997,-12.659999,8.339996,-3.8999977,-5.050003,-3.7199981,20.640001,0.0,10.440005,0.11999817,0.0,0.0,0.0,0.0,rl_constraint,0.0,0.0,0.0,0.0,3.0208590030670166,-72.88983917236328,-90.09673309326172,-108.69693756103516,-95.5098648071289,-10.108576774597168,8.560842514038086,0.3905222415924072,74.59013366699219,90.50492858886719,101.81877136230469,93.60999298095703,6.167721748352051,0.1756136566400528,0.0,0.0,0.0,0.0
30,0.6021511190001547,1789353534.7606,17,0.0036337825,-0.070017725,-0.008256743,0.0058330875,0.09841919,-75.15607,-89.23436,-104.23452,-94.24535,-7.984369,7.7025557,1.448616,75.57781,91.53285,97.98641,92.74698,4.1394973,-1.2148682,0.0,0.0,0.0,0.0,0.0,0.15816425,-0.0,0.0,11.549995,9.550003,-1.3800064,-22.019993,16.379997,-13.260004,7.4399962,-3.9999962,-4.8499947,-4.380002,21.54,0.41999358,11.039996,3.0599945,0.0,0.0,0.0,0.0,rl_constraint,0.0,0.0,0.0,0.0,3.52998685836792,-72.41626739501953,-90.14606475830078,-109.06231689453125,-95.64215850830078,-10.296131134033203,8.536901473999023,0.12284382432699203,74.47950744628906,90.2849349975586,101.92517852783203,93.87557983398438,6.393871784210205,0.46148598194122314,0.0,0.0,0.0,0.0
31,0.6221868239999822,1789353534.7806358,17,0.0036337825,-0.06579722,-0.008256743,0.0058160913,0.34588623,-74.96182,-89.274216,-104.69044,-93.99003,-8.23818,7.8326616,1.3598557,75.46912,91.450966,98.41532,92.772705,4.3609266,-1.1338851,0.0,0.0,0.0,0.0,0.0,0.27677113,-0.0,0.0,13.200005,10.150005,-2.7,-23.280003,8.880002,-12.540001,5.9400053,-4.8499947,-5.449997,-4.380002,21.719997,2.5200028,10.740001,5.579997,0.0,0.0,0.0,0.0,rl_constraint,0.0,0.0,0.0,0.0,4.055383682250977,-71.9564208984375,-90.15264892578125,-109.36209869384766,-95.69701385498047,-10.47861099243164,8.499208450317383,-0.14064852893352509,74.39005279541016,90.07789611816406,101.96236419677734,94.09620666503906,6.607959270477295,0.8211089968681335,0.0,0.0,0.0,0.0
32,0.64207723599975,1789353534.8005264,17,0.0036337825,-0.058626592,-0.008256743,0.005799095,0.6282921,-74.7429,-89.340256,-105.160484,-93.85347,-8.481898,7.9481416,1.2560234,75.369064,91.347595,98.843155,92.83806,4.583249,-1.003093,0.0,0.0,0.0,0.0,0.0,0.49638072,-0.0,0.0,15.099998,11.650005,-3.7799973,-24.240002,3.7199981,-12.540001,5.2200027,-5.6500053,-5.25,-5.2800016,21.180006,4.380002,10.680002,7.5599947,0.0,0.0,0.0,0.0,rl_constraint,0.0,0.0,0.0,0.0,4.603720664978027,-71.53062438964844,-90.09632873535156,-109.55130004882812,-95.67576599121094,-10.659878730773926,8.44871997833252,-0.4171324372291565,74.30724334716797,89.86898040771484,101.94176483154297,94.2476577758789,6.83651065826416,1.2289880514144897,0.0,0.0,0.0,0.0
33,0.6623239720001948,1789353534.8207731,17,0.0036337825,-0.042605627,-0.008256743,0.005782099,0.94107056,-74.49369,-89.432655,-105.63516,-93.8401,-8.718901,8.040853,1.1376,75.25868,91.23801,99.25234,92.931755,4.8102126,-0.8535141,0.0,0.0,0.0,0.0,0.0,1.1036468,-0.0,0.0,16.55,13.049995,-4.7999954,-23.699995,-1.1399963,-11.400004,4.7999954,-6.1499977,-5.3499985,-6.000005,19.740002,5.340001,10.380007,7.8600035,0.0,0.0,0.0,0.0,rl_constraint,0.0,0.0,0.0,0.0,5.151769638061523,-71.16107177734375,-89.98213958740234,-109.6147689819336,-95.61286163330078,-10.824875831604004,8.347634315490723,-0.6980041265487671,74.2054672241211,89.69164276123047,101.84745788574219,94.3546371459961,7.087068557739258,1.603365421295166,0.0,0.0,0.0,0.0
34,0.6826185399995666,1789353534.8410676,17,0.0036337825,-0.020312395,-0.008256743,0.005768502,1.2809486,-74.21823,-89.51993,-106.1075,-93.93067,-8.948433,8.125255,1.0026054,75.14953,91.11297,99.62629,93.043816,5.0331116,-0.68553317,0.0,0.0,0.0,0.0,0.0,0.83746076,-0.0,0.0,17.750004,14.200001,-3.8399963,-22.919994,-8.1,-11.039996,3.480002,-6.8999977,-5.950001,-6.5999956,18.239996,5.7599945,11.159994,8.880002,0.0,0.0,0.0,0.0,rl_constraint,0.0,0.0,0.0,0.0,5.652981758117676,-70.8766860961914,-89.79155731201172,-109.558837890625,-95.5204086303711,-10.971375465393066,8.23245906829834,-0.9421869516372681,74.0846939086914,89.5546646118164,101.67758178710938,94.4067611694336,7.3407392501831055,1.916963815689087,0.0,0.0,0.0,0.0
35,0.702044771999681,1789353534.860494,17,0.0036337825,-0.009584782,-0.008256743,0.0057549053,1.6502838,-73.92419,-89.60288,-106.5535,-94.17089,-9.17,8.1838665,0.85098267,75.048996,90.98175,99.964325,93.16748,5.257219,-0.48832855,0.0,0.0,0.0,0.0,0.0,0.34393185,-0.0,0.0,18.899998,14.850002,-4.019994,-21.240005,-14.280002,-10.319994,2.1599946,-7.450001,-5.1500015,-6.2400007,15.240001,6.9000044,10.560003,11.219994,0.0,0.0,0.0,0.0,rl_constraint,0.0,0.0,0.0,0.0,6.107846260070801,-70.66667175292969,-89.55455780029297,-109.37263488769531,-95.43008422851562,-11.092516899108887,8.050213813781738,-1.1771678924560547,73.96155548095703,89.46033477783203,101.44876098632812,94.4084701538086,7.59804630279541,2.2108829021453857,0.0,0.0,0.0,0.0
36,0.7217693060001693,1789353534.8802183,17,0.0036337825,-0.0028804012,-0.008256743,0.0057413084,2.0431137,-73.615814,-89.66622,-106.96274,-94.5277,-9.384672,8.229927,0.6871834,74.93794,90.83573,100.25858,93.30032,5.4827547,-0.2711014,0.0,0.0,0.0,0.0,0.0,0.3542142,-0.0,0.0,20.100002,15.849998,-2.2800064,-19.620003,-21.300005,-11.280006,2.1599946,-8.299999,-5.1500015,-7.2599993,13.440001,6.2400007,10.560003,11.939997,0.0,0.0,0.0,0.0,rl_constraint,0.0,0.0,0.0,0.0,6.479243755340576,-70.54360961914062,-89.26956176757812,-109.047119140625,-95.30091094970703,-11.197222709655762,7.823999881744385,-1.3659169673919678,73.8420639038086,89.39894104003906,101.20085906982422,94.36958312988281,7.860141277313232,2.4797563552856445,0.0,0.0,0.0,0.0
37,0.7420617010002388,1789353534.9005108,17,0.0036337825,0.0068159713,-0.008256743,0.005727711,2.4533958,-73.29409,-89.699524,-107.34159,-94.97018,-9.594168,8.259933,0.5059891,74.83144,90.68938,100.5051,93.42871,5.7051864,-0.031681824,0.0,0.0,0.0,0.0,0.0,0.67168564,-0.0,0.0,21.149998,15.949997,-1.1399963,-18.299995,-20.039997,-10.680002,1.0199982,-9.149998,-6.249996,-7.6199937,10.919998,6.3,10.620003,12.2400055,0.0,0.0,0.0,0.0,rl_constraint,0.0,0.0,0.0,0.0,6.77491569519043,-70.50975799560547,-88.92732238769531,-108.61186981201172,-95.13497924804688,-11.306063652038574,7.547640323638916,-1.5070922374725342,73.73580169677734,89.40158081054688,100.95655822753906,94.29483032226562,8.09250545501709,2.7116401195526123,0.0,0.0,0.0,0.0
38,0.7622697079996215,1789353534.920719,17,0.0036337825,0.021193929,-0.008256743,0.0057175136,2.8797455,-72.97661,-89.71197,-107.671425,-95.29435,-9.793913,8.268036,0.31637192,74.73021,90.54619,100.70593,93.55102,5.939044,0.218779,0.0,0.0,0.0,0.0,0.0,0.7002883,-0.0,0.0,21.500004,15.550003,0.059999086,-14.519999,-12.119993,-9.0,0.0,-9.75,-4.699997,-7.2599993,8.580007,5.8800063,11.159994,12.540001,0.0,0.0,0.0,0.0,rl_constraint,0.0,0.0,0.0,0.0,6.962739944458008,-70.57050323486328,-88.61810302734375,-108.10162353515625,-94.9620132446289,-11.370559692382812,7.185237407684326,-1.5566526651382446,73.63207244873047,89.45954895019531,100.78189086914062,94.22163391113281,8.29289722442627,2.8967654705047607,0.0,0.0,0.0,0.0
39,0.7824166860000332,1789353534.9408658,17,0.0036337825,0.02885417,-0.008256743,0.005703917,3.3124237,-72.67158,-89.70742,-107.932465,-95.480354,-9.979871,8.262213,0.12068939,74.61541,90.40162,100.85624,93.66921,6.173218,0.4835495,0.0,0.0,0.0,0.0,0.0,0.118676305,-0.0,0.0,21.349995,14.449997,0.66000366,-11.280006,-6.479997,-8.940001,-0.7800018,-10.150005,-5.050003,-6.7800064,6.0600038,4.7399964,11.879997,12.719998,0.0,0.0,0.0,0.0,rl_constraint,0.0,0.0,0.0,0.0,7.03121280670166,-70.75262451171875,-88.3672103881836,-107.55558776855469,-94.89593505859375,-11.367927551269531,6.762670993804932,-1.4969640970230103,73.55960845947266,89.54224395751953,100.70741271972656,94.17330932617188,8.440388679504395,3.060213327407837,0.0,0.0,0.0,0.0
40,0.8022145539998746,1789353534.9606636,17,0.0036337825,0.029114453,-0.008256743,0.005663126,3.7383041,-72.38337,-89.6711,-108.1158,-95.53395,-10.156613,8.214986,-0.07462692,74.510056,90.26357,100.93704,93.762405,6.405318,0.75113523,0.0,0.0,0.0,0.0,0.0,0.0,-0.0,0.0,20.850002,13.900005,2.9399962,-8.339996,0.17999725,-8.760004,-4.1400056,-9.199997,-6.1499977,-5.519998,2.6400008,4.619998,12.059995,13.799995,0.0,0.0,0.0,0.0,rl_constraint,0.0,0.0,0.0,0.0,7.0178141593933105,-71.0050277709961,-88.19719696044922,-106.96837615966797,-95.0015640258789,-11.306116104125977,6.221200466156006,-1.3748033046722412,73.53903198242188,89.63532257080078,100.69571685791016,94.14115905761719,8.525856971740723,3.178253650665283,0.0,0.0,0.0,0.0
41,0.8217767810001533,1789353534.9802258,17,0.0036337825,0.029089147,-0.008256743,0.0056155366,4.148117,-72.12219,-89.60039,-108.22202,-95.48781,-10.323633,8.118869,-0.25811005,74.407646,90.14636,100.97982,93.85211,6.6399307,1.0171967,0.0,0.0,0.0,0.0,0.0,0.0,-0.0,0.0,19.849995,12.099998,4.2600036,-3.2400055,6.3,-7.8000045,-5.8199935,-9.299995,-4.549999,-6.2400007,1.6200027,3.2400055,12.119993,13.320003,0.0,0.0,0.0,0.0,rl_constraint,0.0,0.0,0.0,0.0,6.92415189743042,-71.30300903320312,-88.10211944580078,-106.33561706542969,-95.30115509033203,-11.192962646484375,5.5373969078063965,-1.170297622680664,73.55777740478516,89.74386596679688,100.78472137451172,94.1707992553711,8.552202224731445,3.251246690750122,0.0,0.0,0.0,0.0
42,0.8422086649998164,1789353535.0006576,17,0.0036337825,0.029086336,-0.008256743,0.0055815442,4.5352707,-71.902084,-89.49345,-108.2584,-95.38478,-10.471949,7.992279,-0.42607498,74.2946,90.045265,101.00408,93.91123,6.870108,1.2753067,0.0,0.0,0.0,0.0,0.0,0.0,-0.0,0.0,18.550003,10.049995,6.6599946,0.059999086,4.0800066,-7.140001,-7.499995,-7.8499947,-4.8499947,-4.380002,0.9,2.9999955,11.7,12.059995,0.0,0.0,0.0,0.0,rl_constraint,0.0,0.0,0.0,0.0,6.683868885040283,-71.57183074951172,-88.0838623046875,-105.67235565185547,-95.7461929321289,-11.023336410522461,4.798745632171631,-0.8871475458145142,73.58634185791016,89.87403869628906,100.95389556884766,94.2605972290039,8.527408599853516,3.281423568725586,0.0,0.0,0.0,0.0
43,0.862038579,1789353535.0204878,17,0.0036337825,0.029086336,-0.008256743,0.005550951,4.8886642,-71.72588,-89.35855,-108.23453,-95.314514,-10.59976,7.8288574,-0.5727768,74.200325,89.95975,101.014565,93.97008,7.0796447,1.5222794,0.0,0.0,0.0,0.0,0.0,0.0,-0.0,-0.027843136,16.749996,7.5999985,6.8400054,2.8799973,2.7,-5.1600037,-9.9,-6.700001,-5.299999,-3.9599946,-0.059999086,2.9999955,10.560003,12.839996,0.0,0.0,0.0,0.0,rl_constraint,0.0,0.0,0.0,0.0,6.279819488525391,-71.75274658203125,-88.12644958496094,-105.0280990600586,-96.2692642211914,-10.83173656463623,4.042674541473389,-0.5609225630760193,73.59364318847656,90.03091430664062,101.19849395751953,94.3970718383789,8.44791030883789,3.2776076793670654,0.0,0.0,0.0,0.0
44,0.8824548399998093,1789353535.040904,17,0.0036337825,0.029086336,-0.008256743,0.0055305557,5.1953545,-71.601746,-89.22069,-108.12775,-95.28329,-10.705256,7.6108065,-0.6833725,74.1086,89.90088,101.01443,94.01866,7.2832766,1.7550933,0.0,0.0,0.0,0.0,0.0,0.0,-0.0,0.0,13.900005,5.3499985,6.7199936,7.080002,0.60000455,-4.3200026,-12.119993,-4.4000015,-3.9999962,-1.8599991,0.0,1.9199982,8.040001,11.640001,0.0,0.0,0.0,0.0,rl_constraint,0.0,0.0,0.0,0.0,5.721295356750488,-71.83622741699219,-88.22834777832031,-104.38091278076172,-96.77812194824219,-10.620450019836426,3.258636474609375,-0.1846100240945816,73.59552764892578,90.20288848876953,101.46759033203125,94.58511352539062,8.34141731262207,3.2579684257507324,0.0,0.0,0.0,0.0
45,0.902208595999582,1789353535.0606577,17,0.0036337825,0.029085934,-0.008256743,0.0055101602,5.446701,-71.51966,-89.0848,-107.94184,-95.28597,-10.781474,7.343234,-0.76538086,74.03387,89.87198,101.01489,94.05229,7.459346,1.967775,0.0,0.0,0.0,0.0,0.0,0.0,-0.0,0.0,11.100002,2.7000046,6.479997,12.2400055,-0.60000455,-3.3000045,-13.919993,-3.1499977,-3.8999977,-0.60000455,0.11999817,1.5000045,7.980002,9.9,0.0,0.0,0.0,0.0,rl_constraint,0.0,0.0,0.0,0.0,5.008363723754883,-71.84674072265625,-88.35820770263672,-103.71636199951172,-97.21001434326172,-10.397804260253906,2.4720983505249023,0.21423207223415375,73.59122467041016,90.38700866699219,101.76527404785156,94.79290771484375,8.190619468688965,3.218660354614258,0.0,0.0,0.0,0.0
46,0.9220283029999337,1789353535.0804775,17,0.0036337825,0.029084327,-0.008256743,0.0054965634,5.635277,-71.48067,-88.95906,-107.68212,-95.333626,-10.832547,7.016913,-0.79590225,73.95518,89.86311,101.015686,94.08767,7.6167116,2.1617522,0.0,0.0,0.0,0.0,0.0,0.0,-0.0,0.0,7.450001,1.2000046,5.6999955,14.100004,-4.2000046,-2.0399964,-17.880001,-0.24999619,-3.3499947,-0.29999542,0.0,2.3400054,6.7199936,9.179997,0.0,0.0,0.0,0.0,rl_constraint,0.0,0.0,0.0,0.0,4.1943535804748535,-71.7884292602539,-88.470703125,-103.01713562011719,-97.58446502685547,-10.190075874328613,1.680749773979187,0.5751257538795471,73.55265808105469,90.56051635742188,102.06851196289062,95.024658203125,8.017678260803223,3.1787168979644775,0.0,0.0,0.0,0.0
47,0.9425097280000045,1789353535.1009588,17,0.0036337825,0.029077098,-0.008256743,0.005479567,5.7568474,-71.47107,-88.850586,-107.352715,-95.45643,-10.846555,6.629686,-0.79008865,73.90121,89.86851,101.03364,94.14667,7.7501817,2.3365448,0.0,0.0,0.0,0.0,0.0,-0.0030707493,-0.0,0.0,3.5000038,0.0,5.1600037,17.459995,-7.140001,-0.0,-21.119993,0.94999695,-2.3499985,0.66000366,2.0999954,3.1199937,6.419998,7.3799973,0.0,0.0,0.0,0.0,rl_constraint,0.0,0.0,0.0,0.0,3.326740264892578,-71.69631958007812,-88.53942108154297,-102.26773071289062,-97.90536499023438,-9.990382194519043,0.8802695870399475,0.8965787291526794,73.50791931152344,90.69789123535156,102.35174560546875,95.26879119873047,7.857093811035156,3.143333673477173,0.0,0.0,0.0,0.0
48,0.9623381089995746,1789353535.1207871,17,0.0036337825,0.029059425,-0.008256743,0.0054693692,5.776039,-71.47401,-88.75446,-106.99343,-95.60584,-10.844343,6.206218,-0.75268936,73.84771,89.88794,101.08759,94.21458,7.843854,2.4759064,0.0,0.0,0.0,0.0,0.0,0.0,-0.0,0.0,-0.79999924,-0.34999466,4.380002,19.500004,-9.359995,0.3599945,-22.260004,2.7000046,-2.5999947,1.2599945,2.9399962,3.0599945,3.1800065,7.3199983,0.0,0.0,0.0,0.0,rl_constraint,0.0,0.0,0.0,0.0,2.355252504348755,-71.59732055664062,-88.5514144897461,-101.53253936767578,-98.15721130371094,-9.83173942565918,0.15682967007160187,1.2185370922088623,73.40409851074219,90.83625793457031,102.60924530029297,95.49993133544922,7.6922526359558105,3.0689995288848877,0.0,0.0,0.0,0.0
49,0.9821542259996932,1789353535.1406033,17,0.0036337825,0.029052597,-0.008256743,0.0054557724,5.724804,-71.48366,-88.68171,-106.58095,-95.79268,-10.825722,5.720224,-0.66117096,73.79633,89.92368,101.15461,94.28644,7.9101424,2.6036224,0.0,0.0,0.0,0.0,0.0,0.0,-0.0,0.0,-4.5999985,-0.70000076,2.8799973,21.779997,-9.359995,1.3199936,-25.2,6.4500046,-1.5999985,2.7,4.2000046,4.019994,2.9399962,6.1200027,0.0,0.0,0.0,0.0,rl_constraint,0.0,0.0,0.0,0.0,1.4310657978057861,-71.54914093017578,-88.49951171875,-100.76425170898438,-98.39462280273438,-9.708173751831055,-0.5828366875648499,1.5219038724899292,73.25946044921875,90.96465301513672,102.82749938964844,95.7303237915039,7.530738830566406,3.022698163986206,0.0,0.0,0.0,0.0
50,1.0020529960002023,1789353535.160502,17,0.0031306955,0.029048579,-0.008256743,0.005445575,5.573227,-71.50369,-88.631546,-106.12371,-96.005455,-10.770117,5.194336,-0.51890945,73.75809,89.98783,101.2534,94.38893,7.952014,2.7089264,0.0,0.0,0.0,0.0,0.0,0.0,-0.0,0.0,-10.599998,-1.0999947,2.0999954,24.419998,-11.580002,4.380002,-26.219997,7.5999985,-1.8499947,3.8999953,5.9400053,5.1000047,1.6200027,5.1000047,0.0,0.0,0.0,0.0,rl_constraint,0.0,0.0,0.0,0.0,0.5059022903442383,-71.53114318847656,-88.42948913574219,-99.97977447509766,-98.60066986083984,-9.56711483001709,-1.3075764179229736,1.8108679056167603,73.08064270019531,91.08719635009766,102.98796844482422,95.97313690185547,7.389970779418945,2.9861860275268555,0.0,0.0,0.0,0.0
51,1.0219860099996367,1789353535.180435,17,0.0030899048,0.029046169,-0.008256743,0.005431978,5.318802,-71.52461,-88.594406,-105.61166,-96.23879,-10.675333,4.634047,-0.34846115,73.71847,90.08971,101.379845,94.49571,7.966928,2.7863114,0.0,0.0,0.0,0.0,0.0,0.0,-0.0,0.0,-15.149998,-0.8999977,1.4400055,26.399996,-11.580002,5.1600037,-28.079998,9.400005,-2.800003,5.6399965,7.3799973,5.4,-0.059999086,3.1199937,0.0,0.0,0.0,0.0,rl_constraint,0.0,0.0,0.0,0.0,-0.3714534044265747,-71.5349349975586,-88.33677673339844,-99.1666488647461,-98.78389739990234,-9.382197380065918,-2.0002262592315674,2.0407819747924805,72.85565948486328,91.23955535888672,103.10406494140625,96.19503021240234,7.25028657913208,2.93924617767334,0.0,0.0,0.0,0.0
52,1.0420373739998467,1789353535.2004864,17,0.0031001025,0.029044563,-0.008256743,0.0054183807,4.9714966,-71.541245,-88.57425,-105.070595,-96.48331,-10.57007,4.035594,-0.15780258,73.65527,90.17604,101.532074,94.62711,7.965445,2.8380845,0.0,0.0,0.0,0.0,0.0,0.0,-0.0,0.0,-19.300003,-0.5000038,0.5400055,27.720003,-12.420003,6.2400007,-31.140005,10.049995,-3.7000008,3.8999953,7.5599947,7.140001,-0.17999725,1.8599991,0.0,0.0,0.0,0.0,rl_constraint,0.0,0.0,0.0,0.0,-1.1722302436828613,-71.53269958496094,-88.23208618164062,-98.35014343261719,-98.96495056152344,-9.206893920898438,-2.66756010055542,2.190180778503418,72.62326049804688,91.32805633544922,103.11725616455078,96.44644927978516,7.147177219390869,2.8895606994628906,0.0,0.0,0.0,0.0
53,1.062302063000061,1789353535.220751,17,0.0031001025,0.029043358,-0.008256743,0.005408183,4.5320435,-71.54924,-88.56328,-104.48269,-96.74021,-10.453629,3.401532,0.055229187,73.59141,90.28118,101.69999,94.77272,7.942937,2.893071,0.0,0.0,0.0,0.0,0.0,0.0,-0.0,0.0,-23.399998,-0.24999619,0.66000366,29.520002,-12.6,5.6399965,-30.240005,10.749996,-2.3499985,6.8400054,7.8000045,7.2,-2.4600036,2.0399964,0.0,0.0,0.0,0.0,rl_constraint,0.0,0.0,0.0,0.0,-1.8622441291809082,-71.5118179321289,-88.12319946289062,-97.53306579589844,-99.1737289428711,-9.049091339111328,-3.3165175914764404,2.2549681663513184,72.40420532226562,91.38221740722656,103.05900573730469,96.69730377197266,7.062890529632568,2.903844118118286,0.0,0.0,0.0,0.0
54,1.0823883180000848,1789353535.2408373,17,0.0030967032,0.029042153,-0.008256743,0.0053979857,4.0515747,-71.55203,-88.54181,-103.88753,-96.984726,-10.3350315,2.7817383,0.26985168,73.53722,90.40325,101.86173,94.92424,7.8912873,2.9237366,0.0,0.0,0.0,0.0,0.0,0.0,-0.0,0.0,-26.100002,-0.14999771,1.3800064,31.320004,-11.580002,6.479997,-31.44,11.299999,-4.450001,5.6999955,7.8600035,8.399996,-2.9999955,1.5000045,0.0,0.0,0.0,0.0,rl_constraint,0.0,0.0,0.0,0.0,-2.4479942321777344,-71.50838470458984,-87.97123718261719,-96.7769546508789,-99.38481903076172,-8.953490257263184,-3.8311877250671387,2.218810558319092,72.20097351074219,91.41593170166016,102.91699981689453,96.91474914550781,6.981220722198486,2.9094369411468506,0.0,0.0,0.0,0.0
55,1.102371895000033,1789353535.260821,17,0.0030967032,0.029040948,-0.008256743,0.0053843884,3.5076714,-71.55381,-88.50303,-103.25057,-97.23462,-10.207617,2.128244,0.49201584,73.43243,90.5114,102.01281,95.09502,7.8030257,2.940326,0.0,0.0,0.0,0.0,0.0,0.0,-0.0,0.0,-28.599998,0.0,2.4000046,32.34,-13.320003,6.5999956,-33.24,10.799995,-5.000004,4.440001,7.7400055,8.820003,-5.1000047,0.5400055,0.0,0.0,0.0,0.0,rl_constraint,0.0,0.0,0.0,0.0,-2.874324083328247,-71.48067474365234,-87.7905502319336,-96.00460052490234,-99.62194061279297,-8.903078079223633,-4.36329984664917,2.0295846462249756,72.03191375732422,91.38134765625,102.66300201416016,97.13046264648438,6.87668514251709,2.92604398727417,0.0,0.0,0.0,0.0
56,1.122110547000375,1789353535.2805595,17,0.0031001025,0.029039742,-0.008256743,0.005374191,2.9143295,-71.55358,-88.4551,-102.58848,-97.48051,-10.077471,1.468927,0.7140198,73.32557,90.604744,102.14927,95.27484,7.724611,2.9477966,0.0,0.0,0.0,0.0,0.0,0.0,-0.0,0.0,-30.400005,0.049999237,2.5200028,34.379997,-11.520002,5.6999955,-33.42,10.950005,-6.2999954,5.459999,7.080002,8.940001,-3.9599946,0.11999817,0.0,0.0,0.0,0.0,rl_constraint,0.0,0.0,0.0,0.0,-3.1733996868133545,-71.41663360595703,-87.60401153564453,-95.24478149414062,-99.8716049194336,-8.90134048461914,-4.861756324768066,1.8009984493255615,71.9119873046875,91.26466369628906,102.30603790283203,97.33888244628906,6.830170631408691,2.9547908306121826,0.0,0.0,0.0,0.0
57,1.1422930239996276,1789353535.3007421,17,0.0031001025,0.029038537,-0.008256743,0.0053639933,2.2988434,-71.55302,-88.39742,-101.900696,-97.72308,-9.942228,0.8141693,0.9205971,73.218765,90.71907,102.28108,95.46393,7.630582,2.952191,0.0,0.0,0.0,0.0,0.0,0.0,-0.0,0.0,-30.650002,0.0,2.8799973,34.32,-12.059995,7.020003,-31.739996,9.400005,-5.8500023,5.1600037,5.2200027,9.480006,-5.0400057,0.059999086,0.0,0.0,0.0,0.0,rl_constraint,0.0,0.0,0.0,0.0,-3.3500661849975586,-71.33192443847656,-87.4253921508789,-94.51920318603516,-100.14329528808594,-8.913664817810059,-5.299162864685059,1.5276672840118408,71.80753326416016,91.14757537841797,101.91310119628906,97.52723693847656,6.776670932769775,3.0117032527923584,0.0,0.0,0.0,0.0
58,1.1621291230003408,1789353535.3205783,17,0.0031035016,0.029037734,-0.008256743,0.0053537954,1.6831055,-71.55199,-88.349976,-101.201454,-97.96491,-9.810763,0.16506958,1.091732,73.08773,90.808014,102.3722,95.658714,7.5466323,2.9538803,0.0,0.0,0.0,0.0,0.0,0.0,-0.0,0.0,-30.8,0.14999771,2.7,35.28,-12.540001,6.2400007,-33.3,7.450001,-6.0999985,4.0800066,3.8399963,10.139997,-4.380002,0.17999725,0.0,0.0,0.0,0.0,rl_constraint,0.0,0.0,0.0,0.0,-3.377021551132202,-71.21562957763672,-87.2757568359375,-93.84121704101562,-100.41725158691406,-8.949254989624023,-5.687532424926758,1.1872897148132324,71.75801849365234,90.94818115234375,101.47333526611328,97.691162109375,6.75945520401001,3.093899965286255,0.0,0.0,0.0,0.0
59,1.1824531430002025,1789353535.340902,17,0.0031035016,0.029036932,-0.008256743,0.0053401985,1.0744629,-71.5428,-88.28212,-100.4835,-98.20572,-9.690038,-0.47003633,1.226223,72.950226,90.884964,102.42507,95.858215,7.4513535,2.9561875,0.0,0.0,0.0,0.0,0.0,0.0,-0.0,0.0,-30.0,0.6000023,3.8399963,35.820004,-11.520002,5.0400057,-31.200005,5.7000046,-6.4500046,2.9999955,1.3199936,9.720003,-4.7999954,0.059999086,0.0,0.0,0.0,0.0,rl_constraint,0.0,0.0,0.0,0.0,-3.289724588394165,-71.05663299560547,-87.11975860595703,-93.23228454589844,-100.6690673828125,-9.028351783752441,-6.013750076293945,0.7498553991317749,71.75601196289062,90.69349670410156,100.9898452758789,97.83869934082031,6.756679534912109,3.171234130859375,0.0,0.0,0.0,0.0
60,1.202126342000156,1789353535.3605754,17,0.0031035016,0.029035727,-0.008256743,0.0053164037,0.49798965,-71.523834,-88.19294,-99.7606,-98.44495,-9.578197,-1.089267,1.3187256,72.81644,90.94441,102.43004,96.05932,7.3681045,2.9591126,0.0,0.0,0.0,0.0,0.0,0.0,-0.0,0.0,-27.75,1.2500038,4.3200026,36.359993,-11.580002,5.2200027,-30.66,3.7999992,-7.5999985,1.9799973,-0.11999817,9.959999,-3.8399963,0.29999542,0.0,0.0,0.0,0.0,rl_constraint,0.0,0.0,0.0,0.0,-3.073798418045044,-70.87266540527344,-86.9445571899414,-92.64241027832031,-100.91513061523438,-9.139952659606934,-6.282023906707764,0.2957609295845032,71.80155181884766,90.39706420898438,100.49891662597656,97.94995880126953,6.785171985626221,3.237349510192871,0.0,0.0,0.0,0.0
61,1.2221080369999981,1789353535.380557,17,0.0031035016,0.029034922,-0.008256743,0.005296008,-0.036769867,-71.49687,-88.10182,-99.03959,-98.68638,-9.480528,-1.6883514,1.3667564,72.68641,90.97476,102.408676,96.26164,7.292024,2.9709365,0.0,0.0,0.0,0.0,0.0,0.0,-0.0,0.0,-25.5,1.6499977,5.2200027,35.760002,-12.959994,4.559999,-30.420002,1.0499954,-6.249996,1.1999954,-2.0399964,9.959999,-4.2000046,0.7200028,0.0,0.0,0.0,0.0,rl_constraint,0.0,0.0,0.0,0.0,-2.7869465351104736,-70.7247543334961,-86.76345825195312,-92.12381744384766,-101.160888671875,-9.281450271606445,-6.498379707336426,-0.19082821905612946,71.85487365722656,90.07988739013672,100.06170654296875,98.02556610107422,6.829138278961182,3.305708408355713,0.0,0.0,0.0,0.0
62,1.2422698159998617,1789353535.400719,17,0.0031035016,0.029033717,-0.008256743,0.005279012,-0.5161629,-71.456375,-87.987595,-98.31778,-98.93068,-9.40291,-2.2567017,1.3681641,72.56737,90.9827,102.33089,96.460205,7.209132,2.987265,0.0,0.0,0.0,0.0,0.0,0.0,-0.0,0.0,-22.049995,2.25,5.0400057,35.940002,-12.180006,3.2400055,-28.740002,-0.6000023,-5.499996,-0.059999086,-6.000005,9.239996,-3.9599946,1.0199982,0.0,0.0,0.0,0.0,rl_constraint,0.0,0.0,0.0,0.0,-2.4781534671783447,-70.6194839477539,-86.55863952636719,-91.68766021728516,-101.38501739501953,-9.452330589294434,-6.653157711029053,-0.6215776205062866,71.89457702636719,89.78256225585938,99.67237854003906,98.04717254638672,6.860435485839844,3.3355557918548584,0.0,0.0,0.0,0.0
63,1.2625234059996728,1789353535.4209726,17,0.0030967032,0.029032914,-0.008256743,0.005262016,-0.92448807,-71.4058,-87.87339,-97.608345,-99.172485,-9.344009,-2.7990966,1.3281898,72.450096,90.971535,102.17038,96.65095,7.1525526,3.0078368,0.0,0.0,0.0,0.0,0.0,0.0,-0.0,0.0,-18.8,2.6500053,6.5999956,34.980003,-11.039996,2.3400054,-25.860004,-3.4000053,-5.050003,-1.4400055,-9.239996,9.540006,-2.8799973,1.0199982,0.0,0.0,0.0,0.0,rl_constraint,0.0,0.0,0.0,0.0,-2.150597095489502,-70.57032012939453,-86.3570785522461,-91.34215545654297,-101.59661865234375,-9.636003494262695,-6.782406330108643,-1.0025231838226318,71.91070556640625,89.49525451660156,99.31633758544922,98.0493392944336,6.915081977844238,3.3099796772003174,0.0,0.0,0.0,0.0
64,1.282383278999987,1789353535.4408321,17,0.0030967032,0.029008813,-0.008256743,0.0052450197,-1.2638626,-71.34116,-87.75007,-96.91517,-99.41628,-9.302028,-3.3061707,1.2241058,72.35787,90.922615,101.96485,96.83295,7.088736,3.0265136,0.0,0.0,0.0,0.0,0.0,-0.0030707524,-0.0,0.0,-14.900002,3.8999977,5.8800063,34.439995,-12.6,1.3800064,-23.819994,-6.949997,-4.4000015,-3.540001,-10.319994,9.359995,-2.9399962,0.9,0.0,0.0,0.0,0.0,rl_constraint,0.0,0.0,0.0,0.0,-1.8149240016937256,-70.557861328125,-86.16466522216797,-91.11983489990234,-101.81398010253906,-9.81466007232666,-6.871999740600586,-1.3106629848480225,71.9321517944336,89.23133087158203,99.05963134765625,97.98939514160156,6.9409661293029785,3.2001535892486572,0.0,0.0,0.0,0.0
65,1.3026033699998152,1789353535.4610524,17,0.003093304,0.0289574,-0.008256743,0.005231423,-1.52742,-71.263084,-87.61058,-96.24096,-99.66157,-9.289614,-3.773337,1.0649185,72.271614,90.82792,101.7416,96.998825,7.0436783,3.0595138,0.0,0.0,0.0,0.0,0.0,-0.0032900656,-0.0,0.0,-11.100002,3.6500015,7.3199983,33.000004,-12.659999,0.059999086,-23.519999,-9.199997,-3.75,-5.579997,-11.460004,8.459994,-1.8599991,2.2800064,0.0,0.0,0.0,0.0,rl_constraint,0.0,0.0,0.0,0.0,-1.5132237672805786,-70.57969665527344,-85.97240447998047,-91.05021667480469,-101.98499298095703,-10.013561248779297,-6.925598621368408,-1.544655680656433,71.90772247314453,88.9905014038086,98.97969818115234,97.87217712402344,6.9965715408325195,3.057968854904175,0.0,0.0,0.0,0.0
66,1.3221262320003007,1789353535.4805753,17,0.0030899048,0.028830072,-0.008256743,0.005217826,-1.7179642,-71.19254,-87.47022,-95.59779,-99.904434,-9.290932,-4.203479,0.8663864,72.20945,90.70251,101.49008,97.14839,7.0121336,3.0984466,0.0,0.0,0.0,0.0,0.0,-0.009651707,-0.0,0.0,-7.749996,3.550003,7.3199983,31.5,-11.580002,-0.23999634,-20.039997,-10.350002,-3.1499977,-7.4399962,-13.080007,6.7800064,-1.1999954,1.4400055,0.0,0.0,0.0,0.0,rl_constraint,0.0,0.0,0.0,0.0,-1.228306770324707,-70.63322448730469,-85.80838775634766,-91.11320495605469,-102.11354064941406,-10.187301635742188,-6.966056823730469,-1.7013665437698364,71.89968872070312,88.77362060546875,99.02938842773438,97.71025085449219,7.070441722869873,2.8934226036071777,0.0,0.0,0.0,0.0
67,1.3422737270002472,1789353535.5007226,17,0.0030899048,0.028679848,-0.008256743,0.005204229,-1.838253,-71.11724,-87.32321,-94.993835,-100.14335,-9.302014,-4.592862,0.6490402,72.1451,90.550705,101.21991,97.28211,6.9924545,3.1195266,0.0,0.0,0.0,0.0,0.0,-0.009651727,-0.0,0.0,-4.2000046,3.6500015,7.920003,29.099995,-11.640001,-1.1399963,-17.700005,-11.25,-3.0499992,-8.640005,-13.799995,5.4,-0.7800018,0.5400055,0.0,0.0,0.0,0.0,rl_constraint,0.0,0.0,0.0,0.0,-1.012101173400879,-70.7024154663086,-85.67318725585938,-91.31407165527344,-102.17475891113281,-10.31943130493164,-6.98732328414917,-1.7437372207641602,71.86273956298828,88.59939575195312,99.197509765625,97.50263214111328,7.161685466766357,2.639983892440796,0.0,0.0,0.0,0.0
68,1.362416826000299,1789353535.5208657,17,0.0030865055,0.028508736,-0.008256743,0.0051906323,-1.8989525,-71.04803,-87.16362,-94.44206,-100.374855,-9.34173,-4.942763,0.41562653,72.10199,90.38529,100.9554,97.38511,6.986357,3.1241958,0.0,0.0,0.0,0.0,0.0,0.0,-0.0,-0.025987154,-1.9500046,3.6000023,7.8600035,26.339996,-11.280006,-2.9999955,-16.740005,-12.049999,-1.5499992,-7.499995,-12.839996,5.2800016,-0.17999725,-0.0,0.0,0.0,0.0,0.0,rl_constraint,0.0,0.0,0.0,0.0,-0.8719723224639893,-70.79838562011719,-85.54312896728516,-91.67379760742188,-102.20362854003906,-10.447060585021973,-6.971618175506592,-1.6929665803909302,71.80497741699219,88.49417877197266,99.48102569580078,97.29036712646484,7.252345561981201,2.304048538208008,0.0,0.0,0.0,0.0
69,1.3822214390002046,1789353535.5406704,17,0.0030899048,0.028364938,-0.008256743,0.0051804343,-1.9080734,-70.979614,-87.00046,-93.94507,-100.59748,-9.42182,-5.251973,0.17475128,72.08154,90.22217,100.709114,97.46466,6.9853272,3.123221,0.0,0.0,0.0,0.0,0.0,-0.009432457,-0.0,0.0,0.45000458,3.2999954,8.279997,23.040005,-10.859999,-4.440001,-14.040006,-11.850002,-0.8499985,-8.1,-11.520002,2.1599946,-0.0,-0.11999817,0.0,0.0,0.0,0.0,rl_constraint,0.0,0.0,0.0,0.0,-0.8063169121742249,-70.92698669433594,-85.41677856445312,-92.18448638916016,-102.16199493408203,-10.605158805847168,-6.902689456939697,-1.5556998252868652,71.73992156982422,88.45326232910156,99.8902816772461,97.07424926757812,7.345431804656982,1.9580333232879639,0.0,0.0,0.0,0.0
70,1.4022193569999217,1789353535.5606685,17,0.0030865055,0.028231984,-0.008256743,0.005170237,-1.8870392,-70.93506,-86.840126,-93.51667,-100.80904,-9.517443,-5.5205336,-0.064899445,72.04809,90.035965,100.49307,97.508675,6.9861374,3.1087189,0.0,0.0,0.0,0.0,0.0,-0.0030707864,-0.0,0.0,2.0000038,1.5999985,7.8600035,19.8,-9.780002,-4.7399964,-12.6,-11.449997,-2.800003,-9.179997,-9.959999,1.8599991,-0.0,-1.4400055,0.0,0.0,0.0,0.0,rl_constraint,0.0,0.0,0.0,0.0,-0.7840831279754639,-71.09980010986328,-85.29545593261719,-92.83991241455078,-102.04882049560547,-10.758488655090332,-6.777284622192383,-1.3516333103179932,71.65174865722656,88.45408630371094,100.4149398803711,96.86817932128906,7.4411301612854,1.6161482334136963,0.0,0.0,0.0,0.0
71,1.4222226649999357,1789353535.5806718,17,0.0030865055,0.028086176,-0.008256743,0.005160039,-1.8168297,-70.903404,-86.69023,-93.17752,-101.00087,-9.62324,-5.7565064,-0.2850151,71.99132,89.83632,100.308914,97.52896,6.990518,3.0563278,0.0,0.0,0.0,0.0,0.0,-0.009432495,-0.0,0.0,4.749996,1.5499992,7.6800065,15.000005,-9.540006,-4.8599944,-10.620003,-10.200005,-2.8500023,-9.720003,-7.920003,0.29999542,0.41999358,-3.7199981,0.0,0.0,0.0,0.0,rl_constraint,0.0,0.0,0.0,0.0,-0.8047336935997009,-71.267822265625,-85.22091674804688,-93.6156005859375,-101.87496948242188,-10.87559700012207,-6.605163097381592,-1.047803521156311,71.5289077758789,88.50415802001953,100.99269104003906,96.7094497680664,7.53472375869751,1.240238070487976,0.0,0.0,0.0,0.0
72,1.4421829880002406,1789353535.600632,17,0.003076308,0.027619831,-0.008256743,0.0051498413,-1.7164879,-70.87759,-86.527115,-92.93615,-101.17246,-9.733887,-5.9528594,-0.4709587,71.958015,89.65492,100.17551,97.527626,7.006421,2.9465606,0.0,0.0,0.0,0.0,0.0,-0.038389377,-0.0,0.0,4.5,0.70000076,7.7400055,9.959999,-7.920003,-5.6999955,-9.0,-8.549995,-1.0999947,-7.4399962,-4.440001,-0.23999634,1.0199982,-6.0600038,0.0,0.0,0.0,0.0,rl_constraint,0.0,0.0,0.0,0.0,-0.9020181894302368,-71.46625518798828,-85.14088439941406,-94.50428771972656,-101.64496612548828,-10.977846145629883,-6.373316287994385,-0.6677041053771973,71.39817810058594,88.60643768310547,101.58148193359375,96.6147689819336,7.660395622253418,0.7935770153999329,0.0,0.0,0.0,0.0
73,1.462685708999743,1789353535.6211348,17,0.0029097453,0.027411764,-0.008256743,0.005139644,-1.615654,-70.87545,-86.36494,-92.77468,-101.321976,-9.851715,-6.1142073,-0.6295624,71.932915,89.50005,100.11948,97.50296,7.038968,2.8171692,0.0,0.0,0.0,0.0,0.0,-0.009432585,-0.0,0.0,5.1500015,-0.19999695,7.080002,5.519998,-6.359999,-5.6399965,-7.140001,-6.75,-1.300003,-7.499995,-1.5000045,-2.4600036,2.4600036,-7.920003,0.0,0.0,0.0,0.0,rl_constraint,0.0,0.0,0.0,0.0,-1.015981674194336,-71.62723541259766,-85.08867645263672,-95.46078491210938,-101.37423706054688,-11.081214904785156,-6.075869083404541,-0.2868032157421112,71.25010681152344,88.74785614013672,102.21092224121094,96.54129028320312,7.818336009979248,0.40908199548721313,0.0,0.0,0.0,0.0
74,1.4826520930000697,1789353535.6411011,17,0.0028689546,0.02726997,-0.008256743,0.005132845,-1.5234604,-70.88584,-86.21823,-92.72554,-101.430695,-9.968046,-6.229399,-0.7344818,71.90434,89.35426,100.113,97.43692,7.085646,2.6618774,0.0,0.0,0.0,0.0,0.0,-0.01272315,-0.0,0.0,4.7999954,-0.9999962,7.7400055,-0.3599945,-4.8599944,-5.8800063,-5.2800016,-4.5999985,-2.1500015,-7.2,0.60000455,-4.2000046,2.4000046,-8.159999,0.0,0.0,0.0,0.0,rl_constraint,0.0,0.0,0.0,0.0,-1.1660690307617188,-71.77610778808594,-85.06661224365234,-96.50223541259766,-101.06303405761719,-11.191102027893066,-5.678045272827148,0.15113937854766846,71.11505126953125,88.88719940185547,102.81783294677734,96.47359466552734,8.014780044555664,0.09935960918664932,0.0,0.0,0.0,0.0
75,1.5024644579998494,1789353535.6609135,17,0.0028519584,0.026699988,-0.008253343,0.0051226476,-1.4341049,-70.92284,-86.07704,-92.764366,-101.511856,-10.091822,-6.310519,-0.79907227,71.834076,89.2193,100.16474,97.36103,7.15063,2.4699464,0.0,0.0,0.0,0.0,0.0,-0.032028053,-0.0,0.0,3.550003,-2.6500053,7.080002,-4.3200026,-2.5200028,-6.2400007,-2.6400008,-1.4500008,-4.2000046,-6.2400007,4.9199934,-3.7799973,3.6,-9.359995,0.0,0.0,0.0,0.0,rl_constraint,0.0,0.0,0.0,0.0,-1.3171169757843018,-71.84493255615234,-85.08290100097656,-97.56636810302734,-100.70703125,-11.335725784301758,-5.223637104034424,0.5609054565429688,70.97838592529297,88.99769592285156,103.34989166259766,96.4813003540039,8.255576133728027,-0.16288697719573975,0.0,0.0,0.0,0.0
76,1.5221059180003067,1789353535.680555,17,0.002848559,0.026469825,-0.008253343,0.005115849,-1.3684616,-70.987724,-85.94831,-92.915634,-101.54651,-10.21068,-6.334758,-0.8135834,71.77192,89.11838,100.29548,97.26976,7.2284956,2.274266,0.0,0.0,0.0,0.0,0.0,-0.016452515,-0.0,0.0,3.1499977,-3.2499962,5.519998,-11.219994,-0.8400009,-5.8800063,0.0,0.19999695,-2.1500015,-4.019994,8.399996,-5.2200027,3.480002,-10.8,0.0,0.0,0.0,0.0,rl_constraint,0.0,0.0,0.0,0.0,-1.4755321741104126,-71.85395812988281,-85.1381607055664,-98.70465850830078,-100.32534790039062,-11.521197319030762,-4.638391494750977,0.9532654285430908,70.85077667236328,89.09473419189453,103.85560607910156,96.5083999633789,8.518885612487793,-0.3010185956954956,0.0,0.0,0.0,0.0
77,1.5423782090001623,1789353535.7008271,17,0.0028417606,0.026393505,-0.008253343,0.0051056514,-1.3093643,-71.054306,-85.822624,-93.192184,-101.549255,-10.336377,-6.3283587,-0.79172516,71.72405,89.063515,100.52368,97.180336,7.3095613,2.0415893,0.0,0.0,0.0,0.0,0.0,-0.0030708665,-0.0,0.0,2.25,-3.7000008,6.1200027,-16.499996,0.11999817,-6.1200027,1.0799973,2.6500053,-3.7000008,-1.9799973,12.719998,-4.2000046,4.7999954,-11.999995,0.0,0.0,0.0,0.0,rl_constraint,0.0,0.0,0.0,0.0,-1.616361141204834,-71.78683471679688,-85.21851348876953,-99.86793518066406,-99.96533203125,-11.757790565490723,-4.008711338043213,1.3003108501434326,70.73278045654297,89.18445587158203,104.25395965576172,96.54447937011719,8.767247200012207,-0.4011487364768982,0.0,0.0,0.0,0.0
78,1.5623332929999378,1789353535.7207823,17,0.0028383613,0.026383463,-0.008253343,0.005098853,-1.2799187,-71.14148,-85.71172,-93.57955,-101.52341,-10.457762,-6.273509,-0.7127037,71.6307,89.01292,100.800674,97.09022,7.413423,1.7975143,0.0,0.0,0.0,0.0,0.0,0.0,-0.0,0.0,0.75,-4.4000015,5.0400057,-22.019993,2.7,-6.359999,4.5,5.3499985,-4.300003,-2.2800064,14.819994,-4.2600036,4.9199934,-12.839996,0.0,0.0,0.0,0.0,rl_constraint,0.0,0.0,0.0,0.0,-1.6890934705734253,-71.60840606689453,-85.33906555175781,-101.0040054321289,-99.62162017822266,-12.035264015197754,-3.3135228157043457,1.5530637502670288,70.65985870361328,89.15924835205078,104.47412872314453,96.61290740966797,9.03232479095459,-0.42595618963241577,0.0,0.0,0.0,0.0
79,1.5822344259995589,1789353535.7406836,17,0.0028349622,0.026379848,-0.008253343,0.0050886553,-1.2728348,-71.221825,-85.61956,-94.06427,-101.43843,-10.587236,-6.148801,-0.566597,71.552765,88.98761,101.09993,97.009125,7.5147996,1.550061,0.0,0.0,0.0,0.0,0.0,0.0,-0.0,0.0,0.0,-3.75,3.9599946,-25.800005,5.2800016,-6.1800017,7.980002,8.200001,-4.3500023,-0.41999358,15.240001,-3.3000045,6.359999,-11.819998,0.0,0.0,0.0,0.0,rl_constraint,0.0,0.0,0.0,0.0,-1.7217631340026855,-71.34642028808594,-85.48189544677734,-102.11815643310547,-99.28865814208984,-12.369667053222656,-2.483466863632202,1.760835886001587,70.57576751708984,89.09039306640625,104.4993667602539,96.68516540527344,9.28679084777832,-0.39009353518486023,0.0,0.0,0.0,0.0
80,1.602277492000212,1789353535.7607265,17,0.0028213651,0.026376233,-0.008253343,0.0050818566,-1.2753639,-71.294334,-85.54712,-94.629814,-101.30536,-10.723261,-5.95724,-0.3900032,71.456604,88.97885,101.42851,96.93991,7.6557817,1.3039672,0.0,0.0,0.0,0.0,0.0,0.0,-0.0,0.0,-0.19999695,-3.0999985,3.480002,-31.080006,7.4399962,-7.3199983,11.340006,9.400005,-4.2000046,-0.41999358,17.219997,-3.480002,6.7199936,-12.659999,0.0,0.0,0.0,0.0,rl_constraint,0.0,0.0,0.0,0.0,-1.6423503160476685,-71.02931213378906,-85.6368179321289,-103.18364715576172,-98.99044036865234,-12.743715286254883,-1.559783697128296,1.8399416208267212,70.50077819824219,88.92875671386719,104.36746978759766,96.75801086425781,9.587769508361816,-0.29068270325660706,0.0,0.0,0.0,0.0
81,1.6222218209995845,1789353535.780671,17,0.002804369,0.02637302,-0.008249944,0.0050648605,-1.2886848,-71.344315,-85.486595,-95.29655,-101.14474,-10.872002,-5.713385,-0.19503021,71.37046,88.97736,101.77001,96.877205,7.8020096,1.0774567,0.0,0.0,0.0,0.0,0.0,0.0,-0.0,0.0,-1.1500053,-2.1000023,2.2199936,-34.559994,8.459994,-7.2599993,13.5,9.849998,-5.1500015,0.0,17.1,-2.5200028,7.920003,-11.400004,0.0,0.0,0.0,0.0,rl_constraint,0.0,0.0,0.0,0.0,-1.4535648822784424,-70.67318725585938,-85.78988647460938,-104.21707916259766,-98.7469482421875,-13.158917427062988,-0.5824665427207947,1.7916927337646484,70.48699951171875,88.6640396118164,104.07616424560547,96.82123565673828,9.884381294250488,-0.10533047467470169,0.0,0.0,0.0,0.0
82,1.6420606479996422,1789353535.8005097,17,0.0027907721,0.02637101,-0.008249944,0.005044465,-1.3175812,-71.377464,-85.45129,-96.02066,-100.95914,-11.034297,-5.4030485,0.011238098,71.2719,88.97369,102.10903,96.83324,7.9621215,0.86918336,0.0,0.0,0.0,0.0,0.0,0.0,-0.0,0.0,-1.5499992,-1.2000046,1.1999954,-37.86,9.600004,-8.279997,17.219997,10.400002,-4.699997,-0.23999634,15.659994,-1.6800019,8.040001,-9.179997,0.0,0.0,0.0,0.0,rl_constraint,0.0,0.0,0.0,0.0,-1.1848313808441162,-70.26757049560547,-85.96578216552734,-105.14421844482422,-98.56713104248047,-13.572470664978027,0.4483233392238617,1.6788628101348877,70.48489379882812,88.3318862915039,103.65139770507812,96.90567016601562,10.160238265991211,0.12959814071655273,0.0,0.0,0.0,0.0
83,1.6618546350000543,1789353535.8203037,17,0.0027805744,0.026369805,-0.008249944,0.0050240695,-1.3490067,-71.3843,-85.44229,-96.803505,-100.75115,-11.22101,-5.02652,0.21969223,71.18076,88.97032,102.41793,96.80917,8.139345,0.6915344,0.0,0.0,0.0,0.0,0.0,0.0,-0.0,0.0,-1.4500008,0.29999542,0.0,-40.62,10.139997,-9.840001,19.919998,10.549999,-4.7999954,-0.29999542,14.639997,-1.1399963,9.480006,-8.339996,0.0,0.0,0.0,0.0,rl_constraint,0.0,0.0,0.0,0.0,-0.8045111894607544,-69.89199829101562,-86.11863708496094,-105.9676284790039,-98.4561538696289,-13.990407943725586,1.5195995569229126,1.5123590230941772,70.49894714355469,87.94971466064453,103.10687255859375,97.01834106445312,10.414987564086914,0.41114452481269836,0.0,0.0,0.0,0.0
84,1.6820770160002212,1789353535.840526,17,0.0027703766,0.026369002,-0.008232947,0.0050070733,-1.3723412,-71.358734,-85.445496,-97.63778,-100.53139,-11.430574,-4.5802965,0.4212799,71.092415,88.95393,102.6856,96.78732,8.333089,0.5445099,0.0,0.0,0.0,0.0,0.0,0.0,-0.0,0.0,-0.75,2.6500053,-0.23999634,-42.36,11.340006,-10.620003,23.280003,9.349995,-3.949997,-1.2599945,11.819998,-0.7800018,10.319994,-5.9400053,0.0,0.0,0.0,0.0,rl_constraint,0.0,0.0,0.0,0.0,-0.29050371050834656,-69.56981658935547,-86.20063781738281,-106.6986083984375,-98.39698791503906,-14.394393920898438,2.6285178661346436,1.2527973651885986,70.5229721069336,87.52354431152344,102.42638397216797,97.15193176269531,10.655284881591797,0.6948264241218567,0.0,0.0,0.0,0.0
85,1.7022405730003811,1789353535.8606896,17,0.0027601789,0.026368601,-0.008215952,0.004990077,-1.3766098,-71.27685,-85.458664,-98.50387,-100.30409,-11.661837,-4.0628676,0.6059303,71.009026,88.91067,102.891396,96.78124,8.5404415,0.43807983,0.0,0.0,0.0,0.0,0.0,0.0,-0.0,0.0,0.34999466,5.000004,-1.0799973,-44.1,11.280006,-10.979998,27.0,8.549995,-4.0499954,-2.8199983,8.279997,0.0,10.680002,-4.1400056,0.0,0.0,0.0,0.0,rl_constraint,0.0,0.0,0.0,0.0,0.3569355309009552,-69.32750701904297,-86.1953125,-107.31043243408203,-98.39033508300781,-14.762457847595215,3.7571797370910645,0.9701860547065735,70.56034088134766,87.0792236328125,101.66014099121094,97.32733154296875,10.880256652832031,0.9716693758964539,0.0,0.0,0.0,0.0
86,1.7217843810003615,1789353535.8802335,17,0.0027533805,0.026369404,-0.008198955,0.0049764803,-1.3541222,-71.16369,-85.499176,-99.39217,-100.076355,-11.911364,-3.474481,0.7581482,70.92972,88.83945,103.02098,96.7826,8.751819,0.37199706,0.0,0.0,0.0,0.0,0.0,0.0,-0.0,0.0,2.1500015,6.4500046,-2.9999955,-44.28,10.740001,-14.160004,32.34,6.6500015,-3.0999985,-3.7799973,5.1600037,0.11999817,10.139997,-1.8,0.0,0.0,0.0,0.0,rl_constraint,0.0,0.0,0.0,0.0,1.0999950170516968,-69.17877197265625,-86.14866638183594,-107.80883026123047,-98.41254425048828,-15.06553840637207,4.902801990509033,0.6822396516799927,70.60800170898438,86.63502502441406,100.83428192138672,97.53202819824219,11.062495231628418,1.2401002645492554,0.0,0.0,0.0,0.0
87,1.742207899999812,1789353535.900657,17,0.002746582,0.02637061,-0.008181959,0.0049628834,-1.2801704,-71.02032,-85.57023,-100.282074,-99.85997,-12.1856365,-2.818872,0.87210846,70.87498,88.74095,103.07178,96.793564,8.974882,0.34387207,0.0,0.0,0.0,0.0,-0.025987154,0.0,0.025987154,0.0,5.000004,8.050003,-3.9599946,-44.640007,10.500005,-15.060003,33.840004,5.1000023,-3.199997,-6.960004,-0.23999634,1.0799973,11.159994,-0.4800064,0.0,0.0,0.0,0.0,rl_constraint,0.0,0.0,0.0,0.0,1.920122742652893,-69.11682891845703,-86.06736755371094,-108.1972427368164,-98.46002960205078,-15.310042381286621,6.033599376678467,0.4064846634864807,70.67192077636719,86.19990539550781,99.97977447509766,97.73530578613281,11.229973793029785,1.4833918809890747,0.0,0.0,0.0,0.0
88,1.7617495120002786,1789353535.9201987,17,0.0027363843,0.026372617,-0.008168362,0.0049492866,-1.1456108,-70.85106,-85.65158,-101.16247,-99.65867,-12.47168,-2.103772,0.94101334,70.81105,88.59022,103.04211,96.838066,9.205884,0.34633026,0.0,0.0,0.0,0.0,0.0,0.0,-0.0,0.0,8.349998,8.750004,-4.0800066,-43.2,9.780002,-15.539996,36.780003,2.050003,-2.8500023,-8.1,-2.8199983,3.1800065,11.159994,0.60000455,0.0,0.0,0.0,0.0,rl_constraint,0.0,0.0,0.0,0.0,2.7539234161376953,-69.07119750976562,-85.97109985351562,-108.50835418701172,-98.52669525146484,-15.507173538208008,7.109455585479736,0.12889772653579712,70.7332992553711,85.78077697753906,99.1307373046875,97.91487884521484,11.404232025146484,1.6808518171310425,0.0,0.0,0.0,0.0
89,1.7823046989997238,1789353535.9407537,17,0.0027261865,0.026386274,-0.008154765,0.0049390886,-0.9513359,-70.671,-85.7236,-102.01947,-99.474144,-12.773268,-1.3248962,0.9631691,70.771126,88.40399,102.93168,96.900955,9.431776,0.38125306,0.0,0.0,0.0,0.0,0.0,0.0030708667,-0.0,0.0,11.299999,9.450005,-2.9999955,-41.819992,9.179997,-14.699995,40.440002,0.40000534,-1.7499962,-9.600004,-9.119998,3.3600037,10.979998,3.480002,0.0,0.0,0.0,0.0,rl_constraint,0.0,0.0,0.0,0.0,3.5272293090820312,-69.0458984375,-85.83041381835938,-108.74441528320312,-98.58863067626953,-15.686684608459473,8.142362594604492,-0.07204557955265045,70.78726196289062,85.42334747314453,98.35363006591797,98.02359008789062,11.588671684265137,1.8402458429336548,0.0,0.0,0.0,0.0
90,1.8023900649995994,1789353535.9608393,17,0.002715989,0.026395915,-0.008144568,0.0049254918,-0.6913376,-70.4893,-85.780785,-102.836754,-99.31587,-13.07667,-0.49534607,0.9639015,70.751236,88.18379,102.69337,96.98059,9.657285,0.47037965,0.0,0.0,0.0,0.0,0.0,0.0,-0.0,-0.025987154,14.499996,9.0,-2.5200028,-39.360004,8.1,-14.280002,43.740005,-0.40000534,-0.55000305,-11.460004,-14.280002,4.559999,10.319994,5.8199935,0.0,0.0,0.0,0.0,rl_constraint,0.0,0.0,0.0,0.0,4.247171878814697,-69.0006332397461,-85.67066955566406,-108.89836883544922,-98.63661193847656,-15.852941513061523,9.095649719238281,-0.13894855976104736,70.83966064453125,85.12930297851562,97.62266540527344,98.04010772705078,11.768917083740234,2.0059027671813965,0.0,0.0,0.0,0.0
91,1.8217624629996862,1789353535.9802115,17,0.0022638906,0.026400736,-0.00813097,0.0049152942,-0.36748123,-70.311714,-85.82348,-103.605194,-99.1811,-13.380304,0.37435913,0.9351311,70.7378,87.93486,102.3704,97.07839,9.880705,0.5965576,0.0,0.0,0.0,0.0,-0.025987154,0.0,-0.0,0.0,17.650005,8.499996,-1.3800064,-37.259995,5.579997,-16.020002,43.439995,-2.449997,-0.8999977,-13.5,-17.94,4.2000046,10.680002,6.419998,0.0,0.0,0.0,0.0,rl_constraint,0.0,0.0,0.0,0.0,4.840054988861084,-68.924560546875,-85.50397491455078,-108.99874877929688,-98.66082763671875,-16.01677131652832,9.953047752380371,-0.0979265496134758,70.90481567382812,84.88340759277344,97.0029525756836,97.9743881225586,11.958161354064941,2.1472461223602295,0.0,0.0,0.0,0.0
92,1.8421944669998993,1789353536.0006435,17,0.002182309,0.026403546,-0.008120772,0.0049050963,0.015964508,-70.14266,-85.84751,-104.32208,-99.064026,-13.674421,1.2773117,0.8640518,70.7149,87.655624,101.98763,97.17562,10.0985775,0.7285309,0.0,0.0,0.0,0.0,-0.027843136,0.0,-0.0,0.0,20.650005,8.399998,-0.60000455,-34.14,4.9199934,-14.220003,44.88,-3.75,-1.0499954,-14.639997,-20.460003,5.340001,10.139997,6.960004,0.0,0.0,0.0,0.0,rl_constraint,0.0,0.0,0.0,0.0,5.272549152374268,-68.8313980102539,-85.33723449707031,-109.06446075439453,-98.66610717773438,-16.173534393310547,10.694788932800293,0.06541164964437485,70.97101593017578,84.70198822021484,96.5286636352539,97.84647369384766,12.143377304077148,2.189697504043579,0.0,0.0,0.0,0.0
93,1.8617540049999661,1789353536.020203,17,0.002168712,0.026405154,-0.008110575,0.0048948987,0.45232773,-69.98268,-85.851944,-104.9731,-98.98208,-13.961247,2.205066,0.77633286,70.707985,87.36295,101.55082,97.276794,10.312935,0.8677139,0.0,0.0,0.0,0.0,0.0,0.0,-0.0,0.0,22.649998,7.5999985,0.11999817,-30.899996,3.8999953,-13.320003,48.059994,-5.25,0.0,-14.280002,-22.859995,4.2000046,10.440005,7.080002,0.0,0.0,0.0,0.0,rl_constraint,0.0,0.0,0.0,0.0,5.57778787612915,-68.73206329345703,-85.17263793945312,-109.05245971679688,-98.65091705322266,-16.32836151123047,11.315385818481445,0.3414789140224457,71.04541015625,84.60401153564453,96.17988586425781,97.66996002197266,12.319345474243164,2.140580177307129,0.0,0.0,0.0,0.0
94,1.882353979999607,1789353536.040803,17,0.0021653129,0.026405554,-0.008100377,0.0048847008,0.9253578,-69.83654,-85.84746,-105.562805,-98.90399,-14.2309065,3.1385467,0.6789093,70.7099,87.07508,101.07396,97.36254,10.523241,1.0108246,0.0,0.0,0.0,0.0,0.0,0.0,-0.0,0.0,24.450005,7.0499954,0.5400055,-28.500004,3.3600037,-13.320003,46.139996,-4.4000015,0.19999695,-15.000005,-25.140001,4.2600036,10.859999,6.960004,0.0,0.0,0.0,0.0,rl_constraint,0.0,0.0,0.0,0.0,5.690707683563232,-68.6152114868164,-85.0622329711914,-109.01477813720703,-98.61820983886719,-16.456193923950195,11.790351867675781,0.7092689871788025,71.12268829345703,84.60037994384766,95.9852066040039,97.47582244873047,12.459197998046875,2.013268232345581,0.0,0.0,0.0,0.0
95,1.9020947330000126,1789353536.0605438,17,0.0021619136,0.026404751,-0.008090179,0.0048745032,1.4185524,-69.695595,-85.82793,-106.09743,-98.85184,-14.490582,4.0700088,0.592083,70.718666,86.78397,100.5601,97.44703,10.726639,1.1543747,0.0,0.0,0.0,0.0,0.0,0.0,-0.0,0.0,24.75,6.6500015,1.6200027,-24.719994,1.3800064,-13.080007,46.8,-3.9999962,0.79999924,-13.739996,-25.920002,3.2400055,9.720003,6.539996,0.0,0.0,0.0,0.0,rl_constraint,0.0,0.0,0.0,0.0,5.607257843017578,-68.4791488647461,-84.98155975341797,-108.93379211425781,-98.57704162597656,-16.559566497802734,12.130326271057129,1.1959505081176758,71.20832824707031,84.6824722290039,95.9387435913086,97.27745819091797,12.557964324951172,1.8143826723098755,0.0,0.0,0.0,0.0
96,1.9222492649996639,1789353536.0806983,17,0.0021585145,0.02640194,-0.008079982,0.0048643057,1.9134521,-69.5636,-85.7813,-106.555954,-98.81675,-14.736841,4.9817505,0.53946304,70.7508,86.50985,100.042534,97.49287,10.92924,1.2825165,0.0,0.0,0.0,0.0,0.0,0.0,-0.0,0.0,24.500004,6.249996,2.6400008,-21.059994,2.3400054,-11.939997,44.459995,-1.4000015,2.449997,-13.859995,-25.860004,2.4000046,9.540006,6.479997,0.0,0.0,0.0,0.0,rl_constraint,0.0,0.0,0.0,0.0,5.346480369567871,-68.36380004882812,-84.90145111083984,-108.76549530029297,-98.51806640625,-16.637311935424805,12.307807922363281,1.7422494888305664,71.27375793457031,84.87212371826172,96.0632553100586,97.081787109375,12.612811088562012,1.540614128112793,0.0,0.0,0.0,0.0
97,1.9422682650001661,1789353536.1007173,17,0.0021347196,0.026369002,-0.007974606,0.004857507,2.3898926,-69.433044,-85.71125,-106.9494,-98.77701,-14.97111,5.864928,0.5238075,70.793564,86.25514,99.535416,97.528076,11.123301,1.3939728,0.0,0.0,0.0,0.0,0.0,0.0,-0.0,0.0,22.900005,6.0,4.3200026,-18.06,1.740001,-10.919998,43.920002,0.0,1.7499962,-11.999995,-24.659994,1.0799973,9.720003,4.6799974,0.0,0.0,0.0,0.0,rl_constraint,0.0,0.0,0.0,0.0,4.9366655349731445,-68.27946472167969,-84.8374252319336,-108.5595703125,-98.42252349853516,-16.66690444946289,12.36379623413086,2.3760569095611572,71.29927825927734,85.15743255615234,96.36998748779297,96.94261169433594,12.614314079284668,1.2333565950393677,0.0,0.0,0.0,0.0
98,1.9621265129999301,1789353536.1205754,17,0.002110925,0.026302725,-0.007910021,0.0048473096,2.8271027,-69.31086,-85.625694,-107.29308,-98.73369,-15.191757,6.6966753,0.5348053,70.83011,86.020424,99.059364,97.53815,11.310905,1.4784027,0.0,0.0,0.0,0.0,0.0,-0.0030708702,0.025987154,0.0,20.700005,6.0,4.0800066,-15.599996,2.1599946,-10.079997,41.160004,1.5,1.3500023,-10.620003,-22.56,-0.059999086,9.780002,4.380002,0.0,0.0,0.0,0.0,rl_constraint,0.0,0.0,0.0,0.0,4.389062881469727,-68.28860473632812,-84.7782974243164,-108.31787872314453,-98.30646514892578,-16.628503799438477,12.290899276733398,2.980498790740967,71.28260803222656,85.47730255126953,96.81764221191406,96.93499755859375,12.562301635742188,0.9018899202346802,0.0,0.0,0.0,0.0
99,1.982428680999874,1789353536.1408777,17,0.0020973282,0.026180612,-0.007876028,0.004816716,3.2109718,-69.19333,-85.542175,-107.57351,-98.699356,-15.39153,7.4705796,0.5991211,70.86902,85.82084,98.63659,97.535286,11.486755,1.5346115,0.0,0.0,0.0,0.0,0.0,-0.00965207,-0.0,0.0,17.599995,6.199997,4.380002,-12.360003,1.3800064,-9.9,36.179996,4.5,2.9000015,-8.459994,-19.979998,-0.29999542,8.279997,1.4400055,0.0,0.0,0.0,0.0,rl_constraint,0.0,0.0,0.0,0.0,3.712205410003662,-68.36695861816406,-84.73351287841797,-108.01441192626953,-98.18716430664062,-16.4913387298584,12.123620986938477,3.5502002239227295,71.21865844726562,85.83030700683594,97.38719177246094,97.0572280883789,12.455254554748535,0.5808062553405762,0.0,0.0,0.0,0.0
100,2.0023245499996847,1789353536.1607735,17,0.002080332,0.025729118,-0.007852233,0.0047827237,3.5221138,-69.07732,-85.451675,-107.785255,-98.67041,-15.574658,8.174295,0.7306366,70.928986,85.6776,98.26551,97.510735,11.648529,1.5449798,0.0,0.0,0.0,0.0,0.0,-0.015794724,-0.0,0.0,13.150005,5.3999977,4.2000046,-8.880002,1.1399963,-8.640005,34.08,9.0,3.1499977,-5.6999955,-16.920002,-2.1599946,7.8600035,-0.0,0.0,0.0,0.0,0.0,rl_constraint,0.0,0.0,0.0,0.0,2.9590210914611816,-68.51959991455078,-84.67523193359375,-107.62386322021484,-98.05669403076172,-16.269399642944336,11.84507942199707,4.078221797943115,71.11932373046875,86.23176574707031,98.00812530517578,97.29131317138672,12.29257869720459,0.2432257980108261,0.0,0.0,0.0,0.0
101,2.02226243000041,1789353536.1807115,17,0.0014548727,0.025481276,-0.007828439,0.00475553,3.7474937,-68.972824,-85.37141,-107.93796,-98.64413,-15.73131,8.795695,0.9330139,70.97763,85.584114,97.96746,97.46099,11.788605,1.5397202,0.0,0.0,0.0,0.0,-0.025987154,-0.0063615358,-0.0,0.0,8.800003,4.749996,3.8399963,-6.960004,1.6800019,-7.6199937,29.640001,11.200001,1.9500046,-3.540001,-12.360003,-2.9399962,6.0600038,-0.9,0.0,0.0,0.0,0.0,rl_constraint,0.0,0.0,0.0,0.0,2.1712944507598877,-68.70362091064453,-84.63711547851562,-107.21732330322266,-97.90127563476562,-15.969120979309082,11.465408325195312,4.485591411590576,70.95902252197266,86.65172576904297,98.68710327148438,97.61900329589844,12.085733413696289,-0.0033210725523531437,0.0,0.0,0.0,0.0
102,2.0424697970001944,1789353536.2009187,17,0.0013528956,0.025401743,-0.007808043,0.004731735,3.8805542,-68.87849,-85.29031,-108.03073,-98.59498,-15.862143,9.344531,1.1831474,71.00008,85.52666,97.7616,97.41359,11.903948,1.4938247,0.0,0.0,0.0,0.0,0.0,-0.0030709095,-0.0,0.0,4.3500023,4.450001,3.8999953,-2.8199983,2.7,-5.6999955,25.140001,13.350002,0.6000023,-1.8599991,-7.2,-1.3800064,4.980006,-3.6,0.0,0.0,0.0,0.0,rl_constraint,0.0,0.0,0.0,0.0,1.338658094406128,-68.93341064453125,-84.59224700927734,-106.81808471679688,-97.73865509033203,-15.60291576385498,11.02900505065918,4.798453330993652,70.7255630493164,87.07413482666016,99.40342712402344,98.05209350585938,11.853281021118164,-0.2200067788362503,0.0,0.0,0.0,0.0
103,2.062047481999798,1789353536.2204967,17,0.0013121048,0.02525593,-0.0077876477,0.00471134,3.9186516,-68.80917,-85.21422,-108.06664,-98.532616,-15.954936,9.776486,1.4566383,71.01757,85.5231,97.6504,97.390076,11.989009,1.3944123,0.0,0.0,0.0,0.0,0.0,-0.012723514,-0.0,-0.027843136,-0.40000534,2.9000015,3.7199981,-0.8400009,3.9599946,-3.8999953,19.139996,15.049999,1.3500023,0.9599991,-3.3600037,-0.8400009,3.6,-6.7199936,0.0,0.0,0.0,0.0,rl_constraint,0.0,0.0,0.0,0.0,0.4933575689792633,-69.14836120605469,-84.5641098022461,-106.388427734375,-97.61628723144531,-15.190604209899902,10.460116386413574,4.925321102142334,70.43607330322266,87.46943664550781,100.06609344482422,98.5586166381836,11.604401588439941,-0.4295739531517029,0.0,0.0,0.0,0.0
104,2.082379360000232,1789353536.2408285,17,0.00015976405,0.025125781,-0.0077706515,0.004694344,3.8704376,-68.76633,-85.14311,-108.06776,-98.467545,-16.01006,10.125522,1.7680779,71.04179,85.57227,97.632996,97.3857,12.053004,1.2584015,0.0,0.0,0.0,0.0,-0.053833686,-0.0030709216,-0.0,-0.025987154,-5.050003,1.4500008,3.4200027,0.4800064,3.3600037,-1.6800019,15.840006,16.400002,0.34999466,4.3200026,0.4800064,0.059999086,2.0999954,-6.479997,0.0,0.0,0.0,0.0,rl_constraint,0.0,0.0,0.0,0.0,-0.3069678843021393,-69.30445861816406,-84.54511260986328,-105.96118927001953,-97.52572631835938,-14.778457641601562,9.8776273727417,4.88023042678833,70.1142349243164,87.81224060058594,100.64464569091797,99.04945373535156,11.37895679473877,-0.5923873782157898,0.0,0.0,0.0,0.0
105,2.1022019319998435,1789353536.260651,17,-0.000288935,0.025100878,-0.0077536553,0.0046807467,3.7020836,-68.74534,-85.065506,-108.01837,-98.401695,-16.028435,10.38072,2.1025658,71.04046,85.68692,97.68017,97.40212,12.065707,1.1013794,0.0,0.0,0.0,0.0,0.0,0.0,-0.0,0.0,-11.299999,0.70000076,4.5,5.2800016,3.9599946,-0.0,9.660004,17.2,-0.34999466,7.020003,4.5,2.0399964,-0.0,-7.3199983,0.0,0.0,0.0,0.0,rl_constraint,0.0,0.0,0.0,0.0,-1.0322681665420532,-69.38458251953125,-84.50889587402344,-105.54049682617188,-97.4696273803711,-14.396612167358398,9.268928527832031,4.6493024826049805,69.73233032226562,88.13996124267578,101.09642028808594,99.49629211425781,11.125631332397461,-0.6813089847564697,0.0,0.0,0.0,0.0
106,2.1220903459998226,1789353536.2805393,17,-0.00030253193,0.025035,-0.0077400585,0.00466715,3.432541,-68.743515,-84.98337,-107.883026,-98.31135,-16.015224,10.533719,2.443348,71.01787,85.85022,97.82494,97.47349,12.064115,0.93949586,0.0,0.0,0.0,0.0,0.0,-0.0030709256,-0.0,0.0,-15.450005,-0.19999695,3.2400055,7.2,4.2000046,1.9199982,5.340001,16.649998,-2.2999992,9.059999,10.440005,4.3200026,-0.23999634,-7.8600035,0.0,0.0,0.0,0.0,rl_constraint,0.0,0.0,0.0,0.0,-1.6413280963897705,-69.40010070800781,-84.44950866699219,-105.05831146240234,-97.42989349365234,-14.083393096923828,8.600979804992676,4.234879493713379,69.31927490234375,88.39752960205078,101.44941711425781,99.90322875976562,10.920088768005371,-0.6556138396263123,0.0,0.0,0.0,0.0
107,2.1425143690003097,1789353536.3009634,17,-0.00031272965,0.02502335,-0.0077264616,0.004653553,3.0964165,-68.7615,-84.93525,-107.709656,-98.2306,-15.937825,10.598236,2.7522469,70.94414,86.0408,98.07768,97.603874,12.0446825,0.77258605,0.0,0.0,0.0,0.0,0.0,0.0,-0.0,0.0,-18.450005,-1.9000053,2.0399964,9.0,3.8399963,5.2200027,0.8400009,14.200001,-4.3500023,10.079997,14.040006,8.279997,-1.8599991,-8.279997,0.0,0.0,0.0,0.0,rl_constraint,0.0,0.0,0.0,0.0,-2.0939435958862305,-69.33777618408203,-84.43903350830078,-104.56449127197266,-97.42005157470703,-13.761157035827637,7.927164077758789,3.669464349746704,68.89784240722656,88.57051086425781,101.71092224121094,100.27569580078125,10.766325950622559,-0.5394492745399475,0.0,0.0,0.0,0.0
108,2.162088512999617,1789353536.3205376,17,-0.00032292734,0.02501853,-0.0077162636,0.004639956,2.697876,-68.81335,-84.88602,-107.499176,-98.14017,-15.807528,10.587621,3.0226707,70.84019,86.25365,98.3716,97.7731,11.981291,0.60350645,0.0,0.0,0.0,0.0,0.0,0.0,-0.0,0.0,-21.199997,-2.9500008,2.7,10.979998,5.2200027,7.140001,-2.5200028,12.199997,-6.2999954,11.159994,15.180002,10.019999,-4.380002,-8.700005,0.0,0.0,0.0,0.0,rl_constraint,0.0,0.0,0.0,0.0,-2.428711414337158,-69.16939544677734,-84.47696685791016,-104.0396728515625,-97.42172241210938,-13.441573143005371,7.278700828552246,2.9646553993225098,68.53278350830078,88.65769958496094,101.82565307617188,100.58180236816406,10.613626480102539,-0.3734132647514343,0.0,0.0,0.0,0.0
109,2.182206022000173,1789353536.340655,17,-0.00032972582,0.025014112,-0.007702667,0.004629758,2.2533875,-68.87127,-84.82324,-107.25576,-98.05137,-15.641373,10.476,3.2433243,70.69984,86.48826,98.68895,97.98002,11.876646,0.44233704,0.0,0.0,0.0,0.0,0.0,0.0,-0.0,0.0,-23.150002,-2.5999947,3.2400055,13.380002,3.480002,8.760004,-8.459994,9.75,-7.749996,12.360003,16.559994,10.8,-6.2400007,-7.3199983,0.0,0.0,0.0,0.0,rl_constraint,0.0,0.0,0.0,0.0,-2.611156463623047,-68.92294311523438,-84.53401184082031,-103.47955322265625,-97.45951843261719,-13.172614097595215,6.5498948097229,2.1306920051574707,68.22888946533203,88.6711196899414,101.74849700927734,100.85531616210938,10.437517166137695,-0.17365776002407074,0.0,0.0,0.0,0.0
110,2.202419190999535,1789353536.3608685,17,-0.00033312506,0.025010496,-0.0076924693,0.0046161613,1.7629051,-68.917206,-84.76611,-106.969315,-97.96808,-15.44219,10.261011,3.3989868,70.524055,86.73198,99.03584,98.2185,11.754918,0.29420012,0.0,0.0,0.0,0.0,0.0,0.0,-0.0,0.0,-24.199997,-2.2000008,2.0999954,14.880007,4.2600036,10.979998,-11.580002,5.449997,-9.199997,12.180006,17.519993,12.119993,-6.419998,-6.8400054,0.0,0.0,0.0,0.0,rl_constraint,0.0,0.0,0.0,0.0,-2.614762306213379,-68.58369445800781,-84.63123321533203,-102.83773040771484,-97.54641723632812,-12.962970733642578,5.723397731781006,1.223987340927124,68.03390502929688,88.58363342285156,101.4876480102539,101.09770202636719,10.283236503601074,0.052092596888542175,0.0,0.0,0.0,0.0
111,2.222277529999701,1789353536.3807266,17,-0.0003399235,0.025007686,-0.0076822713,0.004605964,1.2849426,-68.96146,-84.72886,-106.6641,-97.89096,-15.235235,9.997627,3.457615,70.32811,86.96224,99.36237,98.4667,11.631857,0.17981872,0.0,0.0,0.0,0.0,0.0,0.0,-0.0,0.0,-24.500004,-2.0000038,1.5600036,16.379997,3.480002,11.219994,-14.639997,0.29999542,-10.900005,11.159994,16.740005,13.679997,-6.359999,-5.519998,0.0,0.0,0.0,0.0,rl_constraint,0.0,0.0,0.0,0.0,-2.432481288909912,-68.2181396484375,-84.75662994384766,-102.1811294555664,-97.63563537597656,-12.842735290527344,4.941888332366943,0.24907329678535461,67.94011688232422,88.39513397216797,101.11129760742188,101.25517272949219,10.204545021057129,0.3142799437046051,0.0,0.0,0.0,0.0
112,2.2423024740000983,1789353536.4007516,17,-0.0003399235,0.025004873,-0.007672074,0.0045923665,0.80433655,-68.98521,-84.69632,-106.3135,-97.830315,-15.012639,9.665881,3.432804,70.10796,87.18973,99.67779,98.734436,11.498744,0.0907196,0.0,0.0,0.0,0.0,0.0,0.0,-0.0,0.0,-23.100002,-0.19999695,1.6200027,18.179996,2.8799973,11.520002,-18.480007,-3.0499992,-11.150002,10.500005,14.819994,13.799995,-6.3,-3.480002,0.0,0.0,0.0,0.0,rl_constraint,0.0,0.0,0.0,0.0,-2.091837167739868,-67.8343505859375,-84.88568115234375,-101.49201202392578,-97.72924041748047,-12.779648780822754,4.146495342254639,-0.7539619207382202,67.93836975097656,88.14388275146484,100.66590881347656,101.36056518554688,10.155512809753418,0.5824518799781799,0.0,0.0,0.0,0.0
113,2.2621564379996926,1789353536.4206057,17,-0.00034332275,0.025002865,-0.0076618763,0.0045787697,0.35642624,-68.97972,-84.66763,-105.93117,-97.775955,-14.780113,9.275647,3.318409,69.87954,87.386696,99.94301,99.01109,11.357419,0.045181274,0.0,0.0,0.0,0.0,0.0,0.0,-0.0,0.0,-21.0,0.70000076,1.0799973,19.680002,2.0999954,12.360003,-21.779997,-8.850002,-11.299999,9.540006,11.939997,13.679997,-6.7199936,-1.6800019,0.0,0.0,0.0,0.0,rl_constraint,0.0,0.0,0.0,0.0,-1.5824543237686157,-67.4926986694336,-85.02590942382812,-100.82245635986328,-97.8257827758789,-12.768339157104492,3.3439366817474365,-1.7110357284545898,68.05204010009766,87.8115463256836,100.17408752441406,101.43170166015625,10.119007110595703,0.8766864538192749,0.0,0.0,0.0,0.0
114,2.2824168970000756,1789353536.440866,17,-0.00034332275,0.025001258,-0.0076516783,0.0045481767,-0.056236267,-68.94253,-84.65106,-105.50995,-97.729675,-14.539197,8.81532,3.076767,69.64217,87.5644,100.171585,99.292206,11.21678,0.011480713,0.0,0.0,0.0,0.0,0.0,0.0,-0.0,0.0,-18.500004,3.0,0.60000455,21.240005,1.8,11.879997,-23.699995,-14.349998,-11.349998,7.080002,9.660004,13.019994,-7.020003,-0.7800018,0.0,0.0,0.0,0.0,rl_constraint,0.0,0.0,0.0,0.0,-0.934434175491333,-67.19413757324219,-85.19393157958984,-100.13284301757812,-97.98481750488281,-12.746755599975586,2.490039348602295,-2.5956099033355713,68.22224426269531,87.47503662109375,99.6823501586914,101.49404907226562,10.056273460388184,1.0803104639053345,0.0,0.0,0.0,0.0
115,2.3020104469997023,1789353536.4604595,17,-0.0003399235,0.02499965,-0.007641481,0.004527781,-0.38423538,-68.85545,-84.64629,-105.07937,-97.70703,-14.317863,8.325673,2.752716,69.42887,87.688354,100.32766,99.5508,11.089106,0.012771606,0.0,0.0,0.0,0.0,0.0,0.0,-0.0,0.0,-15.149998,5.5499954,-0.059999086,22.980007,0.60000455,11.460004,-27.299995,-18.600002,-10.300003,5.340001,5.6999955,12.779997,-6.8400054,0.3599945,0.0,0.0,0.0,0.0,rl_constraint,0.0,0.0,0.0,0.0,-0.13996510207653046,-66.97757720947266,-85.33817291259766,-99.4858627319336,-98.19429016113281,-12.770281791687012,1.6750308275222778,-3.3827240467071533,68.46095275878906,87.09589385986328,99.22974395751953,101.49331665039062,10.033799171447754,1.2231019735336304,0.0,0.0,0.0,0.0
116,2.3219950060001793,1789353536.4804442,17,-0.00034332275,0.024998045,-0.007631283,0.0044529983,-0.64401627,-68.73872,-84.65349,-104.598854,-97.69949,-14.10628,7.777208,2.3375587,69.234695,87.77489,100.4184,99.80523,10.954715,0.04397278,0.0,0.0,0.0,0.0,0.0,0.0,-0.0,0.0,-10.599998,6.6500015,-0.8400009,24.900005,0.0,10.680002,-28.079998,-22.599998,-8.850002,2.9999955,2.6400008,12.839996,-5.4,3.480002,0.0,0.0,0.0,0.0,rl_constraint,0.0,0.0,0.0,0.0,0.7607457041740417,-66.86759948730469,-85.46554565429688,-98.85047149658203,-98.45558166503906,-12.804594039916992,0.8122366666793823,-4.062209606170654,68.7185287475586,86.75093078613281,98.8337631225586,101.44439697265625,9.989017486572266,1.286533236503601,0.0,0.0,0.0,0.0
117,2.3422225510003045,1789353536.5006716,17,-0.00035012123,0.024996037,-0.0076244846,0.004395211,-0.8096924,-68.596954,-84.686615,-104.08822,-97.70183,-13.913402,7.19073,1.8522606,69.06781,87.80584,100.43487,100.0396,10.831915,0.13738403,0.0,0.0,0.0,0.0,0.0,0.0,-0.0,0.0,-5.5999947,7.6499977,-2.3400054,25.920002,-0.23999634,9.179997,-31.200005,-25.900005,-6.949997,0.60000455,-0.17999725,11.759999,-5.6999955,4.559999,0.0,0.0,0.0,0.0,rl_constraint,0.0,0.0,0.0,0.0,1.7347242832183838,-66.87213134765625,-85.6159896850586,-98.31392669677734,-98.73234558105469,-12.858085632324219,-0.06940411031246185,-4.5372772216796875,69.03275299072266,86.41212463378906,98.60613250732422,101.29093170166016,9.959506034851074,1.3746165037155151,0.0,0.0,0.0,0.0
118,2.3627008399998886,1789353536.5211499,17,-0.00036031893,0.024993626,-0.0076142866,0.0043578194,-0.87215424,-68.43393,-84.74555,-103.54695,-97.72363,-13.7321415,6.55009,1.2961464,68.932045,87.8027,100.41717,100.255424,10.719195,0.2479889,0.0,0.0,0.0,0.0,0.0,0.0,-0.0,0.0,-0.14999771,8.25,-3.9599946,26.94,-2.0999954,7.920003,-31.5,-28.5,-5.200001,-0.9599991,-2.0999954,10.199995,-5.519998,5.519998,0.0,0.0,0.0,0.0,rl_constraint,0.0,0.0,0.0,0.0,2.666609525680542,-66.97398376464844,-85.8000717163086,-97.8337173461914,-99.07262420654297,-12.865594863891602,-1.017796277999878,-4.771990776062012,69.31822967529297,86.17340850830078,98.53899383544922,101.07915496826172,9.921549797058105,1.3803009986877441,0.0,0.0,0.0,0.0
119,2.3822490359998483,1789353536.540698,17,-0.00037391586,0.024989609,-0.0076074884,0.0043306258,-0.8384514,-68.26737,-84.831566,-103.017784,-97.77899,-13.587067,5.9033523,0.71775055,68.85504,87.75757,100.33525,100.4355,10.610733,0.3666687,0.0,0.0,0.0,0.0,0.0,0.0,-0.0,0.0,3.75,8.850002,-3.9599946,27.96,-4.1400056,7.499995,-35.16,-30.199997,-3.6000023,-3.8999953,-6.2400007,9.0,-4.559999,5.6399965,0.0,0.0,0.0,0.0,rl_constraint,0.0,0.0,0.0,0.0,3.5355169773101807,-67.17858123779297,-85.9691390991211,-97.48694610595703,-99.42740631103516,-12.882506370544434,-1.8996838331222534,-4.790668964385986,69.59869384765625,86.0103759765625,98.65776062011719,100.74237823486328,9.88764476776123,1.284504771232605,0.0,0.0,0.0,0.0
120,2.402412852999987,1789353536.560862,17,-0.00038411358,0.024924133,-0.0075972904,0.0043102303,-0.69394684,-68.098366,-84.91311,-102.450134,-97.877365,-13.46229,5.2121887,0.12102127,68.800705,87.655,100.17893,100.58262,10.523913,0.47734222,0.0,0.0,0.0,0.0,0.0,-0.01250425,-0.0,0.0,10.250004,7.7999954,-4.7399964,27.780003,-5.4,5.579997,-34.920002,-29.599995,-0.8999977,-6.000005,-8.040001,6.479997,-5.8199935,5.2800016,0.0,0.0,0.0,0.0,rl_constraint,0.0,0.0,0.0,0.0,4.2938456535339355,-67.43050384521484,-86.1174087524414,-97.1988754272461,-99.80205535888672,-12.885903358459473,-2.8555562496185303,-4.617603302001953,69.81575012207031,85.9216537475586,98.88489532470703,100.38265991210938,9.88362979888916,1.072442889213562,0.0,0.0,0.0,0.0
121,2.4220968560002802,1789353536.5805461,17,-0.00066285086,0.024413582,-0.007587093,0.004293234,-0.42887878,-67.94579,-85.01869,-101.899704,-97.99029,-13.350599,4.484262,-0.46834946,68.80199,87.5237,100.00897,100.69419,10.43086,0.58955383,0.0,0.0,0.0,0.0,-0.053833686,-0.04804384,-0.0,0.0,15.600002,6.8499985,-5.0400057,26.820004,-6.000005,4.2600036,-37.500004,-29.599995,0.55000305,-7.3199983,-9.059999,4.0800066,-3.540001,5.2800016,0.0,0.0,0.0,0.0,rl_constraint,0.0,0.0,0.0,0.0,4.971601963043213,-67.73954010009766,-86.28328704833984,-97.03254699707031,-100.12444305419922,-12.849647521972656,-3.8426108360290527,-4.249152660369873,70.01811218261719,85.90983581542969,99.2318344116211,99.98179626464844,9.872515678405762,0.8267560601234436,0.0,0.0,0.0,0.0
122,2.4423649379996277,1789353536.600814,17,-0.001604439,0.023557968,-0.0075802943,0.0042796372,-0.082019806,-67.81874,-85.1178,-101.352554,-98.13337,-13.267433,3.7359421,-1.0376015,68.82426,87.36357,99.84241,100.76204,10.357374,0.6860962,0.0,0.0,0.0,0.0,-0.025987154,-0.034223158,-0.0,0.0,18.999996,5.7000046,-5.1000047,27.660004,-7.980002,4.3200026,-36.9,-27.249996,1.4500008,-8.640005,-8.519994,2.7,-4.380002,5.0400057,0.0,0.0,0.0,0.0,rl_constraint,0.0,0.0,0.0,0.0,5.47257137298584,-68.11005401611328,-86.40555572509766,-96.91980743408203,-100.40495300292969,-12.789045333862305,-4.811021327972412,-3.700558662414551,70.12500762939453,86.01142883300781,99.71636962890625,99.57884979248047,9.884748458862305,0.5235854387283325,0.0,0.0,0.0,0.0
123,2.4623030530001415,1789353536.620752,17,-0.0016010398,0.02281482,-0.0075700968,0.00426604,0.3341446,-67.73011,-85.22608,-100.8146,-98.297066,-13.190048,2.9602249,-1.5497818,68.87805,87.1927,99.71044,100.789314,10.280594,0.7643188,0.0,0.0,0.0,0.0,0.0,-0.03224915,-0.0,0.0,22.599998,3.9999962,-5.4,26.04,-9.480006,3.8399963,-39.059994,-23.499996,4.3500023,-7.5599947,-6.1200027,0.059999086,-3.4200027,3.2400055,0.0,0.0,0.0,0.0,rl_constraint,0.0,0.0,0.0,0.0,5.826661586761475,-68.51631164550781,-86.52366638183594,-96.8995361328125,-100.59310913085938,-12.682295799255371,-5.761280059814453,-3.018144130706787,70.17375946044922,86.19877624511719,100.38704681396484,99.17369079589844,9.897926330566406,0.220414936542511,0.0,0.0,0.0,0.0
124,2.482169107000118,1789353536.6406183,17,-0.0016214352,0.021837067,-0.0075598992,0.004252443,0.8092804,-67.666695,-85.343,-100.30792,-98.48345,-13.134073,2.1589096,-1.9783516,68.9957,87.04897,99.60562,100.77932,10.220622,0.8104202,0.0,0.0,0.0,0.0,-0.025987154,-0.05901466,-0.0,0.0,24.450005,1.7999954,-6.2400007,24.479998,-10.139997,2.7,-39.66,-19.300003,5.800003,-6.479997,-3.540001,-1.4400055,-2.1599946,1.1999954,0.0,0.0,0.0,0.0,rl_constraint,0.0,0.0,0.0,0.0,5.977783203125,-68.95193481445312,-86.6375732421875,-96.9811782836914,-100.70870971679688,-12.546652793884277,-6.68403959274292,-2.2259957790374756,70.13919067382812,86.47673797607422,101.15744018554688,98.82415771484375,9.943557739257812,-0.08025039732456207,0.0,0.0,0.0,0.0
125,2.502666536000106,1789353536.6611156,17,-0.0020191458,0.021242537,-0.007532705,0.0042422456,1.3139076,-67.660576,-85.469666,-99.83955,-98.68833,-13.075543,1.3337677,-2.3182411,69.11696,86.91459,99.557365,100.707275,10.169302,0.8179321,0.0,0.0,0.0,0.0,0.0,-0.026765289,-0.0,0.0,25.799995,-0.6000023,-6.1200027,22.080006,-11.219994,2.5200028,-42.3,-14.549995,6.3499947,-7.140001,-1.0799973,-6.1200027,-2.7,-0.059999086,0.0,0.0,0.0,0.0,rl_constraint,0.0,0.0,0.0,0.0,5.977419376373291,-69.40948486328125,-86.7356948852539,-97.10960388183594,-100.77015686035156,-12.352387428283691,-7.552067279815674,-1.3370451927185059,70.00646209716797,86.8322525024414,101.9939193725586,98.545166015625,10.00153636932373,-0.3624338209629059,0.0,0.0,0.0,0.0
126,2.52176271099961,1789353536.6802118,17,-0.0020599365,0.02049374,-0.007461321,0.0042320476,1.8342705,-67.68725,-85.589226,-99.42117,-98.90222,-13.018085,0.48625487,-2.5509224,69.222694,86.79498,99.56039,100.57486,10.11834,0.81053007,0.0,0.0,0.0,0.0,0.0,-0.044974986,-0.0,0.0,25.900005,-2.2999992,-6.0600038,19.979998,-10.8,2.5200028,-42.780006,-8.950001,5.3999977,-5.2800016,1.3199936,-6.9000044,-2.0399964,-1.0799973,0.0,0.0,0.0,0.0,rl_constraint,0.0,0.0,0.0,0.0,5.812254905700684,-69.86454010009766,-86.8218002319336,-97.299560546875,-100.75879669189453,-12.138527870178223,-8.350628852844238,-0.44360196590423584,69.81101989746094,87.25224304199219,102.87357330322266,98.36170959472656,10.069186210632324,-0.5492528676986694,0.0,0.0,0.0,0.0
127,2.542148714999712,1789353536.7005978,17,-0.0020735334,0.018921003,-0.007417131,0.00422185,2.3457642,-67.76552,-85.713806,-99.04532,-99.11779,-12.961011,-0.37007445,-2.671383,69.336815,86.70177,99.63439,100.41034,10.081728,0.77124023,0.0,0.0,0.0,0.0,0.0,-0.09960544,-0.0,0.0,24.75,-5.5999947,-6.419998,16.860004,-9.959999,2.5200028,-42.479996,-3.6000023,4.8499947,-2.9999955,5.6999955,-8.159999,-1.6800019,-2.759999,0.0,0.0,0.0,0.0,rl_constraint,0.0,0.0,0.0,0.0,5.522533416748047,-70.31348419189453,-86.90398406982422,-97.53091430664062,-100.66253662109375,-11.929320335388184,-9.057226181030273,0.42989015579223633,69.56964111328125,87.71100616455078,103.72745513916016,98.28199005126953,10.187667846679688,-0.6737126708030701,0.0,0.0,0.0,0.0
128,2.5621511959998315,1789353536.7206004,17,-0.002080332,0.01776081,-0.0073899375,0.0042116526,2.8251114,-67.91081,-85.85611,-98.72677,-99.32657,-12.898348,-1.240741,-2.6938362,69.436935,86.67496,99.78545,100.228714,10.05547,0.67997134,0.0,0.0,0.0,0.0,0.0,-0.028083088,-0.0,0.0,22.749996,-8.050003,-6.7800064,14.340001,-10.019999,3.4200027,-44.339996,1.0999947,4.9500046,0.0,10.859999,-9.239996,-0.9,-5.6999955,0.0,0.0,0.0,0.0,rl_constraint,0.0,0.0,0.0,0.0,5.086407661437988,-70.70579528808594,-87.00809478759766,-97.76190185546875,-100.52349090576172,-11.705424308776855,-9.679329872131348,1.2343528270721436,69.28765869140625,88.21173858642578,104.47784423828125,98.30899047851562,10.325169563293457,-0.7997791171073914,0.0,0.0,0.0,0.0
129,2.582117678999566,1789353536.7405667,17,-0.002066735,0.017612569,-0.0073661427,0.0042014546,3.256588,-68.08875,-85.97672,-98.464745,-99.52019,-12.818408,-2.1083176,-2.6102943,69.5097,86.68005,100.04605,100.031494,10.048535,0.55829775,0.0,0.0,0.0,0.0,0.0,-0.003071249,-0.0,0.0,20.100002,-9.799999,-6.1200027,11.340006,-8.940001,3.8999953,-42.780006,7.9000053,2.0000038,0.4800064,15.359999,-10.8,-0.0,-6.2400007,0.0,0.0,0.0,0.0,rl_constraint,0.0,0.0,0.0,0.0,4.5486907958984375,-71.01448059082031,-87.10928344726562,-98.00736236572266,-100.3550033569336,-11.483565330505371,-10.195496559143066,1.947405457496643,69.01323699951172,88.69761657714844,105.17913818359375,98.42082214355469,10.48818588256836,-0.8688770532608032,0.0,0.0,0.0,0.0
130,2.602355222999904,1789353536.7608044,17,-0.0021279212,0.017604535,-0.007345747,0.0041878577,3.6319542,-68.30831,-86.097946,-98.2599,-99.69604,-12.723788,-2.9963562,-2.383438,69.5491,86.70825,100.3873,99.8265,10.048741,0.42843932,0.0,0.0,0.0,0.0,-0.08353621,0.0,-0.0,0.0,16.45,-11.299999,-5.459999,8.279997,-8.159999,4.980006,-43.559994,14.100002,1.300003,2.8199983,18.660004,-10.199995,0.11999817,-6.3,0.0,0.0,0.0,0.0,rl_constraint,0.0,0.0,0.0,0.0,3.9952523708343506,-71.23435974121094,-87.25067901611328,-98.28247833251953,-100.17948913574219,-11.293450355529785,-10.664823532104492,2.548597812652588,68.72286987304688,89.11648559570312,105.75951385498047,98.60491180419922,10.667651176452637,-0.8091664910316467,0.0,0.0,0.0,0.0
131,2.6222470049997355,1789353536.7806962,17,-0.0033448474,0.01760132,-0.0073321504,0.00417766,3.9097252,-68.54385,-86.21231,-98.11215,-99.834656,-12.620544,-3.8197815,-2.0740356,69.5619,86.798775,100.77532,99.63818,10.051447,0.29392546,0.0,0.0,0.0,0.0,0.0,0.0,-0.0,0.0,12.500004,-12.849998,-6.359999,5.7599945,-6.1200027,5.1000047,-41.579998,17.449997,0.0,6.7199936,21.6,-10.2599945,0.17999725,-7.2,0.0,0.0,0.0,0.0,rl_constraint,0.0,0.0,0.0,0.0,3.3450233936309814,-71.3611068725586,-87.40050506591797,-98.5655288696289,-99.98914337158203,-11.164786338806152,-10.902658462524414,3.034041166305542,68.447265625,89.5065689086914,106.20744323730469,98.78083038330078,10.853208541870117,-0.632313072681427,0.0,0.0,0.0,0.0
132,2.642298378000305,1789353536.8007476,17,-0.0033856384,0.01759891,-0.0073185535,0.004164063,4.1162567,-68.80915,-86.32451,-98.02863,-99.94911,-12.502126,-4.6403365,-1.6975479,69.55796,86.96597,101.23014,99.463005,10.0664015,0.16001587,0.0,0.0,0.0,0.0,0.0,0.0,-0.0,0.0,8.050003,-13.749996,-5.8800063,3.0599945,-4.5,5.519998,-39.420002,19.849995,-0.55000305,9.119998,23.759995,-8.580007,1.4400055,-6.419998,0.0,0.0,0.0,0.0,rl_constraint,0.0,0.0,0.0,0.0,2.712123394012451,-71.36082458496094,-87.55451202392578,-98.8231430053711,-99.8289794921875,-11.093072891235352,-11.07376766204834,3.295776128768921,68.21408081054688,89.83415222167969,106.44249725341797,98.94717407226562,11.0162992477417,-0.3435879051685333,0.0,0.0,0.0,0.0
133,2.6618332079997344,1789353536.8202825,17,-0.0033618435,0.017596902,-0.007304956,0.0041538654,4.2370834,-69.08414,-86.44903,-97.97628,-100.02406,-12.373064,-5.42292,-1.2758331,69.52075,87.17873,101.72083,99.31804,10.108658,0.036502074,0.0,0.0,0.0,0.0,0.0,0.0,-0.0,0.0,3.6500015,-13.699997,-5.579997,1.740001,-3.3000045,7.020003,-37.68,21.849998,-3.0,10.680002,24.419998,-6.539996,3.1800065,-5.1600037,0.0,0.0,0.0,0.0,rl_constraint,0.0,0.0,0.0,0.0,2.067984104156494,-71.22941589355469,-87.73492431640625,-99.03296661376953,-99.71157836914062,-11.072369575500488,-11.143524169921875,3.3502848148345947,68.06929779052734,90.02666473388672,106.45482635498047,99.11772155761719,11.197415351867676,0.058048926293849945,0.0,0.0,0.0,0.0
134,2.6822034289998555,1789353536.8406525,17,-0.003355045,0.017594893,-0.0072913594,0.0041402685,4.2573853,-69.355286,-86.56344,-97.96454,-100.07958,-12.239332,-6.1638517,-0.8202553,69.434006,87.40301,102.22446,99.19781,10.18342,-0.070532225,0.0,0.0,0.0,0.0,0.0,0.0,-0.0,0.0,-0.8499985,-13.400002,-6.3,-0.29999542,-1.6800019,7.020003,-34.740005,23.449997,-4.9500046,12.059995,25.379997,-4.7399964,4.5,-4.619998,0.0,0.0,0.0,0.0,rl_constraint,0.0,0.0,0.0,0.0,1.427480697631836,-70.9825210571289,-87.88385772705078,-99.20197296142578,-99.66983795166016,-11.102563858032227,-11.098405838012695,3.2268710136413574,67.98367309570312,90.04190063476562,106.22604370117188,99.2965087890625,11.430093765258789,0.5544934272766113,0.0,0.0,0.0,0.0
135,2.7023599029998877,1789353536.8608088,17,-0.0033584444,0.017593287,-0.007281162,0.0040518884,4.2088165,-69.61233,-86.6823,-97.98393,-100.09104,-12.099573,-6.85231,-0.34025574,69.3222,87.65969,102.73341,99.11996,10.275101,-0.13768616,0.0,0.0,0.0,0.0,0.0,0.0,-0.0,0.0,-4.4000015,-12.600002,-5.6999955,-2.0999954,0.0,6.2400007,-32.880005,23.850002,-6.6000023,12.899996,24.840006,-3.4200027,4.3200026,-1.9799973,0.0,0.0,0.0,0.0,rl_constraint,0.0,0.0,0.0,0.0,0.9091516733169556,-70.63007354736328,-88.01290130615234,-99.26960754394531,-99.70962524414062,-11.197284698486328,-10.985032081604004,2.927912473678589,68.03038787841797,89.86409759521484,105.75199127197266,99.44755554199219,11.682609558105469,1.1847108602523804,0.0,0.0,0.0,0.0
136,2.7219958349996887,1789353536.880445,17,-0.0033686422,0.017592082,-0.007270964,0.0039975005,4.072872,-69.84459,-86.81055,-98.04872,-100.09015,-11.969577,-7.469275,0.12107849,69.19629,87.92213,103.21748,99.06254,10.372357,-0.16734925,0.0,0.0,0.0,0.0,0.0,0.0,-0.0,0.0,-9.099998,-10.5,-6.1200027,-4.2600036,0.11999817,6.960004,-28.500004,22.049995,-6.550003,13.440001,23.34,-2.1599946,4.9199934,-0.9,0.0,0.0,0.0,0.0,rl_constraint,0.0,0.0,0.0,0.0,0.4698115587234497,-70.23497772216797,-88.07853698730469,-99.27356719970703,-99.86312866210938,-11.34968090057373,-10.744821548461914,2.4670681953430176,68.15823364257812,89.55131530761719,105.0802001953125,99.57440948486328,11.913372039794922,1.8794530630111694,0.0,0.0,0.0,0.0
137,2.7422696980002,1789353536.900719,17,-0.0033652429,0.017592082,-0.0072607663,0.003963508,3.8601608,-70.03678,-86.93267,-98.151375,-100.08404,-11.856459,-8.013812,0.53575516,69.06411,88.176926,103.648056,99.042435,10.4891,-0.16744538,0.0,0.0,0.0,0.0,0.0,0.0,-0.0,0.0,-11.950001,-8.349998,-6.419998,-5.2200027,0.5400055,5.7599945,-24.719994,19.699997,-5.499996,12.420003,19.740002,0.059999086,5.2800016,0.9,0.0,0.0,0.0,0.0,rl_constraint,0.0,0.0,0.0,0.0,0.13077037036418915,-69.77897644042969,-88.0740966796875,-99.19099426269531,-100.14356231689453,-11.569387435913086,-10.380180358886719,1.8639278411865234,68.36463928222656,89.10753631591797,104.25321197509766,99.7064208984375,12.140666961669922,2.550018310546875,0.0,0.0,0.0,0.0
138,2.762275201999728,1789353536.9207242,17,-0.0033584444,0.01759409,-0.007250569,0.0039397134,3.5871048,-70.177864,-87.05975,-98.26124,-100.06555,-11.74834,-8.490949,0.9072304,68.9357,88.414246,104.00177,99.043655,10.614523,-0.094221495,0.0,0.0,0.0,0.0,0.0,0.0,-0.0,0.0,-15.0,-5.6500053,-5.8800063,-5.6999955,0.9,4.6799974,-22.5,17.349998,-5.800003,10.2599945,16.319998,0.059999086,7.080002,6.0600038,0.0,0.0,0.0,0.0,rl_constraint,0.0,0.0,0.0,0.0,-0.10394864529371262,-69.33088684082031,-88.0269775390625,-99.01022338867188,-100.54964447021484,-11.794431686401367,-9.92298412322998,1.1950613260269165,68.5866470336914,88.5877685546875,103.30529022216797,99.84877014160156,12.333357810974121,3.245842695236206,0.0,0.0,0.0,0.0
139,2.782344899999771,1789353536.9407938,17,-0.003351646,0.017625023,-0.007240371,0.003922717,3.2699318,-70.265114,-87.18452,-98.388504,-100.04737,-11.671285,-8.883655,1.2079697,68.825584,88.61067,104.277885,99.05586,10.749161,0.06138611,0.0,0.0,0.0,0.0,0.0,0.0030712483,-0.0,0.0,-16.5,-2.8500023,-6.2400007,-6.2400007,0.8400009,3.3000045,-18.119999,12.600002,-5.950001,8.279997,11.039996,1.1999954,7.5599947,10.199995,0.0,0.0,0.0,0.0,rl_constraint,0.0,0.0,0.0,0.0,-0.19252914190292358,-69.01702117919922,-87.84835815429688,-98.74457550048828,-101.03181457519531,-12.07248592376709,-9.35841178894043,0.5182403326034546,68.83576965332031,87.99058532714844,102.2979736328125,99.99095153808594,12.507362365722656,3.956120491027832,0.0,0.0,0.0,0.0
140,2.802666544999738,1789353536.9611156,17,-0.0033482467,0.01764993,-0.007226774,0.0039057212,2.924492,-70.29732,-87.305916,-98.50321,-100.04167,-11.615666,-9.200816,1.4112053,68.74308,88.75451,104.44618,99.10087,10.905647,0.29111022,0.0,0.0,0.0,0.0,0.0,0.0032905934,-0.0,0.0,-17.050003,0.0,-5.579997,-5.1000047,-0.17999725,1.740001,-12.360003,7.699997,-2.7000046,5.2800016,4.5,3.3600037,7.499995,13.260004,0.0,0.0,0.0,0.0,rl_constraint,0.0,0.0,0.0,0.0,-0.16397298872470856,-68.8235092163086,-87.59579467773438,-98.42283630371094,-101.51676177978516,-12.355260848999023,-8.73118782043457,-0.1387551724910736,69.05977630615234,87.34811401367188,101.2431640625,100.17423248291016,12.68487548828125,4.640029430389404,0.0,0.0,0.0,0.0
141,2.8222925219997705,1789353536.9807417,17,-0.0033482467,0.01765676,-0.0072165765,0.0038921244,2.5908508,-70.280495,-87.409615,-98.586296,-100.053604,-11.592334,-9.410586,1.5171204,68.68394,88.83219,104.47475,99.177925,11.065704,0.5599182,0.0,0.0,0.0,0.0,0.0,0.0,-0.0,0.0,-17.349998,1.7499962,-5.340001,-2.759999,-1.3800064,0.5400055,-8.040001,2.9000015,-2.7000046,2.4000046,-0.7800018,4.619998,7.499995,14.7599945,0.0,0.0,0.0,0.0,rl_constraint,0.0,0.0,0.0,0.0,0.014582453295588493,-68.8087158203125,-87.2110366821289,-98.02667236328125,-101.98993682861328,-12.617645263671875,-7.99922513961792,-0.73948734998703,69.2367172241211,86.70476531982422,100.13371276855469,100.3617172241211,12.842930793762207,5.134732723236084,0.0,0.0,0.0,0.0
142,2.8422780119999516,1789353537.000727,17,-0.0033482467,0.017660376,-0.0072063785,0.0038785273,2.2488556,-70.211655,-87.491325,-98.62844,-100.10646,-11.590769,-9.541901,1.5346527,68.64026,88.84285,104.41096,99.27009,11.230266,0.8913208,0.0,0.0,0.0,0.0,0.0,0.003071247,-0.0,0.0,-16.799995,4.9500046,-2.9999955,-1.4400055,-3.8999953,-0.23999634,-4.1400056,-0.79999924,-0.34999466,-0.8400009,-6.2400007,3.7199981,8.159999,17.219997,0.0,0.0,0.0,0.0,rl_constraint,0.0,0.0,0.0,0.0,0.2853524684906006,-68.89501953125,-86.77196502685547,-97.55335998535156,-102.47542572021484,-12.807282447814941,-7.24263334274292,-1.1690900325775146,69.40298461914062,86.08049011230469,99.1134033203125,100.52833557128906,12.971436500549316,5.523884296417236,0.0,0.0,0.0,0.0
143,2.861920471999838,1789353537.0203698,17,-0.0033448474,0.017663991,-0.007196181,0.0038649305,1.9298286,-70.09451,-87.53519,-98.643166,-100.20795,-11.615872,-9.572744,1.4818153,68.64512,88.79826,104.21226,99.363525,11.403727,1.2644303,0.0,0.0,0.0,0.0,0.0,0.0,-0.0,0.0,-15.149998,6.500004,-1.3800064,0.11999817,-7.020003,-2.7,0.4800064,-4.8499947,0.34999466,-4.8599944,-13.559999,5.7599945,8.940001,19.319994,0.0,0.0,0.0,0.0,rl_constraint,0.0,0.0,0.0,0.0,0.5793277621269226,-69.08393096923828,-86.27567291259766,-97.06285095214844,-102.9246597290039,-12.950031280517578,-6.437479496002197,-1.4111976623535156,69.54544067382812,85.53111267089844,98.17912292480469,100.60494232177734,13.06794548034668,5.7687907218933105,0.0,0.0,0.0,0.0
144,2.882325151000259,1789353537.040774,17,-0.003351646,0.017666804,-0.007185983,0.0038547327,1.6482925,-69.96751,-87.54487,-98.63652,-100.36777,-11.690442,-9.533689,1.3440399,68.65628,88.638054,103.88294,99.47245,11.5811,1.6734787,0.0,0.0,0.0,0.0,0.0,0.0,-0.0,0.0,-12.999996,6.0,0.11999817,0.7800018,-8.159999,-5.1600037,4.559999,-8.900002,0.75,-9.600004,-19.500004,5.0400057,9.600004,20.340006,0.0,0.0,0.0,0.0,rl_constraint,0.0,0.0,0.0,0.0,0.8305526971817017,-69.28228759765625,-85.74590301513672,-96.58958435058594,-103.33785247802734,-13.127152442932129,-5.682113170623779,-1.4565938711166382,69.62606048583984,85.0132827758789,97.41881561279297,100.55706787109375,13.173691749572754,5.886264324188232,0.0,0.0,0.0,0.0
145,2.902883030999874,1789353537.061332,17,-0.0033584444,0.017668812,-0.0071757855,0.003844535,1.4029312,-69.84604,-87.52555,-98.587585,-100.57396,-11.8071575,-9.371462,1.1195755,68.69996,88.40173,103.42907,99.59175,11.763542,2.124124,0.0,0.0,0.0,0.0,0.0,0.0,-0.0,0.0,-10.599998,5.750004,2.1599946,4.019994,-9.720003,-5.340001,10.560003,-11.449997,4.0499954,-12.480001,-23.880007,6.419998,9.059999,20.939997,0.0,0.0,0.0,0.0,rl_constraint,0.0,0.0,0.0,0.0,0.9174782633781433,-69.42510986328125,-85.27445983886719,-96.19033813476562,-103.68292236328125,-13.31728744506836,-4.865405082702637,-1.3134565353393555,69.63623046875,84.5872802734375,96.92131042480469,100.34020233154297,13.287288665771484,5.87218713760376,0.0,0.0,0.0,0.0
146,2.9219808420002664,1789353537.0804298,17,-0.0033652429,0.017669616,-0.007165588,0.0038343372,1.2262001,-69.73785,-87.45136,-98.48757,-100.794716,-11.927005,-9.13711,0.88695145,68.797615,88.14398,102.945206,99.69727,11.921896,2.540039,0.0,0.0,0.0,0.0,0.0,0.0,-0.0,0.0,-8.100002,5.1000023,5.1600037,6.1800017,-11.759999,-6.479997,13.559999,-12.650002,5.3999977,-14.579997,-26.820004,5.6999955,9.059999,22.619999,0.0,0.0,0.0,0.0,rl_constraint,0.0,0.0,0.0,0.0,0.8907585144042969,-69.58448028564453,-84.80227661132812,-95.90194702148438,-103.92509460449219,-13.491909980773926,-4.061474323272705,-0.9997408986091614,69.60530853271484,84.298095703125,96.75272369384766,99.98042297363281,13.360383987426758,5.73674201965332,0.0,0.0,0.0,0.0
147,2.9421365239995794,1789353537.1005855,17,-0.0033720413,0.017668009,-0.00715539,0.0038241395,1.091629,-69.64822,-87.31992,-98.326744,-101.05425,-12.058429,-8.826457,0.63526154,68.879234,87.83178,102.37239,99.80863,12.0882845,2.9615433,0.0,0.0,0.0,0.0,0.0,0.0,-0.0,0.0,-6.1499977,3.550003,8.399996,8.940001,-14.459999,-6.539996,18.179996,-12.500004,3.6000023,-17.16,-29.640001,5.1000047,8.040001,19.919998,0.0,0.0,0.0,0.0,rl_constraint,0.0,0.0,0.0,0.0,0.687670111656189,-69.67411041259766,-84.37726593017578,-95.64808654785156,-104.11298370361328,-13.630049705505371,-3.335566759109497,-0.5034267902374268,69.52884674072266,84.11211395263672,96.84803009033203,99.52861785888672,13.419825553894043,5.5100884437561035,0.0,0.0,0.0,0.0
148,2.9625425009999162,1789353537.1209915,17,-0.0033720413,0.01762181,-0.0071451925,0.003813942,0.9956589,-69.58667,-87.12448,-98.119064,-101.345406,-12.203943,-8.436992,0.39027786,68.96637,87.47112,101.755264,99.88967,12.246721,3.366101,0.0,0.0,0.0,0.0,0.0,-0.006362245,-0.0,0.0,-3.8499985,2.3499985,9.9,10.740001,-14.940005,-6.7800064,21.300005,-11.25,4.3500023,-17.399996,-29.819998,3.2400055,7.7400055,17.640005,0.0,0.0,0.0,0.0,rl_constraint,0.0,0.0,0.0,0.0,0.2710278034210205,-69.72211456298828,-83.98258972167969,-95.45882415771484,-104.22709655761719,-13.760558128356934,-2.657564878463745,0.175645649433136,69.43001556396484,84.0260238647461,97.20594787597656,99.00230407714844,13.44434928894043,5.206592082977295,0.0,0.0,0.0,0.0
149,2.982280109000385,1789353537.1407292,17,-0.0033720413,0.017517358,-0.0071349945,0.0038071433,0.9295006,-69.546745,-86.90728,-97.89613,-101.634346,-12.347109,-8.006025,0.19060135,69.04092,87.123764,101.17918,99.945496,12.391741,3.7055237,0.0,0.0,0.0,0.0,0.0,-0.009653255,-0.0,0.0,-3.0999985,1.699997,12.2400055,12.2400055,-14.519999,-7.2599993,22.320004,-9.149998,3.8499985,-18.359995,-29.159994,1.6200027,7.6800065,16.140001,0.0,0.0,0.0,0.0,rl_constraint,0.0,0.0,0.0,0.0,-0.3023678660392761,-69.73737335205078,-83.67073059082031,-95.32290649414062,-104.27208709716797,-13.843716621398926,-2.12093448638916,1.0071231126785278,69.3166732788086,84.088623046875,97.81950378417969,98.50930786132812,13.392375946044922,4.791903018951416,0.0,0.0,0.0,0.0
150,3.002251015999718,1789353537.1607,17,-0.0033686422,0.016831595,-0.0071112,0.0037969458,0.87577057,-69.518936,-86.64962,-97.65379,-101.93153,-12.495685,-7.514319,0.035648346,69.122475,86.76293,100.60873,99.95724,12.52624,4.007112,0.0,0.0,0.0,0.0,0.0,-0.06099379,-0.0,0.0,-2.7500038,0.8499985,13.380002,11.219994,-13.859995,-7.3799973,25.379997,-5.8500023,3.6000023,-17.399996,-27.06,-0.17999725,6.479997,14.519999,0.0,0.0,0.0,0.0,rl_constraint,0.0,0.0,0.0,0.0,-0.9698820114135742,-69.78140258789062,-83.40632629394531,-95.310791015625,-104.22628784179688,-13.907754898071289,-1.6190987825393677,1.8903076648712158,69.24757385253906,84.21461486816406,98.6331558227539,98.04081726074219,13.2817964553833,4.351192474365234,0.0,0.0,0.0,0.0
151,3.0222295550001945,1789353537.1806786,17,-0.0033686422,0.016106054,-0.0070874053,0.003786748,0.8021393,-69.51306,-86.37153,-97.4051,-102.21917,-12.64889,-6.982333,-0.044311523,69.17372,86.41444,100.10627,99.93588,12.659464,4.244115,0.0,0.0,0.0,0.0,0.0,-0.032032866,-0.0,0.0,-4.549999,0.0,14.340001,12.959994,-13.739996,-7.8000045,27.119999,-1.7499962,1.2500038,-17.399996,-22.980007,-2.8199983,6.000005,9.419993,0.0,0.0,0.0,0.0,rl_constraint,0.0,0.0,0.0,0.0,-1.7616809606552124,-69.87016296386719,-83.18309020996094,-95.37096405029297,-104.09614562988281,-13.922871589660645,-1.147171139717102,2.8917665481567383,69.17146301269531,84.4145736694336,99.60809326171875,97.7332534790039,13.137713432312012,3.866513967514038,0.0,0.0,0.0,0.0
152,3.0424656180002785,1789353537.2009146,17,-0.0033686422,0.015546426,-0.00706701,0.0037765503,0.69594955,-69.51598,-86.07014,-97.14809,-102.4928,-12.795227,-6.4240355,-0.039367676,69.20608,86.08233,99.697754,99.839836,12.767377,4.4125075,0.0,0.0,0.0,0.0,0.0,-0.047391422,-0.0,0.0,-6.0,-0.29999542,15.780006,12.779997,-12.540001,-7.6199937,27.359995,2.0000038,1.9000053,-14.819994,-17.640005,-6.539996,5.8800063,6.419998,0.0,0.0,0.0,0.0,rl_constraint,0.0,0.0,0.0,0.0,-2.600620746612549,-69.99827575683594,-82.99778747558594,-95.48509979248047,-103.82180786132812,-13.873529434204102,-0.6952743530273438,3.893620729446411,69.113037109375,84.66666412353516,100.72332000732422,97.5756607055664,12.950922966003418,3.3897480964660645,0.0,0.0,0.0,0.0
153,3.0623045049997017,1789353537.2207537,17,-0.0033652429,0.014206595,-0.007046615,0.0037663525,0.54981995,-69.52769,-85.756226,-96.91054,-102.73815,-12.939917,-5.858775,0.04852295,69.24304,85.80815,99.40529,99.68953,12.858686,4.50813,0.0,0.0,0.0,0.0,0.0,-0.09939275,-0.0,0.0,-8.549995,-0.94999695,15.840006,10.979998,-11.759999,-6.7199936,27.660004,7.250004,2.050003,-12.6,-11.219994,-8.399996,3.480002,3.3600037,0.0,0.0,0.0,0.0,rl_constraint,0.0,0.0,0.0,0.0,-3.439176321029663,-70.16627502441406,-82.81600189208984,-95.66419219970703,-103.47084045410156,-13.793885231018066,-0.2855697572231293,4.805064678192139,69.08436584472656,84.97042083740234,101.88905334472656,97.57854461669922,12.729700088500977,2.9167325496673584,0.0,0.0,0.0,0.0
154,3.0825593059998937,1789353537.2410083,17,-0.0033652429,0.012406319,-0.0070262193,0.0037561548,0.34526825,-69.55872,-85.445305,-96.69493,-102.94785,-13.073346,-5.2834625,0.24791336,69.27062,85.57611,99.22688,99.50801,12.921364,4.539798,0.0,0.0,0.0,0.0,0.0,-0.10839116,-0.0,0.0,-12.0,-2.050003,15.719994,9.9,-8.820003,-5.8199935,29.099995,12.799999,0.099998474,-10.620003,-6.000005,-8.880002,3.480002,-0.059999086,0.0,0.0,0.0,0.0,rl_constraint,0.0,0.0,0.0,0.0,-4.27305269241333,-70.36141204833984,-82.64701843261719,-95.94664764404297,-103.0364761352539,-13.683095932006836,0.14519530534744263,5.598831653594971,69.03343963623047,85.27531433105469,103.02198791503906,97.718505859375,12.52392578125,2.511368751525879,0.0,0.0,0.0,0.0
155,3.102264309999555,1789353537.2607136,17,-0.0033652429,0.011113033,-0.007009223,0.0037459573,0.07430649,-69.6077,-85.1384,-96.50937,-103.11531,-13.194456,-4.7116103,0.5509529,69.27013,85.37587,99.17439,99.312325,12.968303,4.5283723,0.0,0.0,0.0,0.0,0.0,-0.05639084,-0.0,0.0,-14.850002,-3.0,15.539996,8.279997,-6.7199936,-5.579997,28.979998,17.549995,-0.099998474,-8.040001,0.4800064,-10.319994,1.5000045,-1.9799973,0.0,0.0,0.0,0.0,rl_constraint,0.0,0.0,0.0,0.0,-5.048255443572998,-70.58609771728516,-82.476806640625,-96.29700469970703,-102.5499496459961,-13.57248306274414,0.5893573760986328,6.241489887237549,68.9547119140625,85.53115844726562,104.01847839355469,97.97108459472656,12.376728057861328,2.237276554107666,0.0,0.0,0.0,0.0
156,3.1223266690003584,1789353537.2807758,17,-0.0033652429,0.009705217,-0.006992227,0.0037357595,-0.25772095,-69.66362,-84.83802,-96.35343,-103.23048,-13.292399,-4.1519394,0.94766235,69.2679,85.24446,99.22551,99.11283,12.985922,4.43183,0.0,0.0,0.0,0.0,0.0,-0.108395316,-0.0,0.0,-18.400005,-2.800003,14.699995,7.3199983,-4.2600036,-4.440001,28.680002,21.8,-0.19999695,-4.3200026,5.9400053,-9.179997,0.059999086,-7.140001,0.0,0.0,0.0,0.0,rl_constraint,0.0,0.0,0.0,0.0,-5.717037200927734,-70.80976104736328,-82.30030822753906,-96.70765686035156,-102.03372955322266,-13.468206405639648,1.047305703163147,6.697808742523193,68.84727478027344,85.7661361694336,104.81736755371094,98.28959655761719,12.266121864318848,1.9683325290679932,0.0,0.0,0.0,0.0
157,3.14219927799968,1789353537.3006485,17,-0.0033652429,0.0073800883,-0.0069786296,0.0037255618,-0.65265656,-69.72926,-84.5423,-96.249466,-103.29248,-13.37547,-3.602939,1.4039154,69.260414,85.181015,99.40891,98.93123,12.983793,4.2628603,0.0,0.0,0.0,0.0,0.0,-0.13078108,-0.0,0.0,-20.700005,-3.75,13.739996,3.480002,-1.1999954,-3.480002,27.720003,23.449997,-0.55000305,-2.759999,13.200005,-8.219998,-0.23999634,-8.700005,0.0,0.0,0.0,0.0,rl_constraint,0.0,0.0,0.0,0.0,-6.296788692474365,-70.94468688964844,-82.15222930908203,-97.18372344970703,-101.54124450683594,-13.407363891601562,1.5307626724243164,6.880521774291992,68.68312072753906,85.96631622314453,105.39403533935547,98.67382049560547,12.197550773620605,1.7296415567398071,0.0,0.0,0.0,0.0
158,3.162148440999772,1789353537.3205976,17,-0.0033652429,0.0052127927,-0.006965033,0.0036813717,-1.1024208,-69.81296,-84.274925,-96.18441,-103.29457,-13.431459,-3.0631669,1.8938255,69.24254,85.13421,99.73023,98.776,12.967712,4.068704,0.0,0.0,0.0,0.0,0.0,-0.09962482,-0.0,0.0,-23.599995,-4.1500053,12.959994,2.5200028,0.5400055,-2.8799973,25.920002,25.200005,-1.4500008,-1.6200027,18.96,-6.2400007,-1.6800019,-10.2599945,0.0,0.0,0.0,0.0,rl_constraint,0.0,0.0,0.0,0.0,-6.701602458953857,-70.96964263916016,-82.06884765625,-97.7406234741211,-101.05115509033203,-13.395183563232422,2.0721683502197266,6.72402811050415,68.45150756835938,86.03511047363281,105.83009338378906,99.07003021240234,12.210075378417969,1.6483749151229858,0.0,0.0,0.0,0.0
159,3.182294608999655,1789353537.3407438,17,-0.0033652429,0.003892855,-0.0069140443,0.003613387,-1.5996323,-69.90731,-84.01399,-96.16123,-103.25044,-13.465269,-2.5375397,2.4202194,69.19391,85.124855,100.16767,98.660286,12.911572,3.853798,0.0,0.0,0.0,0.0,0.0,-0.04498558,0.025987154,0.0,-25.900005,-5.3499985,13.200005,-0.23999634,4.1400056,-1.1999954,25.800005,27.75,-2.7500038,0.23999634,24.900005,-4.5,-3.1800065,-10.620003,0.0,0.0,0.0,0.0,rl_constraint,0.0,0.0,0.0,0.0,-6.934362888336182,-70.88272857666016,-82.03290557861328,-98.35115814208984,-100.57939147949219,-13.461702346801758,2.644050359725952,6.313665866851807,68.1505355834961,86.01177215576172,106.02628326416016,99.44332122802734,12.266549110412598,1.722547173500061,0.0,0.0,0.0,0.0
160,3.2024298489996,1789353537.360879,17,-0.0033652429,0.003334335,-0.0068698544,0.003569197,-2.1243668,-70.01923,-83.76344,-96.18278,-103.12039,-13.493093,-2.020784,2.9604607,69.128624,85.14231,100.73167,98.59478,12.825933,3.6215744,0.0,0.0,0.0,0.0,0.0,-0.012946863,-0.0,0.0,-26.449997,-5.5999947,11.999995,-2.2800064,8.219998,-1.2599945,26.399996,26.3,-2.7000046,2.0399964,31.380001,-2.2199936,-4.2000046,-11.340006,0.0,0.0,0.0,0.0,rl_constraint,0.0,0.0,0.0,0.0,-6.938634872436523,-70.68910217285156,-82.04269409179688,-98.96867370605469,-100.09555053710938,-13.654732704162598,3.2735540866851807,5.6215081214904785,67.78441619873047,85.8912582397461,105.9649887084961,99.765869140625,12.372947692871094,1.9114353656768799,0.0,0.0,0.0,0.0
161,3.222136624999621,1789353537.3805857,17,-0.0033618435,0.003323486,-0.006835862,0.003542003,-2.6563683,-70.12475,-83.52816,-96.27201,-102.938515,-13.509929,-1.5004852,3.4450722,69.07851,85.21158,101.34761,98.57711,12.758505,3.3977966,0.0,0.0,0.0,0.0,0.0,0.0,-0.0,0.0,-26.3,-4.9000053,10.919998,-7.080002,9.780002,-0.5400055,26.640005,22.599998,-2.1500015,5.0400057,30.420002,0.059999086,-3.0599945,-11.400004,0.0,0.0,0.0,0.0,rl_constraint,0.0,0.0,0.0,0.0,-6.781374931335449,-70.41326904296875,-82.0960922241211,-99.63221740722656,-99.62770080566406,-13.957438468933105,3.984623670578003,4.62977409362793,67.3823013305664,85.69429779052734,105.6178207397461,100.0246810913086,12.592873573303223,2.2117459774017334,0.0,0.0,0.0,0.0
162,3.2421784179996394,1789353537.4006276,17,-0.0033618435,0.0033335316,-0.006805269,0.0035182084,-3.1760101,-70.2209,-83.31684,-96.44035,-102.715454,-13.518842,-0.97830504,3.8710785,68.99805,85.31381,101.94116,98.58839,12.691132,3.1791825,0.0,0.0,0.0,0.0,0.0,0.0030718714,-0.0,0.0,-25.699997,-4.8499947,10.199995,-9.780002,11.939997,-0.41999358,24.960003,19.900005,-6.199997,4.0800066,28.139996,1.5000045,-3.2400055,-10.199995,0.0,0.0,0.0,0.0,rl_constraint,0.0,0.0,0.0,0.0,-6.437537670135498,-70.0921859741211,-82.19893646240234,-100.31927490234375,-99.189453125,-14.3031005859375,4.7326884269714355,3.420413017272949,66.98540496826172,85.41832733154297,104.9526596069336,100.21121215820312,12.86619758605957,2.5446977615356445,0.0,0.0,0.0,0.0
163,3.2619209109998337,1789353537.42037,17,-0.003035517,0.0033423714,-0.006778075,0.0035012122,-3.6706924,-70.30139,-83.12524,-96.67701,-102.45159,-13.532835,-0.4596405,4.215042,68.86978,85.38456,102.474014,98.65691,12.630419,2.9886932,0.0,0.0,0.0,0.0,0.0,0.0,-0.0,0.0,-23.499996,-3.4500046,8.219998,-12.719998,14.639997,-1.0799973,25.920002,14.150002,-7.0499954,3.4200027,25.080002,4.8599944,-1.9199982,-9.059999,0.0,0.0,0.0,0.0,rl_constraint,0.0,0.0,0.0,0.0,-5.897566318511963,-69.74417877197266,-82.34783172607422,-101.02095794677734,-98.78266906738281,-14.678272247314453,5.46853494644165,2.102989435195923,66.61202239990234,85.01892852783203,104.01402282714844,100.41323852539062,13.168532371520996,2.8993492126464844,0.0,0.0,0.0,0.0
164,3.2822880980002083,1789353537.4407372,17,-0.0029369392,0.0033483987,-0.0067542805,0.0034876154,-4.1282616,-70.35323,-82.96268,-96.965744,-102.15085,-13.566028,0.09026642,4.433922,68.72268,85.454475,102.95487,98.77427,12.600357,2.8355165,0.0,0.0,0.0,0.0,0.0,0.0,-0.0,0.0,-20.850002,-1.4500008,7.020003,-15.840006,14.880007,-2.2800064,25.980001,7.450001,-6.799999,2.8199983,21.059994,6.2400007,-0.3599945,-6.6599946,0.0,0.0,0.0,0.0,rl_constraint,0.0,0.0,0.0,0.0,-5.179781436920166,-69.39471435546875,-82.5396499633789,-101.7052230834961,-98.38172149658203,-15.051905632019043,6.248864650726318,0.7438464164733887,66.29248809814453,84.5784683227539,102.95279693603516,100.60448455810547,13.488712310791016,3.243515968322754,0.0,0.0,0.0,0.0
165,3.30173185700005,1789353537.460181,17,-0.0029097453,0.0033532204,-0.006733885,0.0034740183,-4.495571,-70.365776,-82.83178,-97.288605,-101.834145,-13.616963,0.62753904,4.5143166,68.55958,85.48484,103.31293,98.91554,12.599752,2.729306,0.0,0.0,0.0,0.0,0.0,0.0,-0.0,0.0,-16.5,0.099998474,6.479997,-18.06,17.1,-3.540001,28.979998,0.8999977,-8.599995,0.17999725,15.359999,7.4399962,-0.0,-3.6599991,0.0,0.0,0.0,0.0,rl_constraint,0.0,0.0,0.0,0.0,-4.2044548988342285,-69.10204315185547,-82.721435546875,-102.29061126708984,-98.02562713623047,-15.364368438720703,6.909380912780762,-0.6428356170654297,66.04800415039062,84.08329772949219,101.7614974975586,100.79547882080078,13.777803421020508,3.5495777130126953,0.0,0.0,0.0,0.0
166,3.3219620749996466,1789353537.4804113,17,-0.0028995476,0.0033564349,-0.0067134895,0.0034638206,-4.7828064,-70.354706,-82.73441,-97.66909,-101.49137,-13.709482,1.197963,4.487835,68.36148,85.47969,103.562515,99.074585,12.607292,2.6794555,0.0,0.0,0.0,0.0,0.0,0.0,-0.0,0.0,-11.950001,1.2500038,3.6599991,-19.680002,18.239996,-5.9400053,29.879997,-3.6000023,-10.549999,-0.66000366,9.239996,8.040001,1.0199982,-1.4400055,0.0,0.0,0.0,0.0,rl_constraint,0.0,0.0,0.0,0.0,-3.0631425380706787,-68.8045883178711,-82.93302154541016,-102.84432220458984,-97.70635986328125,-15.644100189208984,7.5556488037109375,-1.953980803489685,65.90452575683594,83.56098175048828,100.58417510986328,100.99785614013672,13.983492851257324,3.842794418334961,0.0,0.0,0.0,0.0
167,3.342151849000402,1789353537.5006008,17,-0.0028995476,0.0033592477,-0.006693094,0.0034502237,-4.9668503,-70.30577,-82.660416,-98.09109,-101.13245,-13.827667,1.7898514,4.350689,68.14476,85.44203,103.68825,99.2424,12.654506,2.672809,0.0,0.0,0.0,0.0,0.0,0.0030718702,-0.0,0.0,-6.2999954,3.7000008,3.7199981,-22.5,17.519993,-6.8400054,28.919998,-10.549999,-11.299999,-3.1800065,2.6400008,9.239996,3.9599946,-0.0,0.0,0.0,0.0,0.0,rl_constraint,0.0,0.0,0.0,0.0,-1.779800295829773,-68.55270385742188,-83.13412475585938,-103.3989028930664,-97.42691040039062,-15.885133743286133,8.165318489074707,-3.1506829261779785,65.82982635498047,83.05782318115234,99.46350860595703,101.19435119628906,14.134788513183594,4.041443824768066,0.0,0.0,0.0,0.0
168,3.3622831849997965,1789353537.5207322,17,-0.0028927492,0.0033616584,-0.0066726985,0.0034434253,-5.0364532,-70.20248,-82.608635,-98.55722,-100.7624,-13.972165,2.3993316,4.0754128,67.91276,85.35048,103.6938,99.420845,12.74984,2.6879013,0.0,0.0,0.0,0.0,0.0,0.0,-0.0,0.0,-0.55000305,5.950001,1.5600036,-24.359999,18.96,-7.499995,29.939997,-16.599998,-11.599995,-6.5999956,-1.5000045,9.840001,6.3,1.9199982,0.0,0.0,0.0,0.0,rl_constraint,0.0,0.0,0.0,0.0,-0.40270963311195374,-68.35536193847656,-83.29293823242188,-103.94562530517578,-97.20860290527344,-16.109275817871094,8.707609176635742,-4.21024227142334,65.86349487304688,82.55689239501953,98.44764709472656,101.32989501953125,14.27685546875,4.082281589508057,0.0,0.0,0.0,0.0
169,3.382189644999926,1789353537.5406387,17,-0.0028893498,0.0033757219,-0.0066557024,0.0034332275,-4.994133,-70.0726,-82.59817,-99.04772,-100.39262,-14.138155,3.0155823,3.6799164,67.67837,85.19455,103.60573,99.605125,12.877034,2.7622514,0.0,0.0,0.0,0.0,0.0,0.0030718695,-0.0,0.0,5.1500015,7.300003,-0.17999725,-24.359999,17.760004,-8.339996,29.999996,-22.799995,-11.700005,-8.580007,-7.8000045,9.419993,5.8199935,4.9199934,0.0,0.0,0.0,0.0,rl_constraint,0.0,0.0,0.0,0.0,1.035068154335022,-68.1607666015625,-83.48841094970703,-104.49588775634766,-97.04315185546875,-16.325687408447266,9.159375190734863,-5.094081878662109,66.02716827392578,82.05223083496094,97.65118408203125,101.36283111572266,14.416543006896973,4.0821852684021,0.0,0.0,0.0,0.0
170,3.403427745999579,1789353537.5618768,17,-0.0028927492,0.0033901874,-0.006635307,0.0034230298,-4.803978,-69.91426,-82.61006,-99.58736,-99.99773,-14.34022,3.686133,3.1285744,67.43069,84.97826,103.35213,99.80784,13.022878,2.8792832,0.0,0.0,0.0,0.0,0.0,0.003071869,-0.0,0.0,12.700001,7.749996,-1.0199982,-25.619993,18.0,-9.600004,30.420002,-28.749996,-11.399998,-10.8,-15.3,9.9,6.1200027,6.8400054,0.0,0.0,0.0,0.0,rl_constraint,0.0,0.0,0.0,0.0,2.475252389907837,-67.98351287841797,-83.69588470458984,-105.11685943603516,-96.91851043701172,-16.55902099609375,9.575370788574219,-5.825752258300781,66.28553771972656,81.58352661132812,97.0920181274414,101.28177642822266,14.53132438659668,3.974761724472046,0.0,0.0,0.0,0.0
171,3.4220478609995553,1789353537.5804968,17,-0.0028995476,0.003395009,-0.0065571247,0.003412832,-4.517601,-69.76007,-82.6434,-100.07676,-99.66567,-14.522649,4.2601547,2.5444336,67.23486,84.75647,103.0107,99.97943,13.1495495,3.0007782,0.0,0.0,0.0,0.0,0.0,0.0,0.025987154,0.0,18.099998,8.599995,-2.2199936,-26.880001,17.1,-9.540006,29.819998,-34.55,-9.199997,-13.140005,-21.899996,10.139997,7.4399962,6.6599946,0.0,0.0,0.0,0.0,rl_constraint,0.0,0.0,0.0,0.0,3.856964588165283,-67.81486511230469,-83.92449951171875,-105.70857238769531,-96.8617172241211,-16.743986129760742,9.750956535339355,-6.290812015533447,66.65312194824219,81.21724700927734,96.79984283447266,101.06768798828125,14.567506790161133,3.7373554706573486,0.0,0.0,0.0,0.0
172,3.4424564729997655,1789353537.6009054,17,-0.0029097453,0.0033966163,-0.006506136,0.0034060336,-4.0973854,-69.58559,-82.70647,-100.616806,-99.32157,-14.729782,4.870088,1.7932892,67.05335,84.47808,102.518715,100.15839,13.294665,3.130568,0.0,0.0,0.0,0.0,0.0,0.0,-0.0,0.0,23.850002,8.900002,-4.1400056,-26.459995,16.800005,-10.680002,29.640001,-40.5,-8.100002,-14.220003,-26.279997,8.580007,7.2,5.6399965,0.0,0.0,0.0,0.0,rl_constraint,0.0,0.0,0.0,0.0,5.1348137855529785,-67.59552001953125,-84.21910858154297,-106.40872192382812,-96.82925415039062,-16.930641174316406,9.868300437927246,-6.517691612243652,67.10991668701172,80.9273910522461,96.7163314819336,100.74065399169922,14.592819213867188,3.3130548000335693,0.0,0.0,0.0,0.0
173,3.4621115780000764,1789353537.6205606,17,-0.002919943,0.0033982235,-0.0064687445,0.0033958359,-3.5623856,-69.40358,-82.81247,-101.1516,-98.99724,-14.942848,5.4666457,0.92541504,66.90706,84.1777,101.92786,100.315544,13.442266,3.2363524,0.0,0.0,0.0,0.0,0.0,0.0,-0.0,0.0,30.0,8.850002,-5.9400053,-27.480007,14.699995,-11.460004,30.180006,-46.55,-5.299999,-16.2,-31.739996,7.7400055,7.140001,4.1400056,0.0,0.0,0.0,0.0,rl_constraint,0.0,0.0,0.0,0.0,6.224215507507324,-67.37550354003906,-84.59093475341797,-107.20611572265625,-96.87464904785156,-17.061830520629883,9.888252258300781,-6.463897228240967,67.6330795288086,80.78723907470703,96.93257904052734,100.33429718017578,14.586119651794434,2.6618993282318115,0.0,0.0,0.0,0.0
174,3.482532961999823,1789353537.640982,17,-0.0029267415,0.0033704983,-0.0064381515,0.0033890374,-2.9103699,-69.213905,-82.93078,-101.694435,-98.69818,-15.165939,6.0346527,-0.055606842,66.805916,83.849525,101.28912,100.44551,13.585172,3.3238997,0.0,0.0,0.0,0.0,0.0,-0.006363532,-0.0,0.0,35.35,9.849998,-6.2400007,-27.419994,15.120003,-12.2400055,28.019999,-50.750004,-3.550003,-15.960004,-30.300005,5.579997,7.020003,2.8199983,0.0,0.0,0.0,0.0,rl_constraint,0.0,0.0,0.0,0.0,7.103858470916748,-67.20713806152344,-84.97968292236328,-108.0755386352539,-96.96401977539062,-17.166805267333984,9.785386085510254,-6.026664733886719,68.22665405273438,80.8065414428711,97.44819641113281,99.85994720458984,14.547048568725586,1.8450615406036377,0.0,0.0,0.0,0.0
175,3.502094118000059,1789353537.6605432,17,0.0050104726,0.0030353845,-0.006417756,0.0033788397,-2.136406,-69.01574,-83.0711,-102.26905,-98.42701,-15.381821,6.555144,-1.0235367,66.76838,83.528145,100.71616,100.53009,13.717859,3.3575866,0.0,0.0,0.0,0.0,-0.025987154,-0.016238596,-0.0,0.0,41.599995,9.899998,-7.4399962,-29.039997,12.119993,-11.219994,24.240002,-45.600002,-0.049999237,-17.339996,-28.199995,3.4200027,6.359999,1.3800064,0.0,0.0,0.0,0.0,rl_constraint,0.0,0.0,0.0,0.0,7.746199131011963,-67.08594512939453,-85.41339874267578,-109.01171112060547,-97.07462310791016,-17.20456886291504,9.543132781982422,-5.132051467895508,68.7744369506836,81.06230926513672,98.26329803466797,99.39888000488281,14.476520538330078,0.8913488388061523,0.0,0.0,0.0,0.0
176,3.522402542999771,1789353537.6808517,17,0.0043884125,0.0023305954,-0.0063939616,0.0033720413,-1.2413979,-68.81685,-83.237625,-102.84923,-98.19027,-15.5974,7.0364,-1.8524437,66.78483,83.18518,100.18161,100.57527,13.844435,3.3608963,0.0,0.0,0.0,0.0,-0.24504746,-0.016458152,-0.0,0.0,47.9,9.700001,-8.159999,-29.219994,11.099996,-9.299995,23.280003,-37.150005,1.6499977,-16.980001,-24.599995,0.9599991,6.3,-0.9,0.0,0.0,0.0,0.0,rl_constraint,0.0,0.0,0.0,0.0,8.225217819213867,-67.04399871826172,-85.85797119140625,-109.89127349853516,-97.20340728759766,-17.142656326293945,9.247671127319336,-3.7053091526031494,69.21534729003906,81.47712707519531,99.29804992675781,99.0841064453125,14.396636009216309,-0.01766030676662922,0.0,0.0,0.0,0.0
177,3.542437348999556,1789353537.7008865,17,0.0010061737,0.0020388735,-0.0063667675,0.0033618435,-0.23120499,-68.62488,-83.40954,-103.44915,-97.98737,-15.7979,7.4566407,-2.51865,66.85158,82.85574,99.722916,100.57625,13.945084,3.2945664,0.0,0.0,0.0,0.0,-0.6014845,-0.08295129,-0.0,0.0,52.200005,9.550003,-9.419993,-31.679996,9.0,-9.780002,17.94,-29.650005,4.6499977,-14.819994,-20.219994,-0.4800064,5.1000047,-5.9400053,0.0,0.0,0.0,0.0,rl_constraint,0.0,0.0,0.0,0.0,8.556936264038086,-67.1291732788086,-86.30157470703125,-110.68909454345703,-97.29225158691406,-16.948156356811523,8.858155250549316,-1.9069178104400635,69.47261047363281,82.06910705566406,100.5,98.97379302978516,14.317916870117188,-0.8805654644966125,0.0,0.0,0.0,0.0
178,3.562152642000001,1789353537.7206016,17,-0.0041402685,0.0005657792,-0.0063429726,0.003355045,0.78842926,-68.4361,-83.609406,-104.11448,-97.82012,-15.981619,7.8036714,-3.058342,66.99622,82.602356,99.400314,100.52827,14.043988,3.1053956,0.0,0.0,0.0,0.0,0.025987154,-0.057716083,-0.0,0.0,50.050003,9.299995,-10.380007,-33.120003,6.9000044,-8.1,15.359999,-24.299995,9.0,-10.859999,-12.839996,-4.2000046,3.9599946,-12.119993,0.0,0.0,0.0,0.0,rl_constraint,0.0,0.0,0.0,0.0,8.65963077545166,-67.28848266601562,-86.7420654296875,-111.44568634033203,-97.3116226196289,-16.64412498474121,8.431095123291016,0.0030661143828183413,69.62326049804688,82.7713851928711,101.74787902832031,99.00682830810547,14.276350975036621,-1.7754052877426147,0.0,0.0,0.0,0.0
179,3.582376297999872,1789353537.7408254,17,-0.0039533107,-0.00095878117,-0.0063225776,0.0033448474,1.7460823,-68.254135,-83.83913,-104.770256,-97.68636,-16.15166,8.085965,-3.4998322,67.19219,82.40393,99.197716,100.41816,14.113477,2.8432343,0.0,0.0,0.0,0.0,0.0,-0.1073147,-0.0,0.0,45.85,8.499996,-12.659999,-33.24,6.2400007,-7.499995,12.059995,-19.45,10.649998,-8.700005,-6.8400054,-5.9400053,3.480002,-14.160004,0.0,0.0,0.0,0.0,rl_constraint,0.0,0.0,0.0,0.0,8.511640548706055,-67.55633544921875,-87.11935424804688,-112.0787124633789,-97.25225067138672,-16.257402420043945,8.019186973571777,1.8254040479660034,69.6924819946289,83.50630950927734,102.97930908203125,99.1374740600586,14.222749710083008,-2.5526676177978516,0.0,0.0,0.0,0.0
180,3.6022300630002064,1789353537.7606792,17,-0.0038649305,-0.0034944303,-0.006302182,0.0033278512,2.6300468,-68.09355,-84.10232,-105.44338,-97.58836,-16.284649,8.29318,-3.8270874,67.418884,82.251465,99.11125,100.28729,14.16172,2.5099914,0.0,0.0,0.0,0.0,0.0,-0.17140253,-0.0,-0.025987154,42.7,7.0999947,-13.739996,-35.399994,3.9599946,-5.6399965,7.980002,-12.999996,11.549995,-5.8199935,-1.5600036,-6.539996,2.4000046,-17.700005,0.0,0.0,0.0,0.0,rl_constraint,0.0,0.0,0.0,0.0,8.104705810546875,-67.85852813720703,-87.46870422363281,-112.6058120727539,-97.15617370605469,-15.790197372436523,7.62002420425415,3.5214498043060303,69.67603302001953,84.24763488769531,104.15155792236328,99.29483032226562,14.195805549621582,-3.1860759258270264,0.0,0.0,0.0,0.0
181,3.6219589370002723,1789353537.7804081,17,-0.0038037442,-0.0073728245,-0.0062817866,0.003222475,3.4464798,-67.9586,-84.391014,-106.16587,-97.50579,-16.37997,8.4215145,-4.0243263,67.65708,82.17995,99.13156,100.14726,14.212065,2.0964112,0.0,0.0,0.0,0.0,0.0,-0.21640475,-0.0,0.0,39.0,5.950001,-14.639997,-36.419994,3.3600037,-3.480002,4.8599944,-6.6000023,11.800003,-0.9,3.1199937,-7.140001,1.1999954,-22.44,0.0,0.0,0.0,0.0,rl_constraint,0.0,0.0,0.0,0.0,7.595883846282959,-68.1443099975586,-87.77450561523438,-113.01856994628906,-97.05136108398438,-15.314799308776855,7.231118202209473,5.024280071258545,69.5797348022461,84.97606658935547,105.1295166015625,99.4571533203125,14.218388557434082,-3.729442834854126,0.0,0.0,0.0,0.0
182,3.642735176000315,1789353537.8011842,17,-0.003773151,-0.0131556485,-0.006261391,0.0031680872,4.2004166,-67.86236,-84.70519,-106.90269,-97.44379,-16.432058,8.484728,-4.1063232,67.89465,82.20531,99.28563,100.0149,14.2306185,1.6142623,0.0,0.0,0.0,0.0,0.0,-0.32287803,-0.0,0.0,34.250004,3.9999962,-15.840006,-35.88,2.1599946,-1.3800064,0.9599991,-1.0499954,11.349998,3.3000045,11.640001,-5.7599945,1.2599945,-23.940006,0.0,0.0,0.0,0.0,rl_constraint,0.0,0.0,0.0,0.0,7.085049629211426,-68.32940673828125,-88.0843734741211,-113.30813598632812,-96.95977020263672,-14.845786094665527,6.873330593109131,6.320221424102783,69.42681121826172,85.7079849243164,105.90288543701172,99.63729858398438,14.209344863891602,-4.191715717315674,0.0,0.0,0.0,0.0
183,3.661758985999768,1789353537.820208,17,-0.0037561548,-0.021109466,-0.006244395,0.0031306955,4.820011,-67.802895,-85.0176,-107.59363,-97.39781,-16.436865,8.4854145,-4.0872116,68.11884,82.312386,99.5648,99.909225,14.247812,1.1151947,0.0,0.0,0.0,0.0,0.0,-0.43399167,-0.0,0.0,28.799995,1.6499977,-16.379997,-34.559994,2.2800064,0.3599945,-0.60000455,3.550003,11.299999,7.980002,17.580006,-4.5,0.29999542,-26.519993,0.0,0.0,0.0,0.0,rl_constraint,0.0,0.0,0.0,0.0,6.552612781524658,-68.37663269042969,-88.37609100341797,-113.42512512207031,-96.90287017822266,-14.402606964111328,6.537839889526367,7.33835506439209,69.2080078125,86.39379119873047,106.52049255371094,99.78011322021484,14.21052360534668,-4.476093292236328,0.0,0.0,0.0,0.0
184,3.6822009620000244,1789353537.84065,17,-0.0037187634,-0.027112503,-0.0062273988,0.003106901,5.333988,-67.78864,-85.34192,-108.27812,-97.34501,-16.404566,8.439011,-3.9385185,68.33191,82.517525,99.98417,99.81659,14.251478,0.5715637,0.0,0.0,0.0,0.0,0.0,-0.1317231,0.025987154,0.0,22.5,0.099998474,-16.860004,-34.020004,3.3600037,3.6,-4.440001,11.700005,9.75,12.300005,23.940006,-4.019994,0.11999817,-28.8,0.0,0.0,0.0,0.0,rl_constraint,0.0,0.0,0.0,0.0,6.054433822631836,-68.34960174560547,-88.6250228881836,-113.39798736572266,-96.91104125976562,-14.00731372833252,6.239780426025391,8.129655838012695,68.90630340576172,87.0704345703125,106.92579650878906,99.92028045654297,14.197010040283203,-4.667628765106201,0.0,0.0,0.0,0.0
185,3.7023139479997553,1789353537.860763,17,-0.0036915694,-0.027539013,-0.006213802,0.0030831064,5.727585,-67.79153,-85.67918,-108.9302,-97.29303,-16.289553,8.317598,-3.6378021,68.50948,82.79639,100.50758,99.75583,14.25325,0.019075012,0.0,0.0,0.0,0.0,0.0,0.0030732185,-0.0,0.0,16.900005,-0.34999466,-16.920002,-31.739996,2.8799973,7.8000045,-7.6199937,18.299995,7.699997,15.900004,29.159994,-2.0999954,-0.0,-27.540005,0.0,0.0,0.0,0.0,rl_constraint,0.0,0.0,0.0,0.0,5.653987884521484,-68.18223571777344,-88.90599060058594,-113.1741943359375,-97.00808715820312,-13.593273162841797,5.876156330108643,8.667906761169434,68.59537506103516,87.66527557373047,107.0701904296875,100.06394958496094,14.163520812988281,-4.727634906768799,0.0,0.0,0.0,0.0
186,3.7224655259997235,1789353537.8809147,17,-0.0036643755,-0.027507255,-0.0061934064,0.0030661102,6.008915,-67.810974,-86.01004,-109.54612,-97.25298,-16.1166,8.152034,-3.222393,68.64203,83.15012,101.15579,99.72307,14.253758,-0.53565216,0.0,0.0,0.0,0.0,0.0,0.0,-0.0,0.0,11.399998,-1.5,-16.740005,-29.819998,1.4400055,10.019999,-9.480006,23.100002,6.1499977,19.560003,34.619995,-1.2599945,-0.0,-26.219997,0.0,0.0,0.0,0.0,rl_constraint,0.0,0.0,0.0,0.0,5.328410625457764,-67.90978240966797,-89.19072723388672,-112.80233001708984,-97.1447525024414,-13.206764221191406,5.493870735168457,8.950780868530273,68.27630615234375,88.18950653076172,106.9373550415039,100.19839477539062,14.137839317321777,-4.665174961090088,0.0,0.0,0.0,0.0
187,3.7422774850001588,1789353537.9007266,17,-0.0032394712,-0.02737259,-0.0061628134,0.003049114,6.1855774,-67.846794,-86.34132,-110.10155,-97.21633,-15.912707,7.9629316,-2.7117805,68.732895,83.54845,101.90267,99.7092,14.253566,-1.0624053,0.0,0.0,0.0,0.0,0.0,0.025685936,-0.0,0.0,6.4000053,-1.7999954,-16.499996,-26.1,1.9199982,11.280006,-10.019999,28.049995,3.7999992,20.340006,37.560005,0.059999086,-0.059999086,-26.16,0.0,0.0,0.0,0.0,rl_constraint,0.0,0.0,0.0,0.0,5.110817909240723,-67.55081176757812,-89.45570373535156,-112.24458312988281,-97.26588439941406,-12.8885498046875,5.138864040374756,8.93651008605957,67.93331146240234,88.6069564819336,106.51934051513672,100.2733154296875,14.167844772338867,-4.406776428222656,0.0,0.0,0.0,0.0
188,3.7622654429997056,1789353537.9207144,17,-0.003106901,-0.02730626,-0.0061016274,0.003035517,6.2693024,-67.88344,-86.67001,-110.57797,-97.181915,-15.676707,7.747325,-2.0815659,68.7992,83.98088,102.624084,99.7104,14.252879,-1.5570374,0.0,0.0,0.0,0.0,0.0,0.0030732085,0.025987154,0.0,2.25,-1.7999954,-15.840006,-21.54,1.6800019,12.899996,-11.460004,36.05,1.699997,22.619999,34.439995,0.11999817,-0.0,-23.759995,0.0,0.0,0.0,0.0,rl_constraint,0.0,0.0,0.0,0.0,5.032172203063965,-67.18070220947266,-89.66854095458984,-111.4981918334961,-97.35249328613281,-12.649409294128418,4.753471374511719,8.61178207397461,67.64884948730469,88.8847427368164,105.71381378173828,100.3266830444336,14.248656272888184,-3.9801089763641357,0.0,0.0,0.0,0.0
189,3.782221360999756,1789353537.9406705,17,-0.003052513,-0.027202547,-0.0059520607,0.00302192,6.279133,-67.9105,-86.98498,-110.97609,-97.15199,-15.416826,7.5083723,-1.3061714,68.80524,84.45036,103.25116,99.72238,14.251383,-2.008493,0.0,0.0,0.0,0.0,0.025987154,0.0,-0.0,0.0,-0.5000038,-0.55000305,-15.659994,-18.239996,1.1999954,12.659999,-11.759999,41.15,-0.24999619,23.819994,28.500004,1.2599945,-0.059999086,-21.240005,0.0,0.0,0.0,0.0,rl_constraint,0.0,0.0,0.0,0.0,5.093006134033203,-66.79300689697266,-89.82032775878906,-110.65816497802734,-97.40857696533203,-12.483681678771973,4.345712184906006,7.9978461265563965,67.43745422363281,89.02931213378906,104.46676635742188,100.41280364990234,14.364706993103027,-3.4139320850372314,0.0,0.0,0.0,0.0
190,3.8024868290003724,1789353537.9609358,17,-0.0030253194,-0.027197322,-0.005894274,0.0030083233,6.246437,-67.90571,-87.30071,-111.28016,-97.137665,-15.139284,7.2462387,-0.42958832,68.78418,84.938705,103.75752,99.76556,14.250572,-2.3904328,0.0,0.0,0.0,0.0,0.0,0.0,-0.0,0.0,-2.9500008,0.75,-15.780006,-11.999995,0.17999725,13.200005,-13.980006,47.35,-2.25,25.619993,22.200005,2.7,-0.0,-16.680006,0.0,0.0,0.0,0.0,rl_constraint,0.0,0.0,0.0,0.0,5.218924522399902,-66.4424819946289,-89.85752868652344,-109.67642974853516,-97.49250030517578,-12.386635780334473,3.8820760250091553,7.225740432739258,67.41160583496094,89.02692413330078,102.87274169921875,100.54161834716797,14.453474998474121,-2.66249418258667,0.0,0.0,0.0,0.0
191,3.821743030000107,1789353537.980192,17,-0.0030185208,-0.027195312,-0.005853483,0.0029981255,6.1657333,-67.87383,-87.60742,-111.4687,-97.137375,-14.854505,6.9650574,0.5641365,68.709366,85.42517,104.154274,99.820114,14.248677,-2.7000136,0.0,0.0,0.0,0.0,0.0,0.0,-0.0,0.0,-4.699997,2.6500053,-14.7599945,-5.8199935,-0.059999086,13.440001,-14.7599945,52.300003,-5.5499954,23.280003,16.319998,3.1199937,-0.059999086,-12.959994,0.0,0.0,0.0,0.0,rl_constraint,0.0,0.0,0.0,0.0,5.343059539794922,-66.16082763671875,-89.73362731933594,-108.56598663330078,-97.63701629638672,-12.367215156555176,3.3786113262176514,6.199030876159668,67.5179443359375,88.87291717529297,101.0205307006836,100.70531463623047,14.45336627960205,-1.7390047311782837,0.0,0.0,0.0,0.0
192,3.842050659999586,1789353538.0004997,17,-0.0029879278,-0.027194105,-0.0058262893,0.0029879278,6.061981,-67.796265,-87.88918,-111.538734,-97.14202,-14.566525,6.6702394,1.6857262,68.58601,85.87453,104.417206,99.883026,14.249268,-2.9075592,0.0,0.0,0.0,0.0,0.0,0.0,-0.0,0.0,-5.3999977,4.5999985,-13.260004,-0.7200028,-0.41999358,14.040006,-14.940005,58.900005,-5.5499954,22.019993,10.620003,3.0599945,-0.0,-8.640005,0.0,0.0,0.0,0.0,rl_constraint,0.0,0.0,0.0,0.0,5.447780132293701,-65.97618865966797,-89.45439910888672,-107.3249282836914,-97.94425964355469,-12.415484428405762,2.886763572692871,5.059157848358154,67.79449462890625,88.48682403564453,99.00556182861328,100.96257781982422,14.394039154052734,-0.6395626664161682,0.0,0.0,0.0,0.0
193,3.8618700810002338,1789353538.0203192,17,-0.0029607338,-0.027192498,-0.005799095,0.0029743307,5.9626236,-67.68011,-88.15495,-111.50975,-97.16161,-14.289587,6.347722,2.9259453,68.46331,86.30156,104.55443,99.96376,14.251355,-3.0203338,0.0,0.0,0.0,0.0,0.0,0.0,-0.0,0.0,-4.9500046,6.6500015,-12.899996,4.5,-1.9199982,13.019994,-16.559994,65.45,-5.499996,20.939997,3.480002,4.0800066,0.29999542,-2.8199983,0.0,0.0,0.0,0.0,rl_constraint,0.0,0.0,0.0,0.0,5.579747200012207,-65.91525268554688,-89.03887176513672,-105.96656799316406,-98.35618591308594,-12.490989685058594,2.4105498790740967,3.919825792312622,68.11094665527344,87.91307067871094,96.80226135253906,101.42215728759766,14.303794860839844,0.5680251717567444,0.0,0.0,0.0,0.0
194,3.882371957000032,1789353538.040821,17,-0.002947137,-0.027184056,-0.005775301,0.0029641332,5.8707848,-67.54198,-88.38957,-111.349304,-97.21596,-14.027687,6.0058684,4.2849197,68.36373,86.69001,104.57869,100.04984,14.25395,-3.0274887,0.0,0.0,0.0,0.0,-0.025987154,0.021953804,-0.0,0.0,-4.4000015,7.699997,-10.859999,11.999995,-3.6,11.939997,-18.0,69.8,-5.800003,18.299995,-1.9799973,4.619998,0.3599945,2.0999954,0.0,0.0,0.0,0.0,rl_constraint,0.0,0.0,0.0,0.0,5.812188625335693,-66.01654052734375,-88.4544677734375,-104.39473724365234,-98.83059692382812,-12.543789863586426,1.957360029220581,2.768192768096924,68.42767333984375,87.16497039794922,94.43639373779297,102.1024398803711,14.191988945007324,1.8519420623779297,0.0,0.0,0.0,0.0
195,3.902048367000134,1789353538.0604975,17,-0.0053843884,-0.025921823,-0.005751506,0.0029539354,5.7931595,-67.38753,-88.57919,-111.04855,-97.29594,-13.795423,5.6466017,5.6175613,68.27153,86.99203,104.476944,100.15325,14.262644,-2.916362,0.0,0.0,0.0,0.0,-0.025987154,-0.003073148,-0.0,0.0,-3.199997,8.25,-8.640005,17.94,-3.7199981,10.500005,-17.700005,63.500004,-3.6500015,12.779997,-7.8600035,5.8199935,0.29999542,10.019999,0.0,0.0,0.0,0.0,rl_constraint,0.0,0.0,0.0,0.0,6.073662281036377,-66.24195861816406,-87.77263641357422,-102.69264221191406,-99.17988586425781,-12.585830688476562,1.5332365036010742,1.6031503677368164,68.64273834228516,86.29987335205078,92.11454010009766,102.92031860351562,14.116022109985352,3.179395914077759,0.0,0.0,0.0,0.0
196,3.92205579199981,1789353538.080505,17,-0.0050784573,-0.025922224,-0.0057311105,0.0029437377,5.737461,-67.22767,-88.70564,-110.62508,-97.38806,-13.58682,5.276541,6.8085938,68.20736,87.23079,104.27594,100.28077,14.265953,-2.6603532,0.0,0.0,0.0,0.0,0.025987154,0.0,-0.0,0.0,-1.699997,7.9000053,-4.6799974,23.4,-5.8800063,9.780002,-19.259995,55.5,-2.9500008,9.780002,-12.899996,7.080002,0.17999725,15.3,0.0,0.0,0.0,0.0,rl_constraint,0.0,0.0,0.0,0.0,6.254228115081787,-66.5969467163086,-87.04460906982422,-100.98480224609375,-99.35372161865234,-12.61379337310791,1.0561567544937134,0.5809707641601562,68.79159545898438,85.52449798583984,90.06834411621094,103.6380844116211,14.044461250305176,4.4762043952941895,0.0,0.0,0.0,0.0
197,3.9422812909997447,1789353538.1007304,17,-0.0035080106,-0.02592544,-0.005710715,0.00293354,5.7160378,-67.07652,-88.77504,-110.09171,-97.52299,-13.409239,4.8869524,7.8516884,68.17588,87.3709,103.948326,100.45394,14.268686,-2.2921188,0.0,0.0,0.0,0.0,0.025987154,0.0,-0.0,0.0,-0.099998474,7.699997,-1.6200027,29.099995,-6.7800064,8.1,-21.240005,48.149998,-0.70000076,3.9599946,-19.560003,9.720003,-0.0,22.5,0.0,0.0,0.0,0.0,rl_constraint,0.0,0.0,0.0,0.0,6.309433460235596,-67.00165557861328,-86.31034851074219,-99.33629608154297,-99.49506378173828,-12.62246322631836,0.5293887257575989,-0.25317203998565674,68.83202362060547,84.8672866821289,88.39315795898438,104.19928741455078,13.997237205505371,5.5809807777404785,0.0,0.0,0.0,0.0
198,3.961751412999547,1789353538.1202004,17,-0.003542003,-0.025926245,-0.005693719,0.0029233422,5.7170677,-66.94695,-88.77486,-109.44584,-97.67606,-13.266279,4.4860473,8.754993,68.17474,87.40408,103.478455,100.67845,14.26815,-1.8070724,0.0,0.0,0.0,0.0,0.0,0.0,-0.0,0.0,0.14999771,5.499996,1.6800019,36.179996,-8.940001,6.9000044,-20.039997,42.600002,0.19999695,-0.66000366,-26.820004,11.759999,-0.11999817,26.219997,0.0,0.0,0.0,0.0,rl_constraint,0.0,0.0,0.0,0.0,6.258993625640869,-67.38916015625,-85.64533233642578,-97.8683853149414,-99.6742172241211,-12.617423057556152,-0.048747483640909195,-0.9920337200164795,68.75132751464844,84.2924575805664,87.04731750488281,104.59912109375,13.991788864135742,6.522051811218262,0.0,0.0,0.0,0.0
199,3.982212984000398,1789353538.140662,17,-0.003586193,-0.025927048,-0.0056767226,0.0029131446,5.7311096,-66.859764,-88.69286,-108.66548,-97.849014,-13.14039,4.077727,9.545105,68.19111,87.34503,102.89457,100.95366,14.264524,-1.2059005,0.0,0.0,0.0,0.0,0.0,0.0,-0.0,0.0,0.94999695,3.199997,6.7800064,41.4,-9.720003,5.2200027,-19.8,37.300003,1.699997,-6.000005,-32.4,14.519999,-0.17999725,33.060005,0.0,0.0,0.0,0.0,rl_constraint,0.0,0.0,0.0,0.0,6.087142467498779,-67.75199127197266,-85.04705047607422,-96.51812744140625,-99.89703369140625,-12.578807830810547,-0.7191578149795532,-1.6626685857772827,68.5594482421875,83.78688049316406,86.00471496582031,104.84078979492188,14.014867782592773,7.344882011413574,0.0,0.0,0.0,0.0
200,4.002303524999661,1789353538.1607525,17,-0.0036031893,-0.025927048,-0.0056597264,0.002906346,5.7560577,-66.80655,-88.510765,-107.76959,-98.03518,-13.042131,3.6547806,10.246433,68.23205,87.18096,102.1858,101.2762,14.256765,-0.5114273,0.0,0.0,0.0,0.0,0.0,0.0,-0.0,0.0,1.699997,1.699997,10.560003,47.58,-9.179997,5.1600037,-22.320004,32.499996,2.25,-9.959999,-37.079998,17.519993,-0.66000366,35.16,0.0,0.0,0.0,0.0,rl_constraint,0.0,0.0,0.0,0.0,5.774811267852783,-68.09779357910156,-84.46267700195312,-95.26502227783203,-100.16802215576172,-12.558710098266602,-1.508380651473999,-2.2544710636138916,68.28547668457031,83.32321166992188,85.20138549804688,104.92876434326172,14.078685760498047,8.055522918701172,0.0,0.0,0.0,0.0
201,4.022124680999696,1789353538.1805737,17,-0.0036167863,-0.025927048,-0.0056461296,0.0028995476,5.7985954,-66.799484,-88.263374,-106.75916,-98.22762,-12.961657,3.2154098,10.81739,68.291855,86.93492,101.37791,101.62686,14.236441,0.24268799,0.0,0.0,0.0,0.0,0.0,0.0,-0.0,0.0,2.449997,-0.6500015,13.679997,53.399994,-9.780002,3.0599945,-22.739996,24.849998,2.5999947,-14.340001,-43.32,18.06,-0.9,40.019993,0.0,0.0,0.0,0.0,rl_constraint,0.0,0.0,0.0,0.0,5.208815574645996,-68.41537475585938,-83.91910552978516,-94.07560729980469,-100.4696273803711,-12.531774520874023,-2.4288330078125,-2.833416700363159,67.94319915771484,82.92572021484375,84.69087219238281,104.85128784179688,14.159735679626465,8.632782936096191,0.0,0.0,0.0,0.0
202,4.0423391610002,1789353538.2007883,17,-0.0036303832,-0.025928255,-0.0056325328,0.0028893498,5.8422318,-66.83519,-87.95795,-105.6361,-98.42705,-12.890327,2.7484086,11.2558365,68.333374,86.6303,100.44083,101.9888,14.210678,1.0423828,0.0,0.0,0.0,0.0,0.0,0.0,-0.0,-0.025987154,1.5499992,-3.2499962,16.499996,59.34,-9.959999,3.1800065,-24.719994,19.400002,0.70000076,-16.259998,-49.739998,17.820004,-1.5000045,40.799995,0.0,0.0,0.0,0.0,rl_constraint,0.0,0.0,0.0,0.0,4.366220951080322,-68.7115249633789,-83.41180419921875,-92.94577026367188,-100.8070297241211,-12.487201690673828,-3.4946556091308594,-3.4571385383605957,67.5125503540039,82.61116027832031,84.45670318603516,104.63525390625,14.24455451965332,9.074698448181152,0.0,0.0,0.0,0.0
203,4.061725931999717,1789353538.220175,17,-0.0036337825,-0.025932275,-0.005618936,0.0028825514,5.8598785,-66.93059,-87.608345,-104.388275,-98.6338,-12.830027,2.2534332,11.580265,68.33614,86.278206,99.38988,102.346405,14.194048,1.859642,0.0,0.0,0.0,0.0,0.0,-0.0063661807,-0.0,0.0,-0.29999542,-5.950001,18.299995,64.31999,-11.099996,2.3400054,-26.880001,13.150005,0.0,-18.0,-55.68,18.179996,-0.66000366,40.739998,0.0,0.0,0.0,0.0,rl_constraint,0.0,0.0,0.0,0.0,3.200279951095581,-69.01000213623047,-82.91758728027344,-91.80369567871094,-101.12906646728516,-12.41717529296875,-4.6930670738220215,-4.111789226531982,67.06510162353516,82.34764862060547,84.53954315185547,104.3143539428711,14.349692344665527,9.341578483581543,0.0,0.0,0.0,0.0
204,4.0821775220001655,1789353538.2406266,17,-0.0036201854,-0.026125629,-0.0056053386,0.002875753,5.832241,-67.06358,-87.22808,-103.100426,-98.85019,-12.784282,1.7238098,11.790058,68.33182,85.91689,98.21072,102.681694,14.186865,2.6839738,0.0,0.0,0.0,0.0,0.0,-0.0030731568,-0.0,0.0,-2.5999947,-7.300003,19.859999,64.079994,-11.640001,2.2800064,-27.119999,7.0999947,-0.6000023,-18.119999,-62.219997,16.619993,-0.11999817,40.019993,0.0,0.0,0.0,0.0,rl_constraint,0.0,0.0,0.0,0.0,1.738993763923645,-69.34263610839844,-82.4000473022461,-90.71820831298828,-101.39513397216797,-12.332362174987793,-5.996381759643555,-4.808807373046875,66.6440200805664,82.18567657470703,84.97308349609375,103.8799057006836,14.45151138305664,9.426959037780762,0.0,0.0,0.0,0.0
205,4.102198906999547,1789353538.2606483,17,-0.0036167863,-0.026167836,-0.0055917418,0.0028689546,5.7307205,-67.21928,-86.8043,-101.83952,-99.07924,-12.7373295,1.1446106,11.870613,68.30149,85.548645,96.91296,102.97249,14.1863575,3.4848907,0.0,0.0,0.0,0.0,0.0,0.0,-0.0,0.0,-7.5999985,-8.650005,22.320004,62.820004,-12.2400055,2.5200028,-29.400005,0.94999695,-2.2999992,-18.720003,-68.52,14.160004,0.11999817,38.939995,0.0,0.0,0.0,0.0,rl_constraint,0.0,0.0,0.0,0.0,-0.007569983601570129,-69.7090835571289,-81.8731460571289,-89.73339080810547,-101.56024932861328,-12.21664810180664,-7.371737480163574,-5.59130859375,66.23069763183594,82.15859985351562,85.82203674316406,103.33277893066406,14.504223823547363,9.295209884643555,0.0,0.0,0.0,0.0
206,4.121980576999704,1789353538.2804298,17,-0.0036167863,-0.026177082,-0.00555435,0.0028587568,5.5323944,-67.40473,-86.34864,-100.60565,-99.3155,-12.689346,0.4990677,11.839634,68.21964,85.16442,95.48649,103.21293,14.187195,4.256282,0.0,0.0,0.0,0.0,0.0,0.0,0.025987154,0.0,-12.949997,-9.600002,22.980007,61.08,-12.779997,1.8599991,-35.1,-4.250004,-5.6500053,-19.500004,-74.1,10.2599945,0.059999086,36.359993,0.0,0.0,0.0,0.0,rl_constraint,0.0,0.0,0.0,0.0,-1.9405966997146606,-70.12146759033203,-81.34709930419922,-88.83715057373047,-101.62583923339844,-12.07939338684082,-8.804871559143066,-6.369034767150879,65.84176635742188,82.23637390136719,87.02398681640625,102.71111297607422,14.46402645111084,8.970937728881836,0.0,0.0,0.0,0.0
207,4.142270344999815,1789353538.3007195,17,-0.0036269838,-0.026181102,-0.0054591717,0.0028519584,5.213459,-67.60819,-85.88033,-99.37941,-99.558395,-12.640251,-0.20239563,11.693333,68.078445,84.77492,93.949295,103.38967,14.190065,4.9688826,0.0,0.0,0.0,0.0,0.0,0.0,-0.0,0.0,-19.150005,-10.849995,23.46,60.599995,-11.520002,2.1599946,-36.299995,-10.950005,-7.450001,-18.780003,-79.920006,6.8400054,0.23999634,34.619995,0.0,0.0,0.0,0.0,rl_constraint,0.0,0.0,0.0,0.0,-3.9439589977264404,-70.65188598632812,-80.8309097290039,-87.99725341796875,-101.562255859375,-11.873475074768066,-10.201933860778809,-7.056947708129883,65.45491790771484,82.40332794189453,88.54939270019531,102.12310028076172,14.293834686279297,8.433979988098145,0.0,0.0,0.0,0.0
208,4.16187932899993,1789353538.3203285,17,-0.0036643755,-0.029591205,-0.0053979857,0.00284516,4.770916,-67.834274,-85.406654,-98.17627,-99.798965,-12.600618,-0.9863251,11.419922,67.872475,84.46814,92.30805,103.481064,14.207616,5.5848722,0.0,0.0,0.0,0.0,0.0,-0.4094547,-0.0,0.0,-25.049995,-11.950001,24.060003,59.46,-11.340006,2.8199983,-39.719997,-16.699997,-12.849998,-12.180006,-83.340004,2.4600036,0.60000455,29.280006,0.0,0.0,0.0,0.0,rl_constraint,0.0,0.0,0.0,0.0,-5.787847518920898,-71.4124755859375,-80.2937240600586,-87.1876220703125,-101.43338012695312,-11.576281547546387,-11.522050857543945,-7.611354827880859,65.1120376586914,82.63774108886719,90.31462860107422,101.75694274902344,13.919367790222168,7.654330253601074,0.0,0.0,0.0,0.0
209,4.182317198999954,1789353538.3407662,17,0.002053138,-0.04113163,-0.005360594,0.0028383613,4.2124214,-68.08559,-84.923805,-97.00057,-100.0294,-12.538641,-1.8449478,11.017708,67.64774,84.15375,90.64163,103.51001,14.211447,6.117215,0.0,0.0,0.0,0.0,0.18935439,-0.7463622,0.025987154,0.0,-30.8,-13.200005,24.060003,58.38,-10.919998,3.480002,-44.459995,-22.950005,-10.5,-16.559994,-83.28001,-0.11999817,0.29999542,24.240002,0.0,0.0,0.0,0.0,rl_constraint,0.0,0.0,0.0,0.0,-7.435147285461426,-72.42487335205078,-79.78182220458984,-86.46308135986328,-101.22332000732422,-11.177249908447266,-12.73863697052002,-7.869280815124512,64.88557434082031,82.9223403930664,92.42951965332031,101.57423400878906,13.277572631835938,6.648379325866699,0.0,0.0,0.0,0.0
210,4.202387207000356,1789353538.3608363,17,0.0020191458,-0.05707303,-0.0053334,0.002831563,3.5229034,-68.378746,-84.4218,-95.81043,-100.2459,-12.467807,-2.788962,10.492985,67.43017,83.875206,89.00874,103.48301,14.22187,6.5669403,0.0,0.0,0.0,0.0,-0.24690345,-0.77310693,-0.0,0.0,-36.8,-15.450005,25.020002,58.080006,-9.660004,3.9599946,-46.68,-28.950005,-11.800003,-11.460004,-75.3,-3.480002,0.059999086,17.94,0.0,0.0,0.0,0.0,rl_constraint,0.0,0.0,0.0,0.0,-8.75999641418457,-73.5631332397461,-79.35623931884766,-85.82463073730469,-100.87740325927734,-10.789886474609375,-13.855287551879883,-7.735997200012207,64.80111694335938,83.2945556640625,94.88832092285156,101.608642578125,12.387334823608398,5.533389568328857,0.0,0.0,0.0,0.0
211,4.222332231999644,1789353538.3807814,17,-0.0033346496,-0.08225393,-0.0053130044,0.0028213651,2.7407112,-68.70233,-83.929794,-94.711075,-100.42443,-12.379793,-3.7447312,9.867508,67.16626,83.69112,87.60829,103.35917,14.23114,6.8770704,0.0,0.0,0.0,0.0,-0.15779589,-1.9598254,-0.0,0.0,-43.5,-17.750004,25.680006,55.380005,-8.459994,5.519998,-49.200005,-35.000004,-16.400002,-7.7400055,-68.880005,-9.239996,1.8,13.980006,0.0,0.0,0.0,0.0,rl_constraint,0.0,0.0,0.0,0.0,-9.6548490524292,-74.56131744384766,-79.06981658935547,-85.35823822021484,-100.50663757324219,-10.449433326721191,-14.707090377807617,-7.2786455154418945,65.00505828857422,83.62935638427734,97.63079833984375,102.01337432861328,11.290743827819824,4.3291778564453125,0.0,0.0,0.0,0.0
212,4.242299217000436,1789353538.4007483,17,-0.0027227874,-0.12606357,-0.0052858107,0.0028077683,1.8165321,-69.09132,-83.4183,-93.64437,-100.56955,-12.263021,-4.7788467,9.138233,66.77193,83.591866,86.300545,103.14124,14.233571,7.0758543,0.0,0.0,0.0,0.0,0.16150786,-2.6689608,-0.0,0.0,-49.200005,-21.05,25.680006,51.840004,-5.340001,6.1200027,-53.28,-37.4,-23.700005,-1.3800064,-62.1,-10.440005,-1.5600036,7.020003,0.0,0.0,0.0,0.0,rl_constraint,0.0,0.0,0.0,0.0,-10.20738410949707,-75.1459732055664,-79.03388977050781,-84.8891372680664,-100.20877075195312,-10.230201721191406,-15.436704635620117,-6.439059734344482,65.52294921875,83.78286743164062,100.16094970703125,102.81381225585938,10.14075756072998,3.1059868335723877,0.0,0.0,0.0,0.0
213,4.262654471999667,1789353538.4211037,17,-0.000635657,-0.18859288,-0.005262016,0.0027805744,0.75629425,-69.55208,-82.90894,-92.59277,-100.67992,-12.11895,-5.862387,8.351646,66.21638,83.617424,85.094864,102.94957,14.1441555,7.151358,0.0,0.0,0.0,0.0,0.0,-3.5572426,-0.0,0.0,-54.299995,-24.05,24.180002,49.62,-4.3200026,7.6199937,-54.480007,-39.299995,-30.349995,4.7999954,-55.380005,-7.6199937,-7.2,-0.0,0.0,0.0,0.0,0.0,rl_constraint,0.0,0.0,0.0,0.0,-10.593083381652832,-75.37114715576172,-79.2705307006836,-84.45870971679688,-99.837890625,-10.162153244018555,-16.049047470092773,-5.330583095550537,66.29096221923828,83.80947875976562,102.35469055175781,103.87506103515625,9.057657241821289,1.8425036668777466,0.0,0.0,0.0,0.0
214,4.282421650000288,1789353538.4408708,17,-0.0006832463,-0.2661593,-0.0052382215,0.0027499814,-0.37073135,-70.047195,-82.44714,-91.64052,-100.72683,-11.960582,-6.9048247,7.5517044,65.565025,83.78587,84.06237,102.813866,13.929634,7.1251006,0.0,0.0,0.0,0.0,0.0,-4.30136,-0.0,0.0,-61.250004,-26.549995,23.160004,47.939995,-1.2599945,9.540006,-52.08,-42.550003,-35.750004,12.659999,-50.160004,-5.2200027,-13.019994,-4.3200026,0.0,0.0,0.0,0.0,rl_constraint,0.0,0.0,0.0,0.0,-10.755722999572754,-75.24996948242188,-79.85981750488281,-84.35523986816406,-99.37959289550781,-10.224064826965332,-16.364696502685547,-4.066870212554932,67.33087921142578,83.81404876708984,104.220703125,105.06593322753906,8.022455215454102,0.575634241104126,0.0,0.0,0.0,0.0
215,4.3022634449998804,1789353538.4607124,17,-0.00070024247,-0.36567885,-0.0052144267,0.0027261865,-1.6508789,-70.59413,-81.99656,-90.72095,-100.732544,-11.783798,-7.9619293,6.6558266,64.797035,84.10056,83.13258,102.75063,13.613365,6.9546065,0.0,0.0,0.0,0.0,0.0,-5.504494,-0.0,0.0,-66.1,-27.849998,21.240005,45.359993,0.17999725,9.239996,-51.060005,-47.499996,-40.950005,18.119999,-44.28,-1.1999954,-18.84,-11.460004,0.0,0.0,0.0,0.0,rl_constraint,0.0,0.0,0.0,0.0,-10.670087814331055,-74.96862030029297,-80.68595886230469,-84.59564208984375,-98.869140625,-10.391655921936035,-16.565336227416992,-2.8434033393859863,68.48485565185547,83.75834655761719,105.52677154541016,106.35540008544922,7.060218334197998,-0.7172650098800659,0.0,0.0,0.0,0.0
216,4.322000010999545,1789353538.480449,17,0.007940614,-0.4866188,-0.0051974305,0.0027057913,-2.9214134,-71.14556,-81.58176,-89.83167,-100.708,-11.598376,-8.982971,5.664917,63.908443,84.51799,82.30096,102.75691,13.211513,6.650148,0.0,0.0,0.0,0.0,0.24504746,-6.614815,-0.0,0.0,-60.500004,-26.850002,18.84,40.919994,2.8799973,8.700005,-49.799995,-52.200005,-47.700005,23.4,-37.620003,2.3400054,-23.699995,-18.359995,0.0,0.0,0.0,0.0,rl_constraint,0.0,0.0,0.0,0.0,-10.37784194946289,-74.43814086914062,-81.74708557128906,-85.1812515258789,-98.32899475097656,-10.694815635681152,-16.630558013916016,-1.5701426267623901,69.83790588378906,83.54832458496094,106.32920837402344,107.66770935058594,6.226297855377197,-2.0150303840637207,0.0,0.0,0.0,0.0
217,4.34224108699982,1789353538.5006902,17,0.007658477,-0.6335402,-0.005177035,0.0026853958,-4.0496864,-71.66283,-81.270966,-89.06324,-100.620346,-11.429434,-9.967319,4.5685844,62.902027,85.00395,81.60485,102.88768,12.719655,6.2381196,0.0,0.0,0.0,0.0,0.025987154,-8.039325,-0.0,0.0,-52.5,-24.849998,12.420003,35.580006,6.1200027,8.040001,-48.180008,-56.9,-52.6,23.759995,-30.66,9.299995,-26.459995,-24.120003,0.0,0.0,0.0,0.0,rl_constraint,0.0,0.0,0.0,0.0,-9.807695388793945,-73.68860626220703,-83.11936950683594,-86.10466003417969,-97.81844329833984,-11.080949783325195,-16.637271881103516,-0.1335485428571701,71.3335952758789,83.22663116455078,106.79485321044922,108.94120025634766,5.476982593536377,-3.2195167541503906,0.0,0.0,0.0,0.0
218,4.361753103999945,1789353538.5202022,17,0.025208728,-0.8078729,-0.005160039,0.002671799,-5.0288773,-72.130615,-81.067894,-88.41212,-100.46062,-11.277974,-10.882548,3.4606705,61.8872,85.40603,81.053795,103.151405,12.157059,5.7105284,0.0,0.0,0.0,0.0,0.18935439,-9.250593,-0.0,0.0,-45.349995,-21.75,6.8400054,29.939997,8.219998,6.7199936,-43.439995,-53.25,-47.800003,17.459995,-26.459995,16.080002,-29.580002,-27.419994,0.0,0.0,0.0,0.0,rl_constraint,0.0,0.0,0.0,0.0,-9.11392593383789,-72.8934555053711,-84.60932922363281,-87.2757568359375,-97.3495864868164,-11.48254680633545,-16.6148738861084,1.355493426322937,72.82813262939453,82.71565246582031,107.03199768066406,109.89371490478516,4.81101655960083,-4.375248908996582,0.0,0.0,0.0,0.0
219,4.38220374499997,1789353538.5406528,17,0.022027044,-1.0079402,-0.0051430427,0.0026548028,-5.8702583,-72.51541,-80.99011,-87.84927,-100.268715,-11.165021,-11.704971,2.4472847,61.01468,85.70719,80.585144,103.531006,11.5474825,5.0638456,0.0,0.0,0.0,0.0,-0.5569273,-10.676885,-0.0,0.0,-38.9,-16.900005,0.17999725,25.680006,11.520002,4.440001,-40.200005,-48.550003,-39.0,11.580002,-20.819998,22.980007,-31.080006,-36.419994,0.0,0.0,0.0,0.0,rl_constraint,0.0,0.0,0.0,0.0,-8.356821060180664,-72.07476806640625,-86.11031341552734,-88.54595947265625,-96.99724578857422,-11.872014999389648,-16.52703857421875,3.002948522567749,74.31110382080078,82.03214263916016,107.0157241821289,110.4143295288086,4.229400634765625,-5.568752288818359,0.0,0.0,0.0,0.0
220,4.4024396949998845,1789353538.5608888,17,0.01071099,-1.243629,-0.0051260465,0.0026412057,-6.61631,-72.812386,-81.011314,-87.38252,-100.02856,-11.089737,-12.452454,1.47575,60.287018,85.85649,80.21269,104.02863,10.857692,4.278653,0.0,0.0,0.0,0.0,-0.18193047,-12.2176695,-0.0,0.0,-33.600002,-11.700005,-2.7,19.8,12.180006,2.2800064,-34.379997,-46.4,-31.749996,3.2400055,-14.639997,27.359995,-35.339996,-42.599995,0.0,0.0,0.0,0.0,rl_constraint,0.0,0.0,0.0,0.0,-7.5333380699157715,-71.26190948486328,-87.56868743896484,-89.81232452392578,-96.78495788574219,-12.168850898742676,-16.349197387695312,4.767769813537598,75.7397689819336,81.21089172363281,106.7494888305664,110.55744171142578,3.6598260402679443,-6.879758358001709,0.0,0.0,0.0,0.0
221,4.421717590999833,1789353538.5801666,17,0.00915414,-1.4986649,-0.0051090503,0.002631008,-7.2273216,-72.98456,-81.12952,-87.07702,-99.76598,-11.064482,-13.09065,0.58826065,59.71193,85.8517,79.98364,104.582275,10.155487,3.4188905,0.0,0.0,0.0,0.0,0.0,-13.808978,-0.0,0.0,-28.749996,-6.0999985,-10.380007,12.480001,14.880007,0.11999817,-29.819998,-44.800003,-26.449997,-3.2400055,-8.820003,29.580002,-36.12,-46.68,0.0,0.0,0.0,0.0,rl_constraint,0.0,0.0,0.0,0.0,-6.563835144042969,-70.58677673339844,-88.80033874511719,-91.05180358886719,-96.77190399169922,-12.288702964782715,-15.93928337097168,6.590095043182373,76.93010711669922,80.40702819824219,106.29133605957031,110.37773895263672,3.103591203689575,-8.22258186340332,0.0,0.0,0.0,0.0
222,4.4419224080002095,1789353538.6003714,17,0.009235722,-1.7881446,-0.0050954535,0.0026208104,-7.7396736,-73.0523,-81.412636,-86.8915,-99.46997,-11.068987,-13.6568575,-0.28258896,59.23217,85.72581,79.879654,105.19674,9.423784,2.4092743,0.0,0.0,0.0,0.0,0.0,-14.974102,-0.0,0.0,-22.099995,-0.6000023,-17.219997,6.1800017,15.840006,-0.8400009,-25.860004,-42.600002,-20.95,-10.019999,-2.4000046,30.839996,-36.359993,-54.0,0.0,0.0,0.0,0.0,rl_constraint,0.0,0.0,0.0,0.0,-5.5059919357299805,-70.06159210205078,-89.85707092285156,-92.28715515136719,-96.98699951171875,-12.186029434204102,-15.334866523742676,8.312335968017578,77.9317398071289,79.68172454833984,105.70474243164062,109.94837188720703,2.557342290878296,-9.704123497009277,0.0,0.0,0.0,0.0
223,4.4617442170001596,1789353538.6201932,17,0.009524657,-2.0908067,-0.0050036744,0.0026072133,-8.113106,-73.01903,-81.81719,-86.81757,-99.16936,-11.116571,-14.114424,-1.0890083,58.863842,85.46762,79.87435,105.82062,8.690845,1.2864166,0.0,0.0,0.0,0.0,0.0,-15.151132,0.025987154,0.0,-15.400005,4.250004,-23.040005,1.9799973,13.919993,-3.6,-20.879997,-37.55,-15.099998,-15.780006,1.6200027,30.180006,-35.580006,-60.3,0.0,0.0,0.0,0.0,rl_constraint,0.0,0.0,0.0,0.0,-4.443597793579102,-69.58000183105469,-90.75402069091797,-93.49700164794922,-97.45879364013672,-11.882759094238281,-14.50603199005127,9.888260841369629,78.78657531738281,79.01319885253906,105.13957977294922,109.32257080078125,2.1112005710601807,-11.17177963256836,0.0,0.0,0.0,0.0
224,4.4823768010001,1789353538.6408257,17,0.009184733,-2.3876624,-0.004809918,0.0025970156,-8.37101,-72.87854,-82.32679,-86.82948,-98.87479,-11.207552,-14.476781,-1.7701607,58.617405,85.10401,79.97281,106.40926,7.9804688,0.04194031,0.0,0.0,0.0,0.0,-0.16150786,-14.421565,-0.0,0.0,-10.350002,9.500004,-27.660004,-3.1199937,14.280002,-4.619998,-15.180002,-30.949997,-9.550003,-22.200005,8.820003,28.560003,-36.600006,-63.96,0.0,0.0,0.0,0.0,rl_constraint,0.0,0.0,0.0,0.0,-3.3924407958984375,-69.19829559326172,-91.49246978759766,-94.5948257446289,-98.07829284667969,-11.539652824401855,-13.642241477966309,11.227810859680176,79.43466186523438,78.42410278320312,104.60435485839844,108.6968765258789,1.7192063331604004,-12.599995613098145,0.0,0.0,0.0,0.0
225,4.502341010999771,1789353538.66079,17,0.0030627109,-2.6615274,-0.0047283364,0.002586818,-8.509964,-72.64719,-82.952995,-86.9809,-98.61558,-11.3095455,-14.7278185,-2.327774,58.500584,84.61236,80.22092,106.93081,7.2954574,-1.2368958,0.0,0.0,0.0,0.0,-0.3360144,-13.090739,-0.0,0.0,-4.1500053,13.099995,-34.920002,-10.740001,10.979998,-4.619998,-9.600004,-24.550003,-3.5000038,-27.540005,16.559994,22.980007,-34.2,-65.21999,0.0,0.0,0.0,0.0,rl_constraint,0.0,0.0,0.0,0.0,-2.3791489601135254,-68.86381530761719,-92.13270568847656,-95.60901641845703,-98.7616958618164,-11.20335865020752,-12.720845222473145,12.240961074829102,79.83291625976562,77.93450927734375,104.09233856201172,108.09703063964844,1.4210903644561768,-13.861347198486328,0.0,0.0,0.0,0.0
226,4.5218960339998375,1789353538.680345,17,-0.00070024247,-2.9106936,-0.0046875454,0.0025766203,-8.532703,-72.36545,-83.70492,-87.27426,-98.407906,-11.396022,-14.868787,-2.7522697,58.484676,84.00418,80.6265,107.36187,6.630249,-2.4958603,0.0,0.0,0.0,0.0,0.0,-11.859632,-0.0,0.0,1.4000015,14.700005,-40.739998,-18.720003,8.940001,-3.540001,-4.2000046,-17.95,1.2500038,-33.000004,23.759995,19.440006,-33.659996,-61.559994,0.0,0.0,0.0,0.0,rl_constraint,0.0,0.0,0.0,0.0,-1.2816294431686401,-68.56084442138672,-92.68367767333984,-96.5672607421875,-99.4269027709961,-10.829111099243164,-11.713889122009277,12.979137420654297,80.02973175048828,77.56523132324219,103.6459732055664,107.50956726074219,1.2534387111663818,-14.943358421325684,0.0,0.0,0.0,0.0
