sample_index,elapsed_time_s,wall_time_s,op_state,q_Joint_L0_deg,q_Joint_L1_deg,q_Joint_L2_U_deg,q_Joint_L3_U_deg,q_Joint_L2_L_deg,q_Joint_L3_L_deg,q_Joint_L4_L_deg,q_Joint_L5_L_deg,q_Joint_L6_L_deg,q_Joint_L7_L_deg,q_Joint_L8_L_deg,q_Joint_L2_R_deg,q_Joint_L3_R_deg,q_Joint_L4_R_deg,q_Joint_L5_R_deg,q_Joint_L6_R_deg,q_Joint_L7_R_deg,q_Joint_L8_R_deg,q_Dummy_0_deg,q_Dummy_1_deg,q_Dummy_2_deg,q_Dummy_3_deg,qdot_Joint_L0_deg_s,qdot_Joint_L1_deg_s,qdot_Joint_L2_U_deg_s,qdot_Joint_L3_U_deg_s,qdot_Joint_L2_L_deg_s,qdot_Joint_L3_L_deg_s,qdot_Joint_L4_L_deg_s,qdot_Joint_L5_L_deg_s,qdot_Joint_L6_L_deg_s,qdot_Joint_L7_L_deg_s,qdot_Joint_L8_L_deg_s,qdot_Joint_L2_R_deg_s,qdot_Joint_L3_R_deg_s,qdot_Joint_L4_R_deg_s,qdot_Joint_L5_R_deg_s,qdot_Joint_L6_R_deg_s,qdot_Joint_L7_R_deg_s,qdot_Joint_L8_R_deg_s,qdot_Dummy_0_deg_s,qdot_Dummy_1_deg_s,qdot_Dummy_2_deg_s,qdot_Dummy_3_deg_s,ik_mode,command_Joint_L0_deg,command_Joint_L1_deg,command_Joint_L2_U_deg,command_Joint_L3_U_deg,command_Joint_L2_L_deg,command_Joint_L3_L_deg,command_Joint_L4_L_deg,command_Joint_L5_L_deg,command_Joint_L6_L_deg,command_Joint_L7_L_deg,command_Joint_L8_L_deg,command_Joint_L2_R_deg,command_Joint_L3_R_deg,command_Joint_L4_R_deg,command_Joint_L5_R_deg,command_Joint_L6_R_deg,command_Joint_L7_R_deg,command_Joint_L8_R_deg,command_Dummy_0_deg,command_Dummy_1_deg,command_Dummy_2_deg,command_Dummy_3_deg
0,0.0018010130006587133,1789353548.6959186,17,0.0021551151,-0.17459746,0.018393261,0.008552476,-0.079776764,-79.97238,-96.140945,-100.111374,-90.020515,0.0014007569,-0.013156128,-0.0010414124,79.97864,96.11894,100.075325,90.027565,0.019844055,-0.022906493,0.0,0.0,0.0,0.0,0.0,-0.019139824,-0.0,0.0,-0.049999237,-0.099998474,-0.8400009,0.0,-1.0199982,0.11999817,-0.23999634,0.0,0.0,0.7200028,0.11999817,-0.17999725,0.11999817,1.1399963,0.0,0.0,0.0,0.0,rl_constraint,0.0,0.0,0.0,0.0,-0.7358238697052002,-77.29977416992188,-92.94668579101562,-100.9716796875,-99.79692840576172,-2.323235511779785,3.814171314239502,3.034688949584961,75.7763442993164,93.79267120361328,96.54853057861328,92.49313354492188,1.2152318954467773,-0.1124454215168953,0.0,0.0,0.0,0.0
1,0.0221173899999485,1789353548.716235,17,0.0021551151,-0.1748734,0.018393261,0.008555875,-0.08749008,-79.970924,-96.126625,-100.1148,-90.09569,-0.03440094,0.0216568,0.008880615,79.96694,96.11253,100.05584,90.05174,0.011315918,-0.0049575805,0.0,0.0,0.0,0.0,0.0,-0.0030796735,-0.0,0.0,-0.6000023,1.5499992,3.6,-0.7800018,-7.920003,-3.3600037,4.1400056,1.7999954,-2.3999977,-2.8799973,-3.540001,2.5800018,1.5000045,0.29999542,0.0,0.0,0.0,0.0,rl_constraint,0.0,0.0,0.0,0.0,-0.7540249228477478,-77.29828643798828,-92.89911651611328,-101.00241088867188,-99.78997039794922,-2.3948569297790527,3.8906073570251465,3.051514148712158,75.75227355957031,93.80230712890625,96.54125213623047,92.48223876953125,1.2056485414505005,-0.0821545347571373,0.0,0.0,0.0,0.0
2,0.042493789000218385,1789353548.7366111,17,0.0021551151,-0.17489393,0.018393261,0.0085592745,-0.10521698,-79.90004,-96.0146,-100.15068,-90.287674,-0.111291505,0.15901336,0.08781052,79.85655,96.02705,99.93588,90.13277,0.06532745,-0.01863556,0.0,0.0,0.0,0.0,0.0,-0.0030796744,-0.0,0.0,-1.0499954,5.3499985,6.960004,-1.8,-11.159994,-4.619998,9.480006,5.449997,-7.9500046,-4.5,-7.920003,5.8199935,2.2800064,-0.8400009,0.0,0.0,0.0,0.0,rl_constraint,0.0,0.0,0.0,0.0,-0.8047754168510437,-77.25692749023438,-92.71367645263672,-101.068359375,-99.78209686279297,-2.5352559089660645,4.094699382781982,3.0955212116241455,75.67642211914062,93.72933197021484,96.41912841796875,92.52371978759766,1.2990602254867554,-0.13849295675754547,0.0,0.0,0.0,0.0
3,0.062469504000546294,1789353548.756587,17,0.0021551151,-0.174904,0.01839666,0.008562674,-0.12902069,-79.768585,-95.84547,-100.19596,-90.5664,-0.2260849,0.3707611,0.22793198,79.655754,95.90567,99.741936,90.265045,0.118363954,-0.030363465,0.0,0.0,0.0,0.0,0.0,0.0,-0.0,0.0,-1.4500008,7.300003,9.840001,-2.4600036,-15.479998,-6.539996,11.159994,9.249996,-12.149998,-7.920003,-9.959999,6.6599946,4.0800066,-0.29999542,0.0,0.0,0.0,0.0,rl_constraint,0.0,0.0,0.0,0.0,-0.8612358570098877,-77.13662719726562,-92.52937316894531,-101.13595581054688,-99.76860809326172,-2.698758125305176,4.304882049560547,3.1428422927856445,75.61823272705078,93.62731170654297,96.24160766601562,92.60367584228516,1.3672300577163696,-0.18948180973529816,0.0,0.0,0.0,0.0
4,0.08246893900013674,1789353548.7765863,17,0.0021551151,-0.17490965,0.01839666,0.008566072,-0.169693,-79.5918,-95.63796,-100.25004,-90.95619,-0.3816101,0.6341995,0.4347725,79.37518,95.76219,99.51461,90.42651,0.20875397,-0.03902893,0.0,0.0,0.0,0.0,0.0,0.0,-0.0,0.0,-2.4999962,9.75,11.039996,-2.8199983,-21.480001,-9.660004,14.519999,11.349998,-15.650002,-7.8600035,-11.7,9.0,4.380002,-0.5400055,0.0,0.0,0.0,0.0,rl_constraint,0.0,0.0,0.0,0.0,-0.9165767431259155,-76.94068145751953,-92.37641143798828,-101.19767761230469,-99.75405883789062,-2.87751841545105,4.4693169593811035,3.181164264678955,75.59231567382812,93.50094604492188,96.07196044921875,92.7175064086914,1.4362666606903076,-0.20180705189704895,0.0,0.0,0.0,0.0
5,0.10181477300011466,1789353548.795932,17,0.0021551151,-0.17491207,0.01840006,0.008566072,-0.22964859,-79.38217,-95.39728,-100.32046,-91.44789,-0.5698334,0.9365021,0.6760254,79.044365,95.59616,99.26227,90.607475,0.29554597,-0.05270691,0.0,0.0,0.0,0.0,0.0,0.0,-0.0,0.0,-3.2499962,12.099998,13.019994,-4.3200026,-28.979998,-10.079997,15.780006,13.099995,-17.650005,-8.820003,-13.919993,9.660004,4.440001,-0.5400055,0.0,0.0,0.0,0.0,rl_constraint,0.0,0.0,0.0,0.0,-0.9601837992668152,-76.7618408203125,-92.16246032714844,-101.28882598876953,-99.68624877929688,-3.1191892623901367,4.661681652069092,3.18962025642395,75.60006713867188,93.34678649902344,95.91310119628906,92.84349822998047,1.4904353618621826,-0.21258538961410522,0.0,0.0,0.0,0.0
6,0.12248889000056806,1789353548.8166063,17,0.0024916395,-0.17491247,0.01840006,0.008569472,-0.2959442,-79.1352,-95.11115,-100.405235,-92.08297,-0.79407805,1.2856613,0.95365906,78.66891,95.390305,98.96351,90.818016,0.41308594,-0.06795044,0.0,0.0,0.0,0.0,0.07982424,0.0,-0.0,0.0,-2.800003,12.349995,14.940005,-3.8399963,-33.659996,-10.8,17.459995,13.549999,-18.249996,-10.440005,-14.7599945,10.979998,5.459999,-0.7200028,0.0,0.0,0.0,0.0,rl_constraint,0.0,0.0,0.0,0.0,-0.969095766544342,-76.54873657226562,-91.90267944335938,-101.36885833740234,-99.56723022460938,-3.421231985092163,4.863811016082764,3.1414852142333984,75.615234375,93.15181732177734,95.73763275146484,92.99605560302734,1.576050043106079,-0.2106146365404129,0.0,0.0,0.0,0.0
7,0.14278191500034154,1789353548.8368993,17,0.002902947,-0.17491166,0.01840006,0.008572871,-0.36446,-78.877914,-94.7932,-100.49715,-92.84705,-1.0310669,1.6548706,1.2266006,78.29686,95.16706,98.64856,91.036736,0.52559966,-0.084127806,0.0,0.0,0.0,0.0,0.0,0.0,-0.0,0.0,-3.8499985,12.650002,15.719994,-5.6999955,-41.4,-11.460004,18.359995,13.099995,-17.900002,-11.460004,-15.780006,11.640001,6.1200027,-0.7800018,0.0,0.0,0.0,0.0,rl_constraint,0.0,0.0,0.0,0.0,-0.9560665488243103,-76.35899353027344,-91.55470275878906,-101.49311828613281,-99.3386459350586,-3.809124231338501,5.1489176750183105,3.0358564853668213,75.69548034667969,92.91336822509766,95.54258728027344,93.14224243164062,1.678015112876892,-0.23106656968593597,0.0,0.0,0.0,0.0
8,0.16223223199995118,1789353548.8563497,17,0.0029301408,-0.17489313,0.01840346,0.00857627,-0.4388008,-78.630104,-94.481064,-100.59755,-93.68943,-1.2704315,2.0178313,1.4658852,77.95598,94.9485,98.331535,91.248924,0.6401733,-0.09578705,0.0,0.0,0.0,0.0,0.0,0.0063797,-0.0,0.0,-2.9500008,12.650002,16.499996,-3.7799973,-47.280006,-13.140005,18.179996,12.049999,-17.2,-11.340006,-16.379997,10.919998,4.9199934,-0.60000455,0.0,0.0,0.0,0.0,rl_constraint,0.0,0.0,0.0,0.0,-0.9240163564682007,-76.17021942138672,-91.20645904541016,-101.62332916259766,-99.00755310058594,-4.211980819702148,5.4540534019470215,2.8589770793914795,75.81912231445312,92.6757583618164,95.35237884521484,93.26451110839844,1.790947437286377,-0.25018632411956787,0.0,0.0,0.0,0.0
9,0.1821579080005904,1789353548.8762753,17,0.0029301408,-0.17483956,0.01840346,0.00857627,-0.4974861,-78.3753,-94.15301,-100.67902,-94.67027,-1.5255616,2.3847473,1.6956253,77.62838,94.72807,97.99911,91.466194,0.75786436,-0.10627899,0.0,0.0,0.0,0.0,0.0,0.0,-0.0,0.0,-3.2499962,12.799999,16.559994,-5.2800016,-51.36,-12.360003,18.480007,10.799995,-15.600002,-11.400004,-16.619993,10.500005,5.459999,-0.3599945,0.0,0.0,0.0,0.0,rl_constraint,0.0,0.0,0.0,0.0,-0.8490695357322693,-75.99398040771484,-90.79869079589844,-101.71023559570312,-98.61550903320312,-4.649290084838867,5.771440505981445,2.637606382369995,75.92285919189453,92.44364929199219,95.14588928222656,93.359619140625,1.929381251335144,-0.2805832624435425,0.0,0.0,0.0,0.0
10,0.20186193400058983,1789353548.8959792,17,0.0028927492,-0.1748029,0.01840346,0.0085796695,-0.5639534,-78.12636,-93.84019,-100.781395,-95.59532,-1.7879975,2.7396607,1.8927841,77.34833,94.51291,97.69012,91.67442,0.8731659,-0.11752625,0.0,0.0,0.0,0.0,0.0,0.0063796914,-0.0,0.0,-3.2999954,12.600002,15.900004,-4.0800066,-41.100006,-14.579997,17.339996,9.349995,-13.599998,-11.159994,-15.479998,10.199995,5.7599945,-0.66000366,0.0,0.0,0.0,0.0,rl_constraint,0.0,0.0,0.0,0.0,-0.7861770987510681,-75.84911346435547,-90.39903259277344,-101.80316925048828,-98.12578582763672,-5.0971999168396,6.12196159362793,2.4363880157470703,76.0242919921875,92.2176742553711,94.96086120605469,93.4311752319336,2.0929510593414307,-0.34540510177612305,0.0,0.0,0.0,0.0
11,0.22257211699979962,1789353548.9166894,17,0.0028689546,-0.17465828,0.01840346,0.008583069,-0.61415863,-77.874985,-93.50703,-100.87013,-96.43902,-2.0784898,3.1034179,2.072319,77.087006,94.28718,97.380035,91.8851,0.99799806,-0.13075104,0.0,0.0,0.0,0.0,0.0,0.0,-0.0,0.0,-2.050003,12.500004,15.719994,-5.579997,-40.080006,-14.639997,18.720003,8.349998,-11.349998,-11.580002,-14.940005,10.199995,5.8800063,-0.7200028,0.0,0.0,0.0,0.0,rl_constraint,0.0,0.0,0.0,0.0,-0.7058918476104736,-75.75765228271484,-90.0215835571289,-101.8480224609375,-97.62323760986328,-5.514266490936279,6.4189453125,2.2758142948150635,76.0811538696289,92.01415252685547,94.8203353881836,93.47354125976562,2.267390489578247,-0.4247029423713684,0.0,0.0,0.0,0.0
12,0.24259094700028072,1789353548.9367085,17,0.0028519584,-0.17462927,0.018406859,0.008583069,-0.65372086,-77.632965,-93.17922,-100.98815,-97.206535,-2.3793092,3.4580016,2.2056084,76.88179,94.0579,97.09427,92.078514,1.11595,-0.14550018,0.0,0.0,0.0,0.0,0.0,0.00329961,-0.0,0.0,-1.9000053,11.900002,16.559994,-4.559999,-34.980003,-14.819994,16.980001,5.7000046,-9.0,-11.520002,-13.440001,8.640005,6.479997,-1.0199982,0.0,0.0,0.0,0.0,rl_constraint,0.0,0.0,0.0,0.0,-0.6110678315162659,-75.73875427246094,-89.67616271972656,-101.94233703613281,-97.15628051757812,-5.904163837432861,6.710297584533691,2.1321628093719482,76.12904357910156,91.83280944824219,94.75086975097656,93.4564437866211,2.43890643119812,-0.5278956890106201,0.0,0.0,0.0,0.0
13,0.2625595320005232,1789353548.956677,17,0.002848559,-0.17451367,0.018406859,0.008586468,-0.6934662,-77.40247,-92.84124,-101.0833,-97.87662,-2.6937652,3.8000336,2.297264,76.71024,93.83699,96.823845,92.25956,1.2409058,-0.17660522,0.0,0.0,0.0,0.0,0.0,0.006159718,-0.0,0.0,-2.1000023,11.200001,16.980001,-5.8800063,-30.059994,-16.559994,16.680006,3.4500046,-7.699997,-10.620003,-13.619998,8.339996,6.8400054,-2.0399964,0.0,0.0,0.0,0.0,rl_constraint,0.0,0.0,0.0,0.0,-0.5305382013320923,-75.74394226074219,-89.36436462402344,-102.00135803222656,-96.7416000366211,-6.259960174560547,6.960778713226318,1.9871845245361328,76.15602111816406,91.69144439697266,94.77348327636719,93.39701843261719,2.632117509841919,-0.682961106300354,0.0,0.0,0.0,0.0
14,0.2824304960004156,1789353548.976548,17,0.002848559,-0.17438315,0.018406859,0.008586468,-0.7196846,-77.18309,-92.506584,-101.182434,-98.435646,-3.0240142,4.142807,2.3552055,76.57473,93.60784,96.55951,92.42453,1.3626206,-0.21163788,0.0,0.0,0.0,0.0,0.0,0.009459708,-0.0,0.0,-0.45000458,10.200005,16.740005,-4.019994,-24.359999,-17.339996,16.140001,2.2000008,-4.9000053,-11.099996,-12.659999,7.5599947,6.000005,-1.4400055,0.0,0.0,0.0,0.0,rl_constraint,0.0,0.0,0.0,0.0,-0.4456655979156494,-75.77971649169922,-89.10779571533203,-102.08140563964844,-96.36192321777344,-6.585601329803467,7.17967414855957,1.831104040145874,76.15351867675781,91.57417297363281,94.87879180908203,93.30096435546875,2.8242526054382324,-0.8304138779640198,0.0,0.0,0.0,0.0
15,0.30216369300069346,1789353548.9962811,17,0.0028417606,-0.17430338,0.018406859,0.0085898675,-0.7277641,-76.982574,-92.163994,-101.27386,-98.87936,-3.3556504,4.47009,2.3848,76.466194,93.38906,96.31329,92.572876,1.4932343,-0.24065551,0.0,0.0,0.0,0.0,0.0,0.0,-0.0,0.0,-0.099998474,9.849998,17.399996,-5.6399965,-19.560003,-17.580006,15.780006,0.45000458,-5.200001,-10.859999,-11.280006,7.2,6.1800017,-2.0999954,0.0,0.0,0.0,0.0,rl_constraint,0.0,0.0,0.0,0.0,-0.3682061731815338,-75.76667022705078,-88.93199157714844,-102.18341827392578,-96.02398681640625,-6.868098735809326,7.348717212677002,1.7069247961044312,76.12962341308594,91.49652862548828,95.08051300048828,93.16426086425781,3.0222971439361572,-0.9427304267883301,0.0,0.0,0.0,0.0
16,0.32219243300005473,1789353549.01631,17,0.0028349622,-0.17417367,0.018406859,0.008593267,-0.7162399,-76.803696,-91.82246,-101.37818,-99.20026,-3.6985612,4.7933073,2.3768234,76.39226,93.17138,96.1022,92.69654,1.6277481,-0.28907776,0.0,0.0,0.0,0.0,0.0,0.006379634,-0.0,0.0,0.8999977,8.650005,17.399996,-4.019994,-13.739996,-17.760004,16.319998,-0.75,-3.3499947,-10.560003,-9.660004,5.459999,6.7800064,-1.9199982,0.0,0.0,0.0,0.0,rl_constraint,0.0,0.0,0.0,0.0,-0.30796128511428833,-75.77220153808594,-88.78819274902344,-102.38333892822266,-95.72100830078125,-7.1407790184021,7.523454666137695,1.565189242362976,76.08405303955078,91.43787384033203,95.37556457519531,93.00540924072266,3.2350215911865234,-1.0646950006484985,0.0,0.0,0.0,0.0
17,0.34233786500044516,1789353549.0364552,17,0.002831563,-0.17380387,0.018406859,0.008593267,-0.7038002,-76.64165,-91.490486,-101.46022,-99.40155,-4.041678,5.1031356,2.358204,76.317055,92.96609,95.925835,92.804016,1.7671921,-0.33439636,0.0,0.0,0.0,0.0,0.0,0.02287947,-0.0,0.0,0.45000458,7.5,16.680006,-4.440001,-7.020003,-18.06,14.7599945,-1.3500023,-3.4000053,-10.139997,-8.219998,4.380002,7.2599993,-2.0399964,0.0,0.0,0.0,0.0,rl_constraint,0.0,0.0,0.0,0.0,-0.23891183733940125,-75.7419204711914,-88.70442199707031,-102.59519958496094,-95.46381378173828,-7.394389629364014,7.662101745605469,1.4765026569366455,75.98558044433594,91.42794036865234,95.7791748046875,92.86767578125,3.4476113319396973,-1.1347591876983643,0.0,0.0,0.0,0.0
18,0.36257941300027596,1789353549.056697,17,0.0028281636,-0.17339702,0.018406859,0.008596666,-0.6837959,-76.50057,-91.167694,-101.558784,-99.48705,-4.388036,5.4078965,2.3121872,76.277016,92.76413,95.773506,92.8789,1.9076111,-0.3955078,0.0,0.0,0.0,0.0,0.0,0.02969919,-0.0,0.0,1.5,6.6500015,15.539996,-4.7999954,-0.7200028,-17.399996,15.479998,-2.9000015,-1.300003,-9.0,-5.6999955,3.2400055,7.5599947,-4.0800066,0.0,0.0,0.0,0.0,rl_constraint,0.0,0.0,0.0,0.0,-0.17792268097400665,-75.68374633789062,-88.65857696533203,-102.90433502197266,-95.25674438476562,-7.653231620788574,7.823354721069336,1.408381700515747,75.88909149169922,91.41992950439453,96.23802947998047,92.72744750976562,3.662032127380371,-1.210325837135315,0.0,0.0,0.0,0.0
19,0.38231276599981356,1789353549.07643,17,0.0028281636,-0.17295794,0.018406859,0.008596666,-0.6467743,-76.37889,-90.86134,-101.65895,-99.43887,-4.732196,5.6924973,2.2432823,76.25235,92.593666,95.673874,92.93584,2.069165,-0.46764678,0.0,0.0,0.0,0.0,0.0,0.009239574,-0.0,0.0,2.25,6.3499947,15.3,-5.7599945,4.980006,-16.2,14.340001,-4.0499954,-1.4000015,-8.159999,-4.2000046,1.9799973,7.080002,-3.6,0.0,0.0,0.0,0.0,rl_constraint,0.0,0.0,0.0,0.0,-0.07771415263414383,-75.58121490478516,-88.67170715332031,-103.26780700683594,-95.09877014160156,-7.898062229156494,7.95065975189209,1.2966974973678589,75.75916290283203,91.44584655761719,96.75218200683594,92.61204528808594,3.898780107498169,-1.2747231721878052,0.0,0.0,0.0,0.0
20,0.40218844700029877,1789353549.0963058,17,0.0028281636,-0.1726824,0.018406859,0.0086000655,-0.5993271,-76.272804,-90.5688,-101.780914,-99.28029,-5.0668397,5.9652877,2.170189,76.20501,92.41953,95.62515,92.96481,2.2281098,-0.53147733,0.0,0.0,0.0,0.0,0.0,0.025739143,-0.0,0.0,2.3999977,4.5,14.160004,-5.579997,10.500005,-16.2,13.859995,-3.8499985,-3.199997,-8.279997,-0.9,1.0199982,7.8000045,-2.8199983,0.0,0.0,0.0,0.0,rl_constraint,0.0,0.0,0.0,0.0,0.0691496878862381,-75.43077850341797,-88.72627258300781,-103.71774291992188,-94.97992706298828,-8.142213821411133,8.068611145019531,1.2108389139175415,75.6185531616211,91.44222259521484,97.3314437866211,92.51968383789062,4.132197856903076,-1.2654749155044556,0.0,0.0,0.0,0.0
21,0.42250282900022285,1789353549.1166203,17,0.0028247645,-0.17179339,0.018406859,0.0086000655,-0.5550842,-76.17977,-90.30031,-101.902725,-99.00269,-5.3934355,6.2177672,2.079506,76.14212,92.26365,95.62924,92.97472,2.3956375,-0.6049759,0.0,0.0,0.0,0.0,0.0,0.051478036,-0.0,0.0,1.7499962,4.5999985,12.480001,-7.3199983,15.960004,-16.499996,11.759999,-4.6499977,-2.449997,-6.7199936,1.6800019,-0.29999542,8.760004,-4.2000046,0.0,0.0,0.0,0.0,rl_constraint,0.0,0.0,0.0,0.0,0.21853408217430115,-75.23895263671875,-88.83084106445312,-104.19288635253906,-94.886474609375,-8.373017311096191,8.159841537475586,1.0962684154510498,75.45723724365234,91.43689727783203,97.92975616455078,92.47818756103516,4.371282577514648,-1.2361412048339844,0.0,0.0,0.0,0.0
22,0.44228648799980874,1789353549.136404,17,0.0028247645,-0.17109652,0.018406859,0.008603464,-0.5100746,-76.08746,-90.061195,-102.045906,-98.60755,-5.7127533,6.461389,2.0030708,76.115654,92.15068,95.69342,92.953896,2.571776,-0.6845169,0.0,0.0,0.0,0.0,0.0,0.02573856,-0.0,0.0,2.8500023,4.7999954,11.280006,-6.8400054,22.019993,-16.140001,11.879997,-3.75,-1.4500008,-5.7599945,4.380002,-1.0799973,9.239996,-3.3600037,0.0,0.0,0.0,0.0,rl_constraint,0.0,0.0,0.0,0.0,0.36361101269721985,-75.05207061767578,-88.94073486328125,-104.7022705078125,-94.83695983886719,-8.599542617797852,8.25601577758789,1.0742037296295166,75.30998229980469,91.45356750488281,98.55017852783203,92.48190307617188,4.605593204498291,-1.1714774370193481,0.0,0.0,0.0,0.0
23,0.4624009640001532,1789353549.1565185,17,0.0028145667,-0.17080931,0.018406859,0.008603464,-0.44826508,-75.998726,-89.85984,-102.222855,-98.09138,-6.0249023,6.687172,1.9095612,76.0718,92.041176,95.8054,92.92651,2.761084,-0.74989927,0.0,0.0,0.0,0.0,0.0,0.0063793277,-0.0,0.0,3.199997,4.1500053,10.019999,-9.840001,27.84,-14.880007,11.039996,-5.1000023,-2.7500038,-4.559999,7.4399962,-1.4400055,9.720003,-2.9399962,0.0,0.0,0.0,0.0,rl_constraint,0.0,0.0,0.0,0.0,0.5656382441520691,-74.81758880615234,-89.1151351928711,-105.27606201171875,-94.83924865722656,-8.818324089050293,8.341577529907227,0.9957852959632874,75.15997314453125,91.41671752929688,99.14759063720703,92.53328704833984,4.849140167236328,-1.0531398057937622,0.0,0.0,0.0,0.0
24,0.4823234579998825,1789353549.1764407,17,0.002804369,-0.17050076,0.01840346,0.008606863,-0.38246155,-75.9103,-89.68054,-102.44255,-97.45409,-6.3292923,6.894896,1.8100204,75.99282,91.92592,95.97548,92.897766,2.9471924,-0.82140654,0.0,0.0,0.0,0.0,0.0,0.016498689,-0.0,0.0,3.2499962,4.6499977,8.159999,-10.979998,35.760002,-15.120003,9.660004,-5.050003,-4.250004,-6.6599946,9.480006,-1.3199936,9.419993,-2.9399962,0.0,0.0,0.0,0.0,rl_constraint,0.0,0.0,0.0,0.0,0.8610287308692932,-74.62332153320312,-89.2812271118164,-105.88481903076172,-94.8926773071289,-9.024429321289062,8.395590782165527,0.9326729774475098,75.03658294677734,91.32714080810547,99.73519134521484,92.62874603271484,5.088160991668701,-0.9385571479797363,0.0,0.0,0.0,0.0
25,0.5019540889998098,1789353549.1960714,17,0.0027975705,-0.17010036,0.01840346,0.008606863,-0.30166626,-75.81093,-89.54577,-102.67008,-96.75606,-6.6179857,7.0880218,1.7202301,75.92912,91.84628,96.19159,92.867294,3.1368852,-0.86731565,0.0,0.0,0.0,0.0,0.0,0.034537524,-0.0,0.0,4.9500046,5.5499954,5.579997,-11.939997,27.299995,-14.7599945,9.780002,-3.8999977,-3.0499992,-2.5800018,12.480001,-1.9799973,9.480006,-1.9799973,0.0,0.0,0.0,0.0,rl_constraint,0.0,0.0,0.0,0.0,1.2104164361953735,-74.38148498535156,-89.48192596435547,-106.46813201904297,-94.99371337890625,-9.23333740234375,8.423291206359863,0.8835721015930176,74.94818115234375,91.21307373046875,100.26563262939453,92.75955963134766,5.3349103927612305,-0.7486734390258789,0.0,0.0,0.0,0.0
26,0.5221792980000828,1789353549.2162967,17,0.0027533805,-0.16962948,0.01840346,0.008606863,-0.20499802,-75.70026,-89.432915,-102.9495,-96.217064,-6.9121857,7.2708344,1.6326256,75.85546,91.77733,96.4809,92.82812,3.347177,-0.903598,0.0,0.0,0.0,0.0,-0.025987154,0.01605862,-0.0,0.0,4.250004,5.499996,4.559999,-14.340001,26.94,-14.459999,8.459994,-4.749996,-5.1500015,-4.380002,15.359999,-1.2599945,9.660004,-1.2599945,0.0,0.0,0.0,0.0,rl_constraint,0.0,0.0,0.0,0.0,1.6233216524124146,-74.0621566772461,-89.66004180908203,-107.01718139648438,-95.18074035644531,-9.425317764282227,8.399322509765625,0.7918633222579956,74.86602783203125,91.08238983154297,100.77151489257812,92.92884063720703,5.552685737609863,-0.5164967775344849,0.0,0.0,0.0,0.0
27,0.5425533280003947,1789353549.2366707,17,0.0026819967,-0.1688992,0.01840346,0.008610263,-0.09762955,-75.58372,-89.364265,-103.25384,-95.7254,-7.1858826,7.434709,1.5423317,75.75426,91.69373,96.805084,92.80701,3.5535827,-0.9239639,0.0,0.0,0.0,0.0,0.0,0.045096353,-0.0,0.0,6.249996,6.0,2.2199936,-16.2,22.260004,-14.280002,7.6800065,-3.949997,-4.0499954,-3.1800065,17.700005,-0.9,10.500005,-0.29999542,0.0,0.0,0.0,0.0,rl_constraint,0.0,0.0,0.0,0.0,1.9847354888916016,-73.65830993652344,-89.82363891601562,-107.52580261230469,-95.3069839477539,-9.610067367553711,8.370550155639648,0.6520653963088989,74.76593780517578,90.90315246582031,101.1911849975586,93.15235137939453,5.772097110748291,-0.259724497795105,0.0,0.0,0.0,0.0
28,0.5625022200001695,1789353549.2566195,17,0.002644605,-0.16791597,0.01840006,0.008610263,0.03823471,-75.44627,-89.32651,-103.59914,-95.3197,-7.4497194,7.5806627,1.4592934,75.66883,91.63641,97.17414,92.79123,3.7631333,-0.91683656,0.0,0.0,0.0,0.0,0.0,0.035416555,-0.0,0.0,7.7999954,7.0999947,1.5000045,-17.640005,18.720003,-13.140005,6.9000044,-4.0999947,-4.6499977,-3.3000045,19.380007,-0.3599945,11.640001,1.6200027,0.0,0.0,0.0,0.0,rl_constraint,0.0,0.0,0.0,0.0,2.38629150390625,-73.21024322509766,-89.94181823730469,-107.98454284667969,-95.3892593383789,-9.799652099609375,8.339944839477539,0.5029359459877014,74.6768798828125,90.7340087890625,101.53695678710938,93.39546966552734,5.984574794769287,0.03900998458266258,0.0,0.0,0.0,0.0
29,0.582478414000434,1789353549.2765958,17,0.0026106127,-0.1674447,0.01840006,0.008613662,0.19413757,-75.29427,-89.307434,-103.97224,-95.02037,-7.706703,7.7070603,1.3753853,75.57696,91.55694,97.56366,92.8,3.9795914,-0.88525087,0.0,0.0,0.0,0.0,0.0,0.01913787,-0.0,0.0,8.150002,8.050003,0.0,-19.259995,11.580002,-12.300005,6.479997,-4.1500053,-4.5,-4.3200026,19.979998,1.1999954,11.159994,1.8,0.0,0.0,0.0,0.0,rl_constraint,0.0,0.0,0.0,0.0,2.814152717590332,-72.75880432128906,-89.98020935058594,-108.37467956542969,-95.41023254394531,-10.011988639831543,8.30816650390625,0.29556456208229065,74.58106994628906,90.5252685546875,101.7564468383789,93.64928436279297,6.211052894592285,0.3475067615509033,0.0,0.0,0.0,0.0
30,0.6018214189998616,1789353549.2959387,17,0.0025834187,-0.16661254,0.01840006,0.008613662,0.37075424,-75.12487,-89.33193,-104.35743,-94.84327,-7.952385,7.8124876,1.2907677,75.474815,91.48637,97.95872,92.82593,4.1946487,-0.84328306,0.0,0.0,0.0,0.0,0.0,0.054773863,-0.0,0.0,9.799999,9.049999,-1.5000045,-20.039997,5.4,-12.2400055,4.9199934,-4.5,-5.1500015,-3.480002,20.640001,1.740001,10.500005,2.7,0.0,0.0,0.0,0.0,rl_constraint,0.0,0.0,0.0,0.0,3.246124267578125,-72.31207275390625,-89.97175598144531,-108.68206787109375,-95.38740539550781,-10.219027519226074,8.262764930725098,0.08984878659248352,74.50104522705078,90.32911682128906,101.87759399414062,93.87818908691406,6.456246852874756,0.635202169418335,0.0,0.0,0.0,0.0
31,0.6225364850006372,1789353549.3166537,17,0.0025630232,-0.16461313,0.01840006,0.008613662,0.58600616,-74.92352,-89.368355,-104.77711,-94.781265,-8.199783,7.907973,1.1921539,75.38285,91.40079,98.38039,92.86327,4.416751,-0.77739257,0.0,0.0,0.0,0.0,0.0,0.17069606,-0.0,0.0,11.299999,10.849995,-2.2800064,-20.640001,0.29999542,-12.540001,4.2600036,-4.749996,-4.549999,-4.440001,20.939997,2.1599946,10.500005,3.480002,0.0,0.0,0.0,0.0,rl_constraint,0.0,0.0,0.0,0.0,3.739884853363037,-71.87740325927734,-89.90791320800781,-108.85948181152344,-95.31005096435547,-10.408682823181152,8.188019752502441,-0.15870392322540283,74.39756774902344,90.15531158447266,101.88218688964844,94.08133697509766,6.673831462860107,0.8947150707244873,0.0,0.0,0.0,0.0
32,0.6422368280000228,1789353549.3363543,17,0.0025494264,-0.15945497,0.01839666,0.008617061,0.8211365,-74.6945,-89.4272,-105.19392,-94.845245,-8.43989,7.9829817,1.0982094,75.27965,91.306175,98.783516,92.92784,4.642836,-0.67960054,0.0,0.0,0.0,0.0,0.0,0.35126492,-0.0,0.0,12.400005,12.0,-2.5200028,-20.999996,-6.1800017,-11.039996,3.1199937,-4.9000053,-5.3499985,-4.7399964,19.979998,3.540001,10.380007,5.8800063,0.0,0.0,0.0,0.0,rl_constraint,0.0,0.0,0.0,0.0,4.262077808380127,-71.50065612792969,-89.7670669555664,-108.89738464355469,-95.20953369140625,-10.599287033081055,8.095186233520508,-0.414592981338501,74.3071517944336,89.98941040039062,101.78209686279297,94.24652862548828,6.896576404571533,1.1705241203308105,0.0,0.0,0.0,0.0
33,0.6622873209998943,1789353549.3564048,17,0.0025392286,-0.15097082,0.01839666,0.008617061,1.083252,-74.440674,-89.47032,-105.60781,-95.02113,-8.667897,8.038518,0.98575974,75.182205,91.20271,99.176674,93.009186,4.864911,-0.5606049,0.0,0.0,0.0,0.0,0.0,0.5509157,-0.0,0.0,13.749996,13.099995,-2.0399964,-20.7,-11.7,-11.219994,2.4600036,-5.750004,-4.9000053,-5.519998,18.84,4.5,10.8,6.419998,0.0,0.0,0.0,0.0,rl_constraint,0.0,0.0,0.0,0.0,4.772202491760254,-71.19281768798828,-89.55059814453125,-108.83427429199219,-95.05559539794922,-10.77983283996582,7.971216201782227,-0.673331081867218,74.22785186767578,89.83921813964844,101.6234359741211,94.34455108642578,7.12071418762207,1.4456886053085327,0.0,0.0,0.0,0.0
34,0.682315201000165,1789353549.3764327,17,0.0025358296,-0.14000542,0.01839666,0.008617061,1.3695145,-74.1652,-89.51025,-106.01594,-95.15646,-8.891386,8.084729,0.861042,75.08219,91.08851,99.53962,93.10633,5.0887985,-0.41602477,0.0,0.0,0.0,0.0,0.0,0.397125,-0.0,0.0,14.950001,14.25,-1.6200027,-19.680002,-0.23999634,-10.680002,2.0999954,-6.1499977,-4.0499954,-5.8800063,16.619993,5.519998,10.019999,7.140001,0.0,0.0,0.0,0.0,rl_constraint,0.0,0.0,0.0,0.0,5.223086833953857,-71.0173568725586,-89.30670166015625,-108.65390014648438,-94.87318420410156,-10.937192916870117,7.815796852111816,-0.8565438389778137,74.11051940917969,89.73206329345703,101.42503356933594,94.42637634277344,7.345914363861084,1.7135902643203735,0.0,0.0,0.0,0.0
35,0.7021697560003304,1789353549.3962872,17,0.002529031,-0.13510916,0.01839666,0.0086204605,1.6767769,-73.88069,-89.54383,-106.37849,-95.17103,-9.103656,8.109105,0.73273087,74.991455,90.97638,99.854355,93.21563,5.305806,-0.25610504,0.0,0.0,0.0,0.0,0.0,0.048152953,-0.0,0.0,16.400002,14.750004,-1.8599991,-17.640005,-0.29999542,-10.979998,0.66000366,-7.450001,-5.5499954,-5.579997,15.3,5.8800063,10.979998,8.219998,0.0,0.0,0.0,0.0,rl_constraint,0.0,0.0,0.0,0.0,5.686515808105469,-70.96688842773438,-89.07014465332031,-108.36177825927734,-94.75582122802734,-11.049235343933105,7.596607685089111,-1.0333807468414307,74.01329040527344,89.64320373535156,101.24034881591797,94.46195983886719,7.558180332183838,1.9685795307159424,0.0,0.0,0.0,0.0
36,0.7217491020001034,1789353549.4158666,17,0.0025256318,-0.13508056,0.018393261,0.0086204605,2.0150642,-73.57844,-89.57337,-106.71271,-95.210785,-9.312506,8.112483,0.5806618,74.89482,90.84372,100.13158,93.33431,5.5276475,-0.07638244,0.0,0.0,0.0,0.0,0.0,-0.003297749,-0.0,0.0,17.399998,15.349995,-1.0799973,-16.319998,-2.1599946,-11.039996,-1.2599945,-8.050003,-4.450001,-6.9000044,11.879997,6.1200027,10.859999,9.299995,0.0,0.0,0.0,0.0,rl_constraint,0.0,0.0,0.0,0.0,6.108730792999268,-71.03286743164062,-88.86787414550781,-108.01469421386719,-94.78819274902344,-11.107416152954102,7.285933971405029,-1.1262422800064087,73.9117660522461,89.58038330078125,101.07594299316406,94.4697265625,7.757499694824219,2.203885078430176,0.0,0.0,0.0,0.0
37,0.742897312000423,1789353549.4370148,17,0.0025222325,-0.13509908,0.018393261,0.0086204605,2.3918152,-73.2588,-89.589645,-107.01726,-95.23133,-9.533043,8.086899,0.4164276,74.784546,90.713905,100.37233,93.4638,5.7645674,0.12654877,0.0,0.0,0.0,0.0,0.0,0.0,-0.0,0.0,18.75,14.850002,0.11999817,-13.200005,-0.23999634,-9.9,-1.0799973,-8.150002,-4.4000015,-6.5999956,10.500005,6.000005,10.8,10.380007,0.0,0.0,0.0,0.0,rl_constraint,0.0,0.0,0.0,0.0,6.491077899932861,-71.13282012939453,-88.70445251464844,-107.58894348144531,-94.9553451538086,-11.120329856872559,6.876797199249268,-1.18424654006958,73.81720733642578,89.55555725097656,100.95318603515625,94.4640121459961,7.925650119781494,2.4268438816070557,0.0,0.0,0.0,0.0
38,0.7626467390000471,1789353549.4567642,17,0.0025222325,-0.13509828,0.018393261,0.0086204605,2.7586555,-72.97432,-89.560104,-107.251724,-95.216064,-9.726842,8.050657,0.25409317,74.702286,90.59314,100.54799,93.57687,5.980696,0.33133394,0.0,0.0,0.0,0.0,0.0,0.0,-0.0,0.0,19.400002,13.950005,2.2199936,-10.2599945,1.3199936,-10.019999,-2.8199983,-8.200001,-5.1500015,-5.579997,8.040001,6.0600038,11.219994,10.620003,0.0,0.0,0.0,0.0,rl_constraint,0.0,0.0,0.0,0.0,6.728837966918945,-71.26741790771484,-88.54657745361328,-107.10008239746094,-95.19367980957031,-11.098495483398438,6.433304786682129,-1.187138557434082,73.80056762695312,89.5499267578125,100.85221862792969,94.4257583618164,8.04422378540039,2.6050615310668945,0.0,0.0,0.0,0.0
39,0.7824395659999936,1789353549.476557,17,0.0025256318,-0.13507774,0.018389862,0.00862386,3.1488419,-72.70964,-89.502266,-107.42779,-95.19512,-9.909805,7.981801,0.09221649,74.597984,90.45779,100.69248,93.690704,6.202977,0.54775083,0.0,0.0,0.0,0.0,0.0,0.0030779259,-0.0,0.0,19.5,12.650002,3.9599946,-6.9000044,0.8400009,-8.399996,-4.6799974,-8.050003,-4.5,-6.539996,5.4,4.7999954,10.740001,10.740001,0.0,0.0,0.0,0.0,rl_constraint,0.0,0.0,0.0,0.0,6.8629279136657715,-71.3582763671875,-88.44175720214844,-106.59368133544922,-95.47892761230469,-11.064635276794434,5.922689437866211,-1.140373706817627,73.76392364501953,89.5617904663086,100.82054138183594,94.41136932373047,8.155197143554688,2.7854206562042236,0.0,0.0,0.0,0.0
40,0.8017129179997937,1789353549.4958303,17,0.0025256318,-0.13501815,0.018389862,0.00862386,3.5321732,-72.47905,-89.42816,-107.54261,-95.18021,-10.072362,7.88394,-0.06367493,74.50596,90.34547,100.790184,93.791756,6.408353,0.7649643,0.0,0.0,0.0,0.0,0.0,0.0,-0.0,0.0,19.300003,11.399998,3.1199937,-4.380002,0.5400055,-7.7400055,-5.579997,-7.3500023,-5.200001,-6.0600038,4.6799974,5.9400053,11.039996,10.740001,0.0,0.0,0.0,0.0,rl_constraint,0.0,0.0,0.0,0.0,6.842268943786621,-71.40717315673828,-88.390869140625,-106.10305786132812,-95.80052947998047,-11.005252838134766,5.3596415519714355,-1.0633056163787842,73.72179412841797,89.6180419921875,100.82964324951172,94.41951751708984,8.223440170288086,2.951765298843384,0.0,0.0,0.0,0.0
41,0.8222587509999357,1789353549.516376,17,0.002529031,-0.1349618,0.018389862,0.00862386,3.9296494,-72.269875,-89.356926,-107.58351,-95.18556,-10.222971,7.743988,-0.21252823,74.417305,90.237015,100.86733,93.88566,6.6217756,0.9928894,0.0,0.0,0.0,0.0,0.0,0.0032977434,-0.0,0.0,19.350002,9.349995,3.7799973,0.0,-1.3199936,-7.080002,-7.980002,-7.1500053,-3.9999962,-4.019994,2.4000046,3.9599946,9.720003,10.560003,0.0,0.0,0.0,0.0,rl_constraint,0.0,0.0,0.0,0.0,6.66549825668335,-71.39937591552734,-88.41368103027344,-105.55072784423828,-96.13693237304688,-10.902134895324707,4.7291178703308105,-0.8866053819656372,73.68125915527344,89.71768951416016,100.89913177490234,94.45726013183594,8.253296852111816,3.065001964569092,0.0,0.0,0.0,0.0
42,0.8428072340002473,1789353549.5369246,17,0.002529031,-0.13489012,0.018386463,0.00862386,4.3069954,-72.09313,-89.270134,-107.55033,-95.213,-10.359764,7.565117,-0.34817505,74.32313,90.13668,100.90271,93.974594,6.829898,1.2165573,0.0,0.0,0.0,0.0,0.0,0.0030779175,-0.0,0.0,17.650005,7.450001,4.380002,2.7,-1.5600036,-5.6999955,-9.480006,-5.7000046,-5.050003,-5.579997,1.5600036,4.559999,9.840001,9.959999,0.0,0.0,0.0,0.0,rl_constraint,0.0,0.0,0.0,0.0,6.377439498901367,-71.38471221923828,-88.43004608154297,-104.98145294189453,-96.46306610107422,-10.808995246887207,4.0424370765686035,-0.7037869691848755,73.65703582763672,89.81249237060547,101.02167510986328,94.52214813232422,8.262417793273926,3.1580512523651123,0.0,0.0,0.0,0.0
43,0.8627006070000789,1789353549.556818,17,0.0025324302,-0.1347931,0.018386463,0.008627259,4.642971,-71.95699,-89.18229,-107.48055,-95.257935,-10.464656,7.3557863,-0.45545197,74.241135,90.0555,100.91612,94.04982,7.007492,1.4286621,0.0,0.0,0.0,0.0,0.0,0.012752506,-0.0,0.0,16.5,5.9000015,4.559999,4.8599944,-3.480002,-4.8599944,-11.879997,-5.449997,-3.2499962,-2.6400008,0.0,2.9999955,8.940001,10.440005,0.0,0.0,0.0,0.0,rl_constraint,0.0,0.0,0.0,0.0,5.912931442260742,-71.33931732177734,-88.48405456542969,-104.44349670410156,-96.74844360351562,-10.682068824768066,3.3773977756500244,-0.4737703800201416,73.6512451171875,89.92626190185547,101.14488220214844,94.60790252685547,8.214797973632812,3.2018096446990967,0.0,0.0,0.0,0.0
44,0.8824472229998719,1789353549.5765648,17,0.0025358296,-0.13461475,0.018386463,0.008627259,4.9452553,-71.843,-89.08108,-107.3434,-95.322754,-10.548042,7.094682,-0.5413971,74.168144,89.99595,100.921974,94.10949,7.1777525,1.6325821,0.0,0.0,0.0,0.0,0.0,0.0094543435,-0.0,0.0,13.699997,5.25,5.1600037,8.519994,-3.9599946,-3.6599991,-15.060003,-3.6000023,-3.8499985,-3.2400055,0.66000366,3.2400055,8.219998,10.440005,0.0,0.0,0.0,0.0,rl_constraint,0.0,0.0,0.0,0.0,5.331280708312988,-71.29598999023438,-88.5055160522461,-103.86903381347656,-97.02244567871094,-10.549646377563477,2.6720449924468994,-0.22687873244285583,73.61517333984375,90.0840072631836,101.31160736083984,94.70960998535156,8.143558502197266,3.2006618976593018,0.0,0.0,0.0,0.0
45,0.9020635309998397,1789353549.596181,17,0.002542628,-0.13445573,0.018383063,0.008627259,5.1864853,-71.75237,-88.99087,-107.14741,-95.41677,-10.605954,6.7818465,-0.60871124,74.09616,89.930786,100.93119,94.182205,7.328842,1.8343598,0.0,0.0,0.0,0.0,0.0,0.0061561996,-0.0,0.0,10.250004,4.2000046,3.6599991,11.520002,-5.9400053,-2.759999,-16.020002,-2.5999947,-3.0,-2.1599946,0.9,3.9599946,7.2599993,8.640005,0.0,0.0,0.0,0.0,rl_constraint,0.0,0.0,0.0,0.0,4.6715545654296875,-71.26940155029297,-88.51409149169922,-103.25434875488281,-97.27613830566406,-10.407886505126953,1.9367085695266724,0.024555755779147148,73.54427337646484,90.22927856445312,101.52191162109375,94.84996795654297,8.056966781616211,3.1890854835510254,0.0,0.0,0.0,0.0
46,0.922049965000042,1789353549.6161673,17,0.002546027,-0.13422664,0.018383063,0.008627259,5.3599777,-71.67615,-88.92329,-106.90237,-95.5391,-10.651726,6.4368896,-0.6291504,74.036156,89.91604,100.969215,94.242096,7.459236,2.0118713,0.0,0.0,0.0,0.0,0.0,0.012752403,-0.0,0.0,7.4000015,3.3499947,3.540001,14.459999,-6.7199936,-1.1999954,-17.94,-0.14999771,-3.7000008,-0.29999542,2.0999954,3.2400055,5.2200027,8.820003,0.0,0.0,0.0,0.0,rl_constraint,0.0,0.0,0.0,0.0,3.912168264389038,-71.2879409790039,-88.51197814941406,-102.6061782836914,-97.50684356689453,-10.266295433044434,1.1956672668457031,0.33904075622558594,73.40047454833984,90.43875122070312,101.7552490234375,95.02658081054688,7.951144218444824,3.1619927883148193,0.0,0.0,0.0,0.0
47,0.9424764340001275,1789353549.6365938,17,0.0025494264,-0.13376164,0.018383063,0.0086306585,5.4719124,-71.60698,-88.85011,-106.591034,-95.68982,-10.668961,6.0252867,-0.62010956,73.963936,89.915306,101.01445,94.299965,7.5733156,2.1860733,0.0,0.0,0.0,0.0,0.0,0.021547493,-0.0,0.0,2.8500023,3.199997,3.3600037,16.319998,-7.3799973,-0.66000366,-21.839996,0.9999962,-2.9000015,0.9599991,2.759999,3.480002,5.2200027,7.980002,0.0,0.0,0.0,0.0,rl_constraint,0.0,0.0,0.0,0.0,3.0770423412323,-71.34674072265625,-88.47618865966797,-101.93756103515625,-97.72577667236328,-10.087037086486816,0.4668835401535034,0.6556147933006287,73.23259735107422,90.6484603881836,102.01091766357422,95.22758483886719,7.819063663482666,3.1235268115997314,0.0,0.0,0.0,0.0
48,0.9621657369998502,1789353549.6562831,17,0.002573221,-0.13356356,0.018379664,0.0086306585,5.489662,-71.54807,-88.78748,-106.24114,-95.85401,-10.663687,5.58582,-0.5937538,73.90955,89.937706,101.075165,94.37572,7.6632795,2.335144,0.0,0.0,0.0,0.0,0.0,0.0032976777,-0.0,0.0,-1.0999947,2.0000038,2.759999,18.359995,-8.459994,2.3400054,-22.679996,1.9000053,-2.3999977,0.7800018,3.1199937,3.7199981,3.540001,6.7199936,0.0,0.0,0.0,0.0,rl_constraint,0.0,0.0,0.0,0.0,2.2180049419403076,-71.41954803466797,-88.42571258544922,-101.24305725097656,-97.94359588623047,-9.900949478149414,-0.2316727489233017,0.9293175339698792,73.0787582397461,90.84349822998047,102.24805450439453,95.4393310546875,7.681546211242676,3.0517070293426514,0.0,0.0,0.0,0.0
49,0.9823278200001369,1789353549.6764452,17,0.0026683996,-0.13351284,0.018379664,0.0086306585,5.421238,-71.50911,-88.741104,-105.85195,-96.03354,-10.631373,5.104921,-0.53622437,73.84534,89.95544,101.138405,94.448746,7.737053,2.4585755,0.0,0.0,0.0,0.0,0.025987154,0.006375935,-0.0,0.0,-5.5999947,2.0000038,2.1599946,19.680002,-9.119998,1.0799973,-25.319998,3.7999992,-3.6000023,1.0199982,3.1800065,3.8999953,2.759999,5.6999955,0.0,0.0,0.0,0.0,rl_constraint,0.0,0.0,0.0,0.0,1.3731902837753296,-71.51493835449219,-88.36132049560547,-100.51302337646484,-98.149169921875,-9.707937240600586,-0.9260873794555664,1.1876519918441772,72.92241668701172,90.98492431640625,102.43170928955078,95.68331909179688,7.572321891784668,2.961357831954956,0.0,0.0,0.0,0.0
50,1.002157554000405,1789353549.696275,17,0.0027091904,-0.13337998,0.018376265,0.0086306585,5.2683563,-71.474,-88.69451,-105.43251,-96.22606,-10.596369,4.5866685,-0.44265747,73.77641,89.98422,101.209526,94.53327,7.7796936,2.5777771,0.0,0.0,0.0,0.0,0.0,0.009454177,-0.0,0.0,-10.099995,1.5999985,2.5200028,21.480001,-10.319994,2.7,-26.04,5.299999,-3.0,2.1599946,4.3200026,5.1000047,1.5600036,5.2800016,0.0,0.0,0.0,0.0,rl_constraint,0.0,0.0,0.0,0.0,0.5707706809043884,-71.59126281738281,-88.28491973876953,-99.79867553710938,-98.36823272705078,-9.549147605895996,-1.597475290298462,1.4169337749481201,72.78120422363281,91.08386993408203,102.55509185791016,95.93673706054688,7.460115909576416,2.913358449935913,0.0,0.0,0.0,0.0
51,1.0223328740003126,1789353549.7164502,17,0.0027397836,-0.13321732,0.018376265,0.0086306585,5.0287514,-71.44811,-88.65036,-104.974464,-96.42567,-10.533815,4.0370226,-0.31973648,73.70912,90.068214,101.30066,94.63379,7.802765,2.6644318,0.0,0.0,0.0,0.0,0.0,0.0030778442,-0.0,0.0,-13.849995,0.94999695,1.9799973,24.539997,-9.959999,2.9999955,-28.199995,7.5999985,-4.3500023,5.459999,4.559999,5.6999955,0.4800064,4.2600036,0.0,0.0,0.0,0.0,rl_constraint,0.0,0.0,0.0,0.0,-0.2028275728225708,-71.656494140625,-88.19320678710938,-99.07230377197266,-98.5926513671875,-9.39777946472168,-2.2569708824157715,1.5944654941558838,72.62261199951172,91.2013931274414,102.6231460571289,96.17787170410156,7.342833042144775,2.842719316482544,0.0,0.0,0.0,0.0
52,1.0425623810006073,1789353549.7366798,17,0.0027635782,-0.13310742,0.018376265,0.008634058,4.7112465,-71.439285,-88.610504,-104.47262,-96.631035,-10.461237,3.468521,-0.16704941,73.61196,90.1611,101.41282,94.744804,7.791092,2.7383697,0.0,0.0,0.0,0.0,0.0,0.00945414,-0.0,0.0,-17.95,0.0,2.0999954,25.379997,-10.2599945,3.8399963,-29.159994,8.000004,-4.6499977,3.4200027,6.5999956,6.479997,-0.7200028,3.1199937,0.0,0.0,0.0,0.0,rl_constraint,0.0,0.0,0.0,0.0,-0.8871518969535828,-71.68452453613281,-88.09431457519531,-98.3341293334961,-98.8311538696289,-9.274999618530273,-2.8667402267456055,1.7077504396438599,72.48542022705078,91.2762451171875,102.6227035522461,96.42684936523438,7.20244836807251,2.8071680068969727,0.0,0.0,0.0,0.0
53,1.0629105200005142,1789353549.7570279,17,0.0027941712,-0.13306072,0.018372865,0.008634058,4.308964,-71.44129,-88.57679,-103.935074,-96.84572,-10.372426,2.8604553,0.000995636,73.52348,90.25993,101.539246,94.873634,7.780751,2.7887695,0.0,0.0,0.0,0.0,0.0,0.0030778374,-0.0,0.0,-21.349995,0.0,1.0799973,27.239996,-11.280006,4.7999954,-31.200005,8.349998,-5.1000023,6.479997,6.3,6.419998,-0.8400009,1.6200027,0.0,0.0,0.0,0.0,rl_constraint,0.0,0.0,0.0,0.0,-1.4886823892593384,-71.65731811523438,-88.00689697265625,-97.5694808959961,-99.09746551513672,-9.155145645141602,-3.483041286468506,1.786960244178772,72.381103515625,91.29452514648438,102.5450668334961,96.6782455444336,7.0911102294921875,2.787052869796753,0.0,0.0,0.0,0.0
54,1.082470459000433,1789353549.7765877,17,0.002817966,-0.13301483,0.018372865,0.008634058,3.8656197,-71.446335,-88.54038,-103.38871,-97.054474,-10.274071,2.2723298,0.16597366,73.42538,90.3596,101.67053,95.00897,7.750058,2.816922,0.0,0.0,0.0,0.0,0.0,0.0,-0.0,0.0,-23.800003,-0.6500015,2.6400008,28.259995,-11.520002,5.4,-29.7,8.299999,-4.4000015,3.6599991,5.519998,7.2,-1.9799973,1.0199982,0.0,0.0,0.0,0.0,rl_constraint,0.0,0.0,0.0,0.0,-1.975807547569275,-71.62409210205078,-87.89055633544922,-96.87073516845703,-99.35626983642578,-9.072830200195312,-3.9619834423065186,1.7742083072662354,72.27488708496094,91.28077697753906,102.4205551147461,96.90940856933594,7.004171371459961,2.7641708850860596,0.0,0.0,0.0,0.0
55,1.1020264260005206,1789353549.7961438,17,0.0028417606,-0.13297819,0.018369466,0.008634058,3.3657532,-71.45949,-88.48934,-102.81744,-97.2718,-10.16672,1.6509018,0.34438705,73.31874,90.46014,101.77285,95.16227,7.708461,2.8301742,0.0,0.0,0.0,0.0,0.0,0.0,-0.0,0.0,-26.100002,-0.79999924,2.4600036,29.340006,-11.400004,5.459999,-29.879997,8.850002,-6.2999954,6.1800017,5.8199935,7.5599947,-1.9799973,0.5400055,0.0,0.0,0.0,0.0,rl_constraint,0.0,0.0,0.0,0.0,-2.315535068511963,-71.54532623291016,-87.75269317626953,-96.16072845458984,-99.62591552734375,-9.03189754486084,-4.445383071899414,1.6633354425430298,72.20594024658203,91.2037124633789,102.18447875976562,97.12156677246094,6.9409027099609375,2.7578463554382324,0.0,0.0,0.0,0.0
56,1.1221392930001457,1789353549.8162568,17,0.0028553575,-0.1329653,0.018369466,0.008634058,2.8302727,-71.47536,-88.42842,-102.21015,-97.49354,-10.057297,1.0341294,0.5144119,73.21724,90.55824,101.88053,95.329094,7.6489563,2.8472304,0.0,0.0,0.0,0.0,0.0,0.0,-0.0,0.0,-26.900002,-0.6000023,3.7199981,30.180006,-10.919998,6.1200027,-30.54,8.200001,-5.3499985,4.1400056,4.019994,8.1,-3.9599946,0.7800018,0.0,0.0,0.0,0.0,rl_constraint,0.0,0.0,0.0,0.0,-2.5733258724212646,-71.42643737792969,-87.60431671142578,-95.48419952392578,-99.89168548583984,-9.050755500793457,-4.869554042816162,1.4679608345031738,72.16353607177734,91.06695556640625,101.89920043945312,97.28994750976562,6.895903587341309,2.8126299381256104,0.0,0.0,0.0,0.0
57,1.1423493420006707,1789353549.8364668,17,0.0028655552,-0.13295765,0.018366069,0.008637456,2.2834282,-71.49254,-88.36668,-101.59276,-97.71858,-9.939812,0.41642302,0.68546677,73.098076,90.66193,101.95824,95.50592,7.585112,2.8643143,0.0,0.0,0.0,0.0,0.0,0.0,-0.0,0.0,-27.7,-0.8999977,2.4000046,31.799995,-11.159994,5.9400053,-28.919998,8.050003,-5.200001,4.980006,3.8999953,8.159999,-3.1800065,0.7200028,0.0,0.0,0.0,0.0,rl_constraint,0.0,0.0,0.0,0.0,-2.711376190185547,-71.26983642578125,-87.46417236328125,-94.82987976074219,-100.17451477050781,-9.079466819763184,-5.240097522735596,1.2513861656188965,72.12983703613281,90.9178466796875,101.56927490234375,97.43614959716797,6.853376865386963,2.9045066833496094,0.0,0.0,0.0,0.0
58,1.1622261740003523,1789353549.8563435,17,0.002875753,-0.13295242,0.018366069,0.008637456,1.7489319,-71.50191,-88.30618,-100.97007,-97.944405,-9.826639,-0.19125824,0.82681274,72.988174,90.7383,102.02709,95.68766,7.519826,2.8725128,0.0,0.0,0.0,0.0,0.0,0.0,-0.0,0.0,-27.249996,0.14999771,3.540001,32.100006,-11.460004,5.579997,-29.999996,6.6000023,-6.0999985,3.4200027,2.0999954,8.519994,-2.4000046,0.11999817,0.0,0.0,0.0,0.0,rl_constraint,0.0,0.0,0.0,0.0,-2.7573227882385254,-71.14041900634766,-87.29623413085938,-94.19954681396484,-100.46110534667969,-9.143548011779785,-5.559946060180664,0.9810092449188232,72.10245513916016,90.7119369506836,101.23790740966797,97.54217529296875,6.843326568603516,2.9915671348571777,0.0,0.0,0.0,0.0
59,1.1823227169998063,1789353549.87644,17,0.0028791523,-0.1329484,0.018366069,0.008637456,1.1955414,-71.49275,-88.23079,-100.303764,-98.18729,-9.7302065,-0.7823502,0.94719315,72.88847,90.79846,102.04702,95.873856,7.446286,2.856816,0.0,0.0,0.0,0.0,0.0,0.0,-0.0,0.0,-26.399998,0.45000458,3.8399963,32.639996,-12.2400055,4.559999,-29.460003,4.3500023,-5.299999,2.8199983,-0.11999817,9.419993,-4.559999,-0.5400055,0.0,0.0,0.0,0.0,rl_constraint,0.0,0.0,0.0,0.0,-2.7724812030792236,-71.00157165527344,-87.11671447753906,-93.58734130859375,-100.75492858886719,-9.245275497436523,-5.808704853057861,0.6955529451370239,72.07788848876953,90.49249267578125,100.84500885009766,97.63603973388672,6.846993923187256,3.009047031402588,0.0,0.0,0.0,0.0
60,1.2023524730002464,1789353549.8964698,17,0.0028825514,-0.13294517,0.01836267,0.008637456,0.68375015,-71.49057,-88.15562,-99.64848,-98.427574,-9.637853,-1.3550949,1.0242462,72.77932,90.85173,102.02608,96.05999,7.3768935,2.8579972,0.0,0.0,0.0,0.0,0.0,0.0,-0.0,0.0,-24.500004,0.0,3.8999953,32.639996,-11.939997,4.5,-28.859999,3.6000023,-4.300003,1.1399963,-1.5600036,8.940001,-2.9399962,1.5000045,0.0,0.0,0.0,0.0,rl_constraint,0.0,0.0,0.0,0.0,-2.653693437576294,-70.88005065917969,-86.93931579589844,-93.05061340332031,-101.0259780883789,-9.359469413757324,-6.001823902130127,0.3732302188873291,72.0545883178711,90.2557373046875,100.4588623046875,97.71003723144531,6.86115837097168,3.0480782985687256,0.0,0.0,0.0,0.0
61,1.2221074420003788,1789353549.9162247,17,0.0028825514,-0.13294235,0.01836267,0.008637456,0.2209053,-71.46935,-88.060585,-99.015274,-98.66511,-9.560687,-1.8934387,1.0696793,72.69204,90.86019,101.984314,96.23993,7.315549,2.8818374,0.0,0.0,0.0,0.0,0.0,0.0,-0.0,0.0,-22.849995,1.8499947,5.8199935,32.519997,-11.999995,2.759999,-26.04,1.0499954,-5.000004,0.41999358,-2.4600036,8.580007,-2.9999955,0.5400055,0.0,0.0,0.0,0.0,rl_constraint,0.0,0.0,0.0,0.0,-2.4811577796936035,-70.78006744384766,-86.75918579101562,-92.59617614746094,-101.29505157470703,-9.491593360900879,-6.178893566131592,0.06321531534194946,72.05461120605469,89.97590637207031,100.11578369140625,97.75363159179688,6.8914031982421875,3.114471435546875,0.0,0.0,0.0,0.0
62,1.2425785450004696,1789353549.936696,17,0.002386263,-0.13294034,0.01835927,0.008637456,-0.21920013,-71.42621,-87.952255,-98.3385,-98.92332,-9.501292,-2.4237761,1.0709267,72.60193,90.851135,101.921646,96.419945,7.2447968,2.8906677,0.0,0.0,0.0,0.0,0.0,0.0,-0.0,0.0,-19.900005,2.25,4.980006,32.759995,-13.260004,3.2400055,-26.339996,-0.9999962,-3.7999992,-1.9199982,-4.440001,8.519994,-3.1800065,0.3599945,0.0,0.0,0.0,0.0,rl_constraint,0.0,0.0,0.0,0.0,-2.2912464141845703,-70.69746398925781,-86.55258178710938,-92.19420623779297,-101.52064514160156,-9.652872085571289,-6.268549919128418,-0.24945877492427826,72.03064727783203,89.72050476074219,99.84394836425781,97.7430191040039,6.934682369232178,3.1047582626342773,0.0,0.0,0.0,0.0
63,1.262372019000395,1789353549.9564896,17,0.0023182784,-0.13293873,0.01835927,0.008637456,-0.59405136,-71.38343,-87.84005,-97.69208,-99.17424,-9.45846,-2.913437,1.0493431,72.522644,90.814156,101.80334,96.58791,7.190332,2.9023407,0.0,0.0,0.0,0.0,0.0,0.0,-0.0,0.0,-17.3,2.2000008,6.0600038,32.160004,-11.580002,1.8,-23.34,-1.5,-3.949997,-1.6200027,-6.479997,7.920003,-1.9799973,0.4800064,0.0,0.0,0.0,0.0,rl_constraint,0.0,0.0,0.0,0.0,-2.0625240802764893,-70.65117645263672,-86.35694122314453,-91.90581512451172,-101.72181701660156,-9.809861183166504,-6.337451934814453,-0.5385295152664185,72.00092315673828,89.46847534179688,99.60396575927734,97.73107147216797,6.992717742919922,3.0600435733795166,0.0,0.0,0.0,0.0
64,1.2825423499998578,1789353549.9766598,17,0.002297883,-0.13293752,0.01835587,0.008640856,-0.91270065,-71.321594,-87.72744,-97.05247,-99.428825,-9.43223,-3.361377,0.9943199,72.44741,90.7549,101.65413,96.74382,7.150589,2.9226518,0.0,0.0,0.0,0.0,0.0,0.0,-0.0,0.0,-14.399998,3.550003,6.1200027,30.719997,-13.559999,0.5400055,-21.360004,-3.75,-3.0999985,-4.3200026,-8.880002,7.020003,-2.2800064,0.9,0.0,0.0,0.0,0.0,rl_constraint,0.0,0.0,0.0,0.0,-1.8231054544448853,-70.6075210571289,-86.18284606933594,-91.71095275878906,-101.89783477783203,-9.951766967773438,-6.366960048675537,-0.7805991172790527,71.98841094970703,89.22978973388672,99.44686889648438,97.67121887207031,7.064690113067627,2.988697052001953,0.0,0.0,0.0,0.0
65,1.3018352469998717,1789353549.9959526,17,0.0022910845,-0.13293591,0.01835587,0.008640856,-1.164711,-71.25569,-87.595764,-96.45635,-99.67705,-9.444204,-3.7639434,0.89792633,72.39425,90.66783,101.487274,96.88297,7.109239,2.936055,0.0,0.0,0.0,0.0,0.0,0.0,-0.0,0.0,-11.499996,2.9000015,6.3,30.360004,-12.300005,-1.3800064,-19.859999,-6.0,-2.9000015,-3.9599946,-9.0,6.960004,-1.9799973,0.60000455,0.0,0.0,0.0,0.0,rl_constraint,0.0,0.0,0.0,0.0,-1.5962682962417603,-70.6151351928711,-85.98965454101562,-91.67715454101562,-102.04772186279297,-10.131941795349121,-6.372588634490967,-0.9981294274330139,71.95915222167969,89.01541137695312,99.38397979736328,97.58409881591797,7.134591579437256,2.8520658016204834,0.0,0.0,0.0,0.0
66,1.3223034319998987,1789353550.0164208,17,0.002284286,-0.1329347,0.018352471,0.008640856,-1.3702011,-71.19363,-87.46,-95.85563,-99.935776,-9.461412,-4.147517,0.7706337,72.32832,90.57111,101.29805,97.008194,7.070567,2.946794,0.0,0.0,0.0,0.0,0.0,0.0,-0.0,0.0,-8.850002,3.1499977,7.140001,27.780003,-13.380002,-1.0799973,-17.459995,-7.0499954,-3.4500046,-6.7199936,-10.380007,5.8800063,-1.6200027,0.4800064,0.0,0.0,0.0,0.0,rl_constraint,0.0,0.0,0.0,0.0,-1.3786189556121826,-70.66767883300781,-85.80445861816406,-91.70435333251953,-102.14356994628906,-10.27975845336914,-6.3434648513793945,-1.1305677890777588,71.88060760498047,88.8876953125,99.41703796386719,97.47044372558594,7.179016590118408,2.666532278060913,0.0,0.0,0.0,0.0
67,1.3426233820000562,1789353550.0367408,17,0.002284286,-0.1329331,0.018352471,0.008640856,-1.520977,-71.12066,-87.30708,-95.29953,-100.18658,-9.497324,-4.4904556,0.61376953,72.27584,90.42093,101.08759,97.114235,7.0530443,2.949527,0.0,0.0,0.0,0.0,0.0,0.0,-0.0,0.0,-5.3499985,3.6000023,7.980002,26.1,-10.919998,-2.3400054,-16.020002,-8.25,-2.3499985,-6.359999,-10.440005,4.619998,-0.41999358,-1.0799973,0.0,0.0,0.0,0.0,rl_constraint,0.0,0.0,0.0,0.0,-1.201027274131775,-70.7369613647461,-85.6143569946289,-91.85835266113281,-102.19639587402344,-10.430215835571289,-6.329880237579346,-1.2199668884277344,71.82440185546875,88.74093627929688,99.52044677734375,97.33111572265625,7.265685081481934,2.432793617248535,0.0,0.0,0.0,0.0
68,1.3624312860001737,1789353550.0565486,17,0.0022808868,-0.13293149,0.018352471,0.008640856,-1.6091537,-71.063,-87.159676,-94.808334,-100.41578,-9.548863,-4.772008,0.4525566,72.23684,90.28456,100.89693,97.19743,7.047386,2.9293258,0.0,0.0,0.0,0.0,0.0,0.0,-0.0,0.0,-3.7000008,3.1499977,7.2599993,23.940006,-11.159994,-3.1800065,-13.980006,-8.549995,-1.7499962,-7.499995,-9.419993,3.8399963,0.66000366,-0.7800018,0.0,0.0,0.0,0.0,rl_constraint,0.0,0.0,0.0,0.0,-1.0888185501098633,-70.81724548339844,-85.46310424804688,-92.18268585205078,-102.18702697753906,-10.558046340942383,-6.223073959350586,-1.2023570537567139,71.73553466796875,88.67564392089844,99.75226593017578,97.1750717163086,7.370075225830078,2.1504786014556885,0.0,0.0,0.0,0.0
69,1.3824408589998711,1789353550.0765584,17,0.0022808868,-0.1329194,0.018349072,0.008640856,-1.6549301,-70.99918,-87.00345,-94.364075,-100.63801,-9.612007,-5.0271378,0.27422333,72.183235,90.13745,100.71694,97.26126,7.0662827,2.9122834,0.0,0.0,0.0,0.0,0.0,0.0,-0.0,0.0,-1.2500038,2.9000015,8.219998,20.939997,-10.560003,-3.1800065,-11.520002,-9.099998,-2.9000015,-9.239996,-8.279997,1.740001,0.23999634,-1.1399963,0.0,0.0,0.0,0.0,rl_constraint,0.0,0.0,0.0,0.0,-1.0181502103805542,-70.94536590576172,-85.3148422241211,-92.64140319824219,-102.1412353515625,-10.67941665649414,-6.107489585876465,-1.147186279296875,71.63621520996094,88.63551330566406,100.08103942871094,97.04388427734375,7.494058609008789,1.891262173652649,0.0,0.0,0.0,0.0
70,1.4022414990004108,1789353550.096359,17,0.0022808868,-0.13289686,0.018349072,0.008640856,-1.6641312,-70.952034,-86.84119,-93.98191,-100.8465,-9.687236,-5.2427444,0.0984993,72.12606,89.97209,100.55616,97.29345,7.0748796,2.8786514,0.0,0.0,0.0,0.0,0.0,0.0,-0.0,0.0,0.5000038,1.5499992,7.8600035,17.760004,-9.959999,-4.019994,-9.540006,-8.650005,-1.9000053,-7.980002,-7.140001,1.4400055,0.4800064,-2.4000046,0.0,0.0,0.0,0.0,rl_constraint,0.0,0.0,0.0,0.0,-0.9755994081497192,-71.06501007080078,-85.19198608398438,-93.21540832519531,-102.026611328125,-10.796660423278809,-5.962904930114746,-1.050463080406189,71.54267883300781,88.61339569091797,100.48542022705078,96.91077423095703,7.614793300628662,1.6326727867126465,0.0,0.0,0.0,0.0
71,1.422109694000028,1789353550.1162274,17,0.0022774877,-0.13286828,0.018345673,0.008640856,-1.6419411,-70.929565,-86.68846,-93.66689,-101.03177,-9.782598,-5.4175367,-0.06580353,72.090546,89.8261,100.4234,97.31327,7.0941744,2.8226075,0.0,0.0,0.0,0.0,0.0,0.0,-0.0,0.0,1.5,0.9999962,7.6800065,13.080007,-8.820003,-4.6799974,-7.5599947,-7.7999954,-1.2000046,-6.960004,-5.519998,0.4800064,1.3800064,-4.559999,0.0,0.0,0.0,0.0,rl_constraint,0.0,0.0,0.0,0.0,-1.0149489641189575,-71.2017593383789,-85.10147857666016,-93.90445709228516,-101.84441375732422,-10.927633285522461,-5.758327960968018,-0.8660064935684204,71.42196655273438,88.65685272216797,100.94464111328125,96.80316925048828,7.738059043884277,1.3670363426208496,0.0,0.0,0.0,0.0
72,1.4425751560002027,1789353550.1366925,17,0.0022774877,-0.13281031,0.018345673,0.008644255,-1.6047707,-70.908,-86.51519,-93.437126,-101.19294,-9.872479,-5.5544953,-0.2140503,72.052734,89.67004,100.3392,97.30618,7.129056,2.7371476,0.0,0.0,0.0,0.0,0.0,0.0,-0.0,0.0,2.050003,0.94999695,8.700005,8.940001,-6.960004,-4.7999954,-6.2400007,-6.8999977,-3.199997,-7.4399962,-2.6400008,-1.3199936,2.1599946,-4.2000046,0.0,0.0,0.0,0.0,rl_constraint,0.0,0.0,0.0,0.0,-1.085906982421875,-71.31808471679688,-85.0118179321289,-94.67190551757812,-101.6282730102539,-11.045842170715332,-5.513600826263428,-0.6235966086387634,71.29434204101562,88.70980072021484,101.42823028564453,96.72669219970703,7.880175590515137,1.086137056350708,0.0,0.0,0.0,0.0
73,1.4626038810001774,1789353550.156721,17,0.0022808868,-0.13268228,0.018342273,0.008644255,-1.5619469,-70.89933,-86.34677,-93.29429,-101.32881,-9.977344,-5.6516967,-0.34608078,71.97431,89.51924,100.29678,97.28292,7.178055,2.6398635,0.0,0.0,0.0,0.0,0.0,0.013411971,-0.0,0.0,2.4999962,-0.40000534,7.6199937,4.0800066,-6.1200027,-5.0400057,-3.6599991,-5.5499954,-3.949997,-7.499995,-1.2599945,-1.2599945,2.8799973,-5.340001,0.0,0.0,0.0,0.0,rl_constraint,0.0,0.0,0.0,0.0,-1.20242440700531,-71.42942810058594,-84.95210266113281,-95.5655517578125,-101.36089324951172,-11.191987037658691,-5.174612998962402,-0.390787273645401,71.16194152832031,88.74840545654297,101.92584991455078,96.68196105957031,8.057950973510742,0.8367186188697815,0.0,0.0,0.0,0.0
74,1.4825460130005013,1789353550.1766634,17,0.0022808868,-0.13257237,0.018342273,0.008644255,-1.5055046,-70.91528,-86.195915,-93.254524,-101.43086,-10.08696,-5.7166123,-0.44449997,71.91853,89.393555,100.28717,97.24698,7.2312837,2.5156357,0.0,0.0,0.0,0.0,0.0,0.003077816,-0.0,0.0,2.9500008,-0.8999977,7.2,0.0,-4.2000046,-5.9400053,-2.5200028,-4.5,-1.9500046,-4.7999954,1.1999954,-1.9799973,2.9399962,-6.1800017,0.0,0.0,0.0,0.0,rl_constraint,0.0,0.0,0.0,0.0,-1.3279051780700684,-71.53733825683594,-84.92643737792969,-96.51789855957031,-101.05845642089844,-11.34700870513916,-4.791919708251953,-0.06657206267118454,71.05027770996094,88.81119537353516,102.37066650390625,96.67296600341797,8.236942291259766,0.5934004187583923,0.0,0.0,0.0,0.0
75,1.502121201000591,1789353550.1962385,17,0.002284286,-0.13248783,0.018338874,0.008644255,-1.4488335,-70.94187,-86.0487,-93.30102,-101.502655,-10.202192,-5.74471,-0.5103607,71.85603,89.302055,100.34806,97.21553,7.2952375,2.3706849,0.0,0.0,0.0,0.0,0.0,0.0030778123,-0.0,0.0,2.1500015,-1.9000053,7.980002,-4.440001,-2.3400054,-5.1000047,0.0,-2.3999977,-4.5,-5.1600037,4.7999954,-1.4400055,3.2400055,-7.920003,0.0,0.0,0.0,0.0,rl_constraint,0.0,0.0,0.0,0.0,-1.452776551246643,-71.5772476196289,-84.94247436523438,-97.50389862060547,-100.72601318359375,-11.530516624450684,-4.346673965454102,0.24478478729724884,70.93125915527344,88.87738800048828,102.79084014892578,96.68633270263672,8.419322967529297,0.39259350299835205,0.0,0.0,0.0,0.0
76,1.5224504030002208,1789353550.2165678,17,0.002284286,-0.1322523,0.018338874,0.008644255,-1.4162521,-70.98294,-85.9025,-93.42871,-101.531555,-10.320351,-5.7179995,-0.5493736,71.77059,89.19695,100.46652,97.17488,7.376138,2.2146103,0.0,0.0,0.0,0.0,0.0,0.022426285,-0.0,0.0,1.5,-1.7499962,7.4399962,-7.7400055,-0.41999358,-5.7599945,1.9199982,-1.3500023,-3.1499977,-4.559999,6.479997,-2.5800018,4.5,-8.700005,0.0,0.0,0.0,0.0,rl_constraint,0.0,0.0,0.0,0.0,-1.572007656097412,-71.56206512451172,-84.96823120117188,-98.53144073486328,-100.38375091552734,-11.745287895202637,-3.7943663597106934,0.5107890963554382,70.8224105834961,88.88662719726562,103.17147064208984,96.71299743652344,8.638426780700684,0.24344970285892487,0.0,0.0,0.0,0.0
77,1.5425622980001208,1789353550.2366798,17,0.0022910845,-0.13190527,0.018335475,0.008644255,-1.3862343,-71.02013,-85.76079,-93.64554,-101.51492,-10.441159,-5.6562424,-0.54470444,71.70676,89.12315,100.62237,97.12141,7.4630265,2.0374007,0.0,0.0,0.0,0.0,0.0,0.006375789,-0.0,0.0,1.0999947,-2.2000008,5.9400053,-12.899996,1.6200027,-7.020003,4.3200026,1.4000015,-4.5,-3.2400055,9.359995,-2.9999955,4.5,-9.419993,0.0,0.0,0.0,0.0,rl_constraint,0.0,0.0,0.0,0.0,-1.6733797788619995,-71.4910659790039,-85.02694702148438,-99.5752944946289,-100.04068756103516,-11.988456726074219,-3.181837797164917,0.7849790453910828,70.71151733398438,88.89059448242188,103.45320892333984,96.74518585205078,8.865755081176758,0.13304077088832855,0.0,0.0,0.0,0.0
78,1.5629018850004286,1789353550.257019,17,0.0022944838,-0.13175471,0.018335475,0.008644255,-1.371975,-71.07609,-85.644485,-93.97606,-101.467926,-10.573901,-5.543523,-0.50949097,71.60399,89.059105,100.827866,97.06428,7.568193,1.849823,0.0,0.0,0.0,0.0,0.0,0.012751953,-0.0,0.0,0.049999237,-3.1499977,5.2800016,-18.9,2.8799973,-6.539996,5.9400053,2.6500053,-4.450001,-2.8199983,11.159994,-2.9399962,5.1000047,-8.700005,0.0,0.0,0.0,0.0,rl_constraint,0.0,0.0,0.0,0.0,-1.7244700193405151,-71.34672546386719,-85.13484954833984,-100.60709381103516,-99.72672271728516,-12.267876625061035,-2.4910666942596436,1.0184234380722046,70.64459228515625,88.82920837402344,103.5976791381836,96.79812622070312,9.103560447692871,0.06725462526082993,0.0,0.0,0.0,0.0
79,1.5824539200002619,1789353550.2765713,17,0.002297883,-0.13151357,0.018332075,0.008644255,-1.3772049,-71.138596,-85.54977,-94.39127,-101.394226,-10.708429,-5.39805,-0.43824005,71.521545,89.020706,101.042206,97.02158,7.678125,1.6672714,0.0,0.0,0.0,0.0,0.0,0.0065955655,-0.0,0.0,-0.099998474,-2.5499954,4.9199934,-23.280003,5.1000047,-6.960004,9.780002,4.5,-4.749996,-0.8400009,11.819998,-1.5600036,5.6399965,-8.820003,0.0,0.0,0.0,0.0,rl_constraint,0.0,0.0,0.0,0.0,-1.701668620109558,-71.11911010742188,-85.27664184570312,-101.62499237060547,-99.45130920410156,-12.57001781463623,-1.75318443775177,1.1745976209640503,70.63362884521484,88.70618438720703,103.61769104003906,96.8443603515625,9.327436447143555,0.07287480682134628,0.0,0.0,0.0,0.0
80,1.6020805570005905,1789353550.296198,17,0.0023046813,-0.13140446,0.018332075,0.008647654,-1.3816681,-71.17923,-85.45312,-94.89401,-101.279976,-10.857198,-5.1897354,-0.33665085,71.42953,88.99408,101.2866,96.984436,7.8105516,1.4829209,0.0,0.0,0.0,0.0,0.0,0.0030777648,-0.0,0.0,-1.0499954,-1.699997,4.440001,-27.780003,6.960004,-6.960004,11.159994,6.0999985,-4.0499954,-2.0999954,12.480001,-1.9199982,6.539996,-9.059999,0.0,0.0,0.0,0.0,rl_constraint,0.0,0.0,0.0,0.0,-1.6244467496871948,-70.84169006347656,-85.41450500488281,-102.61003875732422,-99.19654846191406,-12.926347732543945,-0.946442186832428,1.2626614570617676,70.62358856201172,88.5244140625,103.50233459472656,96.89652252197266,9.578543663024902,0.13278815150260925,0.0,0.0,0.0,0.0
81,1.6221561980000843,1789353550.3162737,17,0.0023080807,-0.13134891,0.018328676,0.008647654,-1.4093742,-71.20974,-85.38522,-95.48576,-101.14026,-11.011953,-4.9306917,-0.21023941,71.33731,88.95226,101.54026,96.94995,7.953813,1.3045715,0.0,0.0,0.0,0.0,0.0,0.0,-0.0,0.0,-1.0999947,-1.4500008,2.3400054,-30.66,7.7400055,-8.880002,14.7599945,6.4000053,-5.200001,-2.0399964,12.2400055,-1.5600036,7.5599947,-8.940001,0.0,0.0,0.0,0.0,rl_constraint,0.0,0.0,0.0,0.0,-1.4058364629745483,-70.52828979492188,-85.55265808105469,-103.55427551269531,-98.98290252685547,-13.296770095825195,-0.06592924892902374,1.2952675819396973,70.62663269042969,88.265625,103.27620697021484,96.94621276855469,9.829278945922852,0.23072035610675812,0.0,0.0,0.0,0.0
82,1.6425086879999071,1789353550.3366263,17,0.0023080807,-0.13126355,0.018328676,0.008647654,-1.4303741,-71.22821,-85.34688,-96.12721,-100.97434,-11.188916,-4.613173,-0.075473785,71.24467,88.90408,101.78543,96.92092,8.106138,1.1423995,0.0,0.0,0.0,0.0,0.0,0.0061559197,-0.0,0.0,-1.2500038,0.0,1.6800019,-33.479996,8.339996,-9.600004,17.640005,7.0999947,-3.5000038,-2.2199936,12.180006,-1.0799973,8.279997,-8.339996,0.0,0.0,0.0,0.0,rl_constraint,0.0,0.0,0.0,0.0,-1.1312898397445679,-70.19937896728516,-85.7124252319336,-104.43477630615234,-98.81591033935547,-13.676090240478516,0.866265594959259,1.3004341125488281,70.63883209228516,87.96910095214844,102.92707824707031,96.98750305175781,10.078588485717773,0.3815990090370178,0.0,0.0,0.0,0.0
83,1.6624960570006806,1789353550.3566134,17,0.00231148,-0.13118023,0.018325277,0.008647654,-1.4546013,-71.21154,-85.32566,-96.83399,-100.78947,-11.384527,-4.24108,0.07191467,71.16531,88.86558,102.01022,96.90135,8.274366,0.99742126,0.0,0.0,0.0,0.0,0.0,0.0030777548,-0.0,0.0,-0.6000023,1.4000015,0.60000455,-36.419994,8.940001,-10.199995,19.500004,7.2000046,-4.0499954,-1.740001,10.740001,-0.7200028,9.059999,-7.2,0.0,0.0,0.0,0.0,rl_constraint,0.0,0.0,0.0,0.0,-0.7519758939743042,-69.89073944091797,-85.83111572265625,-105.22905731201172,-98.69384765625,-14.050287246704102,1.830025315284729,1.262698769569397,70.65574645996094,87.65082550048828,102.4797592163086,97.05181884765625,10.307634353637695,0.5619301199913025,0.0,0.0,0.0,0.0
84,1.6823254360006104,1789353550.376443,17,0.00231148,-0.13113675,0.018325277,0.008647654,-1.4550934,-71.167694,-85.32382,-97.58381,-100.59321,-11.598349,-3.8056915,0.21585846,71.08955,88.819244,102.19507,96.89169,8.447401,0.8759674,0.0,0.0,0.0,0.0,0.0,0.003077753,-0.0,0.0,0.70000076,2.9500008,-1.0199982,-38.340004,9.780002,-10.500005,23.4,7.5999985,-3.199997,-2.8799973,8.940001,-0.11999817,9.540006,-4.980006,0.0,0.0,0.0,0.0,rl_constraint,0.0,0.0,0.0,0.0,-0.24746936559677124,-69.59230041503906,-85.92130279541016,-105.9494857788086,-98.63077545166016,-14.411115646362305,2.8265609741210938,1.1294317245483398,70.70100402832031,87.29383850097656,101.92716979980469,97.1382064819336,10.5068359375,0.747790515422821,0.0,0.0,0.0,0.0
85,1.7019789229998423,1789353550.3960962,17,0.0023080807,-0.13111983,0.018321877,0.008647654,-1.4387169,-71.10063,-85.34667,-98.34182,-100.39805,-11.822017,-3.32482,0.35402298,71.02223,88.74366,102.33555,96.9022,8.632823,0.77997434,0.0,0.0,0.0,0.0,0.0,0.0,-0.0,0.0,1.2000046,3.7000008,-0.9,-39.78,9.419993,-10.859999,25.920002,6.500004,-3.7000008,-5.2200027,5.4,0.66000366,9.480006,-3.9599946,0.0,0.0,0.0,0.0,rl_constraint,0.0,0.0,0.0,0.0,0.33016055822372437,-69.34777069091797,-85.96632385253906,-106.57073211669922,-98.5942611694336,-14.727799415588379,3.8600821495056152,1.000250220298767,70.71221923828125,86.93462371826172,101.33329010009766,97.22574615478516,10.726597785949707,0.9253143072128296,0.0,0.0,0.0,0.0
86,1.7225170430001526,1789353550.4166343,17,0.0023046813,-0.13108683,0.018321877,0.008647654,-1.3990974,-70.9972,-85.37186,-99.16277,-100.19214,-12.074785,-2.7587218,0.48137283,70.95247,88.63093,102.43067,96.91279,8.830935,0.7113922,0.0,0.0,0.0,0.0,0.0,0.0030777508,-0.0,0.0,3.0,6.1499977,-1.6800019,-40.320004,9.299995,-13.380002,29.280006,5.5499954,-2.1500015,-5.1600037,2.9999955,0.5400055,10.019999,-2.4600036,0.0,0.0,0.0,0.0,rl_constraint,0.0,0.0,0.0,0.0,0.997381329536438,-69.15090942382812,-85.95475769042969,-107.11225891113281,-98.59712982177734,-15.009493827819824,4.865074157714844,0.8576928377151489,70.7529067993164,86.54983520507812,100.68041229248047,97.34050750732422,10.916511535644531,1.1211073398590088,0.0,0.0,0.0,0.0
87,1.7423269970004185,1789353550.4364445,17,0.0023012822,-0.13102643,0.018318478,0.008647654,-1.3113556,-70.87088,-85.41149,-99.9721,-99.998146,-12.333486,-2.1541855,0.59370804,70.91977,88.49997,102.4577,96.928635,9.025681,0.6711136,0.0,0.0,0.0,0.0,0.0,0.003077748,-0.0,0.0,5.9000015,6.949997,-2.1599946,-40.679996,9.540006,-12.119993,30.54,5.050003,-1.2500038,-7.4399962,-0.60000455,1.0199982,9.840001,-0.9,0.0,0.0,0.0,0.0,rl_constraint,0.0,0.0,0.0,0.0,1.7126493453979492,-69.01324462890625,-85.9049301147461,-107.54381561279297,-98.60706329345703,-15.234572410583496,5.856621265411377,0.7344663143157959,70.79437255859375,86.19342803955078,100.00791931152344,97.4438247680664,11.087518692016602,1.3055692911148071,0.0,0.0,0.0,0.0
88,1.7626313400005529,1789353550.4567487,17,0.002297883,-0.13100389,0.018318478,0.008647654,-1.176487,-70.724556,-85.463234,-100.785484,-99.81344,-12.606097,-1.4942917,0.67435455,70.88349,88.3548,102.4073,96.95373,9.228818,0.6620773,0.0,0.0,0.0,0.0,0.0,0.003077747,-0.0,0.0,8.000004,7.9000053,-2.8199983,-40.019993,9.239996,-13.080007,34.32,3.7000008,-2.5499954,-8.880002,-3.3600037,1.5600036,10.680002,-0.0,0.0,0.0,0.0,0.0,rl_constraint,0.0,0.0,0.0,0.0,2.4560606479644775,-68.93464660644531,-85.80577850341797,-107.89659881591797,-98.64994049072266,-15.430660247802734,6.832738399505615,0.6039745211601257,70.82652282714844,85.87931823730469,99.3489761352539,97.53665161132812,11.247540473937988,1.4626346826553345,0.0,0.0,0.0,0.0
89,1.7824827900003584,1789353550.4766002,17,0.0022944838,-0.13096726,0.018315079,0.008647654,-0.9867668,-70.55836,-85.513855,-101.57216,-99.64321,-12.882101,-0.78575593,0.7390709,70.842636,88.168335,102.30371,96.99036,9.430994,0.692276,0.0,0.0,0.0,0.0,0.0,0.0,-0.0,0.0,10.950005,8.299999,-2.3400054,-38.64,7.8000045,-13.739996,36.96,2.2999992,-1.699997,-9.600004,-7.080002,1.9799973,9.660004,1.740001,0.0,0.0,0.0,0.0,rl_constraint,0.0,0.0,0.0,0.0,3.1641476154327393,-68.86071014404297,-85.69369506835938,-108.1655044555664,-98.66932678222656,-15.607255935668945,7.752934455871582,0.5222079753875732,70.85926818847656,85.5776138305664,98.73615264892578,97.59934997558594,11.42531967163086,1.6472997665405273,0.0,0.0,0.0,0.0
90,1.8023224739999932,1789353550.4964397,17,0.0022910845,-0.13087305,0.01831168,0.008647654,-0.73950577,-70.387314,-85.561935,-102.32884,-99.49216,-13.164327,-0.035691835,0.7671547,70.81423,87.967445,102.128235,97.03493,9.635765,0.72800905,0.0,0.0,0.0,0.0,0.0,0.009453839,-0.0,0.0,13.599998,8.700005,-2.4000046,-37.440006,7.4399962,-14.220003,38.939995,1.2500038,-0.40000534,-10.919998,-9.720003,2.5800018,9.600004,2.2199936,0.0,0.0,0.0,0.0,rl_constraint,0.0,0.0,0.0,0.0,3.816756010055542,-68.8011474609375,-85.55763244628906,-108.36796569824219,-98.69145202636719,-15.767171859741211,8.599406242370605,0.49966326355934143,70.89922332763672,85.34872436523438,98.14118194580078,97.62759399414062,11.600666999816895,1.7316447496414185,0.0,0.0,0.0,0.0
91,1.822138231000281,1789353550.5162559,17,0.0022876852,-0.13080502,0.01831168,0.008647654,-0.4371643,-70.21456,-85.60834,-103.056274,-99.3597,-13.443805,0.74660337,0.7851219,70.8143,87.74447,101.8876,97.07631,9.836458,0.7840668,0.0,0.0,0.0,0.0,0.0,0.0030777385,-0.0,0.0,16.400002,8.700005,-1.9199982,-35.28,6.1800017,-13.799995,41.100006,0.34999466,-0.049999237,-11.7,-13.5,1.9199982,10.139997,3.4200027,0.0,0.0,0.0,0.0,rl_constraint,0.0,0.0,0.0,0.0,4.3906450271606445,-68.7211685180664,-85.42361450195312,-108.51738739013672,-98.71383666992188,-15.906315803527832,9.360319137573242,0.5527638792991638,70.95099639892578,85.18401336669922,97.65338897705078,97.60137939453125,11.76226806640625,1.78261137008667,0.0,0.0,0.0,0.0
92,1.8426736210003583,1789353550.536791,17,0.002284286,-0.1306778,0.01830828,0.008647654,-0.08332443,-70.04425,-85.63661,-103.73617,-99.24189,-13.717049,1.5568863,0.78162,70.814156,87.50414,101.59413,97.125305,10.036903,0.8472244,0.0,0.0,0.0,0.0,0.0,0.012751757,-0.0,0.0,18.8,8.399998,-0.9,-33.36,4.9199934,-14.160004,40.019993,-0.6000023,0.0,-12.2400055,-15.840006,2.5200028,9.179997,3.7799973,0.0,0.0,0.0,0.0,rl_constraint,0.0,0.0,0.0,0.0,4.808143615722656,-68.65721130371094,-85.2916259765625,-108.61122131347656,-98.70726776123047,-16.032867431640625,10.026124954223633,0.6531317234039307,70.98137664794922,85.07463836669922,97.24256896972656,97.55110168457031,11.923091888427734,1.760460615158081,0.0,0.0,0.0,0.0
93,1.8621377720000964,1789353550.5562553,17,0.002284286,-0.13029133,0.01830828,0.008647654,0.31755066,-69.8827,-85.64656,-104.374954,-99.14782,-13.979635,2.3876998,0.77103424,70.814316,87.258965,101.25353,97.18185,10.233765,0.939386,0.0,0.0,0.0,0.0,0.0,0.028801704,-0.0,0.0,21.099998,7.6499977,0.059999086,-30.719997,5.2200027,-13.140005,42.120003,-0.24999619,0.0,-12.360003,-18.239996,2.8799973,10.380007,4.2000046,0.0,0.0,0.0,0.0,rl_constraint,0.0,0.0,0.0,0.0,5.142416477203369,-68.5731201171875,-85.16004943847656,-108.66584014892578,-98.68382263183594,-16.150941848754883,10.595002174377441,0.8266400694847107,71.02882385253906,85.01280212402344,96.94815826416016,97.45968627929688,12.0719633102417,1.7388684749603271,0.0,0.0,0.0,0.0
94,1.882339064000007,1789353550.5764565,17,0.0022808868,-0.12966652,0.01830488,0.008647654,0.75128174,-69.72422,-85.634636,-104.952156,-99.05843,-14.233049,3.2235534,0.7646942,70.8148,87.014244,100.87733,97.23788,10.427508,1.0230057,0.0,0.0,0.0,0.0,0.0,0.05232634,-0.0,0.0,22.350002,7.5999985,0.5400055,-27.419994,3.3600037,-12.300005,42.42,-0.45000458,0.0,-11.580002,-19.919998,2.1599946,9.600004,3.7799973,0.0,0.0,0.0,0.0,rl_constraint,0.0,0.0,0.0,0.0,5.315586566925049,-68.48562622070312,-85.03426361083984,-108.6544189453125,-98.6419677734375,-16.271026611328125,11.030409812927246,1.0971331596374512,71.052734375,85.03683471679688,96.75385284423828,97.35993194580078,12.202741622924805,1.6384083032608032,0.0,0.0,0.0,0.0
95,1.9022647609999694,1789353550.5963821,17,0.0022808868,-0.12857032,0.01830488,0.008647654,1.2050171,-69.58097,-85.61537,-105.479034,-98.99731,-14.470642,4.0522933,0.7515793,70.820404,86.78058,100.48161,97.26883,10.618204,1.1097839,0.0,0.0,0.0,0.0,0.0,0.057822198,-0.0,0.0,22.799995,6.700001,1.2599945,-25.080002,2.759999,-10.8,41.699997,-0.6500015,0.6500015,-11.039996,-19.919998,1.2599945,9.9,4.5,0.0,0.0,0.0,0.0,rl_constraint,0.0,0.0,0.0,0.0,5.351058006286621,-68.38613891601562,-84.9311752319336,-108.5920639038086,-98.58786010742188,-16.367197036743164,11.32741641998291,1.4019407033920288,71.0941390991211,85.13018035888672,96.70880889892578,97.24837493896484,12.2911958694458,1.512860894203186,0.0,0.0,0.0,0.0
96,1.9225126880000971,1789353550.61663,17,0.0022808868,-0.12748662,0.01830488,0.008647654,1.6657104,-69.44069,-85.583664,-105.95218,-98.93506,-14.696356,4.8643064,0.7482834,70.83623,86.55637,100.08372,97.29757,10.8025,1.1877594,0.0,0.0,0.0,0.0,0.0,0.051445518,-0.0,0.0,22.849995,6.6500015,1.6200027,-22.260004,3.3000045,-10.500005,40.080006,0.55000305,0.79999924,-11.280006,-19.859999,1.3800064,10.019999,3.540001,0.0,0.0,0.0,0.0,rl_constraint,0.0,0.0,0.0,0.0,5.197699546813965,-68.30404663085938,-84.86168670654297,-108.4856948852539,-98.49943542480469,-16.43626594543457,11.492308616638184,1.772011637687683,71.11482238769531,85.29375457763672,96.80362701416016,97.1720199584961,12.352787017822266,1.3461557626724243,0.0,0.0,0.0,0.0
97,1.9425805939999918,1789353550.636698,17,0.0022808868,-0.12601003,0.018301481,0.008647654,2.1140442,-69.31039,-85.538414,-106.364136,-98.87657,-14.910068,5.648511,0.76797867,70.860466,86.34315,99.68675,97.32112,10.978404,1.25262,0.0,0.0,0.0,0.0,0.0,0.07980479,-0.0,0.0,21.849998,6.2999954,2.9399962,-19.319994,2.6400008,-10.079997,38.82,1.5,1.8499947,-10.380007,-19.620003,0.9599991,9.359995,3.3600037,0.0,0.0,0.0,0.0,rl_constraint,0.0,0.0,0.0,0.0,4.926035404205322,-68.28692626953125,-84.78455352783203,-108.32931518554688,-98.38894653320312,-16.457801818847656,11.547088623046875,2.171363592147827,71.10037994384766,85.4987564086914,96.99349975585938,97.15389251708984,12.374637603759766,1.136878252029419,0.0,0.0,0.0,0.0
98,1.962460892999843,1789353550.6565783,17,0.0022808868,-0.124616,0.018301481,0.008647654,2.5313873,-69.187386,-85.47971,-106.716385,-98.83998,-15.113233,6.3907194,0.8123703,70.89505,86.163025,99.30825,97.33196,11.146578,1.3134568,0.0,0.0,0.0,0.0,0.0,0.04726619,-0.0,0.0,20.2,6.6000023,2.9399962,-16.319998,1.6200027,-10.380007,34.920002,3.2499962,1.1500053,-8.580007,-17.880001,0.11999817,9.0,1.9199982,0.0,0.0,0.0,0.0,rl_constraint,0.0,0.0,0.0,0.0,4.522541522979736,-68.3034439086914,-84.71464538574219,-108.10935974121094,-98.27604675292969,-16.43924331665039,11.488401412963867,2.5603623390197754,71.07083892822266,85.74483489990234,97.28504943847656,97.19142150878906,12.357148170471191,0.9273984432220459,0.0,0.0,0.0,0.0
99,1.9824550439998347,1789353550.6765723,17,0.0022808868,-0.12395018,0.018298084,0.008647654,2.9126587,-69.07358,-85.41422,-107.01362,-98.79251,-15.295015,7.077475,0.8972511,70.92023,86.00849,98.96591,97.32527,11.30235,1.3414856,0.0,0.0,0.0,0.0,0.0,0.03209673,-0.0,0.0,17.499996,5.1000023,3.2400055,-13.559999,2.4600036,-8.459994,32.519997,4.8499947,1.5,-6.8400054,-16.020002,-0.66000366,7.8600035,0.66000366,0.0,0.0,0.0,0.0,rl_constraint,0.0,0.0,0.0,0.0,4.007477283477783,-68.36217498779297,-84.66942596435547,-107.8376235961914,-98.13411712646484,-16.33696174621582,11.313956260681152,2.919711112976074,70.98029327392578,86.0385513305664,97.66039276123047,97.31128692626953,12.28526782989502,0.6870750784873962,0.0,0.0,0.0,0.0
100,2.0022654800004602,1789353550.696383,17,0.002284286,-0.123469554,0.018298084,0.008647654,3.234558,-68.96901,-85.349525,-107.257515,-98.73566,-15.460579,7.7082415,0.995224,70.942924,85.89609,98.67336,97.31707,11.451283,1.3382995,0.0,0.0,0.0,0.0,0.0,0.016487626,-0.0,0.0,14.499996,4.699997,3.3000045,-10.2599945,3.2400055,-7.5599947,30.6,5.8500023,0.5000038,-4.2600036,-12.839996,-0.23999634,6.3,-1.8,0.0,0.0,0.0,0.0,rl_constraint,0.0,0.0,0.0,0.0,3.3882851600646973,-68.44892120361328,-84.64778137207031,-107.52713012695312,-97.99300384521484,-16.16046714782715,11.05327320098877,3.2214231491088867,70.867919921875,86.36548614501953,98.11341857910156,97.53633880615234,12.1696138381958,0.4290584921836853,0.0,0.0,0.0,0.0
101,2.0224762120005835,1789353550.7165937,17,0.0022876852,-0.12302837,0.018294685,0.008647654,3.4887543,-68.86938,-85.28202,-107.44037,-98.675934,-15.602646,8.265207,1.1342812,70.94551,85.82092,98.4358,97.3167,11.579178,1.3117676,0.0,0.0,0.0,0.0,0.0,0.025061566,-0.0,0.0,10.5,4.9000053,3.6,-7.8000045,2.6400008,-6.3,25.740005,7.7999954,0.14999771,-3.1800065,-11.400004,0.9599991,6.359999,-1.2599945,0.0,0.0,0.0,0.0,rl_constraint,0.0,0.0,0.0,0.0,2.701164960861206,-68.5716323852539,-84.64939880371094,-107.20545959472656,-97.85549926757812,-15.911264419555664,10.701411247253418,3.435127019882202,70.69474792480469,86.70630645751953,98.60710906982422,97.85717010498047,12.011603355407715,0.19717004895210266,0.0,0.0,0.0,0.0
102,2.0423965410000164,1789353550.736514,17,0.0023080807,-0.12274941,0.018294685,0.008647654,3.6610794,-68.78958,-85.211555,-107.57608,-98.62583,-15.72035,8.743373,1.3042488,70.95795,85.786934,98.25478,97.3331,11.689466,1.275293,0.0,0.0,0.0,0.0,0.0,0.006374957,-0.0,0.0,6.500004,3.5000038,3.540001,-5.2800016,2.9399962,-5.340001,22.200005,8.800003,0.94999695,-0.11999817,-7.8600035,0.7200028,5.0400057,-2.2199936,0.0,0.0,0.0,0.0,rl_constraint,0.0,0.0,0.0,0.0,1.989005208015442,-68.71918487548828,-84.63763427734375,-106.85871124267578,-97.71907043457031,-15.614941596984863,10.2662935256958,3.5642712116241455,70.48395538330078,87.04191589355469,99.12645721435547,98.23155975341797,11.827852249145508,0.020899737253785133,0.0,0.0,0.0,0.0
103,2.0627836869998646,1789353550.756901,17,0.0025528257,-0.12245355,0.018291285,0.0086510535,3.751934,-68.72641,-85.13999,-107.63991,-98.55413,-15.808584,9.151515,1.4994278,70.97214,85.81165,98.14605,97.35566,11.781313,1.2081391,0.0,0.0,0.0,0.0,0.0,0.020005133,-0.0,0.0,2.2999992,2.9500008,3.3600037,-1.5000045,4.019994,-2.8199983,16.980001,9.899998,-0.049999237,1.6200027,-2.9999955,1.8599991,3.4200027,-4.3200026,0.0,0.0,0.0,0.0,rl_constraint,0.0,0.0,0.0,0.0,1.2750381231307983,-68.89163970947266,-84.61751556396484,-106.47855377197266,-97.59038543701172,-15.287188529968262,9.779351234436035,3.6020636558532715,70.20550537109375,87.40119934082031,99.65898132324219,98.63029479980469,11.626070976257324,-0.13081273436546326,0.0,0.0,0.0,0.0
104,2.082475328000328,1789353550.7765927,17,0.0026819967,-0.122084424,0.018291285,0.0086510535,3.7563972,-68.68284,-85.07064,-107.65643,-98.47473,-15.859945,9.457224,1.6961975,70.9554,85.84404,98.101456,97.40712,11.836148,1.1195892,0.0,0.0,0.0,0.0,0.0,0.009232873,-0.0,0.0,-1.9000053,1.8499947,3.480002,0.0,3.8999953,-1.5600036,14.040006,10.300003,-1.5,2.7,-0.7800018,2.8799973,2.4600036,-4.7999954,0.0,0.0,0.0,0.0,rl_constraint,0.0,0.0,0.0,0.0,0.5747121572494507,-69.0042724609375,-84.60846710205078,-106.05540466308594,-97.49717712402344,-14.945773124694824,9.200935363769531,3.49540114402771,69.90505981445312,87.6904067993164,100.12615966796875,99.03357696533203,11.41170883178711,-0.24754343926906586,0.0,0.0,0.0,0.0
105,2.102137185000174,1789353550.7962544,17,0.0027533805,-0.12194153,0.018287886,0.0086510535,3.6773415,-68.65716,-85.00803,-107.62456,-98.399704,-15.881685,9.682635,1.9074783,70.91622,85.93073,98.12038,97.472694,11.871607,1.0227448,0.0,0.0,0.0,0.0,0.025987154,0.009452635,-0.0,0.0,-6.2999954,0.70000076,2.8199983,2.8199983,4.2000046,-0.11999817,9.299995,10.400002,-1.699997,5.7599945,2.2199936,3.4200027,0.60000455,-6.3,0.0,0.0,0.0,0.0,rl_constraint,0.0,0.0,0.0,0.0,-0.07467573136091232,-69.0576171875,-84.6077880859375,-105.62320709228516,-97.4441909790039,-14.621805191040039,8.60347843170166,3.2761847972869873,69.60004425048828,87.94446563720703,100.51615142822266,99.41596984863281,11.214207649230957,-0.3003244698047638,0.0,0.0,0.0,0.0
106,2.1222638059998644,1789353550.8163812,17,0.0044054086,-0.12177246,0.018287886,0.0086510535,3.5140228,-68.649284,-84.9603,-107.55989,-98.306145,-15.846652,9.816902,2.1144104,70.86335,86.05794,98.208405,97.57291,11.875383,0.90402377,0.0,0.0,0.0,0.0,0.08168022,0.006374868,-0.0,0.0,-10.150005,-0.19999695,1.8,3.8999953,4.559999,2.4600036,4.2600036,10.400002,-3.6000023,6.9000044,7.020003,6.3,-1.1399963,-5.7599945,0.0,0.0,0.0,0.0,rl_constraint,0.0,0.0,0.0,0.0,-0.6430099606513977,-69.064697265625,-84.64170837402344,-105.18414306640625,-97.4262466430664,-14.270968437194824,7.9757771492004395,2.9658639430999756,69.29792785644531,88.1519775390625,100.80928039550781,99.76461791992188,11.012537956237793,-0.32615548372268677,0.0,0.0,0.0,0.0
107,2.1424277200003417,1789353550.836545,17,0.0048235147,-0.12171531,0.018284487,0.0086510535,3.2746124,-68.66374,-84.922226,-107.466255,-98.223366,-15.791377,9.872493,2.3030434,70.77633,86.20227,98.35431,97.703476,11.845404,0.7812378,0.0,0.0,0.0,0.0,0.0,0.0,-0.0,0.0,-13.450001,-0.94999695,2.2199936,5.7599945,4.019994,4.3200026,0.8400009,8.800003,-4.6499977,6.7800064,8.580007,6.6599946,-1.1399963,-6.479997,0.0,0.0,0.0,0.0,rl_constraint,0.0,0.0,0.0,0.0,-1.1039384603500366,-69.01480865478516,-84.68407440185547,-104.73466491699219,-97.44831085205078,-13.982278823852539,7.349310398101807,2.550361394882202,69.01642608642578,88.28887176513672,101.01351165771484,100.07154846191406,10.823391914367676,-0.30668893456459045,0.0,0.0,0.0,0.0
108,2.162044065000373,1789353550.8561616,17,0.004942488,-0.12165895,0.018284487,0.0086510535,2.970829,-68.68648,-84.868286,-107.319084,-98.12951,-15.69982,9.836115,2.4637642,70.6736,86.37859,98.53428,97.86739,11.80941,0.659935,0.0,0.0,0.0,0.0,0.0,0.0,-0.0,0.0,-16.5,-1.2500038,2.6400008,8.279997,5.1600037,5.1000047,-4.0800066,6.6000023,-6.249996,9.660004,9.419993,7.980002,-2.8799973,-5.519998,0.0,0.0,0.0,0.0,rl_constraint,0.0,0.0,0.0,0.0,-1.427736759185791,-68.89445495605469,-84.72691345214844,-104.22418212890625,-97.49376678466797,-13.73811149597168,6.669547080993652,2.042741060256958,68.77814483642578,88.35697937011719,101.06620788574219,100.35060119628906,10.683423042297363,-0.23276957869529724,0.0,0.0,0.0,0.0
109,2.182297772000311,1789353550.8764153,17,0.005102252,-0.12162393,0.018281087,0.0086510535,2.6157532,-68.7166,-84.817764,-107.121796,-98.045425,-15.579506,9.720799,2.5747375,70.54573,86.56554,98.74944,98.05394,11.744138,0.5389069,0.0,0.0,0.0,0.0,0.0,0.0030773357,-0.0,0.0,-18.7,-1.6499977,1.9199982,10.919998,3.4200027,7.140001,-7.4399962,3.9999962,-6.75,8.580007,11.099996,9.840001,-3.6,-5.2800016,0.0,0.0,0.0,0.0,rl_constraint,0.0,0.0,0.0,0.0,-1.6153178215026855,-68.7308349609375,-84.76687622070312,-103.66651916503906,-97.55846405029297,-13.544626235961914,5.9557952880859375,1.4454795122146606,68.58509063720703,88.35539245605469,101.01046752929688,100.5876235961914,10.551700592041016,-0.13558132946491241,0.0,0.0,0.0,0.0
110,2.2022060770004828,1789353550.8963237,17,0.005146442,-0.12161306,0.018281087,0.0086510535,2.2307281,-68.74337,-84.79277,-106.885956,-97.967865,-15.431864,9.540541,2.6348991,70.39041,86.758514,98.98072,98.26217,11.670474,0.43063658,0.0,0.0,0.0,0.0,0.0,0.0,-0.0,0.0,-19.699997,-0.9999962,0.7800018,13.080007,3.8999953,8.159999,-10.139997,1.7999954,-7.5999985,9.720003,11.999995,10.319994,-4.2000046,-5.2800016,0.0,0.0,0.0,0.0,rl_constraint,0.0,0.0,0.0,0.0,-1.6681687831878662,-68.50198364257812,-84.85450744628906,-103.08745574951172,-97.66584014892578,-13.376982688903809,5.250706195831299,0.7961443066596985,68.451171875,88.2967529296875,100.87969970703125,100.7773666381836,10.439343452453613,-0.0012533129192888737,0.0,0.0,0.0,0.0
111,2.2225523050001357,1789353550.9166696,17,0.0051362445,-0.1216034,0.018277688,0.0086510535,1.8273582,-68.761986,-84.78474,-106.60747,-97.89692,-15.261671,9.292017,2.648632,70.22225,86.947945,99.21352,98.48492,11.57168,0.33185577,0.0,0.0,0.0,0.0,0.0,0.0,-0.0,0.0,-20.599995,-0.9999962,0.059999086,14.519999,3.1800065,8.459994,-14.639997,-0.8499985,-8.100002,8.700005,11.340006,10.859999,-4.559999,-4.559999,0.0,0.0,0.0,0.0,rl_constraint,0.0,0.0,0.0,0.0,-1.5768980979919434,-68.25094604492188,-84.9661865234375,-102.45582580566406,-97.80406188964844,-13.23910903930664,4.524382591247559,0.12113083899021149,68.41305541992188,88.1589126586914,100.65718078613281,100.92188262939453,10.331697463989258,0.1437159925699234,0.0,0.0,0.0,0.0
112,2.242630787000053,1789353550.9367483,17,0.005115849,-0.121584885,0.018277688,0.0086510535,1.4169159,-68.77747,-84.79031,-106.29738,-97.846405,-15.082663,8.977671,2.5957146,70.04319,87.13301,99.43356,98.71858,11.473187,0.25364685,0.0,0.0,0.0,0.0,0.0,0.0,-0.0,0.0,-20.2,-0.24999619,-0.4800064,15.840006,1.9799973,8.640005,-16.499996,-4.450001,-8.950001,8.940001,10.919998,11.159994,-6.000005,-3.3000045,0.0,0.0,0.0,0.0,rl_constraint,0.0,0.0,0.0,0.0,-1.3505470752716064,-67.97303771972656,-85.10051727294922,-101.7913818359375,-97.97734832763672,-13.131360054016113,3.773165225982666,-0.5534634590148926,68.44656372070312,87.97079467773438,100.37032318115234,101.02953338623047,10.247936248779297,0.301111102104187,0.0,0.0,0.0,0.0
113,2.262392825000461,1789353550.9565103,17,0.005102252,-0.12157039,0.018274289,0.0086510535,1.0297279,-68.76699,-84.780945,-105.95711,-97.80467,-14.89341,8.605989,2.4735146,69.86061,87.29482,99.635216,98.95464,11.354604,0.19068146,0.0,0.0,0.0,0.0,0.0,0.0030773333,-0.0,0.0,-18.7,1.2500038,0.7800018,17.820004,1.6800019,9.959999,-21.119993,-7.450001,-9.0,7.499995,9.600004,11.580002,-5.6399965,-2.4000046,0.0,0.0,0.0,0.0,rl_constraint,0.0,0.0,0.0,0.0,-0.9591249823570251,-67.70893096923828,-85.209228515625,-101.10562896728516,-98.18050384521484,-13.05998420715332,3.006625175476074,-1.2016667127609253,68.56502532958984,87.73471069335938,100.05792236328125,101.0895004272461,10.147587776184082,0.43771758675575256,0.0,0.0,0.0,0.0
114,2.2825737940002,1789353550.9766912,17,0.0048337122,-0.121559925,0.018274289,0.0086510535,0.67635727,-68.72891,-84.78594,-105.58457,-97.78455,-14.698072,8.180708,2.2884178,69.68366,87.43071,99.79879,99.19094,11.240675,0.1536438,0.0,0.0,0.0,0.0,-0.053833686,0.0,-0.0,0.0,-16.849995,2.5499954,-1.2599945,19.560003,0.41999358,9.359995,-21.66,-10.749996,-8.449997,6.359999,7.5599947,12.6,-6.7800064,-1.6200027,0.0,0.0,0.0,0.0,rl_constraint,0.0,0.0,0.0,0.0,-0.4447314739227295,-67.48115539550781,-85.3259048461914,-100.41744232177734,-98.4036865234375,-13.005447387695312,2.224257469177246,-1.7969036102294922,68.72361755371094,87.47579193115234,99.74158477783203,101.11299133300781,10.071974754333496,0.5725409388542175,0.0,0.0,0.0,0.0
115,2.302141899000162,1789353550.9962592,17,0.0032734636,-0.12155389,0.018240295,0.0086510535,0.36614227,-68.67933,-84.805374,-105.17631,-97.7885,-14.505826,7.7068543,2.0392113,69.52184,87.53923,99.920654,99.421,11.121515,0.13404694,0.0,0.0,0.0,0.0,-0.025987154,0.0,-0.0,0.0,-14.050003,3.1499977,-0.9599991,21.180006,-1.5000045,9.600004,-25.559994,-13.950005,-7.699997,4.2600036,4.559999,11.999995,-5.519998,-0.4800064,0.0,0.0,0.0,0.0,rl_constraint,0.0,0.0,0.0,0.0,0.16309833526611328,-67.30972290039062,-85.45146942138672,-99.74015045166016,-98.64177703857422,-12.961264610290527,1.4215880632400513,-2.3061580657958984,68.91598510742188,87.21416473388672,99.45638275146484,101.09343719482422,9.993620872497559,0.679745078086853,0.0,0.0,0.0,0.0
116,2.3221842370003287,1789353551.0163016,17,0.0030729086,-0.12154906,0.018199505,0.0086510535,0.11872101,-68.59831,-84.83166,-104.73095,-97.81504,-14.322533,7.190346,1.7352676,69.37557,87.613754,100.01227,99.63674,10.999827,0.14455262,0.0,0.0,0.0,0.0,0.0,0.0,-0.0,0.0,-10.450001,4.7999954,-1.5000045,23.579998,-1.3199936,9.600004,-27.84,-16.749996,-6.4500046,3.1199937,3.7799973,10.979998,-5.7599945,1.4400055,0.0,0.0,0.0,0.0,rl_constraint,0.0,0.0,0.0,0.0,0.8559123873710632,-67.20344543457031,-85.56669616699219,-99.1006851196289,-98.89604187011719,-12.94088077545166,0.6066722869873047,-2.72908353805542,69.1339340209961,86.95401763916016,99.2391586303711,101.01447296142578,9.927759170532227,0.7768961787223816,0.0,0.0,0.0,0.0
117,2.342287380000016,1789353551.0364048,17,0.0028587568,-0.12154463,0.018168911,0.0086510535,-0.049266815,-68.49698,-84.869644,-104.25519,-97.856834,-14.147191,6.634877,1.3800888,69.25754,87.649025,100.050804,99.837364,10.8882065,0.16907959,0.0,0.0,0.0,0.0,-0.10767078,0.0,-0.0,0.0,-6.199997,5.1500015,-2.5200028,24.780006,-3.1199937,8.519994,-29.460003,-18.7,-4.7999954,0.60000455,0.5400055,9.119998,-5.9400053,1.5000045,0.0,0.0,0.0,0.0,rl_constraint,0.0,0.0,0.0,0.0,1.5659829378128052,-67.17227935791016,-85.67369079589844,-98.49720764160156,-99.1757583618164,-12.916850090026855,-0.22596143186092377,-3.0307998657226562,69.34027099609375,86.7233657836914,99.08807373046875,100.89834594726562,9.88563060760498,0.8014824390411377,0.0,0.0,0.0,0.0
118,2.362135054000646,1789353551.0562525,17,-0.0075972904,-0.12152652,0.018145118,0.0086510535,-0.13965225,-68.38714,-84.93187,-103.745514,-97.92279,-13.985266,6.043785,0.99226,69.17481,87.64463,100.02736,100.015755,10.769609,0.20988007,0.0,0.0,0.0,0.0,-0.86323917,0.0092327995,-0.0,0.0,-2.1500015,5.950001,-3.4200027,25.680006,-3.4200027,8.519994,-29.580002,-19.799995,-4.300003,-1.6200027,-2.2199936,7.920003,-4.559999,2.0399964,0.0,0.0,0.0,0.0,rl_constraint,0.0,0.0,0.0,0.0,2.282221794128418,-67.21202850341797,-85.7961196899414,-97.96701049804688,-99.46968841552734,-12.891563415527344,-1.0683051347732544,-3.2117724418640137,69.55322265625,86.52099609375,99.01453399658203,100.72700500488281,9.836856842041016,0.7769806385040283,0.0,0.0,0.0,0.0
119,2.3825657470006263,1789353551.076683,17,-0.016455697,-0.12146815,0.018124722,0.008647654,-0.13841629,-68.258255,-85.00615,-103.21897,-98.00699,-13.836484,5.4202285,0.58527374,69.11394,87.600876,99.989716,100.17083,10.659567,0.25341338,0.0,0.0,0.0,0.0,0.10581479,0.0032971094,-0.0,0.0,2.1500015,6.500004,-3.3000045,26.640005,-5.2200027,7.140001,-31.320004,-20.900002,-1.699997,-2.2800064,-1.6200027,6.9000044,-5.6399965,2.759999,0.0,0.0,0.0,0.0,rl_constraint,0.0,0.0,0.0,0.0,2.936286449432373,-67.31073760986328,-85.92929077148438,-97.51853942871094,-99.77167510986328,-12.84901237487793,-1.922208547592163,-3.2252562046051025,69.73442840576172,86.38162994384766,99.0657730102539,100.50447082519531,9.81026554107666,0.6862595677375793,0.0,0.0,0.0,0.0
120,2.402126853000482,1789353551.0962443,17,-0.009762604,-0.12143635,0.018107725,0.008647654,-0.066078186,-68.13269,-85.07112,-102.67891,-98.120514,-13.699361,4.7628202,0.16723251,69.102554,87.555786,99.95562,100.293915,10.561693,0.30584565,0.0,0.0,0.0,0.0,0.37499684,0.0,-0.0,0.0,5.25,6.1499977,-3.540001,27.660004,-6.2400007,6.359999,-33.3,-20.850002,0.70000076,-2.7,-2.2800064,5.2200027,-3.9599946,2.1599946,0.0,0.0,0.0,0.0,rl_constraint,0.0,0.0,0.0,0.0,3.542544364929199,-67.50570678710938,-86.00923156738281,-97.15962219238281,-100.08551788330078,-12.793194770812988,-2.7917537689208984,-3.1311240196228027,69.88651275634766,86.34127044677734,99.26839447021484,100.22212219238281,9.797096252441406,0.5785051584243774,0.0,0.0,0.0,0.0
121,2.4223482420002256,1789353551.1164656,17,-0.0070160213,-0.12134176,0.01809073,0.008647654,0.091976166,-68.02017,-85.15046,-102.1248,-98.25492,-13.577701,4.081805,-0.24256897,69.111694,87.479805,99.879074,100.38815,10.461223,0.35542145,0.0,0.0,0.0,0.0,-0.1559399,0.006155049,-0.0,0.0,10.099995,5.5999947,-4.1400056,27.84,-7.920003,6.1200027,-34.26,-20.150002,0.049999237,-4.7999954,-4.9199934,3.7799973,-5.519998,2.0999954,0.0,0.0,0.0,0.0,rl_constraint,0.0,0.0,0.0,0.0,4.056033134460449,-67.75996398925781,-86.09000396728516,-96.85556030273438,-100.36700439453125,-12.722060203552246,-3.663848638534546,-2.905433416366577,69.97100830078125,86.38446044921875,99.55873107910156,99.92029571533203,9.785618782043457,0.4298221170902252,0.0,0.0,0.0,0.0
122,2.442431856999974,1789353551.1365495,17,-0.008987578,-0.12107408,0.018080533,0.008647654,0.32449722,-67.91748,-85.23288,-101.57499,-98.40849,-13.46575,3.3812346,-0.6305008,69.13394,87.371284,99.790726,100.44922,10.369089,0.4038437,0.0,0.0,0.0,0.0,0.025987154,0.025500428,-0.0,0.0,13.350002,4.3500023,-3.9599946,27.540005,-8.640005,5.2800016,-35.940002,-18.849998,2.5999947,-5.579997,-2.9999955,1.9199982,-4.019994,2.5800018,0.0,0.0,0.0,0.0,rl_constraint,0.0,0.0,0.0,0.0,4.478070259094238,-68.06733703613281,-86.15746307373047,-96.65355682373047,-100.59471893310547,-12.633359909057617,-4.522400379180908,-2.5789988040924072,69.99131774902344,86.4814682006836,99.96269989013672,99.61613464355469,9.796375274658203,0.27933135628700256,0.0,0.0,0.0,0.0
123,2.462547195999832,1789353551.1566646,17,-0.008926392,-0.12040951,0.018066935,0.008647654,0.6155777,-67.83748,-85.32762,-101.0323,-98.58362,-13.36204,2.6490784,-0.9833679,69.18768,87.26579,99.73427,100.46747,10.286005,0.43302613,0.0,0.0,0.0,0.0,0.0,0.038470257,-0.0,0.0,15.799999,3.5000038,-5.1000047,26.519993,-9.239996,4.7999954,-37.440006,-16.5,2.7500038,-4.5,-2.2800064,-0.059999086,-3.6,0.66000366,0.0,0.0,0.0,0.0,rl_constraint,0.0,0.0,0.0,0.0,4.751213073730469,-68.42007446289062,-86.23095703125,-96.53866577148438,-100.77442169189453,-12.507944107055664,-5.3873138427734375,-2.128092050552368,69.96163940429688,86.65719604492188,100.46918487548828,99.3415298461914,9.831939697265625,0.11902932822704315,0.0,0.0,0.0,0.0
124,2.4825702699999965,1789353551.1766877,17,-0.008899198,-0.11934605,0.018056737,0.008647654,0.9540596,-67.78924,-85.41991,-100.50091,-98.773834,-13.271141,1.903505,-1.2842674,69.25923,87.17382,99.696754,100.43981,10.210638,0.4469925,0.0,0.0,0.0,0.0,0.0,0.07254267,-0.0,0.0,18.0,1.1500053,-4.2600036,25.920002,-8.700005,4.6799974,-38.82,-13.5,4.5999985,-4.8599944,-1.1399963,-1.740001,-3.4200027,0.60000455,0.0,0.0,0.0,0.0,rl_constraint,0.0,0.0,0.0,0.0,4.88952112197876,-68.80652618408203,-86.28265380859375,-96.48844146728516,-100.8838119506836,-12.373215675354004,-6.2151103019714355,-1.6485693454742432,69.86503601074219,86.9141616821289,101.04042053222656,99.0911636352539,9.887691497802734,-0.036609116941690445,0.0,0.0,0.0,0.0
125,2.502372975000071,1789353551.1964905,17,-0.008855008,-0.11687827,0.018049939,0.008647654,1.3248825,-67.78276,-85.50858,-100.00607,-98.97343,-13.179502,1.1360687,-1.5268478,69.33917,87.07846,99.683586,100.39867,10.150955,0.45869294,0.0,0.0,0.0,0.0,0.0,0.16596363,-0.0,0.0,18.999996,-0.55000305,-4.5,24.000004,-10.440005,4.440001,-38.520004,-10.5,2.9500008,-4.3200026,0.0,-3.0599945,-2.8199983,0.29999542,0.0,0.0,0.0,0.0,rl_constraint,0.0,0.0,0.0,0.0,4.908997535705566,-69.19000244140625,-86.33477020263672,-96.51145935058594,-100.93517303466797,-12.222330093383789,-7.010162353515625,-1.1349120140075684,69.7238998413086,87.18537902832031,101.66213989257812,98.90047454833984,9.981101989746094,-0.14651769399642944,0.0,0.0,0.0,0.0
126,2.522153507999974,1789353551.216271,17,-0.008797221,-0.11230238,0.01803974,0.008647654,1.7101364,-67.80649,-85.59458,-99.538574,-99.17671,-13.090691,0.35701448,-1.7033272,69.405464,87.008835,99.71245,100.32272,10.093264,0.44413605,0.0,0.0,0.0,0.0,0.025987154,0.29827556,-0.025987154,0.0,19.049995,-2.050003,-4.619998,22.619999,-9.359995,4.6799974,-38.159996,-6.75,3.6000023,-2.9999955,2.7,-4.8599944,-2.6400008,-1.9799973,0.0,0.0,0.0,0.0,rl_constraint,0.0,0.0,0.0,0.0,4.78176212310791,-69.57493591308594,-86.39260864257812,-96.5901107788086,-100.92220306396484,-12.058430671691895,-7.753844738006592,-0.5638301372528076,69.50920104980469,87.51821899414062,102.2892074584961,98.77925109863281,10.078876495361328,-0.2579980492591858,0.0,0.0,0.0,0.0
127,2.5422542010001052,1789353551.2363718,17,-0.0083961105,-0.103996575,0.018032942,0.008647654,2.089405,-67.86241,-85.682884,-99.10768,-99.37908,-12.997348,-0.43166655,-1.8037376,69.477356,86.95584,99.80765,100.22003,10.050842,0.39949036,0.0,0.0,0.0,0.0,0.025987154,0.588789,-0.0,0.0,18.849998,-3.6000023,-4.019994,20.460003,-9.959999,4.7399964,-38.64,-2.8500023,2.5999947,-1.9199982,6.960004,-5.519998,-0.9599991,-1.6200027,0.0,0.0,0.0,0.0,rl_constraint,0.0,0.0,0.0,0.0,4.518324375152588,-69.94013214111328,-86.44759368896484,-96.70462799072266,-100.8677749633789,-11.886322021484375,-8.430678367614746,-0.010434180498123169,69.29598236083984,87.86348724365234,102.92003631591797,98.71137237548828,10.200359344482422,-0.3647271692752838,0.0,0.0,0.0,0.0
128,2.561813893999897,1789353551.2559314,17,-0.00826354,-0.089596756,0.018026143,0.008647654,2.4431648,-67.95764,-85.76395,-98.732315,-99.56769,-12.906807,-1.2058594,-1.8249435,69.5048,86.93131,99.95776,100.10323,10.032262,0.363208,0.0,0.0,0.0,0.0,0.0,0.8499322,-0.0,0.0,17.499996,-6.4000053,-4.559999,17.94,-8.640005,4.980006,-39.180008,0.75,0.79999924,-0.5400055,9.0,-6.539996,-0.8400009,-2.7,0.0,0.0,0.0,0.0,rl_constraint,0.0,0.0,0.0,0.0,4.18989372253418,-70.26528930664062,-86.52397918701172,-96.87771606445312,-100.7680435180664,-11.732441902160645,-9.054910659790039,0.49842768907546997,69.04988861083984,88.21137237548828,103.51824188232422,98.72676849365234,10.35522747039795,-0.3563745319843292,0.0,0.0,0.0,0.0
129,2.5821538449999935,1789353551.2762713,17,-0.005812692,-0.077302955,0.018019347,0.008647654,2.7752953,-68.099525,-85.85721,-98.396385,-99.751915,-12.804441,-2.0216904,-1.784317,69.53403,86.95296,100.16396,99.967964,10.011264,0.30901796,0.0,0.0,0.0,0.0,0.6051964,0.27022555,-0.0,0.0,15.199997,-8.000004,-3.8999953,14.7599945,-8.339996,5.1600037,-40.62,3.0999985,1.8499947,2.7,11.039996,-6.539996,-0.60000455,-2.5800018,0.0,0.0,0.0,0.0,rl_constraint,0.0,0.0,0.0,0.0,3.720844268798828,-70.56595611572266,-86.6120834350586,-97.10762023925781,-100.6159439086914,-11.586848258972168,-9.548117637634277,0.9795343279838562,68.79338836669922,88.58787536621094,104.09774780273438,98.77986907958984,10.509908676147461,-0.3014882504940033,0.0,0.0,0.0,0.0
130,2.601869297000121,1789353551.2959867,17,0.011652579,-0.076321006,0.018015947,0.008647654,3.0506287,-68.26957,-85.920845,-98.120186,-99.90798,-12.701596,-2.7891128,-1.6864014,69.54695,87.02555,100.41088,99.83771,10.014752,0.25146332,0.0,0.0,0.0,0.0,0.7592804,-0.003075351,-0.0,0.0,13.099995,-9.299995,-3.1199937,13.320003,-7.2,5.6999955,-37.8,6.8499985,-0.8999977,5.0400057,14.519999,-6.7800064,2.0399964,-2.6400008,0.0,0.0,0.0,0.0,rl_constraint,0.0,0.0,0.0,0.0,3.2160165309906006,-70.79564666748047,-86.67900085449219,-97.32262420654297,-100.46357727050781,-11.466912269592285,-9.979208946228027,1.35709547996521,68.56859588623047,88.9402084350586,104.54751586914062,98.87895202636719,10.663450241088867,-0.1867235153913498,0.0,0.0,0.0,0.0
131,2.6220560940000723,1789353551.3161736,17,0.011316054,-0.076362036,0.018009149,0.008647654,3.270298,-68.46647,-86.003006,-97.8885,-100.040115,-12.590442,-3.5673568,-1.5179558,69.51929,87.1166,100.709305,99.7097,10.049167,0.1914917,0.0,0.0,0.0,0.0,-0.29888454,0.0,-0.0,0.0,9.400005,-10.599998,-4.5,10.139997,-6.359999,6.2400007,-38.159996,10.250004,-1.6499977,4.2600036,15.539996,-6.1800017,1.9799973,-2.7,0.0,0.0,0.0,0.0,rl_constraint,0.0,0.0,0.0,0.0,2.6701414585113525,-70.92160034179688,-86.79545593261719,-97.56153106689453,-100.30266571044922,-11.392318725585938,-10.310900688171387,1.638014793395996,68.39079284667969,89.1889419555664,104.86702728271484,99.0167236328125,10.855376243591309,-0.00494881859049201,0.0,0.0,0.0,0.0
132,2.6424597820005147,1789353551.3365772,17,0.008321328,-0.07636727,0.01800235,0.008647654,3.42984,-68.69174,-86.0865,-97.69989,-100.15271,-12.473012,-4.3394485,-1.2906189,69.465904,87.23879,101.05856,99.58265,10.085065,0.13342896,0.0,0.0,0.0,0.0,0.0,0.0,-0.0,0.0,5.499996,-11.050003,-3.7799973,7.980002,-4.380002,5.6399965,-38.039997,11.800003,-2.6500053,7.8000045,17.94,-5.9400053,1.6200027,-2.9999955,0.0,0.0,0.0,0.0,rl_constraint,0.0,0.0,0.0,0.0,2.0829014778137207,-70.96625518798828,-86.90985870361328,-97.78699493408203,-100.17332458496094,-11.35162353515625,-10.495849609375,1.8428233861923218,68.26272583007812,89.36741638183594,105.08290100097656,99.16277313232422,11.030509948730469,0.23618584871292114,0.0,0.0,0.0,0.0
133,2.662711775000389,1789353551.3568292,17,0.008372316,-0.076368876,0.01799895,0.008647654,3.5061607,-68.92589,-86.16157,-97.56973,-100.23146,-12.355444,-5.0812454,-1.0305977,69.40491,87.40135,101.43668,99.47966,10.137346,0.08661346,0.0,0.0,0.0,0.0,0.0,0.0,-0.0,0.0,1.7499962,-11.299999,-3.7799973,5.579997,-3.3000045,6.479997,-35.219997,13.200005,-3.2499962,8.519994,18.9,-5.2200027,2.9999955,-1.9799973,0.0,0.0,0.0,0.0,rl_constraint,0.0,0.0,0.0,0.0,1.5117861032485962,-70.91188049316406,-87.03462219238281,-97.97478485107422,-100.08086395263672,-11.358154296875,-10.647125244140625,1.9057575464248657,68.20911407470703,89.44491577148438,105.09646606445312,99.31126403808594,11.185193061828613,0.5569579601287842,0.0,0.0,0.0,0.0
134,2.6821351429998685,1789353551.3762527,17,0.0084063085,-0.07636968,0.017992152,0.008647654,3.5064125,-69.15575,-86.23681,-97.49752,-100.28952,-12.23892,-5.7532654,-0.7526207,69.31533,87.57942,101.80972,99.394104,10.201712,0.065849304,0.0,0.0,0.0,0.0,0.0,0.0,-0.0,0.0,-1.7999954,-11.900002,-3.6,1.8599991,-1.8599991,6.000005,-33.479996,14.650005,-5.7000046,8.459994,19.8,-3.1800065,3.480002,-0.17999725,0.0,0.0,0.0,0.0,rl_constraint,0.0,0.0,0.0,0.0,0.9463518857955933,-70.73787689208984,-87.16680908203125,-98.1699447631836,-100.05976104736328,-11.41796588897705,-10.609956741333008,1.8789527416229248,68.24198913574219,89.38653564453125,104.9499282836914,99.4411849975586,11.333067893981934,0.9435043334960938,0.0,0.0,0.0,0.0
135,2.701817535000373,1789353551.395935,17,0.0084437,-0.07637008,0.017988753,0.008647654,3.4515495,-69.37371,-86.305695,-97.4774,-100.317024,-12.132284,-6.379115,-0.46374893,69.21352,87.754654,102.18737,99.341576,10.278616,0.068293765,0.0,0.0,0.0,0.0,0.0,0.0,-0.0,0.0,-3.9999962,-10.549999,-4.2000046,-0.11999817,-0.8400009,5.519998,-30.480001,14.850002,-5.299999,10.139997,18.96,-2.2800064,4.019994,1.740001,0.0,0.0,0.0,0.0,rl_constraint,0.0,0.0,0.0,0.0,0.4816141128540039,-70.48310852050781,-87.27465057373047,-98.29884338378906,-100.1218490600586,-11.52261734008789,-10.518296241760254,1.787333607673645,68.3209228515625,89.19976043701172,104.66609954833984,99.56449890136719,11.492149353027344,1.4011435508728027,0.0,0.0,0.0,0.0
136,2.722715769000388,1789353551.4168332,17,0.008481092,-0.07637129,0.017981954,0.008647654,3.3204346,-69.586296,-86.40754,-97.49449,-100.3256,-12.025662,-6.9968767,-0.16448593,69.09535,87.96349,102.56927,99.29468,10.374499,0.099536136,0.0,0.0,0.0,0.0,0.0,0.0,-0.0,0.0,-8.200001,-9.600002,-4.6799974,-0.9,0.0,5.1600037,-27.359995,13.5,-4.8499947,9.0,17.519993,-1.5000045,4.6799974,1.8599991,0.0,0.0,0.0,0.0,rl_constraint,0.0,0.0,0.0,0.0,0.10494542121887207,-70.1839370727539,-87.38473510742188,-98.38372039794922,-100.27534484863281,-11.655653953552246,-10.347734451293945,1.570987343788147,68.439208984375,88.94310760498047,104.26500701904297,99.65142822265625,11.64635181427002,1.9112557172775269,0.0,0.0,0.0,0.0
137,2.7424390850001146,1789353551.4365566,17,0.008494689,-0.0763729,0.017975155,0.008647654,3.1329575,-69.76096,-86.48406,-97.51652,-100.31329,-11.938403,-7.509265,0.092308044,69.00386,88.130264,102.88342,99.272736,10.47729,0.1554428,0.0,0.0,0.0,0.0,0.0,0.0,-0.0,0.0,-11.000004,-7.9000053,-4.0800066,-1.2599945,0.29999542,3.540001,-23.880007,12.299995,-5.5999947,8.820003,15.120003,-0.8400009,5.1000047,3.7799973,0.0,0.0,0.0,0.0,rl_constraint,0.0,0.0,0.0,0.0,-0.17477385699748993,-69.8650894165039,-87.40629577636719,-98.38429260253906,-100.5105972290039,-11.848987579345703,-10.004599571228027,1.292120099067688,68.64239501953125,88.55335998535156,103.72847747802734,99.70442199707031,11.812630653381348,2.4025611877441406,0.0,0.0,0.0,0.0
138,2.762367667000035,1789353551.456485,17,0.0084980875,-0.07637491,0.017971756,0.008647654,2.8928947,-69.89684,-86.57883,-97.5471,-100.31159,-11.874105,-7.9684525,0.3312149,68.906525,88.28529,103.15184,99.267136,10.588252,0.25503388,0.0,0.0,0.0,0.0,0.0,0.0,-0.0,0.0,-13.099995,-5.950001,-4.8599944,-2.0399964,-0.9,2.9399962,-20.7,11.150002,-3.6000023,7.3199983,11.219994,0.8400009,6.359999,5.9400053,0.0,0.0,0.0,0.0,rl_constraint,0.0,0.0,0.0,0.0,-0.3919326663017273,-69.56050872802734,-87.39535522460938,-98.29743957519531,-100.83013153076172,-12.067347526550293,-9.600430488586426,0.9326030611991882,68.82576751708984,88.10989379882812,103.09716796875,99.75241088867188,11.97865104675293,2.900273084640503,0.0,0.0,0.0,0.0
139,2.782223948000137,1789353551.4763412,17,0.0084980875,-0.07637692,0.017964957,0.008647654,2.617607,-69.999916,-86.66393,-97.5939,-100.32716,-11.819654,-8.357794,0.5366478,68.823326,88.39811,103.36358,99.2931,10.708278,0.39848787,0.0,0.0,0.0,0.0,0.0,0.0,-0.0,0.0,-14.449997,-3.949997,-4.1400056,-2.1599946,-0.66000366,1.5000045,-16.499996,9.450005,-4.300003,4.559999,9.179997,1.4400055,6.1800017,8.459994,0.0,0.0,0.0,0.0,rl_constraint,0.0,0.0,0.0,0.0,-0.5115998983383179,-69.30377197265625,-87.28504180908203,-98.12310791015625,-101.21324157714844,-12.285106658935547,-9.124753952026367,0.5796096324920654,69.01919555664062,87.61268615722656,102.379150390625,99.79790496826172,12.139925956726074,3.364452838897705,0.0,0.0,0.0,0.0
140,2.8019606400002885,1789353551.496078,17,0.008484491,-0.076378934,0.017958159,0.008644255,2.3215942,-70.0526,-86.75387,-97.65339,-100.34155,-11.787519,-8.666496,0.6981468,68.77004,88.49063,103.51061,99.324615,10.8362,0.58176726,0.0,0.0,0.0,0.0,0.0,0.0,-0.0,0.0,-14.950001,-1.5499992,-4.619998,-3.9599946,-1.0799973,1.1399963,-13.859995,6.6000023,-1.4000015,3.7199981,4.2600036,1.5600036,5.7599945,10.680002,0.0,0.0,0.0,0.0,rl_constraint,0.0,0.0,0.0,0.0,-0.5052741169929504,-69.11650848388672,-87.10401916503906,-97.89915466308594,-101.5963363647461,-12.515783309936523,-8.54438304901123,0.23564963042736053,69.18559265136719,87.12653350830078,101.65721893310547,99.8102035522461,12.302559852600098,3.788282632827759,0.0,0.0,0.0,0.0
141,2.822698287000094,1789353551.5168157,17,0.0084674945,-0.07638336,0.017954761,0.008644255,2.007866,-70.06409,-86.8382,-97.74402,-100.38012,-11.792368,-8.896166,0.8091774,68.76331,88.51992,103.58032,99.36377,10.972224,0.80570984,0.0,0.0,0.0,0.0,0.0,0.0,-0.0,0.0,-15.249996,0.75,-3.0599945,-3.3000045,-3.1199937,-2.4600036,-8.940001,3.8499985,0.0,-0.3599945,1.9199982,2.4600036,8.040001,12.839996,0.0,0.0,0.0,0.0,rl_constraint,0.0,0.0,0.0,0.0,-0.43569666147232056,-69.05309295654297,-86.84220123291016,-97.70561218261719,-101.99296569824219,-12.763204574584961,-7.873284339904785,-0.06649541109800339,69.31217193603516,86.63954162597656,100.9346694946289,99.79270935058594,12.45857048034668,4.1667351722717285,0.0,0.0,0.0,0.0
142,2.842119851999996,1789353551.5362372,17,0.0076550776,-0.07640227,0.017947963,0.008644255,1.7082939,-70.0331,-86.89645,-97.798615,-100.45661,-11.828801,-9.042188,0.86359406,68.75606,88.47797,103.565125,99.4079,11.104624,1.0561981,0.0,0.0,0.0,0.0,-0.22648424,0.0,-0.0,0.0,-15.249996,2.1000023,-3.1800065,-1.740001,-4.5,-2.2199936,-5.340001,1.5499992,0.0,-2.9999955,-3.6,1.8599991,6.3,12.719998,0.0,0.0,0.0,0.0,rl_constraint,0.0,0.0,0.0,0.0,-0.2662202715873718,-69.06426239013672,-86.47278594970703,-97.45010375976562,-102.37847900390625,-13.008761405944824,-7.150432586669922,-0.2642951011657715,69.4035873413086,86.14653015136719,100.22171020507812,99.75575256347656,12.61531925201416,4.451075077056885,0.0,0.0,0.0,0.0
143,2.862412202000087,1789353551.5565298,17,-0.005431978,-0.07641071,0.017944563,0.008644255,1.4135742,-69.97847,-86.94889,-97.82979,-100.55542,-11.876234,-9.100924,0.87151337,68.77253,88.39351,103.445564,99.444565,11.241404,1.3388627,0.0,0.0,0.0,0.0,-0.629331,0.0,-0.0,0.0,-13.749996,3.1499977,-2.0399964,-1.1999954,-5.4,-3.1800065,-0.9599991,-0.9999962,0.9999962,-5.8199935,-8.519994,1.6200027,6.7199936,14.220003,0.0,0.0,0.0,0.0,rl_constraint,0.0,0.0,0.0,0.0,-0.054622408002614975,-69.13394165039062,-86.10108947753906,-97.18277740478516,-102.72944641113281,-13.186691284179688,-6.379077911376953,-0.3742839992046356,69.45587921142578,85.7227554321289,99.58135986328125,99.69416046142578,12.743651390075684,4.660755634307861,0.0,0.0,0.0,0.0
144,2.8827714409999317,1789353551.5768888,17,-0.004034892,-0.07641514,0.017937765,0.008644255,1.1587944,-69.906845,-86.96939,-97.84204,-100.688034,-11.95458,-9.070793,0.83548737,68.793594,88.256676,103.259125,99.4744,11.393605,1.6414124,0.0,0.0,0.0,0.0,0.43440527,0.0,-0.0,0.0,-11.850002,3.8499985,-0.059999086,0.17999725,-7.4399962,-4.2600036,4.0800066,-2.9000015,1.300003,-6.479997,-11.520002,1.6200027,7.4399962,16.080002,0.0,0.0,0.0,0.0,rl_constraint,0.0,0.0,0.0,0.0,0.1835327297449112,-69.25257110595703,-85.67462921142578,-96.91448974609375,-103.0433120727539,-13.34376335144043,-5.590565204620361,-0.3783317804336548,69.49054718017578,85.34856414794922,99.07511901855469,99.59284210205078,12.873980522155762,4.796319484710693,0.0,0.0,0.0,0.0
145,2.9021241000000373,1789353551.5962415,17,-0.001475268,-0.07641956,0.017934365,0.008644255,0.93450165,-69.82029,-86.94915,-97.824585,-100.84576,-12.042994,-8.954462,0.75271225,68.830986,88.08556,103.0045,99.51025,11.538556,1.9556625,0.0,0.0,0.0,0.0,-0.08168022,0.0,-0.0,0.0,-10.649998,4.450001,1.9799973,1.5000045,-8.880002,-4.8599944,7.4399962,-5.1500015,1.5999985,-10.380007,-14.579997,1.740001,8.159999,15.180002,0.0,0.0,0.0,0.0,rl_constraint,0.0,0.0,0.0,0.0,0.3501334488391876,-69.35536193847656,-85.26115417480469,-96.68888854980469,-103.28119659423828,-13.4576416015625,-4.8000054359436035,-0.2788901627063751,69.5035629272461,85.0448989868164,98.72097778320312,99.45083618164062,12.989224433898926,4.862725734710693,0.0,0.0,0.0,0.0
146,2.9222795499999847,1789353551.6163971,17,-0.00182199,-0.07642278,0.017927567,0.008644255,0.75201416,-69.73986,-86.89497,-97.78416,-101.02856,-12.151648,-8.760828,0.66252136,68.88082,87.85772,102.69453,99.542946,11.685745,2.2710938,0.0,0.0,0.0,0.0,0.0,0.0,-0.0,0.0,-8.050003,3.4500046,3.6599991,2.7,-9.600004,-5.4,11.879997,-4.300003,3.5000038,-12.2400055,-16.379997,1.3800064,7.080002,16.080002,0.0,0.0,0.0,0.0,rl_constraint,0.0,0.0,0.0,0.0,0.4211796522140503,-69.44168090820312,-84.85055541992188,-96.49299621582031,-103.48109436035156,-13.55540943145752,-4.040555000305176,-0.04052009433507919,69.4583511352539,84.82112884521484,98.53202056884766,99.25234985351562,13.08537769317627,4.850934982299805,0.0,0.0,0.0,0.0
147,2.942381652000222,1789353551.6364992,17,-0.0018253893,-0.07642479,0.017924167,0.008644255,0.60819626,-69.67131,-86.80799,-97.723076,-101.23458,-12.274488,-8.491704,0.56101227,68.9648,87.60582,102.34407,99.567566,11.83255,2.5811553,0.0,0.0,0.0,0.0,0.0,0.0,-0.0,0.0,-6.2999954,3.2999954,5.1000047,3.2400055,-11.159994,-6.1200027,16.2,-5.050003,4.0499954,-12.899996,-18.179996,0.7800018,7.140001,14.819994,0.0,0.0,0.0,0.0,rl_constraint,0.0,0.0,0.0,0.0,0.3516380786895752,-69.51779174804688,-84.47274017333984,-96.39952087402344,-103.62808990478516,-13.659930229187012,-3.308603525161743,0.3067876398563385,69.38723754882812,84.67835235595703,98.55419158935547,99.00276947021484,13.167729377746582,4.778564453125,0.0,0.0,0.0,0.0
148,2.962701647999893,1789353551.656819,17,-0.001835587,-0.076426,0.017917369,0.008644255,0.5105095,-69.60948,-86.68623,-97.66063,-101.4552,-12.400818,-8.150139,0.46793747,69.016266,87.336266,101.96988,99.56805,11.976224,2.8737075,0.0,0.0,0.0,0.0,0.0,0.0,-0.0,0.0,-4.1500053,2.2000008,7.5599947,3.480002,-11.939997,-6.3,19.380007,-4.8499947,2.0000038,-14.280002,-19.199995,-1.1999954,7.020003,14.819994,0.0,0.0,0.0,0.0,rl_constraint,0.0,0.0,0.0,0.0,0.18132416903972626,-69.5834732055664,-84.14804077148438,-96.39089965820312,-103.69926452636719,-13.746956825256348,-2.600128173828125,0.7295822501182556,69.27978515625,84.616943359375,98.76240539550781,98.72029113769531,13.21912670135498,4.640220642089844,0.0,0.0,0.0,0.0
149,2.9820800210000016,1789353551.6761973,17,-0.0018287885,-0.07642721,0.01791397,0.008644255,0.4338684,-69.57082,-86.51474,-97.558334,-101.68286,-12.535304,-7.750882,0.38033295,69.073906,87.04888,101.58302,99.54377,12.113745,3.1456742,0.0,0.0,0.0,0.0,0.0,0.0,-0.0,0.0,-3.199997,2.1500015,8.940001,6.1200027,-12.119993,-6.7800064,22.140005,-3.0999985,3.5000038,-13.5,-18.96,-1.6800019,6.7199936,12.839996,0.0,0.0,0.0,0.0,rl_constraint,0.0,0.0,0.0,0.0,-0.10288190841674805,-69.66584777832031,-83.8130111694336,-96.39557647705078,-103.70864868164062,-13.847945213317871,-1.968369960784912,1.2320228815078735,69.172607421875,84.62066650390625,99.09986877441406,98.44184112548828,13.2317476272583,4.4564619064331055,0.0,0.0,0.0,0.0
150,3.002139479000107,1789353551.696257,17,-0.0017879977,-0.07642761,0.01791057,0.008644255,0.38074493,-69.53155,-86.32315,-97.44387,-101.91121,-12.671288,-7.2915435,0.33890533,69.13767,86.779594,101.21289,99.49875,12.251445,3.3864396,0.0,0.0,0.0,0.0,0.0,0.0,-0.0,0.0,-2.1000023,1.5,9.840001,5.6999955,-11.340006,-5.8199935,24.240002,-1.3500023,2.0000038,-13.440001,-17.700005,-2.8799973,6.8400054,11.460004,0.0,0.0,0.0,0.0,rl_constraint,0.0,0.0,0.0,0.0,-0.528322696685791,-69.68509674072266,-83.57276153564453,-96.46870422363281,-103.63163757324219,-13.939797401428223,-1.3737972974777222,1.8240588903427124,69.09228515625,84.69747924804688,99.59884643554688,98.20813751220703,13.221896171569824,4.2427873611450195,0.0,0.0,0.0,0.0
151,3.022826576000625,1789353551.7169442,17,-0.0017778,-0.07642801,0.017903771,0.008640856,0.33427048,-69.51203,-86.09783,-97.31643,-102.129005,-12.8029175,-6.789441,0.32508087,69.15971,86.50055,100.886116,99.42833,12.371182,3.588066,0.0,0.0,0.0,0.0,0.0,0.0,-0.0,0.0,-2.5499954,0.29999542,11.999995,5.340001,-11.039996,-6.9000044,26.279997,0.45000458,0.14999771,-13.980006,-15.240001,-3.7799973,6.479997,8.940001,0.0,0.0,0.0,0.0,rl_constraint,0.0,0.0,0.0,0.0,-1.012890100479126,-69.76841735839844,-83.33096313476562,-96.60645294189453,-103.4886703491211,-14.012534141540527,-0.8201003670692444,2.384369373321533,69.01324462890625,84.78812408447266,100.21479797363281,98.05332946777344,13.155686378479004,3.9853882789611816,0.0,0.0,0.0,0.0
152,3.04253572000016,1789353551.7366533,17,-0.0017642031,-0.07642801,0.017900372,0.008640856,0.28414536,-69.514824,-85.85434,-97.21784,-102.33174,-12.935495,-6.2555327,0.36515808,69.163666,86.24593,100.609184,99.35311,12.4887085,3.7553604,0.0,0.0,0.0,0.0,0.0,0.0,-0.0,0.0,-2.5999947,-0.24999619,12.540001,5.7599945,-9.179997,-6.479997,26.640005,3.4500046,0.75,-11.819998,-11.939997,-4.1400056,5.1600037,6.6599946,0.0,0.0,0.0,0.0,rl_constraint,0.0,0.0,0.0,0.0,-1.5860155820846558,-69.82115936279297,-83.1392822265625,-96.82875061035156,-103.25617980957031,-14.061458587646484,-0.2930099666118622,2.9669253826141357,68.94303894042969,84.90178680419922,100.89057922363281,98.00647735595703,13.090681076049805,3.7280797958374023,0.0,0.0,0.0,0.0
153,3.0623999520003053,1789353551.7565176,17,-0.0017506061,-0.07642761,0.017896973,0.008640856,0.20687485,-69.5158,-85.59919,-97.106575,-102.512436,-13.064227,-5.7030306,0.46354294,69.18079,86.02663,100.40565,99.247986,12.595166,3.8756607,0.0,0.0,0.0,0.0,0.0,0.0,-0.0,0.0,-5.200001,-0.099998474,12.959994,4.019994,-8.459994,-5.340001,27.600004,6.0999985,0.70000076,-9.840001,-8.459994,-6.479997,5.8199935,5.4,0.0,0.0,0.0,0.0,rl_constraint,0.0,0.0,0.0,0.0,-2.1516036987304688,-69.91197204589844,-82.95018768310547,-97.0474853515625,-102.95994567871094,-14.094071388244629,0.20661406219005585,3.480731964111328,68.89556884765625,85.03360748291016,101.59033203125,98.04046630859375,13.008450508117676,3.4554808139801025,0.0,0.0,0.0,0.0
154,3.082099577000008,1789353551.776217,17,-0.0017472069,-0.07642721,0.017893573,0.008640856,0.0920105,-69.53146,-85.331604,-97.033104,-102.662674,-13.18781,-5.1266875,0.61728287,69.19315,85.829605,100.283905,99.13867,12.680407,3.9556687,0.0,0.0,0.0,0.0,0.0,0.0,-0.0,0.0,-6.4000053,-1.4500008,12.959994,3.7199981,-6.8400054,-6.0600038,28.199995,8.850002,-0.049999237,-9.299995,-4.5,-5.8800063,2.9999955,2.9399962,0.0,0.0,0.0,0.0,rl_constraint,0.0,0.0,0.0,0.0,-2.7651519775390625,-70.02561950683594,-82.77318572998047,-97.35675048828125,-102.60899353027344,-14.107760429382324,0.715644121170044,3.9598236083984375,68.81244659423828,85.18030548095703,102.3263168334961,98.13349151611328,12.915145874023438,3.2034034729003906,0.0,0.0,0.0,0.0
155,3.1021128430002136,1789353551.79623,17,-0.0017404084,-0.076426804,0.017886776,0.008640856,-0.0512352,-69.56332,-85.07734,-96.96861,-102.768654,-13.299225,-4.5629654,0.81297684,69.17374,85.6661,100.224464,99.02039,12.75157,3.995453,0.0,0.0,0.0,0.0,0.0,0.0,-0.0,0.0,-8.549995,-1.5499992,13.260004,2.0999954,-4.0800066,-5.579997,28.500004,11.399998,-1.5999985,-7.499995,-0.5400055,-5.6999955,3.6,1.3199936,0.0,0.0,0.0,0.0,rl_constraint,0.0,0.0,0.0,0.0,-3.3230209350585938,-70.119384765625,-82.66020965576172,-97.70532989501953,-102.2064437866211,-14.103241920471191,1.2189794778823853,4.31833553314209,68.72835540771484,85.31185913085938,102.98746490478516,98.29199981689453,12.836380958557129,2.9753928184509277,0.0,0.0,0.0,0.0
156,3.1223198960005902,1789353551.8164372,17,-0.0017302107,-0.0764264,0.017883377,0.008640856,-0.2501335,-69.59689,-84.80831,-96.95282,-102.849556,-13.411615,-3.965419,1.069931,69.14596,85.53031,100.26245,98.91171,12.81043,3.9907699,0.0,0.0,0.0,0.0,0.0,0.0,-0.0,0.0,-10.799995,-2.1000023,13.260004,-0.3599945,-2.9399962,-4.7999954,28.740002,13.200005,-0.70000076,-5.7599945,3.9599946,-5.6999955,2.0399964,-2.0999954,0.0,0.0,0.0,0.0,rl_constraint,0.0,0.0,0.0,0.0,-3.840376138687134,-70.19982147216797,-82.54553985595703,-98.11283111572266,-101.78179168701172,-14.118897438049316,1.704101800918579,4.539175510406494,68.64173126220703,85.38823699951172,103.53668975830078,98.52139282226562,12.777533531188965,2.7772817611694336,0.0,0.0,0.0,0.0
157,3.142432080000617,1789353551.8365493,17,-0.0017132146,-0.0764256,0.017879978,0.008640856,-0.4810524,-69.64075,-84.553085,-96.96592,-102.87745,-13.508982,-3.3832397,1.3551865,69.13036,85.443115,100.379845,98.811325,12.84814,3.9388871,0.0,0.0,0.0,0.0,0.0,0.0,-0.0,0.0,-12.849998,-1.7499962,12.2400055,-0.7800018,0.0,-4.9199934,28.440006,14.900002,-1.2000046,-3.2400055,8.700005,-4.019994,1.4400055,-3.0599945,0.0,0.0,0.0,0.0,rl_constraint,0.0,0.0,0.0,0.0,-4.3030242919921875,-70.24915313720703,-82.47106170654297,-98.56501770019531,-101.32498168945312,-14.139991760253906,2.2142701148986816,4.617480754852295,68.52693939208984,85.46308135986328,103.9735336303711,98.75336456298828,12.744202613830566,2.60640811920166,0.0,0.0,0.0,0.0
158,3.1622410050003964,1789353551.8563583,17,-0.0016996176,-0.07642479,0.017876578,0.008640856,-0.7624054,-69.68183,-84.305305,-96.99041,-102.84892,-13.597984,-2.8067596,1.6614876,69.09361,85.38133,100.57673,98.73334,12.862724,3.8720489,0.0,0.0,0.0,0.0,0.0,0.0,-0.0,0.0,-15.400005,-2.449997,11.999995,-2.0399964,1.8599991,-3.8999953,29.340006,15.299995,-1.6499977,-3.2400055,11.580002,-3.540001,0.23999634,-3.8399963,0.0,0.0,0.0,0.0,rl_constraint,0.0,0.0,0.0,0.0,-4.641831874847412,-70.26041412353516,-82.41683959960938,-99.02742767333984,-100.88597869873047,-14.201539993286133,2.736008882522583,4.491635322570801,68.35726928710938,85.48528289794922,104.25880432128906,99.00702667236328,12.73124885559082,2.5315215587615967,0.0,0.0,0.0,0.0
159,3.182096590000583,1789353551.876214,17,-0.0016860206,-0.07642439,0.01786978,0.008637456,-1.0842476,-69.7347,-84.074196,-97.05339,-102.788414,-13.676221,-2.239563,1.9828491,69.058914,85.32312,100.83362,98.67398,12.867874,3.7819474,0.0,0.0,0.0,0.0,0.0,0.0,-0.0,0.0,-16.55,-2.800003,11.219994,-4.6799974,4.1400056,-3.9599946,29.340006,16.150005,-2.9000015,-1.6200027,14.160004,-1.9799973,0.23999634,-4.980006,0.0,0.0,0.0,0.0,rl_constraint,0.0,0.0,0.0,0.0,-4.884365558624268,-70.23482513427734,-82.38543701171875,-99.5362319946289,-100.45310974121094,-14.301166534423828,3.271378755569458,4.196591854095459,68.14342498779297,85.43597412109375,104.37535095214844,99.24636840820312,12.783720970153809,2.526876926422119,0.0,0.0,0.0,0.0
160,3.202153330999863,1789353551.8962708,17,-0.001675823,-0.076423585,0.01786638,0.008637456,-1.415165,-69.79158,-83.86467,-97.18374,-102.67767,-13.75443,-1.6864837,2.2943,68.98457,85.30585,101.12366,98.64675,12.860102,3.6761353,0.0,0.0,0.0,0.0,0.0,0.0,-0.0,0.0,-17.349998,-2.5999947,10.620003,-7.020003,6.960004,-3.540001,28.8,15.149998,-4.250004,-0.7800018,15.419998,-0.4800064,-1.5600036,-5.8199935,0.0,0.0,0.0,0.0,rl_constraint,0.0,0.0,0.0,0.0,-4.975915431976318,-70.1643295288086,-82.39440155029297,-100.12515258789062,-100.04754638671875,-14.458438873291016,3.8677818775177,3.777224540710449,67.9114990234375,85.34917449951172,104.28685760498047,99.46540069580078,12.871071815490723,2.5515313148498535,0.0,0.0,0.0,0.0
161,3.222587983000267,1789353551.9167054,17,0.0020973282,-0.07642318,0.017862981,0.008637456,-1.7894096,-69.84318,-83.64527,-97.36493,-102.51992,-13.820485,-1.101915,2.604332,68.91766,85.29953,101.46241,98.65676,12.855597,3.552951,0.0,0.0,0.0,0.0,0.5680666,0.0,-0.0,0.0,-18.199997,-2.5999947,10.2599945,-10.740001,9.780002,-3.540001,28.019999,13.649998,-2.2999992,0.7200028,16.499996,1.2599945,1.5000045,-6.3,0.0,0.0,0.0,0.0,rl_constraint,0.0,0.0,0.0,0.0,-4.930531024932861,-70.03067779541016,-82.42113494873047,-100.71626281738281,-99.63978576660156,-14.649542808532715,4.488168716430664,3.1833908557891846,67.6627197265625,85.18800354003906,104.02506256103516,99.66034698486328,13.014877319335938,2.6274073123931885,0.0,0.0,0.0,0.0
162,3.2424382640001568,1789353551.9365559,17,0.00955865,-0.07642278,0.017859582,0.008637456,-2.142437,-69.89365,-83.471085,-97.568245,-102.33368,-13.892006,-0.5589981,2.840847,68.847694,85.31591,101.77949,98.68248,12.8671875,3.439366,0.0,0.0,0.0,0.0,-0.22276887,0.0,-0.0,0.0,-17.650005,-2.800003,7.980002,-11.280006,10.740001,-4.019994,28.859999,10.599998,-4.9500046,0.059999086,15.960004,1.740001,-0.0,-5.519998,0.0,0.0,0.0,0.0,rl_constraint,0.0,0.0,0.0,0.0,-4.734088897705078,-69.8429183959961,-82.50989532470703,-101.2973861694336,-99.26575469970703,-14.8717679977417,5.047914505004883,2.4444360733032227,67.42151641845703,84.97351837158203,103.58370971679688,99.83187866210938,13.208208084106445,2.749810218811035,0.0,0.0,0.0,0.0
163,3.2623145070001556,1789353551.9564319,17,0.0040382915,-0.07642278,0.017856183,0.008637456,-2.4949837,-69.94091,-83.31181,-97.82257,-102.106575,-13.964186,-0.0049575805,3.0256119,68.74715,85.29056,102.080086,98.73145,12.853551,3.3271682,0.0,0.0,0.0,0.0,0.0,0.0,-0.0,0.0,-17.050003,-1.5,7.2599993,-14.280002,12.420003,-3.7199981,27.600004,7.699997,-4.0499954,-1.4400055,13.559999,3.1199937,0.11999817,-6.000005,0.0,0.0,0.0,0.0,rl_constraint,0.0,0.0,0.0,0.0,-4.398501396179199,-69.60557556152344,-82.63797760009766,-101.89407348632812,-98.90754699707031,-15.115805625915527,5.643171310424805,1.6481907367706299,67.19879150390625,84.67687225341797,103.0533218383789,99.97511291503906,13.386677742004395,2.867199182510376,0.0,0.0,0.0,0.0
164,3.2823741809997955,1789353551.9764915,17,0.004694344,-0.07642278,0.017852783,0.008637456,-2.8199272,-69.96213,-83.17505,-98.11866,-101.851074,-14.047174,0.55200803,3.1411514,68.63717,85.27849,102.344826,98.80661,12.877968,3.2333589,0.0,0.0,0.0,0.0,0.0,0.0,-0.0,0.0,-15.400005,-0.94999695,6.1800017,-15.3,13.320003,-4.9199934,27.540005,3.6000023,-6.249996,-0.3599945,12.540001,4.2600036,1.0199982,-4.6799974,0.0,0.0,0.0,0.0,rl_constraint,0.0,0.0,0.0,0.0,-3.8984689712524414,-69.34803009033203,-82.77497100830078,-102.46959686279297,-98.58553314208984,-15.375210762023926,6.240786552429199,0.7946796417236328,66.99826049804688,84.36519622802734,102.40970611572266,100.10054779052734,13.612070083618164,2.9921813011169434,0.0,0.0,0.0,0.0
165,3.301778894000563,1789353551.9958963,17,0.0047181384,-0.07642278,0.017849384,0.008637456,-3.0991287,-69.97167,-83.061775,-98.44891,-101.581635,-14.131384,1.0912994,3.1746254,68.51902,85.26285,102.55986,98.89486,12.90612,3.1450012,0.0,0.0,0.0,0.0,0.0,0.0,-0.0,0.0,-13.099995,0.24999619,5.7599945,-18.0,13.559999,-4.2600036,27.660004,-0.29999542,-7.0999947,-1.1399963,9.119998,4.380002,2.4000046,-3.8999953,0.0,0.0,0.0,0.0,rl_constraint,0.0,0.0,0.0,0.0,-3.259587287902832,-69.09265899658203,-82.91697692871094,-103.03087615966797,-98.29692840576172,-15.61198616027832,6.826479434967041,-0.07357073575258255,66.84969329833984,84.0418701171875,101.71490478515625,100.22334289550781,13.802702903747559,3.0567398071289062,0.0,0.0,0.0,0.0
166,3.3220384410005863,1789353552.016156,17,0.0047215377,-0.076423585,0.017845985,0.008634058,-3.3297958,-69.957245,-82.967476,-98.82481,-101.286354,-14.237265,1.6511902,3.1212387,68.381836,85.229355,102.71295,99.00034,12.962192,3.0838075,0.0,0.0,0.0,0.0,0.0,0.0,-0.0,0.0,-9.600002,1.1500053,2.9999955,-19.019999,15.359999,-5.8199935,28.979998,-5.000004,-6.949997,-2.3400054,5.459999,5.6399965,2.4000046,-2.2800064,0.0,0.0,0.0,0.0,rl_constraint,0.0,0.0,0.0,0.0,-2.487478733062744,-68.80498504638672,-83.08261108398438,-103.55720520019531,-98.04478454589844,-15.841791152954102,7.371184825897217,-0.9058352112770081,66.7620620727539,83.70581817626953,101.01925659179688,100.35176086425781,13.981935501098633,3.1211342811584473,0.0,0.0,0.0,0.0
167,3.3424417790001826,1789353552.036559,17,0.004707941,-0.07642399,0.017842585,0.008634058,-3.491169,-69.91868,-82.914055,-99.23226,-100.97057,-14.357428,2.2291121,2.9796867,68.22443,85.155525,102.78277,99.11726,13.023331,3.0414414,0.0,0.0,0.0,0.0,0.0,0.0,-0.0,0.0,-6.0999985,2.1000023,2.5200028,-20.460003,14.7599945,-6.0600038,27.299995,-9.450005,-7.300003,-5.2800016,1.5600036,5.579997,2.7,-2.0399964,0.0,0.0,0.0,0.0,rl_constraint,0.0,0.0,0.0,0.0,-1.566457748413086,-68.52230834960938,-83.29827117919922,-104.0600814819336,-97.84223937988281,-16.023122787475586,7.844116687774658,-1.6926594972610474,66.73434448242188,83.3562240600586,100.35693359375,100.47649383544922,14.085517883300781,3.1438255310058594,0.0,0.0,0.0,0.0
168,3.362532621000355,1789353552.05665,17,0.004670549,-0.07642479,0.017839186,0.008634058,-3.5767708,-69.856384,-82.872375,-99.653786,-100.65485,-14.490733,2.7908432,2.7455978,68.07119,85.044106,102.766815,99.24487,13.087972,3.0014236,0.0,0.0,0.0,0.0,0.0,0.0,-0.0,0.0,-1.9500046,4.0999947,1.3800064,-21.6,16.319998,-7.2,26.820004,-14.349998,-7.250004,-4.7999954,-3.0599945,6.7800064,3.8399963,-1.4400055,0.0,0.0,0.0,0.0,rl_constraint,0.0,0.0,0.0,0.0,-0.5576863884925842,-68.28605651855469,-83.4836196899414,-104.54497528076172,-97.66859436035156,-16.190725326538086,8.264166831970215,-2.3536860942840576,66.76494598388672,83.01473236083984,99.74139404296875,100.55268096923828,14.158493041992188,3.045888900756836,0.0,0.0,0.0,0.0
169,3.382065913000588,1789353552.0761833,17,0.00462296,-0.0764256,0.017839186,0.008634058,-3.5603485,-69.7619,-82.85293,-100.09939,-100.34352,-14.63372,3.351654,2.4277267,67.920265,84.92152,102.669846,99.37006,13.176274,2.9867158,0.0,0.0,0.0,0.0,-0.025987154,0.0,-0.0,0.0,3.0,5.000004,0.4800064,-23.34,15.000005,-7.080002,26.94,-17.599995,-7.2000046,-8.040001,-6.6599946,7.080002,4.619998,-0.4800064,0.0,0.0,0.0,0.0,rl_constraint,0.0,0.0,0.0,0.0,0.5121709108352661,-68.0431137084961,-83.68106079101562,-105.0275650024414,-97.53572082519531,-16.34938621520996,8.628872871398926,-2.9333858489990234,66.87477111816406,82.70592498779297,99.23858642578125,100.57130432128906,14.220803260803223,2.8916211128234863,0.0,0.0,0.0,0.0
170,3.4031180590000076,1789353552.0972354,17,0.00426604,-0.0764264,0.017835787,0.008634058,-3.456974,-69.650314,-82.86807,-100.58792,-100.02544,-14.789699,3.9163513,2.0318756,67.76864,84.7704,102.50303,99.50191,13.26698,2.9792175,0.0,0.0,0.0,0.0,0.0,0.0,-0.0,0.0,7.9000053,6.049999,-2.0999954,-23.880007,14.639997,-8.219998,26.700005,-20.900002,-7.549999,-7.980002,-9.540006,5.8199935,5.0400057,-0.17999725,0.0,0.0,0.0,0.0,rl_constraint,0.0,0.0,0.0,0.0,1.573410153388977,-67.8329086303711,-83.89636993408203,-105.5587387084961,-97.45384216308594,-16.493408203125,8.954672813415527,-3.3493387699127197,67.05895233154297,82.44047546386719,98.88959503173828,100.53426361083984,14.246744155883789,2.653367042541504,0.0,0.0,0.0,0.0
171,3.4222936670003037,1789353552.1164112,17,0.0041708616,-0.07642721,0.017832387,0.008634058,-3.2528,-69.522255,-82.91372,-101.04351,-99.73548,-14.945938,4.4501085,1.6026192,67.63135,84.60283,102.29477,99.62629,13.365404,2.966432,0.0,0.0,0.0,0.0,0.0,0.0,-0.0,0.0,13.150005,7.5999985,-2.4600036,-23.34,13.919993,-8.640005,27.540005,-23.050003,-6.799999,-8.880002,-11.159994,5.8800063,4.8599944,-0.9599991,0.0,0.0,0.0,0.0,rl_constraint,0.0,0.0,0.0,0.0,2.5980472564697266,-67.6053237915039,-84.15162658691406,-106.02290344238281,-97.4178466796875,-16.581308364868164,9.122525215148926,-3.5780794620513916,67.30309295654297,82.25271606445312,98.7138671875,100.44265747070312,14.247328758239746,2.3358941078186035,0.0,0.0,0.0,0.0
172,3.4425144860006185,1789353552.1366317,17,0.003844535,-0.07642801,0.017828988,0.008634058,-2.9468536,-69.36729,-82.982895,-101.51462,-99.450096,-15.11278,4.978537,1.1191292,67.522285,84.404594,102.022766,99.742744,13.462756,2.9525344,0.0,0.0,0.0,0.0,-0.10767078,0.0,-0.0,0.0,17.800003,7.699997,-4.2600036,-24.000004,13.260004,-9.119998,25.559994,-24.75,-5.299999,-10.380007,-15.659994,6.0600038,4.9199934,-0.7800018,0.0,0.0,0.0,0.0,rl_constraint,0.0,0.0,0.0,0.0,3.594989538192749,-67.42302703857422,-84.41445922851562,-106.5388412475586,-97.39879608154297,-16.662939071655273,9.227089881896973,-3.6142425537109375,67.57514953613281,82.14402770996094,98.70004272460938,100.29380798339844,14.227765083312988,1.9419161081314087,0.0,0.0,0.0,0.0
173,3.462573427999814,1789353552.1566906,17,-0.010238497,-0.07642841,0.017825589,0.0086306585,-2.546711,-69.20079,-83.0637,-102.00359,-99.18309,-15.278549,5.4862566,0.6197548,67.42739,84.18739,101.70492,99.851234,13.560919,2.9270463,0.0,0.0,0.0,0.0,-0.9913359,0.0,-0.0,0.0,21.999996,8.750004,-4.2000046,-24.3,12.420003,-8.640005,24.3,-24.75,-3.199997,-11.039996,-16.080002,4.559999,4.619998,-1.6200027,0.0,0.0,0.0,0.0,rl_constraint,0.0,0.0,0.0,0.0,4.485759735107422,-67.23896789550781,-84.69073486328125,-107.09523010253906,-97.41409301757812,-16.722776412963867,9.243524551391602,-3.4369454383850098,67.8558120727539,82.11691284179688,98.83684539794922,100.11748504638672,14.210822105407715,1.482249140739441,0.0,0.0,0.0,0.0
174,3.4822885670000687,1789353552.176406,17,-0.012203255,-0.076428816,0.01782219,0.0086306585,-2.0570984,-69.02432,-83.16402,-102.49911,-98.93801,-15.439581,5.96537,0.1278534,67.37658,83.97156,101.38263,99.93995,13.646723,2.8814118,0.0,0.0,0.0,0.0,0.65903354,0.0,-0.0,0.0,26.850002,8.900002,-5.8800063,-25.020002,11.340006,-7.920003,23.880007,-24.249996,-2.9000015,-10.199995,-15.060003,3.9599946,4.8599944,-3.6,0.0,0.0,0.0,0.0,rl_constraint,0.0,0.0,0.0,0.0,5.246349334716797,-67.11882019042969,-84.96240234375,-107.67679595947266,-97.4601058959961,-16.750694274902344,9.189081192016602,-3.0486178398132324,68.14994812011719,82.18830871582031,99.13583374023438,99.90615844726562,14.1796875,0.9682586789131165,0.0,0.0,0.0,0.0
175,3.502294272000654,1789353552.1964116,17,-0.007784249,-0.076428816,0.01781879,0.0086306585,-1.4915657,-68.84301,-83.28409,-102.99485,-98.716156,-15.5949,6.406485,-0.34871292,67.33463,83.76069,101.07542,100.00892,13.7328005,2.7967346,0.0,0.0,0.0,0.0,-0.4009874,0.0,-0.0,0.0,29.800003,9.550003,-6.2400007,-24.840006,10.2599945,-6.7800064,20.520002,-23.25,-1.4000015,-10.859999,-16.080002,2.7,3.8999953,-5.340001,0.0,0.0,0.0,0.0,rl_constraint,0.0,0.0,0.0,0.0,5.868292331695557,-67.05284118652344,-85.23303985595703,-108.2239990234375,-97.53984069824219,-16.724315643310547,9.04171371459961,-2.4371752738952637,68.40425872802734,82.3798828125,99.5478515625,99.74205780029297,14.143754959106445,0.3923567831516266,0.0,0.0,0.0,0.0
176,3.5226266740000938,1789353552.216744,17,-0.01603759,-0.076426804,0.017815392,0.0086306585,-0.86252975,-68.65532,-83.42702,-103.48529,-98.521645,-15.742076,6.809436,-0.7798691,67.33745,83.55238,100.772194,100.05292,13.80428,2.6831222,0.0,0.0,0.0,0.0,0.10767078,0.0,-0.025987154,0.0,32.850002,9.400005,-7.7400055,-24.539997,10.2599945,-7.020003,19.859999,-19.649998,1.7999954,-9.540006,-13.619998,1.0799973,3.480002,-6.359999,0.0,0.0,0.0,0.0,rl_constraint,0.0,0.0,0.0,0.0,6.40662145614624,-66.99880981445312,-85.53361511230469,-108.74650573730469,-97.6203384399414,-16.642066955566406,8.82642650604248,-1.6580148935317993,68.6137924194336,82.66619110107422,100.077880859375,99.63176727294922,14.091318130493164,-0.1780143529176712,0.0,0.0,0.0,0.0
177,3.5423800620001202,1789353552.2364974,17,-0.004541378,-0.07639503,0.017815392,0.0086306585,-0.19571686,-68.46915,-83.59232,-103.98734,-98.35502,-15.877359,7.1635256,-1.1362038,67.39272,83.37497,100.53233,100.06876,13.868509,2.5248916,0.0,0.0,0.0,0.0,0.5977691,0.0,-0.0,0.0,33.949997,9.149998,-8.820003,-25.860004,8.459994,-6.1200027,16.259998,-15.849998,3.4000053,-7.8600035,-9.959999,0.3599945,2.4000046,-8.940001,0.0,0.0,0.0,0.0,rl_constraint,0.0,0.0,0.0,0.0,6.7829461097717285,-67.03177642822266,-85.82828521728516,-109.23798370361328,-97.68299865722656,-16.4908390045166,8.55156421661377,-0.7307438254356384,68.70597076416016,83.08663177490234,100.70528411865234,99.57015991210938,14.061478614807129,-0.72251296043396,0.0,0.0,0.0,0.0
178,3.5623434919998545,1789353552.256461,17,-0.0057447073,-0.07636928,0.017811993,0.008627259,0.4958496,-68.2893,-83.76655,-104.50304,-98.2153,-15.994253,7.465814,-1.412281,67.47894,83.221436,100.354256,100.06461,13.917521,2.3231826,0.0,0.0,0.0,0.0,-0.29702857,0.009226864,-0.0,0.0,35.2,8.900002,-9.059999,-25.740005,5.8199935,-5.1600037,13.200005,-11.100002,4.300003,-6.3,-7.3199983,-1.2599945,2.1599946,-11.099996,0.0,0.0,0.0,0.0,rl_constraint,0.0,0.0,0.0,0.0,7.05446720123291,-67.1073989868164,-86.10433197021484,-109.69175720214844,-97.7066650390625,-16.293851852416992,8.239562034606934,0.23233719170093536,68.72379302978516,83.56597137451172,101.36766815185547,99.54639434814453,14.036444664001465,-1.2270615100860596,0.0,0.0,0.0,0.0
179,3.582307177000075,1789353552.2764244,17,-0.008239746,-0.07625544,0.017808594,0.008627259,1.1987686,-68.12134,-83.95982,-105.01345,-98.09826,-16.095877,7.7128005,-1.5872955,67.5617,83.09355,100.223656,100.04008,13.948682,2.084807,0.0,0.0,0.0,0.0,0.025987154,0.0030753482,-0.0,0.0,34.900005,8.150002,-10.139997,-25.020002,4.8599944,-4.2600036,11.460004,-5.8500023,5.1500015,-5.8199935,-4.8599944,-1.0799973,1.1399963,-13.859995,0.0,0.0,0.0,0.0,rl_constraint,0.0,0.0,0.0,0.0,7.178803443908691,-67.22947692871094,-86.37488555908203,-110.07990264892578,-97.69860076904297,-16.050235748291016,7.9018683433532715,1.1902066469192505,68.64978790283203,84.07936096191406,101.99583435058594,99.60012817382812,14.015058517456055,-1.6623615026474,0.0,0.0,0.0,0.0
180,3.602192086999821,1789353552.2963095,17,-0.008039191,-0.07621119,0.017805194,0.008627259,1.8882179,-67.96591,-84.166,-105.52007,-98.00891,-16.169939,7.8991838,-1.649025,67.67779,83.03822,100.16994,100.01883,13.97498,1.8099563,0.0,0.0,0.0,0.0,0.0,0.0,-0.0,0.0,33.8,7.549999,-10.500005,-25.319998,4.2600036,-3.2400055,7.6800065,-0.34999466,4.8499947,-0.7800018,-0.29999542,-1.0199982,1.9199982,-15.479998,0.0,0.0,0.0,0.0,rl_constraint,0.0,0.0,0.0,0.0,7.166138648986816,-67.38817596435547,-86.59821319580078,-110.37060546875,-97.68135833740234,-15.759270668029785,7.511832237243652,2.103701114654541,68.51718139648438,84.63737487792969,102.58440399169922,99.69563293457031,13.996835708618164,-2.010244846343994,0.0,0.0,0.0,0.0
181,3.6221866579999187,1789353552.3163042,17,-0.007940614,-0.07610338,0.017801795,0.008627259,2.5480042,-67.83714,-84.382225,-106.03218,-97.93276,-16.215422,8.025251,-1.59692,67.78674,83.03563,100.21226,99.987,14.009367,1.4949096,0.0,0.0,0.0,0.0,0.0,0.0063707237,-0.0,0.0,32.000004,6.4000053,-11.159994,-25.559994,3.3600037,-1.6800019,4.559999,5.5499954,5.9000015,1.1999954,3.7199981,-1.740001,0.7200028,-15.419998,0.0,0.0,0.0,0.0,rl_constraint,0.0,0.0,0.0,0.0,7.035589218139648,-67.5422134399414,-86.80902099609375,-110.5874252319336,-97.6135025024414,-15.45688247680664,7.09869384765625,2.8699073791503906,68.3502426147461,85.17050170898438,103.0914306640625,99.82381439208984,14.019662857055664,-2.2686069011688232,0.0,0.0,0.0,0.0
182,3.641824008000185,1789353552.3359416,17,-0.007896423,-0.07606396,0.017798396,0.008627259,3.151703,-67.730415,-84.61,-106.52129,-97.874466,-16.24216,8.096842,-1.4382935,67.89077,83.0889,100.29635,99.95641,14.020093,1.1655533,0.0,0.0,0.0,0.0,0.0,0.0063707205,-0.0,0.0,29.700005,5.000004,-12.300005,-24.3,2.4600036,-0.0,2.4000046,10.549999,5.25,3.8399963,5.6999955,-1.5000045,0.4800064,-17.279997,0.0,0.0,0.0,0.0,rl_constraint,0.0,0.0,0.0,0.0,6.838311672210693,-67.67694091796875,-86.99557495117188,-110.6981201171875,-97.54420471191406,-15.166454315185547,6.686745643615723,3.465677499771118,68.1445541381836,85.69794464111328,103.44271087646484,99.97164916992188,14.0167236328125,-2.451843023300171,0.0,0.0,0.0,0.0
183,3.6622420820003754,1789353552.3563597,17,-0.004449599,-0.07598431,0.017794997,0.008627259,3.7330627,-67.641335,-84.84357,-107.00826,-97.83246,-16.213528,8.108995,-1.1697464,67.988754,83.17197,100.46217,99.927055,14.027056,0.80761874,0.0,0.0,0.0,0.0,0.43440527,0.006370713,-0.0,0.0,26.449997,3.1499977,-11.400004,-23.759995,2.3400054,1.5600036,-1.8599991,15.249996,3.7000008,5.579997,9.9,-1.0199982,0.3599945,-17.399996,0.0,0.0,0.0,0.0,rl_constraint,0.0,0.0,0.0,0.0,6.610123634338379,-67.76920318603516,-87.17439270019531,-110.70248413085938,-97.45883178710938,-14.847609519958496,6.235095500946045,3.90602970123291,67.88838195800781,86.17124938964844,103.62409210205078,100.13573455810547,14.03092098236084,-2.5084047317504883,0.0,0.0,0.0,0.0
184,3.6821415180002077,1789353552.3762589,17,0.003338049,-0.075890176,0.017791597,0.00862386,4.2319565,-67.59301,-85.083206,-107.46829,-97.78737,-16.162579,8.064844,-0.82701874,68.052956,83.323524,100.680016,99.91013,14.03303,0.45302123,0.0,0.0,0.0,0.0,0.18193047,0.009885714,-0.0,0.0,23.150002,2.050003,-11.819998,-22.140005,1.8599991,3.0599945,-3.0599945,19.049995,3.0499992,8.519994,12.059995,-0.5400055,-0.23999634,-18.119999,0.0,0.0,0.0,0.0,rl_constraint,0.0,0.0,0.0,0.0,6.34190034866333,-67.8354721069336,-87.32962036132812,-110.53114318847656,-97.36282348632812,-14.555418968200684,5.768739223480225,4.175529956817627,67.6418228149414,86.61382293701172,103.60384368896484,100.3127212524414,14.048813819885254,-2.484461784362793,0.0,0.0,0.0,0.0
185,3.702252002000023,1789353552.3963695,17,0.0042184507,-0.075775534,0.017788198,0.00862386,4.6580315,-67.55864,-85.312904,-107.90045,-97.745056,-16.085014,7.9676695,-0.40896606,68.109055,83.53089,100.939125,99.904396,14.015135,0.10563354,0.0,0.0,0.0,0.0,0.05568967,0.0030753273,-0.0,0.0,19.699997,1.2000046,-11.520002,-20.400005,2.4000046,4.5,-5.8800063,22.45,2.3499985,12.420003,13.200005,0.11999817,-0.29999542,-17.399996,0.0,0.0,0.0,0.0,rl_constraint,0.0,0.0,0.0,0.0,6.047421455383301,-67.850830078125,-87.45613098144531,-110.24588012695312,-97.2566909790039,-14.307295799255371,5.283905982971191,4.230175971984863,67.39036560058594,87.01798248291016,103.38865661621094,100.47453308105469,14.036004066467285,-2.3617453575134277,0.0,0.0,0.0,0.0
186,3.72274181100056,1789353552.4168591,17,0.006795071,-0.075717606,0.017784799,0.00862386,5.0151443,-67.54193,-85.5429,-108.28173,-97.7033,-15.982279,7.830574,0.046474457,68.12757,83.78781,101.21707,99.92268,14.025764,-0.23061676,0.0,0.0,0.0,0.0,0.025987154,0.0030753247,-0.0,0.0,15.650002,0.14999771,-11.340006,-17.880001,1.740001,5.9400053,-8.399996,22.45,-0.099998474,13.019994,13.919993,0.8400009,1.1399963,-16.080002,0.0,0.0,0.0,0.0,rl_constraint,0.0,0.0,0.0,0.0,5.763503551483154,-67.79960632324219,-87.57537078857422,-109.83448791503906,-97.14514923095703,-14.09035873413086,4.789854526519775,4.058922290802002,67.13906860351562,87.3532943725586,102.95553588867188,100.65320587158203,14.073220252990723,-2.1543214321136475,0.0,0.0,0.0,0.0
187,3.7424019019999832,1789353552.4365194,17,0.0068596564,-0.07566169,0.017784799,0.00862386,5.2906723,-67.552315,-85.77291,-108.61397,-97.66188,-15.852667,7.643051,0.49765778,68.10724,84.06675,101.47987,99.94345,14.035734,-0.53313905,0.0,0.0,0.0,0.0,0.0,0.0,-0.0,0.0,11.800003,-0.55000305,-11.099996,-14.579997,1.740001,7.080002,-10.560003,22.649998,-1.5999985,14.819994,12.420003,1.3199936,0.23999634,-13.5,0.0,0.0,0.0,0.0,rl_constraint,0.0,0.0,0.0,0.0,5.51147985458374,-67.69610595703125,-87.686767578125,-109.33155059814453,-97.05615234375,-13.914856910705566,4.25633430480957,3.6741831302642822,66.96890258789062,87.56361389160156,102.30974578857422,100.828857421875,14.109777450561523,-1.8384994268417358,0.0,0.0,0.0,0.0
188,3.762112965000597,1789353552.4562304,17,0.006849459,-0.075643994,0.0177814,0.0086204605,5.4978676,-67.56663,-85.99191,-108.88725,-97.61811,-15.701578,7.4157305,0.95446014,68.06996,84.38592,101.71597,99.982025,14.040843,-0.80083466,0.0,0.0,0.0,0.0,0.0,0.0,-0.0,0.0,8.549995,-0.75,-10.680002,-12.2400055,2.3400054,7.8000045,-12.959994,22.699997,-2.7000046,16.439997,10.740001,2.2800064,0.17999725,-12.300005,0.0,0.0,0.0,0.0,rl_constraint,0.0,0.0,0.0,0.0,5.262723445892334,-67.55059814453125,-87.77107238769531,-108.69265747070312,-97.03417205810547,-13.76718521118164,3.684487819671631,3.175438404083252,66.92456817626953,87.69457244873047,101.50263214111328,101.00553131103516,14.096452713012695,-1.446531057357788,0.0,0.0,0.0,0.0
189,3.782471724000061,1789353552.4765892,17,0.006849459,-0.07563474,0.017778,0.0086204605,5.6385612,-67.58084,-86.194855,-109.09386,-97.572174,-15.531962,7.1491194,1.3799858,67.99218,84.718254,101.920494,100.03464,14.046542,-1.0284027,0.0,0.0,0.0,0.0,0.0,0.0,-0.0,0.0,5.25,-0.79999924,-9.959999,-8.640005,2.8199983,8.219998,-14.880007,19.350002,-4.6499977,16.920002,8.279997,3.480002,0.23999634,-9.540006,0.0,0.0,0.0,0.0,rl_constraint,0.0,0.0,0.0,0.0,5.042787551879883,-67.37202453613281,-87.81317901611328,-107.94243621826172,-97.0895767211914,-13.63857364654541,3.075256109237671,2.5101399421691895,66.93354034423828,87.73775482177734,100.57745361328125,101.2127456665039,14.043569564819336,-0.9992346167564392,0.0,0.0,0.0,0.0
190,3.8020701180003016,1789353552.4961874,17,0.0068528582,-0.0756279,0.0177746,0.0086204605,5.7225037,-67.597115,-86.39381,-109.226746,-97.51322,-15.354767,6.8428483,1.7305527,67.908936,85.04739,102.048676,100.10377,14.037602,-1.1984711,0.0,0.0,0.0,0.0,0.0,0.0,-0.0,0.0,3.1499977,-0.70000076,-10.380007,-4.3200026,2.759999,8.880002,-16.080002,15.600002,-3.75,16.680006,3.7799973,4.380002,-0.9599991,-7.140001,0.0,0.0,0.0,0.0,rl_constraint,0.0,0.0,0.0,0.0,4.86312198638916,-67.17147827148438,-87.82443237304688,-107.05949401855469,-97.263427734375,-13.513932228088379,2.434626817703247,1.792677640914917,67.02584838867188,87.6862564086914,99.5926742553711,101.42386627197266,13.944705963134766,-0.5179897546768188,0.0,0.0,0.0,0.0
191,3.822300814999835,1789353552.5164182,17,0.006849459,-0.075623475,0.017771201,0.0086204605,5.749695,-67.60205,-86.583046,-109.27067,-97.46236,-15.172106,6.4996767,2.005394,67.818375,85.37498,102.07408,100.19335,14.035322,-1.3110397,0.0,0.0,0.0,0.0,0.0,0.0,-0.0,0.0,-0.24999619,0.45000458,-8.880002,-0.29999542,2.0999954,9.840001,-17.279997,11.599995,-5.3999977,15.599996,-1.5600036,4.8599944,1.1999954,-3.6599991,0.0,0.0,0.0,0.0,rl_constraint,0.0,0.0,0.0,0.0,4.702345848083496,-66.95098876953125,-87.82660675048828,-106.08281707763672,-97.55856323242188,-13.39234447479248,1.7665895223617554,1.0497615337371826,67.18705749511719,87.54928588867188,98.5596694946289,101.64712524414062,13.821840286254883,-0.044526107609272,0.0,0.0,0.0,0.0
192,3.842335025000466,1789353552.5364523,17,0.0068460596,-0.07562026,0.017767802,0.0086204605,5.728981,-67.5882,-86.74596,-109.22878,-97.429504,-14.986821,6.1223783,2.2013855,67.72015,85.67607,102.004654,100.29706,14.046789,-1.3588715,0.0,0.0,0.0,0.0,0.0,0.0,-0.0,0.0,-1.3500023,0.9999962,-8.399996,4.380002,1.5600036,9.720003,-20.640001,7.300003,-4.6499977,15.3,-5.1600037,5.459999,-0.66000366,-1.1399963,0.0,0.0,0.0,0.0,rl_constraint,0.0,0.0,0.0,0.0,4.545811653137207,-66.7815933227539,-87.76336669921875,-105.04141235351562,-97.96112823486328,-13.293741226196289,1.089334487915039,0.3484106957912445,67.40924835205078,87.3079605102539,97.55309295654297,101.893798828125,13.70840835571289,0.4014377295970917,0.0,0.0,0.0,0.0
193,3.8620877370003655,1789353552.556205,17,0.0068460596,-0.07561744,0.017764403,0.008617061,5.6923714,-67.55786,-86.90713,-109.10059,-97.40695,-14.805918,5.7107344,2.2986832,67.622314,85.96118,101.865425,100.41795,14.024638,-1.3498214,0.0,0.0,0.0,0.0,0.0,0.0,-0.0,0.0,-2.5499954,1.9500046,-7.3199983,8.219998,0.3599945,8.519994,-20.219994,2.050003,-3.9999962,13.140005,-10.019999,6.359999,-0.8400009,2.9999955,0.0,0.0,0.0,0.0,rl_constraint,0.0,0.0,0.0,0.0,4.391914367675781,-66.69015502929688,-87.6815185546875,-103.92188262939453,-98.41653442382812,-13.197599411010742,0.39099031686782837,-0.26656582951545715,67.65472412109375,87.03943634033203,96.63346099853516,102.14088439941406,13.530980110168457,0.7848946452140808,0.0,0.0,0.0,0.0
194,3.8828793829998176,1789353552.5769968,17,0.0068392614,-0.075615026,0.017761003,0.008617061,5.617504,-67.51176,-87.04602,-108.87193,-97.42044,-14.628502,5.268686,2.2965317,67.56291,86.201546,101.62591,100.55067,14.005824,-1.2712829,0.0,0.0,0.0,0.0,-0.025987154,0.0,-0.0,0.0,-4.7999954,2.3999977,-6.000005,14.160004,-1.5000045,8.820003,-22.5,-2.3999977,-2.449997,10.859999,-15.180002,6.9000044,-0.60000455,4.8599944,0.0,0.0,0.0,0.0,rl_constraint,0.0,0.0,0.0,0.0,4.23947811126709,-66.64305877685547,-87.56802368164062,-102.73705291748047,-98.9340591430664,-13.10990047454834,-0.3332086205482483,-0.8131527304649353,67.91975402832031,86.73480224609375,95.83924865722656,102.3431396484375,13.34996223449707,1.1173876523971558,0.0,0.0,0.0,0.0
195,3.901839228999961,1789353552.5959568,17,0.0068290634,-0.07561342,0.017727012,0.008617061,5.5163956,-67.46209,-87.15499,-108.549904,-97.45642,-14.4589,4.8090315,2.207943,67.50544,86.401,101.29396,100.69296,13.990773,-1.1606781,0.0,0.0,0.0,0.0,0.0,0.0,-0.0,0.0,-5.000004,3.0,-5.2800016,19.380007,-2.8199983,8.339996,-23.34,-6.500004,-2.6500053,8.219998,-19.199995,7.020003,-1.3800064,6.000005,0.0,0.0,0.0,0.0,rl_constraint,0.0,0.0,0.0,0.0,4.043157577514648,-66.64653778076172,-87.42138671875,-101.5071029663086,-99.48424530029297,-13.010024070739746,-1.0976566076278687,-1.229740023612976,68.14459228515625,86.43085479736328,95.18013763427734,102.53646087646484,13.164557456970215,1.3146541118621826,0.0,0.0,0.0,0.0
196,3.9224953560005815,1789353552.616613,17,0.006519733,-0.07561181,0.017696418,0.008617061,5.4000893,-67.384224,-87.2518,-108.11783,-97.52409,-14.287088,4.2880874,2.0355377,67.47269,86.54595,100.85118,100.85569,13.946512,-0.9948257,0.0,0.0,0.0,0.0,-0.025987154,0.0,-0.0,0.0,-5.9000015,4.450001,-4.019994,23.4,-4.380002,7.920003,-25.559994,-10.049995,0.29999542,5.8199935,-23.699995,7.920003,-3.1800065,9.359995,0.0,0.0,0.0,0.0,rl_constraint,0.0,0.0,0.0,0.0,3.799293279647827,-66.73892211914062,-87.24952697753906,-100.24364471435547,-100.05488586425781,-12.910820960998535,-1.891666054725647,-1.4889732599258423,68.35811614990234,86.14942169189453,94.70846557617188,102.6539535522461,12.952350616455078,1.3832896947860718,0.0,0.0,0.0,0.0
197,3.942081457000313,1789353552.636199,17,0.005493164,-0.075611,0.017669225,0.008613662,5.2795486,-67.306046,-87.32368,-107.59646,-97.63866,-14.129297,3.7575164,1.804699,67.48779,86.65163,100.36375,101.02006,13.8925,-0.80476224,0.0,0.0,0.0,0.0,-0.027843136,0.0,-0.0,0.0,-6.6000023,3.4000053,-2.9999955,28.620003,-6.7800064,7.4399962,-28.319994,-13.250004,0.5000038,5.2800016,-25.259998,8.459994,-2.8199983,9.480006,0.0,0.0,0.0,0.0,rl_constraint,0.0,0.0,0.0,0.0,3.5261728763580322,-66.8994369506836,-87.05487060546875,-98.96541595458984,-100.63139343261719,-12.81148910522461,-2.707563638687134,-1.5962018966674805,68.53530883789062,85.94122314453125,94.47505950927734,102.68607330322266,12.725326538085938,1.3267234563827515,0.0,0.0,0.0,0.0
198,3.962190967999959,1789353552.6563084,17,0.005336799,-0.075609796,0.01764883,0.008613662,5.1407776,-67.237854,-87.37037,-106.981186,-97.80109,-13.979526,3.197969,1.5187111,67.51002,86.71491,99.83297,101.18982,13.820938,-0.59786224,0.0,0.0,0.0,0.0,0.0,0.0,-0.0,0.0,-7.450001,3.75,-1.740001,33.000004,-9.840001,7.7400055,-29.819998,-15.099998,2.2999992,0.23999634,-27.720003,8.700005,-3.540001,10.979998,0.0,0.0,0.0,0.0,rl_constraint,0.0,0.0,0.0,0.0,3.1726393699645996,-67.10161590576172,-86.84463500976562,-97.70947265625,-101.18687438964844,-12.6935396194458,-3.5627691745758057,-1.5661197900772095,68.66426849365234,85.79863739013672,94.51256561279297,102.62689971923828,12.47644329071045,1.1698483228683472,0.0,0.0,0.0,0.0
199,3.9820878520004044,1789353552.6762054,17,0.005319803,-0.075608194,0.017628433,0.008613662,4.992222,-67.16821,-87.39806,-106.287834,-98.01099,-13.835111,2.6035264,1.2087593,67.58171,86.69942,99.26492,101.35907,13.737373,-0.380896,0.0,0.0,0.0,0.0,0.0,0.0,-0.0,0.0,-7.9000053,3.0999985,-0.9599991,36.419994,-12.059995,7.2599993,-29.759998,-15.600002,4.6499977,-0.7800018,-28.560003,8.339996,-4.9199934,10.979998,0.0,0.0,0.0,0.0,rl_constraint,0.0,0.0,0.0,0.0,2.762753963470459,-67.34114837646484,-86.6289291381836,-96.44190979003906,-101.7294921875,-12.556354522705078,-4.459412097930908,-1.34541654586792,68.77581787109375,85.67620086669922,94.83124542236328,102.45779418945312,12.225552558898926,0.9065459966659546,0.0,0.0,0.0,0.0
200,4.002260518000185,1789353552.6963778,17,0.0032938588,-0.075606585,0.017614836,0.008613662,4.8281937,-67.113785,-87.39307,-105.502495,-98.26812,-13.695872,1.9875367,0.8953514,67.67186,86.67837,98.7111,101.52006,13.633594,-0.1783081,0.0,0.0,0.0,0.0,-0.34343833,0.0,-0.0,0.0,-8.650005,2.1000023,1.5000045,41.22,-13.440001,6.419998,-30.719997,-15.899998,3.4500046,-1.6800019,-26.700005,7.3199983,-5.1600037,9.299995,0.0,0.0,0.0,0.0,rl_constraint,0.0,0.0,0.0,0.0,2.28464937210083,-67.66727447509766,-86.36604309082031,-95.204833984375,-102.22472381591797,-12.402300834655762,-5.363797664642334,-0.949945867061615,68.80535125732422,85.6676025390625,95.38821411132812,102.21551513671875,11.941514015197754,0.5548287034034729,0.0,0.0,0.0,0.0
201,4.022213207000277,1789353552.7163305,17,-0.0021075257,-0.07547263,0.017597841,0.008610263,4.6491623,-67.083565,-87.358284,-104.67832,-98.55433,-13.564833,1.3530076,0.5972786,67.75518,86.62902,98.20167,101.66266,13.512469,0.0020462037,0.0,0.0,0.0,0.0,0.10767078,0.006370667,-0.0,0.0,-9.75,1.0499954,2.2800064,43.559994,-14.579997,6.7800064,-34.26,-14.499996,5.499996,-3.6599991,-25.080002,6.6599946,-6.8400054,8.760004,0.0,0.0,0.0,0.0,rl_constraint,0.0,0.0,0.0,0.0,1.7666946649551392,-68.02801513671875,-86.08300018310547,-94.032958984375,-102.6498031616211,-12.229514122009277,-6.310828685760498,-0.4241095781326294,68.79466247558594,85.71797943115234,96.15890502929688,101.94798278808594,11.617642402648926,0.18517552316188812,0.0,0.0,0.0,0.0
202,4.042457927000214,1789353552.7365751,17,0.0045855683,-0.07542998,0.017584244,0.008610263,4.441807,-67.080475,-87.29992,-103.74831,-98.89065,-13.4297695,0.6577652,0.32448578,67.86449,86.547905,97.73366,101.78409,13.373286,0.15244904,0.0,0.0,0.0,0.0,-0.07982424,0.0,-0.0,0.0,-10.649998,-1.0499954,3.1800065,48.119995,-16.860004,7.080002,-34.740005,-12.0,4.9500046,-4.380002,-20.159994,5.459999,-6.7199936,5.8800063,0.0,0.0,0.0,0.0,rl_constraint,0.0,0.0,0.0,0.0,1.1522046327590942,-68.4543685913086,-85.76165008544922,-92.91072082519531,-103.0116195678711,-12.03542423248291,-7.210533142089844,0.15957143902778625,68.73554992675781,85.8138656616211,97.12352752685547,101.63560485839844,11.312621116638184,-0.230143740773201,0.0,0.0,0.0,0.0
203,4.062560936000409,1789353552.7566783,17,-0.004803119,-0.07538212,0.017574046,0.008610263,4.21241,-67.11229,-87.2252,-102.78338,-99.24604,-13.297234,-0.04714508,0.10110855,67.97216,86.466194,97.35675,101.87021,13.220591,0.2574646,0.0,0.0,0.0,0.0,-0.6089084,0.0061510224,-0.0,0.0,-12.400005,-2.3999977,4.380002,48.66,-18.359995,6.2400007,-36.12,-9.700001,5.800003,-3.480002,-16.499996,3.0599945,-9.720003,4.3200026,0.0,0.0,0.0,0.0,rl_constraint,0.0,0.0,0.0,0.0,0.497513085603714,-68.93653106689453,-85.42736053466797,-91.86693572998047,-103.29136657714844,-11.799369812011719,-8.104999542236328,0.7893526554107666,68.61886596679688,85.97493743896484,98.20587158203125,101.38285827636719,11.00351619720459,-0.643230140209198,0.0,0.0,0.0,0.0
204,4.082265848000134,1789353552.7763832,17,-0.006159414,-0.075249776,0.017563848,0.008610263,3.9489555,-67.17761,-87.122856,-101.78141,-99.62287,-13.162967,-0.77722776,-0.059303284,68.07593,86.37633,97.07775,101.92724,13.045509,0.32313538,0.0,0.0,0.0,0.0,0.31930375,0.0030753042,-0.0,0.0,-13.799995,-4.0999947,5.7599945,51.479996,-18.299995,6.359999,-36.9,-5.950001,5.000004,-5.519998,-10.680002,1.9199982,-10.139997,1.8599991,0.0,0.0,0.0,0.0,rl_constraint,0.0,0.0,0.0,0.0,-0.17174680531024933,-69.43379974365234,-85.10111236572266,-90.96136474609375,-103.45682525634766,-11.542230606079102,-8.968043327331543,1.4277644157409668,68.46760559082031,86.18746185302734,99.35187530517578,101.1895980834961,10.696717262268066,-0.9991621971130371,0.0,0.0,0.0,0.0
205,4.102043282000523,1789353552.7961605,17,-0.003657577,-0.0751842,0.01755365,0.008606863,3.6567764,-67.277954,-86.9945,-100.746994,-100.00947,-13.024511,-1.5350647,-0.14061356,68.17083,86.29709,96.91409,101.94567,12.8573,0.33581084,0.0,0.0,0.0,0.0,0.0,0.0063706404,-0.0,0.0,-15.849998,-6.0,7.4399962,52.14,-18.720003,7.3199983,-38.58,-1.9500046,3.550003,-2.0399964,-5.459999,0.0,-9.959999,-1.3800064,0.0,0.0,0.0,0.0,rl_constraint,0.0,0.0,0.0,0.0,-0.8710723519325256,-69.94105529785156,-84.79357147216797,-90.17996978759766,-103.53387451171875,-11.268330574035645,-9.784200668334961,2.0224480628967285,68.2889404296875,86.44637298583984,100.49065399169922,101.0601806640625,10.432806968688965,-1.295570969581604,0.0,0.0,0.0,0.0
206,4.122143817000506,1789353552.816261,17,-0.0037833487,-0.07512547,0.017546851,0.008606863,3.3212013,-67.420876,-86.83985,-99.69413,-100.39581,-12.881058,-2.3076508,-0.14443588,68.23832,86.25517,96.86489,101.92139,12.651155,0.27923125,0.0,0.0,0.0,0.0,0.0,0.0030752989,-0.0,0.0,-17.349998,-7.8499947,8.760004,52.559994,-19.259995,7.499995,-40.559998,1.5499992,3.0499992,-2.2199936,0.5400055,-1.3199936,-11.819998,-3.540001,0.0,0.0,0.0,0.0,rl_constraint,0.0,0.0,0.0,0.0,-1.5831084251403809,-70.4486083984375,-84.47209930419922,-89.51384735107422,-103.52719116210938,-10.99608039855957,-10.531659126281738,2.5340685844421387,68.07997131347656,86.76355743408203,101.5706558227539,101.03046417236328,10.19650936126709,-1.5562007427215576,0.0,0.0,0.0,0.0
207,4.1421299240000735,1789353552.8362472,17,-0.0037391586,-0.07500238,0.017536655,0.008606863,2.9522324,-67.605576,-86.664795,-98.64922,-100.769455,-12.7235,-3.1051757,-0.0736084,68.30078,86.214165,96.93344,101.88923,12.432898,0.19992371,0.0,0.0,0.0,0.0,0.0,0.006150989,-0.0,0.0,-19.649998,-10.450001,8.820003,52.2,-18.540005,7.7400055,-40.799995,5.449997,2.3499985,-1.3199936,6.2400007,-2.1599946,-11.7,-5.0400057,0.0,0.0,0.0,0.0,rl_constraint,0.0,0.0,0.0,0.0,-2.2702817916870117,-70.8604965209961,-84.21898651123047,-88.98931121826172,-103.45233917236328,-10.732024192810059,-11.22429370880127,2.910039186477661,67.87153625488281,87.0413818359375,102.53974914550781,101.06842041015625,10.03673267364502,-1.6891810894012451,0.0,0.0,0.0,0.0
208,4.162281079000422,1789353552.8563986,17,-0.0036915694,-0.074964166,0.017529856,0.008606863,2.5431747,-67.82906,-86.47026,-97.60743,-101.12337,-12.558128,-3.900586,0.06390381,68.32887,86.20021,97.13138,101.83119,12.203558,0.08272705,0.0,0.0,0.0,0.0,0.0,0.0,-0.0,0.0,-21.550003,-12.500004,10.2599945,51.539997,-17.339996,8.1,-40.5,8.100002,0.0,-0.17999725,12.779997,-3.0599945,-12.180006,-6.479997,0.0,0.0,0.0,0.0,rl_constraint,0.0,0.0,0.0,0.0,-2.9021692276000977,-71.24024200439453,-83.98149108886719,-88.59860229492188,-103.3160400390625,-10.493014335632324,-11.815820693969727,3.1771607398986816,67.62364959716797,87.31177520751953,103.41316986083984,101.15874481201172,9.955381393432617,-1.73337984085083,0.0,0.0,0.0,0.0
209,4.182288504000098,1789353552.876406,17,-0.0036541778,-0.07490182,0.017523058,0.008603464,2.09301,-68.08978,-86.25376,-96.59334,-101.44738,-12.379367,-4.702176,0.25510025,68.324905,86.22151,97.44145,101.77024,11.970319,-0.05781555,0.0,0.0,0.0,0.0,0.0,0.003075289,-0.0,0.0,-23.449997,-13.699997,11.280006,49.559998,-16.2,9.059999,-39.180008,11.25,0.099998474,2.0399964,18.179996,-3.1800065,-11.879997,-7.8600035,0.0,0.0,0.0,0.0,rl_constraint,0.0,0.0,0.0,0.0,-3.505506753921509,-71.56981658935547,-83.77161407470703,-88.35940551757812,-103.1175308227539,-10.294684410095215,-12.33043098449707,3.2699639797210693,67.3471908569336,87.56107330322266,104.17147064208984,101.31013488769531,9.956125259399414,-1.6619778871536255,0.0,0.0,0.0,0.0
210,4.202128267000262,1789353552.8962457,17,-0.003613387,-0.074878484,0.01751626,0.008603464,1.6129875,-68.37893,-86.02949,-95.62088,-101.73896,-12.194481,-5.5017333,0.49776077,68.314156,86.28176,97.864975,101.706924,11.7420635,-0.21258545,0.0,0.0,0.0,0.0,0.0,0.0,-0.0,0.0,-24.650002,-14.950001,11.400004,47.400005,-14.220003,10.139997,-39.300003,13.099995,-1.3500023,4.7399964,24.359999,-2.8799973,-10.859999,-8.519994,0.0,0.0,0.0,0.0,rl_constraint,0.0,0.0,0.0,0.0,-4.028737545013428,-71.801025390625,-83.60669708251953,-88.22676086425781,-102.88567352294922,-10.184135437011719,-12.748096466064453,3.2115085124969482,67.08364868164062,87.7591323852539,104.7989501953125,101.45499420166016,10.044337272644043,-1.484345555305481,0.0,0.0,0.0,0.0
211,4.2226516059999994,1789353552.916769,17,-0.003586193,-0.074871644,0.01750946,0.008603464,1.1046982,-68.68918,-85.793526,-94.70012,-101.98605,-11.99795,-6.2872834,0.77352905,68.27357,86.37242,98.41774,101.64037,11.5254135,-0.37135163,0.0,0.0,0.0,0.0,0.0,0.0,-0.025987154,0.0,-25.900005,-15.849998,12.059995,44.640007,-10.2599945,9.419993,-38.520004,13.799995,-3.2999954,3.7199981,30.839996,-3.0599945,-11.099996,-7.980002,0.0,0.0,0.0,0.0,rl_constraint,0.0,0.0,0.0,0.0,-4.5189056396484375,-71.96146392822266,-83.48028564453125,-88.25313568115234,-102.6024398803711,-10.156609535217285,-13.047622680664062,2.957533597946167,66.79254150390625,87.88653564453125,105.26765441894531,101.61397552490234,10.241477012634277,-1.178198218345642,0.0,0.0,0.0,0.0
212,4.2422751029998835,1789353552.9363928,17,-0.0019205678,-0.07486682,0.017506061,0.0086000655,0.5782013,-69.01714,-85.55368,-93.84413,-102.18694,-11.804728,-7.05233,1.0574799,68.19699,86.46979,99.04949,101.58939,11.324144,-0.5284561,0.0,0.0,0.0,0.0,0.39170748,0.0,-0.0,0.0,-26.499996,-16.45,12.119993,40.919994,-8.880002,10.079997,-37.259995,14.100002,-4.9000053,6.1200027,30.899996,-2.3400054,-9.239996,-6.7800064,0.0,0.0,0.0,0.0,rl_constraint,0.0,0.0,0.0,0.0,-4.956588268280029,-71.98819732666016,-83.41637420654297,-88.3837661743164,-102.30335998535156,-10.236359596252441,-13.221248626708984,2.5489914417266846,66.52823638916016,87.90214538574219,105.50621032714844,101.77913665771484,10.52069091796875,-0.7734218239784241,0.0,0.0,0.0,0.0
213,4.262397774999954,1789353552.9565153,17,0.011904121,-0.07486279,0.017499262,0.0086000655,0.036266327,-69.34399,-85.3109,-93.05399,-102.34144,-11.609871,-7.77946,1.3279495,68.0976,86.58219,99.683655,101.55564,11.140549,-0.6673096,0.0,0.0,0.0,0.0,0.7017313,0.0,-0.0,0.0,-27.500004,-16.45,11.7,37.079998,-6.0600038,9.480006,-36.0,12.500004,-4.9500046,5.2800016,31.980007,-0.9,-8.339996,-6.1200027,0.0,0.0,0.0,0.0,rl_constraint,0.0,0.0,0.0,0.0,-5.30903959274292,-71.88428497314453,-83.40040588378906,-88.62478637695312,-101.98418426513672,-10.422901153564453,-13.233813285827637,1.9425791501998901,66.3165054321289,87.80374908447266,105.46527099609375,101.90988159179688,10.874670028686523,-0.2792852818965912,0.0,0.0,0.0,0.0
214,4.2825845710003705,1789353552.9767022,17,0.013573146,-0.07486038,0.017495863,0.0086000655,-0.50883865,-69.664215,-85.08138,-92.362625,-102.44411,-11.429187,-8.474043,1.5542908,67.975525,86.729126,100.314255,101.5421,10.997136,-0.75438994,0.0,0.0,0.0,0.0,-0.48824236,0.0,-0.0,0.0,-27.0,-15.450005,11.219994,32.880005,-4.440001,8.1,-32.280003,10.200005,-6.999996,7.5599947,30.899996,-0.41999358,-6.1800017,-3.3000045,0.0,0.0,0.0,0.0,rl_constraint,0.0,0.0,0.0,0.0,-5.5274200439453125,-71.62964630126953,-83.447509765625,-88.95323944091797,-101.69279479980469,-10.721077919006348,-13.133893013000488,1.232938528060913,66.21156311035156,87.58426666259766,105.20775604248047,101.99842071533203,11.289580345153809,0.3560178875923157,0.0,0.0,0.0,0.0
215,4.302206539000508,1789353552.996324,17,0.0033992352,-0.07485797,0.017489064,0.0086000655,-1.0479698,-69.96375,-84.87139,-91.7461,-102.50033,-11.272673,-9.110852,1.7293282,67.83854,86.84993,100.938126,101.545616,10.89385,-0.81522673,0.0,0.0,0.0,0.0,0.0,0.0,-0.0,0.0,-26.750004,-14.399998,9.959999,28.740002,-1.0199982,6.960004,-31.56,7.749996,-7.549999,6.419998,29.999996,1.3199936,-4.2000046,-1.0799973,0.0,0.0,0.0,0.0,rl_constraint,0.0,0.0,0.0,0.0,-5.66087007522583,-71.29181671142578,-83.5616455078125,-89.36116790771484,-101.43309783935547,-11.118675231933594,-12.882725715637207,0.44543877243995667,66.18146514892578,87.20339965820312,104.80115509033203,102.02374267578125,11.744482040405273,1.0099992752075195,0.0,0.0,0.0,0.0
216,4.322426626000379,1789353553.0165443,17,0.005877278,-0.074856766,0.017485665,0.008596666,-1.5788612,-70.23379,-84.674416,-91.22959,-102.50414,-11.146248,-9.689969,1.8457146,67.6826,86.96865,101.51639,101.56727,10.830515,-0.8091568,0.0,0.0,0.0,0.0,0.0,0.0,-0.0,0.0,-26.399998,-12.849998,9.359995,23.040005,1.6200027,4.8599944,-27.540005,3.75,-8.200001,4.9199934,27.179996,1.0799973,-1.5600036,2.5800018,0.0,0.0,0.0,0.0,rl_constraint,0.0,0.0,0.0,0.0,-5.665862083435059,-70.9175033569336,-83.70964813232422,-89.8408203125,-101.26026916503906,-11.589303016662598,-12.50305461883545,-0.3765532076358795,66.20038604736328,86.73912048339844,104.22894287109375,101.99146270751953,12.211830139160156,1.713989496231079,0.0,0.0,0.0,0.0
217,4.342987192000692,1789353553.0371046,17,0.0058432855,-0.07485596,0.017478867,0.008596666,-2.1061134,-70.468185,-84.48826,-90.810074,-102.4623,-11.048868,-10.213687,1.8888702,67.511604,87.076096,102.04742,101.58893,10.820847,-0.74178314,0.0,0.0,0.0,0.0,0.0,0.0,-0.0,0.0,-24.450005,-10.200005,8.880002,17.94,1.8599991,3.7799973,-22.619999,0.099998474,-8.000004,4.7999954,24.060003,1.0199982,1.9799973,5.1000047,0.0,0.0,0.0,0.0,rl_constraint,0.0,0.0,0.0,0.0,-5.511147975921631,-70.58537292480469,-83.87023162841797,-90.39662170410156,-101.13153076171875,-12.099357604980469,-12.04440975189209,-1.1782071590423584,66.2773208618164,86.20597839355469,103.5733413696289,101.91630554199219,12.654311180114746,2.427272081375122,0.0,0.0,0.0,0.0
218,4.362507825000648,1789353553.0566254,17,0.0058160913,-0.07485556,0.017475467,0.008596666,-2.566784,-70.64062,-84.33456,-90.49845,-102.41307,-11.002698,-10.630893,1.8441467,67.35814,87.12864,102.47698,101.61272,10.874487,-0.61587983,0.0,0.0,0.0,0.0,0.0,0.0,-0.0,0.0,-22.950005,-7.450001,6.359999,13.440001,3.9599946,0.9599991,-20.640001,-4.749996,-7.9500046,1.3199936,19.740002,1.4400055,2.8199983,7.8600035,0.0,0.0,0.0,0.0,rl_constraint,0.0,0.0,0.0,0.0,-5.22039794921875,-70.31405639648438,-84.02408599853516,-91.04458618164062,-101.05101013183594,-12.624814987182617,-11.426657676696777,-1.9350558519363403,66.392333984375,85.5955810546875,102.85212707519531,101.78143310546875,13.106088638305664,3.055140495300293,0.0,0.0,0.0,0.0
219,4.382604717000504,1789353553.0767221,17,0.005680122,-0.07485596,0.01746867,0.008593267,-3.0024261,-70.75596,-84.21681,-90.27709,-102.31935,-11.01709,-10.975603,1.7056618,67.20474,87.13228,102.82511,101.64394,10.964973,-0.42845306,0.0,0.0,0.0,0.0,-0.025987154,0.0,-0.0,0.0,-20.599995,-4.4000015,4.7999954,8.399996,5.340001,-2.9999955,-15.599996,-8.650005,-6.999996,-1.8599991,15.000005,1.2599945,6.539996,10.680002,0.0,0.0,0.0,0.0,rl_constraint,0.0,0.0,0.0,0.0,-4.78718900680542,-70.12257385253906,-84.1348648071289,-91.69894409179688,-101.0327377319336,-13.124613761901855,-10.764852523803711,-2.627972364425659,66.49339294433594,84.96337890625,102.12435913085938,101.6332778930664,13.500503540039062,3.5771701335906982,0.0,0.0,0.0,0.0
220,4.402258676000201,1789353553.0963764,17,0.0006458547,-0.07485636,0.017465271,0.008545677,-3.380642,-70.831276,-84.1355,-90.14481,-102.2164,-11.075853,-11.224512,1.4852715,67.06965,87.0828,103.059006,101.66428,11.098814,-0.18128815,0.0,0.0,0.0,0.0,-0.5532153,0.0,-0.0,0.0,-17.3,-2.4999962,3.6599991,4.2000046,5.1000047,-3.9599946,-9.720003,-12.949997,-5.299999,-3.3600037,8.519994,0.7200028,7.020003,13.080007,0.0,0.0,0.0,0.0,rl_constraint,0.0,0.0,0.0,0.0,-4.226690769195557,-70.01819610595703,-84.22325897216797,-92.37602233886719,-101.08404541015625,-13.564201354980469,-10.048775672912598,-3.1371986865997314,66.62837219238281,84.33981323242188,101.40110778808594,101.46360778808594,13.804656028747559,3.9849631786346436,0.0,0.0,0.0,0.0
221,4.4222841520004295,1789353553.1164017,17,-0.009827189,-0.074856766,0.017461872,0.008515084,-3.6941528,-70.84691,-84.06002,-90.12634,-102.09728,-11.188174,-11.382797,1.1920624,66.953224,86.99891,103.174355,101.68001,11.274431,0.11986084,0.0,0.0,0.0,0.0,-0.24319148,0.0,-0.0,0.0,-13.749996,0.70000076,2.8799973,-1.5000045,5.6999955,-7.020003,-4.6799974,-16.250004,-4.549999,-5.7599945,3.8999953,0.66000366,8.760004,16.619993,0.0,0.0,0.0,0.0,rl_constraint,0.0,0.0,0.0,0.0,-3.5165555477142334,-69.98178100585938,-84.25558471679688,-93.10722351074219,-101.1522445678711,-13.964136123657227,-9.267884254455566,-3.4406752586364746,66.79476165771484,83.76958465576172,100.77204132080078,101.24633026123047,14.026780128479004,4.279729843139648,0.0,0.0,0.0,0.0
222,4.441958708000129,1789353553.136076,17,-0.008644255,-0.07485717,0.017458472,0.00849129,-3.9276009,-70.82528,-84.02244,-90.18471,-101.98715,-11.333551,-11.443922,0.847538,66.87124,86.842354,103.2101,101.69292,11.479216,0.45498505,0.0,0.0,0.0,0.0,0.053833686,0.0,-0.0,0.0,-10.099995,1.2500038,0.9599991,-4.1400056,5.459999,-8.760004,-1.2599945,-18.8,-4.9000053,-8.459994,-0.60000455,0.3599945,12.180006,18.119999,0.0,0.0,0.0,0.0,rl_constraint,0.0,0.0,0.0,0.0,-2.7424705028533936,-69.999755859375,-84.25857543945312,-93.90280151367188,-101.23585510253906,-14.317259788513184,-8.402999877929688,-3.567457437515259,66.96412658691406,83.22225952148438,100.30131530761719,100.94720458984375,14.234938621520996,4.493614196777344,0.0,0.0,0.0,0.0
223,4.4621473300003345,1789353553.156265,17,-0.0086918445,-0.07485757,0.017455073,0.008474293,-4.0953255,-70.791756,-84.01434,-90.31438,-101.86975,-11.539325,-11.405813,0.44459152,66.7906,86.632866,103.150826,101.67891,11.722288,0.83069,0.0,0.0,0.0,0.0,0.0,0.0,-0.0,0.0,-5.800003,2.25,0.11999817,-9.600004,4.7999954,-10.859999,4.6799974,-20.549995,-2.050003,-11.759999,-4.7399964,-1.9199982,11.460004,17.760004,0.0,0.0,0.0,0.0,rl_constraint,0.0,0.0,0.0,0.0,-1.9311118125915527,-70.02189636230469,-84.26362609863281,-94.73346710205078,-101.31846618652344,-14.620415687561035,-7.463588237762451,-3.491170644760132,67.09488677978516,82.77425384521484,99.98645782470703,100.58100128173828,14.396665573120117,4.566648483276367,0.0,0.0,0.0,0.0
224,4.482171808000203,1789353553.1762893,17,-0.008725837,-0.07485797,0.017451674,0.008460697,-4.1583595,-70.72736,-84.02488,-90.53612,-101.774994,-11.774707,-11.269487,0.027191162,66.75918,86.36744,103.00203,101.6362,11.971692,1.2110916,0.0,0.0,0.0,0.0,0.0,0.0,-0.0,0.0,-0.40000534,3.949997,-0.4800064,-13.799995,4.8599944,-12.180006,8.519994,-21.149998,-0.55000305,-14.160004,-8.640005,-2.1599946,13.200005,18.720003,0.0,0.0,0.0,0.0,rl_constraint,0.0,0.0,0.0,0.0,-1.0592459440231323,-70.04658508300781,-84.24494934082031,-95.67156219482422,-101.39309692382812,-14.89197826385498,-6.458178997039795,-3.2481343746185303,67.2738037109375,82.38742065429688,99.8785171508789,100.13469696044922,14.536271095275879,4.534777641296387,0.0,0.0,0.0,0.0
225,4.5020616920000975,1789353553.1961792,17,-0.008742833,-0.07485797,0.017448274,0.008450499,-4.120823,-70.64428,-84.034454,-90.834175,-101.68727,-12.036085,-11.042661,-0.39670944,66.7616,86.05467,102.786095,101.58411,12.229912,1.5946243,0.0,0.0,0.0,0.0,0.0,0.0,-0.0,0.0,4.0499954,3.6000023,-0.66000366,-16.680006,3.8999953,-13.140005,13.080007,-21.249996,0.099998474,-16.800005,-11.999995,-3.3600037,12.779997,19.620003,0.0,0.0,0.0,0.0,rl_constraint,0.0,0.0,0.0,0.0,-0.27260905504226685,-70.03206634521484,-84.2248306274414,-96.70460510253906,-101.45320892333984,-15.129354476928711,-5.431359767913818,-2.8066961765289307,67.43077087402344,82.09950256347656,99.97501373291016,99.6366195678711,14.66917610168457,4.423962593078613,0.0,0.0,0.0,0.0
226,4.5222425520005345,1789353553.2163599,17,-0.00880402,-0.07485797,0.017444875,0.0084369015,-3.998211,-70.58045,-84.05277,-91.20855,-101.6235,-12.31853,-10.722313,-0.7994156,66.76396,85.70246,102.52661,101.502655,12.487459,1.9626114,0.0,0.0,0.0,0.0,0.0,0.0,-0.0,0.0,8.200001,3.2999954,-0.7200028,-20.759998,3.3600037,-14.579997,18.119999,-18.7,0.5000038,-17.94,-13.440001,-5.340001,12.839996,17.700005,0.0,0.0,0.0,0.0,rl_constraint,0.0,0.0,0.0,0.0,0.3778255581855774,-69.99907684326172,-84.2029800415039,-97.82623291015625,-101.4946060180664,-15.341532707214355,-4.373133659362793,-2.1514320373535156,67.55374145507812,81.92032623291016,100.2906494140625,99.08391571044922,14.807027816772461,4.249443054199219,0.0,0.0,0.0,0.0
227,4.542149843000516,1789353553.2362673,17,-0.008827814,-0.07485797,0.017441476,0.008426704,-3.7831879,-70.507576,-84.063965,-91.66108,-101.5648,-12.609133,-10.318415,-1.1461372,66.78644,85.341934,102.26419,101.37173,12.737727,2.305577,0.0,0.0,0.0,0.0,0.0,0.0,-0.0,0.0,12.999996,3.550003,-0.41999358,-24.659994,2.7,-13.859995,21.54,-15.799999,1.5999985,-17.820004,-12.6,-7.2,11.939997,16.319998,0.0,0.0,0.0,0.0,rl_constraint,0.0,0.0,0.0,0.0,0.9207662343978882,-69.890625,-84.20329284667969,-99.02592468261719,-101.5063247680664,-15.51620864868164,-3.3024377822875977,-1.351344108581543,67.66183471679688,81.87127685546875,100.81611633300781,98.52229309082031,14.927355766296387,4.036588668823242,0.0,0.0,0.0,0.0
228,4.56197744200017,1789353553.2560947,17,-0.008831213,-0.07485717,0.017438076,0.008416506,-3.4855957,-70.441055,-84.077545,-92.18226,-101.521774,-12.902481,-9.828424,-1.4268951,66.83422,84.97786,102.01865,101.20482,12.9872265,2.610585,0.0,0.0,0.0,0.0,0.0,0.0,-0.0,0.0,16.350002,3.3499947,-1.0199982,-28.019999,1.5000045,-14.160004,27.0,-12.550003,2.3499985,-17.94,-12.480001,-9.720003,12.839996,14.880007,0.0,0.0,0.0,0.0,rl_constraint,0.0,0.0,0.0,0.0,1.3765536546707153,-69.76904296875,-84.20893096923828,-100.28884887695312,-101.48635864257812,-15.663729667663574,-2.2186219692230225,-0.37330374121665955,67.7546157836914,81.93726348876953,101.50053405761719,97.99327850341797,15.042433738708496,3.790719747543335,0.0,0.0,0.0,0.0
229,4.582465395000327,1789353553.2765827,17,-0.00884141,-0.074855156,0.017434677,0.008409708,-3.1267319,-70.37077,-84.09794,-92.77166,-101.494545,-13.201653,-9.2651005,-1.631916,66.88689,84.607346,101.78594,101.00018,13.228157,2.8732133,0.0,0.0,0.0,0.0,0.0,0.0,-0.0,0.0,19.250004,3.550003,-0.5400055,-31.5,1.2599945,-15.479998,31.140005,-7.549999,3.1499977,-18.06,-10.380007,-11.460004,11.999995,12.540001,0.0,0.0,0.0,0.0,rl_constraint,0.0,0.0,0.0,0.0,1.677141547203064,-69.61640930175781,-84.2463150024414,-101.54022979736328,-101.43955993652344,-15.778389930725098,-1.1426751613616943,0.7143164873123169,67.82118225097656,82.08592224121094,102.26358032226562,97.55614471435547,15.16977596282959,3.5203304290771484,0.0,0.0,0.0,0.0
230,4.601919134000127,1789353553.2960367,17,-0.008848209,-0.07480125,0.017431278,0.00839951,-2.7280426,-70.31233,-84.106384,-93.41956,-101.476524,-13.485168,-8.643315,-1.7312508,66.97343,84.26407,101.605095,100.76293,13.447993,3.0859222,0.0,0.0,0.0,0.0,0.0,0.0030752847,-0.0,0.0,21.450005,2.9500008,-0.66000366,-35.04,0.41999358,-14.940005,34.2,-2.2999992,4.9000053,-16.499996,-7.140001,-13.619998,11.759999,9.780002,0.0,0.0,0.0,0.0,rl_constraint,0.0,0.0,0.0,0.0,1.8591293096542358,-69.45092010498047,-84.30230712890625,-102.80878448486328,-101.31170654296875,-15.884420394897461,-0.031059429049491882,1.851907730102539,67.87538146972656,82.29457092285156,103.08179473876953,97.18427276611328,15.308074951171875,3.2592575550079346,0.0,0.0,0.0,0.0
231,4.6220516720004525,1789353553.3161693,17,-0.008855008,-0.07473608,0.017427878,0.008392712,-2.279354,-70.25008,-84.12415,-94.16687,-101.46842,-13.775317,-7.9249053,-1.7203903,67.050064,83.939926,101.50753,100.477715,13.672238,3.2531204,0.0,0.0,0.0,0.0,0.0,0.0030752816,-0.0,0.0,22.300003,3.3499947,-0.7800018,-38.64,0.3599945,-13.919993,37.500004,3.1499977,3.3499947,-15.599996,-3.3000045,-15.479998,11.219994,6.539996,0.0,0.0,0.0,0.0,rl_constraint,0.0,0.0,0.0,0.0,1.9808623790740967,-69.2398681640625,-84.41541290283203,-104.04584503173828,-101.15605163574219,-15.956183433532715,1.0366417169570923,3.01308536529541,67.89112091064453,82.57040405273438,103.89289093017578,96.93584442138672,15.441173553466797,3.017375946044922,0.0,0.0,0.0,0.0
232,4.6418062000002465,1789353553.3359237,17,-0.008855008,-0.07455869,0.01742448,0.008385913,-1.8396149,-70.177505,-84.139786,-94.94896,-101.45874,-14.030159,-7.18808,-1.606533,67.137955,83.65832,101.47453,100.181404,13.867658,3.364879,0.0,0.0,0.0,0.0,0.0,0.00615095,-0.0,0.0,22.5,3.7000008,-1.0199982,-42.18,0.66000366,-12.6,40.440002,9.0,5.1000023,-12.839996,0.29999542,-15.3,9.480006,3.9599946,0.0,0.0,0.0,0.0,rl_constraint,0.0,0.0,0.0,0.0,1.996997356414795,-69.03223419189453,-84.53324890136719,-105.23458862304688,-100.95285034179688,-16.001571655273438,2.124850273132324,4.111141204833984,67.90216827392578,82.86084747314453,104.65574645996094,96.76466369628906,15.56657600402832,2.816250801086426,0.0,0.0,0.0,0.0
233,4.662434251000377,1789353553.3565516,17,-0.008855008,-0.07440784,0.01742108,0.008379115,-1.378624,-70.09398,-84.16931,-95.835526,-101.439476,-14.286676,-6.359477,-1.3583794,67.22175,83.4293,101.53113,99.854,14.07122,3.4319503,0.0,0.0,0.0,0.0,0.0,0.016036846,-0.0,0.0,22.200005,4.250004,-1.5000045,-44.04,1.3199936,-11.999995,41.699997,14.549995,4.250004,-9.660004,5.0400057,-16.559994,9.720003,1.9199982,0.0,0.0,0.0,0.0,rl_constraint,0.0,0.0,0.0,0.0,1.9860340356826782,-68.8100814819336,-84.66548156738281,-106.34803009033203,-100.71854400634766,-16.023090362548828,3.1759605407714844,5.128973007202148,67.85585021972656,83.18040466308594,105.28630065917969,96.72518920898438,15.67943286895752,2.678755283355713,0.0,0.0,0.0,0.0
234,4.682156672000019,1789353553.376274,17,-0.008848209,-0.07410816,0.01741768,0.008372316,-0.94901276,-70.00289,-84.20341,-96.74633,-101.40333,-14.516085,-5.509506,-1.00914,67.31765,83.24327,101.68279,99.526024,14.253031,3.4653625,0.0,0.0,0.0,0.0,0.0,0.01296112,-0.0,0.0,20.549995,4.5999985,-1.5600036,-47.460003,1.9799973,-10.500005,43.920002,20.150002,4.250004,-7.080002,9.179997,-17.279997,8.880002,0.9599991,0.0,0.0,0.0,0.0,rl_constraint,0.0,0.0,0.0,0.0,1.947073221206665,-68.62944030761719,-84.76582336425781,-107.38865661621094,-100.4492416381836,-16.04058837890625,4.236137390136719,5.945502758026123,67.81092071533203,83.45222473144531,105.79702758789062,96.7408447265625,15.793618202209473,2.654881477355957,0.0,0.0,0.0,0.0
235,4.702153365000413,1789353553.3962708,17,-0.008834613,-0.07382457,0.017414281,0.0083655175,-0.55133057,-69.904335,-84.23255,-97.71115,-101.36144,-14.726445,-4.6169496,-0.5400009,67.379715,83.1201,101.91256,99.200554,14.430418,3.4516983,0.0,0.0,0.0,0.0,0.0,0.012741437,-0.0,0.0,19.099995,5.25,-1.4400055,-48.899994,2.6400008,-10.319994,45.359993,25.749996,3.2999954,-5.8199935,12.959994,-16.319998,7.8000045,-1.9799973,0.0,0.0,0.0,0.0,rl_constraint,0.0,0.0,0.0,0.0,1.8894069194793701,-68.45018005371094,-84.82707214355469,-108.35746002197266,-100.16651153564453,-16.064435958862305,5.3257060050964355,6.591481685638428,67.71012878417969,83.70986938476562,106.10828399658203,96.86666870117188,15.915437698364258,2.671856641769409,0.0,0.0,0.0,0.0
236,4.722424735000459,1789353553.4165423,17,-0.0026140118,-0.07366085,0.017410882,0.00835872,-0.18645859,-69.787735,-84.26105,-98.71013,-101.294395,-14.915588,-3.6981492,0.012130737,67.45681,83.051735,102.20735,98.88974,14.593977,3.3947616,0.0,0.0,0.0,0.0,0.63675493,0.0032948656,-0.0,0.0,17.100002,6.1499977,-1.3800064,-51.3,3.6599991,-8.700005,47.520004,29.000004,4.1500053,-1.0199982,16.920002,-14.519999,8.339996,-3.1199937,0.0,0.0,0.0,0.0,rl_constraint,0.0,0.0,0.0,0.0,1.8929399251937866,-68.29505157470703,-84.82781982421875,-109.21709442138672,-99.86453247070312,-16.110435485839844,6.393939018249512,6.950725078582764,67.6106185913086,83.90263366699219,106.19783020019531,97.04761505126953,16.042020797729492,2.745182514190674,0.0,0.0,0.0,0.0
237,4.742408042000534,1789353553.4365256,17,0.0057888976,-0.07359247,0.017407482,0.00835532,0.13652802,-69.66613,-84.29538,-99.73114,-101.216385,-15.087606,-2.7476945,0.6104164,67.5114,83.03292,102.54673,98.60515,14.753883,3.341066,0.0,0.0,0.0,0.0,-0.21720093,0.0030752316,-0.0,0.0,15.099998,6.550003,-2.2800064,-50.46,4.559999,-7.8000045,49.019993,31.150005,1.5999985,-0.9599991,17.820004,-12.719998,8.1,-3.3000045,0.0,0.0,0.0,0.0,rl_constraint,0.0,0.0,0.0,0.0,1.9121745824813843,-68.1437759399414,-84.82331848144531,-109.97340393066406,-99.54007720947266,-16.178884506225586,7.463937282562256,7.03957986831665,67.45462036132812,84.03115844726562,106.02400207519531,97.30572509765625,16.18747329711914,2.9430689811706543,0.0,0.0,0.0,0.0
238,4.762532208000266,1789353553.4566498,17,0.0005302807,-0.07342674,0.017404085,0.008348522,0.4212799,-69.53416,-84.34965,-100.75832,-101.113525,-15.243612,-1.7825317,1.2654762,67.54966,83.034904,102.90811,98.354225,14.905001,3.281465,0.0,0.0,0.0,0.0,0.13922927,0.006150851,-0.0,0.0,13.150005,7.0999947,-3.4200027,-51.840004,6.2400007,-6.960004,49.799995,33.65,2.0000038,2.0999954,18.780003,-11.939997,8.159999,-2.8799973,0.0,0.0,0.0,0.0,rl_constraint,0.0,0.0,0.0,0.0,1.9885859489440918,-68.03324127197266,-84.79865264892578,-110.60087585449219,-99.19290924072266,-16.270368576049805,8.497841835021973,6.902578353881836,67.30628204345703,84.0361328125,105.62930297851562,97.61373901367188,16.347309112548828,3.216782331466675,0.0,0.0,0.0,0.0
239,4.782404072000645,1789353553.4765215,17,0.0098407855,-0.07339255,0.017400686,0.008341723,0.663723,-69.39154,-84.41881,-101.78409,-100.989845,-15.382027,-0.7925949,1.9260979,67.59404,83.09077,103.27772,98.14293,15.055059,3.2308319,0.0,0.0,0.0,0.0,-0.025987154,0.0,-0.0,0.0,11.150002,6.8999977,-2.759999,-50.940006,6.5999956,-6.5999956,49.62,31.950005,2.4999962,2.8799973,17.880001,-8.940001,6.8400054,-3.1199937,0.0,0.0,0.0,0.0,rl_constraint,0.0,0.0,0.0,0.0,2.1116559505462646,-67.96267700195312,-84.7586441040039,-111.0762710571289,-98.81076049804688,-16.358366012573242,9.507843971252441,6.4505414962768555,67.1120376586914,83.98622131347656,104.95658874511719,97.96168518066406,16.534801483154297,3.5635299682617188,0.0,0.0,0.0,0.0
240,4.80218331100059,1789353553.4963007,17,0.0028791523,-0.07337082,0.017397286,0.008338324,0.87174225,-69.24707,-84.46337,-102.79656,-100.837654,-15.507998,0.20299987,2.5551453,67.60187,83.1491,103.61127,97.97779,15.212631,3.181778,0.0,0.0,0.0,0.0,-0.15779589,0.0032948519,-0.0,0.0,9.700001,7.0999947,-1.740001,-50.519997,7.8600035,-7.080002,49.320004,30.949997,-1.0499954,2.7,16.259998,-6.7199936,7.140001,-1.6800019,0.0,0.0,0.0,0.0,rl_constraint,0.0,0.0,0.0,0.0,2.321593999862671,-67.92418670654297,-84.66063690185547,-111.38462829589844,-98.43134307861328,-16.461742401123047,10.447651863098145,5.8012166023254395,66.9404296875,83.8161392211914,104.05670166015625,98.38870239257812,16.732545852661133,3.899191379547119,0.0,0.0,0.0,0.0
241,4.8223172779999,1789353553.516435,17,0.012560174,-0.07334307,0.017393887,0.008331525,1.0588531,-69.10045,-84.501945,-103.77882,-100.66642,-15.621817,1.2126434,3.1431656,67.59123,83.20956,103.90148,97.86643,15.354437,3.1557267,0.0,0.0,0.0,0.0,0.6720288,0.0,-0.0,0.0,9.049999,6.700001,-1.8599991,-48.180008,9.780002,-5.2800016,49.980007,26.95,0.099998474,3.7799973,12.180006,-4.619998,7.3799973,-0.60000455,0.0,0.0,0.0,0.0,rl_constraint,0.0,0.0,0.0,0.0,2.541973352432251,-67.90158081054688,-84.54326629638672,-111.55220794677734,-98.05864715576172,-16.574542999267578,11.344968795776367,4.977038860321045,66.73876190185547,83.59210205078125,102.96876525878906,98.8864974975586,16.913087844848633,4.261131763458252,0.0,0.0,0.0,0.0
242,4.842387821000557,1789353553.5365057,17,0.012968082,-0.07333583,0.017390488,0.008328126,1.2254906,-68.96433,-84.541,-104.72268,-100.46939,-15.725706,2.2263656,3.640583,67.58312,83.30608,104.113846,97.8029,15.504168,3.1658752,0.0,0.0,0.0,0.0,-0.482671,0.0,-0.0,0.0,8.050003,6.700001,-2.0399964,-45.9,9.840001,-5.2800016,50.699997,22.900005,-1.5999985,4.0800066,7.6800065,-1.6800019,7.3799973,2.4000046,0.0,0.0,0.0,0.0,rl_constraint,0.0,0.0,0.0,0.0,2.8569607734680176,-67.89966583251953,-84.41877746582031,-111.54447174072266,-97.72913360595703,-16.66824722290039,12.155582427978516,4.006169319152832,66.57416534423828,83.36402893066406,101.73078155517578,99.43330383300781,17.019794464111328,4.637908458709717,0.0,0.0,0.0,0.0
243,4.862380368000231,1789353553.5564978,17,0.0061798096,-0.07332859,0.017387088,0.008321328,1.3809471,-68.82683,-84.58087,-105.59818,-100.25321,-15.824185,3.2405686,4.052044,67.5121,83.36021,104.22903,97.80211,15.657262,3.2205186,0.0,0.0,0.0,0.0,0.21720093,0.0,-0.0,0.0,7.9000053,6.500004,-1.6200027,-42.3,11.159994,-4.9199934,49.320004,17.599995,-4.9000053,2.0399964,3.480002,1.9799973,7.499995,2.6400008,0.0,0.0,0.0,0.0,rl_constraint,0.0,0.0,0.0,0.0,3.1904118061065674,-67.9084243774414,-84.28449249267578,-111.36857604980469,-97.45384216308594,-16.760112762451172,12.873257637023926,2.9707932472229004,66.42154693603516,83.0678939819336,100.4232406616211,100.03594207763672,17.091997146606445,5.012749195098877,0.0,0.0,0.0,0.0
244,4.882268340000337,1789353553.5763857,17,0.017458472,-0.073323764,0.017383689,0.008314529,1.5343895,-68.70119,-84.60408,-106.413795,-100.01689,-15.926207,4.2437987,4.3412704,67.42779,83.41294,104.233376,97.86123,15.803339,3.2981782,0.0,0.0,0.0,0.0,0.35272163,0.0,-0.0,0.0,7.699997,6.199997,-0.41999358,-38.76,11.460004,-4.2600036,49.859993,11.200001,-2.7000046,3.4200027,-3.2400055,3.540001,8.279997,4.7399964,0.0,0.0,0.0,0.0,rl_constraint,0.0,0.0,0.0,0.0,3.4703595638275146,-67.91890716552734,-84.13690948486328,-111.04840087890625,-97.22000122070312,-16.847566604614258,13.46148681640625,1.9356201887130737,66.32791900634766,82.80654907226562,99.08483123779297,100.63868713378906,17.1101131439209,5.296301364898682,0.0,0.0,0.0,0.0
245,4.901698845000283,1789353553.5958161,17,0.011047514,-0.073320545,0.01738029,0.00831113,1.684433,-68.58623,-84.59852,-107.13274,-99.772255,-16.019632,5.202466,4.501751,67.37171,83.46856,104.117195,97.97015,15.946367,3.4035919,0.0,0.0,0.0,0.0,-0.56992257,0.0,-0.0,0.0,8.150002,5.5999947,1.2599945,-34.920002,13.019994,-4.8599944,49.200005,5.499996,-4.6499977,1.4400055,-8.640005,7.140001,6.7800064,6.1200027,0.0,0.0,0.0,0.0,rl_constraint,0.0,0.0,0.0,0.0,3.683400869369507,-67.89338684082031,-83.98580169677734,-110.65921020507812,-97.04205322265625,-16.93336296081543,13.9447660446167,0.9609683156013489,66.26780700683594,82.59039306640625,97.84102630615234,101.16841125488281,17.072072982788086,5.467380046844482,0.0,0.0,0.0,0.0
246,4.922215393999977,1789353553.6163328,17,0.008185359,-0.073316924,0.01737689,0.008304331,1.8622284,-68.4835,-84.57646,-107.79344,-99.503914,-16.117163,6.192842,4.54834,67.2648,83.44902,103.87819,98.14131,16.094242,3.5465379,0.0,0.0,0.0,0.0,0.34158236,0.0,-0.0,0.0,8.750004,4.7999954,1.0799973,-29.999996,12.659999,-4.559999,48.059994,-0.5000038,-4.699997,-2.5200028,-14.7599945,9.660004,6.2400007,7.6800065,0.0,0.0,0.0,0.0,rl_constraint,0.0,0.0,0.0,0.0,3.840169906616211,-67.79183197021484,-83.8817367553711,-110.15699768066406,-96.93124389648438,-17.000450134277344,14.246760368347168,0.07872048765420914,66.24694061279297,82.3604965209961,96.71541595458984,101.66979217529297,16.96989631652832,5.519031047821045,0.0,0.0,0.0,0.0
247,4.9423752270004115,1789353553.6364927,17,0.010139919,-0.07331451,0.017373491,0.008300932,2.0367966,-68.39635,-84.547485,-108.33199,-99.23766,-16.20728,7.122368,4.471493,67.16935,83.414215,103.52681,98.363304,16.225391,3.707831,0.0,0.0,0.0,0.0,-0.13551731,0.0,-0.0,0.0,8.800003,3.949997,2.0399964,-23.819994,12.899996,-4.2000046,44.580006,-6.700001,-5.9000015,-1.3800064,-19.919998,11.999995,6.000005,8.339996,0.0,0.0,0.0,0.0,rl_constraint,0.0,0.0,0.0,0.0,3.9056453704833984,-67.65298461914062,-83.8327865600586,-109.60060119628906,-96.82035827636719,-17.032432556152344,14.388712882995605,-0.704316258430481,66.26801300048828,82.1700210571289,95.80577850341797,102.03057861328125,16.836097717285156,5.437009811401367,0.0,0.0,0.0,0.0
248,4.962795985999946,1789353553.6569135,17,0.007485116,-0.0733121,0.017370092,0.008297533,2.2265396,-68.309525,-84.49284,-108.766464,-98.96934,-16.298424,8.029289,4.2758102,67.06642,83.35585,103.04651,98.634155,16.33965,3.8853424,0.0,0.0,0.0,0.0,0.0,0.0,-0.0,0.0,9.500004,4.450001,3.3000045,-18.9,13.320003,-4.8599944,41.46,-12.600002,-4.6499977,-4.380002,-27.359995,15.419998,5.2200027,9.660004,0.0,0.0,0.0,0.0,rl_constraint,0.0,0.0,0.0,0.0,3.8787503242492676,-67.48509979248047,-83.82986450195312,-108.98399353027344,-96.7518539428711,-17.0506534576416,14.405098915100098,-1.3169398307800293,66.33673095703125,82.02848052978516,95.13404846191406,102.27385711669922,16.654644012451172,5.189760208129883,0.0,0.0,0.0,0.0
249,4.982316065000305,1789353553.6764336,17,0.008090179,-0.07330928,0.017366692,0.008290735,2.4094963,-68.231155,-84.43326,-109.08885,-98.71934,-16.384365,8.837443,3.9702187,66.960724,83.26659,102.46075,98.927505,16.443348,4.056166,0.0,0.0,0.0,0.0,0.025987154,0.0,-0.0,0.0,9.500004,3.3499947,2.7,-13.380002,12.2400055,-4.2600036,41.100006,-18.299995,-4.6499977,-3.9599946,-32.579998,15.479998,3.8999953,8.519994,0.0,0.0,0.0,0.0,rl_constraint,0.0,0.0,0.0,0.0,3.7561473846435547,-67.26972198486328,-83.88237762451172,-108.2784194946289,-96.71472930908203,-17.029157638549805,14.123397827148438,-1.8205829858779907,66.44438934326172,81.92288970947266,94.70840454101562,102.4102554321289,16.425643920898438,4.757310390472412,0.0,0.0,0.0,0.0
250,5.002228023000498,1789353553.6963456,17,0.008144568,-0.07330646,0.017363293,0.008287336,2.5898666,-68.16005,-84.383255,-109.31134,-98.47352,-16.466267,9.602572,3.5374146,66.87847,83.184425,101.757,99.2505,16.502645,4.2190795,0.0,0.0,0.0,0.0,0.0,0.0,-0.0,0.0,8.700005,3.6500015,2.5800018,-9.359995,12.659999,-3.540001,34.860004,-24.500004,-4.699997,-4.9199934,-34.920002,17.399996,3.2400055,7.4399962,0.0,0.0,0.0,0.0,rl_constraint,0.0,0.0,0.0,0.0,3.4198198318481445,-67.01884460449219,-84.05542755126953,-107.60265350341797,-96.71815490722656,-16.94963836669922,13.711004257202148,-2.087277412414551,66.6109390258789,81.9405746459961,94.62136840820312,102.43548583984375,16.080289840698242,4.130093097686768,0.0,0.0,0.0,0.0
251,5.022846845000458,1789353553.7169647,17,0.008181959,-0.07327227,0.017359894,0.008283936,2.7547646,-68.083664,-84.325165,-109.4256,-98.25044,-16.538076,10.268028,3.0404778,66.78883,83.07054,101.0839,99.57332,16.56686,4.3505173,0.0,0.0,0.0,0.0,0.0,0.0030752176,-0.0,0.0,8.349998,4.2000046,3.0599945,-2.2800064,11.039996,-3.4200027,31.380001,-25.900005,-3.5000038,-5.579997,-35.1,16.319998,2.0399964,5.9400053,0.0,0.0,0.0,0.0,rl_constraint,0.0,0.0,0.0,0.0,2.9750375747680664,-66.8075942993164,-84.25011444091797,-106.8989486694336,-96.74409484863281,-16.818788528442383,13.15025520324707,-2.0911154747009277,66.7589111328125,82.05400848388672,94.94510650634766,102.38536834716797,15.729588508605957,3.369178056716919,0.0,0.0,0.0,0.0
252,5.042331294000178,1789353553.7364488,17,0.007665275,-0.07309247,0.017353095,0.008280537,2.901741,-67.98225,-84.2718,-109.42905,-98.03368,-16.61461,10.863391,2.484787,66.736725,82.941734,100.34133,99.91674,16.588724,4.4448485,0.0,0.0,0.0,0.0,-0.16150786,0.022846656,-0.0,0.0,5.9000015,5.299999,2.2800064,2.9399962,9.179997,-2.9999955,27.84,-27.600002,-1.6499977,-7.5599947,-36.660004,16.619993,0.41999358,2.9999955,0.0,0.0,0.0,0.0,rl_constraint,0.0,0.0,0.0,0.0,2.429614782333374,-66.76314544677734,-84.42520141601562,-106.17964935302734,-96.83990478515625,-16.632041931152344,12.34416389465332,-1.8889591693878174,66.9820327758789,82.25147247314453,95.49910736083984,102.30365753173828,15.292427062988281,2.4547901153564453,0.0,0.0,0.0,0.0
253,5.062454660000185,1789353553.7565722,17,-0.005710715,-0.072534144,0.017305506,0.008273738,3.007244,-67.88578,-84.22818,-109.341034,-97.84594,-16.660671,11.343068,1.9520531,66.68802,82.822975,99.6393,100.23371,16.563168,4.4819,0.0,0.0,0.0,0.0,-0.70729923,0.040640716,-0.0,0.0,4.5999985,4.7999954,1.5000045,5.1000047,8.940001,-1.4400055,20.340006,-25.699997,-2.25,-5.0400057,-33.18,14.699995,-2.5800018,-0.11999817,0.0,0.0,0.0,0.0,rl_constraint,0.0,0.0,0.0,0.0,1.8655266761779785,-66.79338836669922,-84.66069793701172,-105.46858215332031,-96.96016693115234,-16.32012367248535,11.453280448913574,-1.3585151433944702,67.18814086914062,82.58438110351562,96.31934356689453,102.25455474853516,14.749994277954102,1.4698963165283203,0.0,0.0,0.0,0.0
254,5.08261967999988,1789353553.7767372,17,-0.0007546302,-0.071784355,0.017264716,0.008270339,3.0697403,-67.78514,-84.207634,-109.203316,-97.68102,-16.696842,11.703214,1.4527817,66.6576,82.716034,99.020294,100.525604,16.500366,4.421791,0.0,0.0,0.0,0.0,0.86881053,0.03097437,-0.0,0.0,1.3500023,5.200001,0.5400055,9.0,8.279997,-1.3199936,15.960004,-24.149998,-0.70000076,-4.1400056,-28.259995,13.260004,-3.4200027,-5.7599945,0.0,0.0,0.0,0.0,rl_constraint,0.0,0.0,0.0,0.0,1.2710093259811401,-66.96397399902344,-84.82506561279297,-104.75545501708984,-97.11518096923828,-15.94522762298584,10.508731842041016,-0.6226611137390137,67.363037109375,82.98751068115234,97.34745025634766,102.3350830078125,14.169546127319336,0.43112918734550476,0.0,0.0,0.0,0.0
255,5.10216945800039,1789353553.7962873,17,0.00182199,-0.07056798,0.017237522,0.00826694,3.0645103,-67.666145,-84.216385,-108.97023,-97.54338,-16.708652,11.945902,0.9975128,66.66565,82.66017,98.49556,100.78835,16.395077,4.288733,0.0,0.0,0.0,0.0,-0.84282,0.090066426,-0.0,0.0,-1.9000053,5.9000015,-1.2599945,14.940005,6.3,-0.059999086,9.059999,-21.249996,1.2000046,-2.5800018,-24.120003,12.300005,-5.6999955,-8.640005,0.0,0.0,0.0,0.0,rl_constraint,0.0,0.0,0.0,0.0,0.6978954672813416,-67.20281219482422,-84.93631744384766,-104.07011413574219,-97.321044921875,-15.503445625305176,9.556365013122559,0.1709698736667633,67.53673553466797,83.43606567382812,98.52037811279297,102.43708801269531,13.581927299499512,-0.5077340602874756,0.0,0.0,0.0,0.0
256,5.122160750000148,1789353553.8162782,17,-0.013206028,-0.068576135,0.017213726,0.00826354,3.0088692,-67.56626,-84.24377,-108.65443,-97.43229,-16.676504,12.072904,0.62119675,66.69884,82.5991,98.0702,101.02467,16.254795,4.0708327,0.0,0.0,0.0,0.0,-0.025987154,0.11247023,-0.0,0.0,-3.7000008,4.8499947,-1.6800019,17.459995,4.0800066,1.6200027,3.4200027,-16.049995,2.0000038,-2.3400054,-18.119999,10.859999,-9.780002,-13.260004,0.0,0.0,0.0,0.0,rl_constraint,0.0,0.0,0.0,0.0,0.1583220660686493,-67.51675415039062,-85.01203918457031,-103.44218444824219,-97.48765563964844,-15.036428451538086,8.604156494140625,1.0098475217819214,67.68708038330078,83.82469177246094,99.7700424194336,102.53485870361328,13.057147979736328,-1.3505724668502808,0.0,0.0,0.0,0.0
257,5.142013644000144,1789353553.836131,17,-0.0031408933,-0.06634986,0.017193332,0.008260141,2.9003792,-67.47871,-84.27361,-108.28803,-97.355774,-16.625212,12.073219,0.34862137,66.73779,82.574104,97.776344,101.23294,16.068796,3.7717164,0.0,0.0,0.0,0.0,0.633043,0.11773847,-0.0,0.0,-7.699997,3.6000023,-1.5000045,19.740002,3.8999953,3.2400055,-3.3600037,-11.650005,2.5499954,0.059999086,-11.879997,9.9,-10.859999,-18.119999,0.0,0.0,0.0,0.0,rl_constraint,0.0,0.0,0.0,0.0,-0.3119778335094452,-67.85517883300781,-85.0345458984375,-102.88789367675781,-97.65373229980469,-14.564923286437988,7.607211589813232,1.7710580825805664,67.74004364013672,84.21321105957031,100.97416687011719,102.62661743164062,12.595560073852539,-2.0942375659942627,0.0,0.0,0.0,0.0
258,5.162324322000131,1789353553.856442,17,-0.0011897323,-0.063456394,0.017176336,0.008256743,2.718521,-67.41639,-84.30768,-107.85181,-97.29889,-16.53783,11.96153,0.1598854,66.81371,82.61878,97.57734,101.42758,15.826368,3.3790925,0.0,0.0,0.0,0.0,-0.42326596,0.1882422,-0.0,0.0,-9.999996,2.3999977,-2.3400054,22.44,1.9799973,5.1600037,-8.219998,-6.0999985,3.9999962,3.7199981,-6.6599946,9.239996,-12.6,-21.959995,0.0,0.0,0.0,0.0,rl_constraint,0.0,0.0,0.0,0.0,-0.6939339637756348,-68.23796081542969,-85.01187896728516,-102.4255142211914,-97.77791595458984,-14.127175331115723,6.62781286239624,2.420457601547241,67.72731018066406,84.61438751220703,102.04470825195312,102.68649291992188,12.210433006286621,-2.729191303253174,0.0,0.0,0.0,0.0
259,5.1825650210003005,1789353553.8766825,17,-0.009443075,-0.058805153,0.017159339,0.008253343,2.5009232,-67.3796,-84.37478,-107.38293,-97.27443,-16.410086,11.730103,0.08885193,66.88595,82.7077,97.49422,101.599945,15.554155,2.9269912,0.0,0.0,0.0,0.0,0.025987154,0.3215501,-0.0,0.0,-12.0,0.9999962,-3.9599946,24.479998,0.11999817,7.7400055,-13.980006,-0.75,3.4500046,5.0400057,-1.3199936,8.459994,-14.220003,-25.259998,0.0,0.0,0.0,0.0,rl_constraint,0.0,0.0,0.0,0.0,-0.9509821534156799,-68.5274887084961,-85.04589080810547,-102.01876068115234,-97.88823699951172,-13.698027610778809,5.634438514709473,2.9264934062957764,67.6353530883789,85.00839233398438,102.91107940673828,102.75433349609375,11.883240699768066,-3.2659080028533936,0.0,0.0,0.0,0.0
260,5.201741296999899,1789353553.895859,17,-0.005656327,-0.049335107,0.017145742,0.008249944,2.2363815,-67.38592,-84.45489,-106.900925,-97.28922,-16.24937,11.388908,0.12079239,66.97568,82.81429,97.53343,101.74828,15.257222,2.4323456,0.0,0.0,0.0,0.0,0.27475,0.62061334,-0.0,0.0,-15.099998,-1.5,-3.6,25.020002,-0.66000366,9.480006,-19.8,4.2000046,4.8499947,7.080002,5.0400057,7.140001,-14.940005,-26.760004,0.0,0.0,0.0,0.0,rl_constraint,0.0,0.0,0.0,0.0,-1.153754472732544,-68.74029541015625,-85.110107421875,-101.63816833496094,-97.978515625,-13.266916275024414,4.612344741821289,3.30414080619812,67.49368286132812,85.35812377929688,103.56962585449219,102.81464385986328,11.610872268676758,-3.706489086151123,0.0,0.0,0.0,0.0
261,5.2222700210004405,1789353553.9163873,17,-0.0045549753,-0.0348512,0.017135544,0.008246545,1.9218636,-67.424736,-84.52459,-106.383446,-97.30879,-16.04479,10.905592,0.24636841,67.05004,82.99483,97.714836,101.89011,14.929239,1.8677582,0.0,0.0,0.0,0.0,0.0,0.7012849,-0.0,0.0,-15.700001,-2.6500053,-3.3000045,25.920002,-1.5600036,10.620003,-27.419994,8.299999,3.3499947,7.8000045,11.460004,6.8400054,-15.840006,-28.8,0.0,0.0,0.0,0.0,rl_constraint,0.0,0.0,0.0,0.0,-1.187799334526062,-68.8918228149414,-85.16928100585938,-101.2900161743164,-98.04782104492188,-12.895312309265137,3.583564519882202,3.5204520225524902,67.23959350585938,85.73749542236328,104.0727310180664,102.88410949707031,11.427579879760742,-4.032991886138916,0.0,0.0,0.0,0.0
262,5.242315124000015,1789353553.9364326,17,-0.004626359,-0.026103921,0.017121948,0.008243145,1.6098747,-67.50537,-84.596596,-105.8742,-97.350525,-15.804932,10.353653,0.4460907,67.13715,83.17524,98.01245,102.01763,14.582415,1.291745,0.0,0.0,0.0,0.0,0.0,0.10296218,-0.0,0.0,-15.700001,-4.9000053,-3.7199981,24.840006,-2.0399964,12.300005,-28.859999,11.349998,4.300003,10.139997,18.179996,5.9400053,-17.16,-29.939997,0.0,0.0,0.0,0.0,rl_constraint,0.0,0.0,0.0,0.0,-1.0701196193695068,-68.9994125366211,-85.241455078125,-100.97661590576172,-98.10768127441406,-12.552227973937988,2.5978307723999023,3.5565154552459717,66.9146499633789,86.07716369628906,104.42105102539062,102.92182922363281,11.311542510986328,-4.243760585784912,0.0,0.0,0.0,0.0
263,5.262320366000495,1789353553.956438,17,-0.004629758,-0.026050858,0.01711175,0.008239746,1.2945213,-67.60816,-84.6591,-105.366135,-97.402916,-15.540957,9.745024,0.7017975,67.18719,83.397255,98.43108,102.13196,14.239367,0.7099228,0.0,0.0,0.0,0.0,0.0,0.0,-0.0,0.0,-15.700001,-5.449997,-2.4000046,26.459995,-3.540001,13.5,-31.859995,13.549999,1.5999985,11.219994,23.940006,5.1600037,-17.459995,-27.96,0.0,0.0,0.0,0.0,rl_constraint,0.0,0.0,0.0,0.0,-0.8330200910568237,-68.9876937866211,-85.35941314697266,-100.6856689453125,-98.16252136230469,-12.257990837097168,1.6060343980789185,3.383450746536255,66.54783630371094,86.3775405883789,104.54185485839844,102.97958374023438,11.278969764709473,-4.320720195770264,0.0,0.0,0.0,0.0
264,5.2823510400003215,1789353553.9764688,17,-0.0046093627,-0.02607538,0.017104952,0.008236347,0.9852791,-67.72263,-84.71758,-104.855835,-97.47077,-15.25475,9.067141,0.98690414,67.22079,83.63934,98.96589,102.23954,13.8942585,0.13859253,0.0,0.0,0.0,0.0,0.0,0.0,-0.0,0.0,-14.850002,-5.750004,-3.6,24.419998,-3.0599945,13.799995,-35.519993,14.549995,1.2500038,13.140005,29.819998,5.340001,-17.339996,-27.359995,0.0,0.0,0.0,0.0,rl_constraint,0.0,0.0,0.0,0.0,-0.48786094784736633,-68.85587310791016,-85.52679443359375,-100.33610534667969,-98.2033920288086,-12.023212432861328,0.5883004069328308,3.0430071353912354,66.15465545654297,86.63340759277344,104.44287872314453,103.06790161132812,11.32149887084961,-4.263486862182617,0.0,0.0,0.0,0.0
265,5.302085487000113,1789353553.996203,17,-0.0012985078,-0.026078597,0.017094754,0.008232947,0.7139511,-67.85254,-84.79498,-104.376945,-97.53056,-14.961291,8.35351,1.2707863,67.230576,83.90564,99.606514,102.33301,13.5807085,-0.39944917,0.0,0.0,0.0,0.0,0.21905692,0.0,-0.0,0.0,-12.999996,-6.8499985,-4.2600036,24.659994,-3.2400055,14.880007,-36.780003,14.000004,-0.55000305,13.859995,35.519993,4.7399964,-15.240001,-27.359995,0.0,0.0,0.0,0.0,rl_constraint,0.0,0.0,0.0,0.0,-0.06367838382720947,-68.69820404052734,-85.74181365966797,-99.9478759765625,-98.21271514892578,-11.837776184082031,-0.46419328451156616,2.481210470199585,65.75131225585938,86.84806060791016,104.0862808227539,103.16514587402344,11.45445728302002,-4.085480213165283,0.0,0.0,0.0,0.0
266,5.32226882499981,1789353554.0163863,17,-0.00023794646,-0.026079802,0.017087955,0.008229548,0.4673195,-67.98495,-84.86427,-103.889244,-97.599106,-14.646588,7.555037,1.5379486,67.19295,84.18255,100.37645,102.43003,13.269671,-0.925708,0.0,0.0,0.0,0.0,0.0,0.0,-0.0,0.0,-11.100002,-6.199997,-3.2400055,23.280003,-3.7799973,15.599996,-38.939995,12.099998,-2.5999947,13.799995,33.120003,4.619998,-14.880007,-23.34,0.0,0.0,0.0,0.0,rl_constraint,0.0,0.0,0.0,0.0,0.501654326915741,-68.45513153076172,-86.00313568115234,-99.59561920166016,-98.14634704589844,-11.756904602050781,-1.4586952924728394,1.6051571369171143,65.38861083984375,86.96861267089844,103.5650863647461,103.22085571289062,11.741388320922852,-3.732865571975708,0.0,0.0,0.0,0.0
267,5.34214677700038,1789353554.0362642,17,-0.00028213652,-0.026081007,0.017081156,0.008226149,0.27993393,-68.09427,-84.94305,-103.42991,-97.673706,-14.336184,6.7400713,1.7720375,67.11948,84.46112,100.96861,102.51065,12.991415,-1.408873,0.0,0.0,0.0,0.0,0.0,0.0,-0.0,0.0,-7.7999954,-5.5499954,-4.3200026,22.679996,-3.7799973,15.719994,-42.42,11.25,-3.6500015,13.679997,28.319994,4.2000046,-13.980006,-23.100004,0.0,0.0,0.0,0.0,rl_constraint,0.0,0.0,0.0,0.0,1.0800137519836426,-68.19725799560547,-86.2564926147461,-99.22936248779297,-98.11185455322266,-11.733535766601562,-2.425173282623291,0.6381648182868958,65.1325912475586,87.01668548583984,102.60321044921875,103.25794982910156,12.06365966796875,-3.3571770191192627,0.0,0.0,0.0,0.0
268,5.362526627000079,1789353554.0566442,17,-0.00028213652,-0.026084626,0.017074358,0.008222749,0.15346527,-68.199326,-85.02845,-102.98474,-97.735855,-14.02711,5.886255,1.9492836,67.020645,84.76242,101.4824,102.59702,12.763311,-1.8117416,0.0,0.0,0.0,0.0,0.0,0.0,-0.0,0.0,-4.450001,-3.9999962,-4.380002,21.300005,-2.8799973,14.699995,-43.439995,5.950001,-6.700001,15.120003,24.539997,4.2000046,-9.780002,-18.720003,0.0,0.0,0.0,0.0,rl_constraint,0.0,0.0,0.0,0.0,1.6880534887313843,-67.91187286376953,-86.52267456054688,-98.82917022705078,-98.11614990234375,-11.748047828674316,-3.3959438800811768,-0.37571439146995544,65.08465576171875,86.9986572265625,101.43022918701172,103.26895904541016,12.380696296691895,-2.8417389392852783,0.0,0.0,0.0,0.0
269,5.382268424000358,1789353554.0763857,17,-0.00028553576,-0.026089048,0.01706416,0.008219351,0.094379425,-68.26343,-85.135155,-102.55104,-97.792656,-13.741425,5.0109053,2.0125122,66.87897,85.04309,101.92988,102.677895,12.581131,-2.1468658,0.0,0.0,0.0,0.0,0.0,0.0,-0.0,0.0,-1.2500038,-2.5999947,-6.1200027,21.959995,-3.4200027,13.619998,-44.580006,0.8999977,-7.5999985,12.839996,19.500004,3.1800065,-7.980002,-14.220003,0.0,0.0,0.0,0.0,rl_constraint,0.0,0.0,0.0,0.0,2.361051321029663,-67.59722900390625,-86.82003021240234,-98.45289611816406,-98.18722534179688,-11.828466415405273,-4.307713031768799,-1.450361967086792,65.16718292236328,86.88711547851562,100.25132751464844,103.27095031738281,12.688776969909668,-2.269000768661499,0.0,0.0,0.0,0.0
270,5.402072664000116,1789353554.0961902,17,-0.000288935,-0.026103117,0.017053964,0.008215952,0.11525345,-68.299644,-85.256516,-102.122604,-97.848274,-13.472246,4.111441,1.9840393,66.714226,85.29315,102.269424,102.748,12.444681,-2.4037125,0.0,0.0,0.0,0.0,0.0,-0.0030731559,-0.0,0.0,2.5999947,-0.8499985,-5.8199935,21.300005,-2.9399962,12.839996,-44.940002,-3.75,-7.9500046,12.719998,13.859995,3.540001,-5.519998,-11.219994,0.0,0.0,0.0,0.0,rl_constraint,0.0,0.0,0.0,0.0,3.0653092861175537,-67.37816619873047,-87.04784393310547,-98.09909057617188,-98.33847045898438,-11.941567420959473,-5.180190086364746,-2.5139572620391846,65.3326187133789,86.68963623046875,99.09239959716797,103.23245239257812,12.991735458374023,-1.6454248428344727,0.0,0.0,0.0,0.0
271,5.422292432000177,1789353554.1164098,17,-0.00029233424,-0.026113568,0.017047165,0.008212552,0.19992828,-68.296295,-85.38294,-101.70652,-97.90127,-13.227704,3.1997542,1.855053,66.54807,85.52947,102.48234,102.82317,12.364838,-2.573616,0.0,0.0,0.0,0.0,0.0,0.0,-0.0,0.0,6.0,0.94999695,-6.960004,20.280006,-2.1599946,10.979998,-46.92,-9.0,-8.399998,10.8,8.040001,3.2400055,-2.2800064,-7.080002,0.0,0.0,0.0,0.0,rl_constraint,0.0,0.0,0.0,0.0,3.782484292984009,-67.19979858398438,-87.25406646728516,-97.743408203125,-98.6003646850586,-12.066581726074219,-6.016846656799316,-3.4460911750793457,65.6120834350586,86.4144058227539,97.97061157226562,103.20556640625,13.277353286743164,-1.0107449293136597,0.0,0.0,0.0,0.0
272,5.442381036999905,1789353554.1364987,17,-0.000288935,-0.026118794,0.017040366,0.008209153,0.35734177,-68.27133,-85.529625,-101.29597,-97.94857,-13.014679,2.2836182,1.6253128,66.382164,85.73665,102.57608,102.87761,12.32379,-2.6639237,0.0,0.0,0.0,0.0,0.0,0.0,-0.0,0.0,9.600002,1.6499977,-7.8000045,20.520002,-2.5200028,9.540006,-45.600006,-14.150002,-7.5999985,9.540006,1.4400055,2.2199936,-1.3199936,-1.9799973,0.0,0.0,0.0,0.0,rl_constraint,0.0,0.0,0.0,0.0,4.5028486251831055,-67.12313079833984,-87.42827606201172,-97.44682312011719,-98.9339599609375,-12.209975242614746,-6.802008152008057,-4.249926567077637,65.96049499511719,86.07689666748047,96.97740936279297,103.16985321044922,13.499751091003418,-0.4437738060951233,0.0,0.0,0.0,0.0
273,5.462235560000408,1789353554.156353,17,-0.00029233424,-0.026122412,0.017030168,0.008205754,0.5820236,-68.221245,-85.69896,-100.89112,-98.00416,-12.837524,1.3577179,1.2862816,66.23398,85.90502,102.53947,102.93091,12.3367405,-2.657126,0.0,0.0,0.0,0.0,0.0,-0.0030731568,-0.0,0.0,12.949997,3.4500046,-8.640005,19.500004,-3.4200027,7.920003,-46.019997,-19.150005,-6.2999954,7.2599993,-5.2200027,2.4000046,2.2800064,2.8199983,0.0,0.0,0.0,0.0,rl_constraint,0.0,0.0,0.0,0.0,5.1882195472717285,-67.1751708984375,-87.55516052246094,-97.16256713867188,-99.36861419677734,-12.322269439697266,-7.588629245758057,-4.900270462036133,66.35419464111328,85.71952819824219,96.14856719970703,103.14007568359375,13.678118705749512,0.06904509663581848,0.0,0.0,0.0,0.0
274,5.482405808000294,1789353554.1765232,17,-0.00044190057,-0.026124824,0.01702337,0.008202354,0.873539,-68.13651,-85.8684,-100.49623,-98.08157,-12.689717,0.4356903,0.8612366,66.11489,86.029335,102.376595,102.98543,12.396753,-2.5778458,0.0,0.0,0.0,0.0,-0.027843136,0.0,-0.0,0.0,15.949997,4.5999985,-8.459994,18.9,-4.3200026,6.960004,-46.560005,-23.150002,-5.1500015,4.7999954,-11.159994,2.5200028,3.8399963,5.2800016,0.0,0.0,0.0,0.0,rl_constraint,0.0,0.0,0.0,0.0,5.831315994262695,-67.29454040527344,-87.67191314697266,-96.90445709228516,-99.83040618896484,-12.416592597961426,-8.365604400634766,-5.319685935974121,66.76250457763672,85.36294555664062,95.5114974975586,103.06156158447266,13.845244407653809,0.45009320974349976,0.0,0.0,0.0,0.0
275,5.501774887000465,1789353554.1958923,17,-0.00077842484,-0.026126834,0.01701997,0.008198955,1.215271,-68.04774,-86.03874,-100.124756,-98.16754,-12.578549,-0.45431215,0.37901688,66.05344,86.109726,102.105354,103.0224,12.472531,-2.437729,0.0,0.0,0.0,0.0,0.0,0.0,-0.0,0.0,18.849998,5.050003,-9.720003,18.9,-4.8599944,5.519998,-46.079998,-26.000004,-2.3499985,3.4200027,-16.140001,1.3199936,4.1400056,7.920003,0.0,0.0,0.0,0.0,rl_constraint,0.0,0.0,0.0,0.0,6.37407112121582,-67.51792907714844,-87.75568389892578,-96.68560791015625,-100.31171417236328,-12.50846004486084,-9.142290115356445,-5.484265327453613,67.13485717773438,85.06587219238281,95.11517333984375,102.9241714477539,13.932090759277344,0.6852594017982483,0.0,0.0,0.0,0.0
276,5.521984742000313,1789353554.2161021,17,-0.0008702042,-0.026128039,0.017013172,0.008195556,1.618206,-67.94955,-86.22051,-99.7498,-98.289734,-12.495012,-1.3577865,-0.16050339,66.01268,86.13953,101.72016,103.04353,12.571642,-2.2444382,0.0,0.0,0.0,0.0,0.0,0.0,-0.0,0.0,21.149998,4.0499954,-9.059999,18.540005,-7.2599993,3.3600037,-45.9,-28.200005,-0.9999962,-1.0799973,-22.56,0.66000366,5.6399965,11.460004,0.0,0.0,0.0,0.0,rl_constraint,0.0,0.0,0.0,0.0,6.825523853302002,-67.82927703857422,-87.7973403930664,-96.51769256591797,-100.80619812011719,-12.57365608215332,-9.879843711853027,-5.4341630935668945,67.44844055175781,84.84984588623047,94.98668670654297,102.7082290649414,13.965691566467285,0.755190908908844,0.0,0.0,0.0,0.0
277,5.542135981000683,1789353554.2362535,17,-0.0009075958,-0.026129246,0.017006373,0.008195556,2.072239,-67.867035,-86.40534,-99.37421,-98.44042,-12.437732,-2.2723298,-0.7485466,66.0189,86.10064,101.18437,103.05018,12.69175,-1.998523,0.0,0.0,0.0,0.0,0.0,0.0,-0.0,0.0,22.900005,3.7999992,-9.840001,17.94,-8.459994,1.6200027,-43.740005,-29.050003,2.3499985,-1.6200027,-29.280006,-0.41999358,5.519998,12.360003,0.0,0.0,0.0,0.0,rl_constraint,0.0,0.0,0.0,0.0,7.101312160491943,-68.21454620361328,-87.80768585205078,-96.38822174072266,-101.28107452392578,-12.60927963256836,-10.556694984436035,-5.122923851013184,67.72694396972656,84.6915512084961,95.12084197998047,102.39495849609375,13.975948333740234,0.6464923024177551,0.0,0.0,0.0,0.0
278,5.562199636000514,1789353554.2563171,17,-0.0009449874,-0.02613005,0.017002974,0.008192156,2.5449486,-67.801895,-86.57828,-99.02441,-98.62506,-12.410238,-3.151689,-1.3114014,66.10137,86.054504,100.53792,103.034424,12.821993,-1.7381195,0.0,0.0,0.0,0.0,0.0,0.0,-0.0,0.0,24.199997,2.25,-8.459994,16.800005,-10.500005,1.4400055,-44.1,-27.450005,5.299999,-2.9999955,-34.32,-0.7200028,6.539996,13.679997,0.0,0.0,0.0,0.0,rl_constraint,0.0,0.0,0.0,0.0,7.2486042976379395,-68.67520904541016,-87.7726058959961,-96.28411102294922,-101.73067474365234,-12.613181114196777,-11.214370727539062,-4.50358772277832,67.9821548461914,84.65284729003906,95.52360534667969,102.01490020751953,13.915822982788086,0.40270718932151794,0.0,0.0,0.0,0.0
279,5.582115242000327,1789353554.2762327,17,-0.0009585843,-0.02613005,0.016996175,0.008188757,3.0336342,-67.77441,-86.739914,-98.69568,-98.843735,-12.38828,-4.0108886,-1.8343163,66.19642,85.96805,99.79163,103.01218,12.949049,-1.4762466,0.0,0.0,0.0,0.0,0.0,0.0,-0.0,0.0,24.75,0.45000458,-8.040001,15.479998,-11.640001,0.5400055,-42.780006,-25.150005,4.6499977,-5.8199935,-40.440002,-1.6200027,6.960004,12.6,0.0,0.0,0.0,0.0,rl_constraint,0.0,0.0,0.0,0.0,7.183233737945557,-69.13277435302734,-87.75993347167969,-96.23346710205078,-102.13064575195312,-12.529525756835938,-11.834565162658691,-3.568254232406616,68.20152282714844,84.66956329345703,96.19994354248047,101.60033416748047,13.773219108581543,0.038936663419008255,0.0,0.0,0.0,0.0
280,5.602054840000164,1789353554.2961724,17,-0.0009755805,-0.026129648,0.016992778,0.008185359,3.5100517,-67.78109,-86.88793,-98.39015,-99.08804,-12.382416,-4.8280654,-2.2937508,66.32416,85.847565,98.98565,102.9706,13.064997,-1.22341,0.0,0.0,0.0,0.0,0.0,0.0,-0.0,0.0,23.700005,-1.4000015,-6.5999956,15.060003,-14.160004,0.059999086,-41.880005,-21.600002,7.549999,-5.6999955,-35.219997,-2.5800018,4.980006,13.200005,0.0,0.0,0.0,0.0,rl_constraint,0.0,0.0,0.0,0.0,6.927475452423096,-69.5782699584961,-87.73404693603516,-96.20036315917969,-102.47905731201172,-12.389500617980957,-12.410439491271973,-2.3510730266571045,68.34587860107422,84.75476837158203,97.1185073852539,101.17583465576172,13.55467700958252,-0.3941724896430969,0.0,0.0,0.0,0.0
281,5.622120666000228,1789353554.3162382,17,-0.0009857782,-0.02611799,0.016938388,0.008181959,3.9890099,-67.828575,-87.01958,-98.09311,-99.369965,-12.403908,-5.6727767,-2.6902428,66.49175,85.736946,98.31478,102.895,13.190447,-0.9780716,0.0,0.0,0.0,0.0,0.0,0.0,-0.0,0.0,23.000004,-3.0999985,-6.1800017,13.679997,-15.120003,-0.7200028,-40.799995,-16.749996,8.750004,-5.6399965,-30.300005,-5.2200027,5.0400057,9.359995,0.0,0.0,0.0,0.0,rl_constraint,0.0,0.0,0.0,0.0,6.431487083435059,-70.08462524414062,-87.6133804321289,-96.24348449707031,-102.7658920288086,-12.263800621032715,-12.86882495880127,-0.9643756747245789,68.42994689941406,84.9384994506836,98.4395751953125,100.75093078613281,13.313433647155762,-0.8246997594833374,0.0,0.0,0.0,0.0
282,5.642147446000308,1789353554.3362646,17,-0.0015364543,-0.026073772,0.016873803,0.00817856,4.417946,-67.90628,-87.142624,-97.82285,-99.669,-12.416212,-6.468558,-2.9530334,66.66847,85.60811,97.74502,102.77597,13.26768,-0.8045975,0.0,0.0,0.0,0.0,0.0,0.0030731547,-0.0,0.0,19.799995,-5.5499954,-5.459999,13.559999,-15.539996,-0.41999358,-40.080006,-9.650002,9.099998,-6.0600038,-27.06,-5.8199935,3.480002,7.2599993,0.0,0.0,0.0,0.0,rl_constraint,0.0,0.0,0.0,0.0,5.719882488250732,-70.5862045288086,-87.4613265991211,-96.2773208618164,-103.01885986328125,-12.071666717529297,-13.211207389831543,0.6887329816818237,68.4717788696289,85.22666931152344,99.92752075195312,100.39703369140625,12.986102104187012,-1.3224133253097534,0.0,0.0,0.0,0.0
283,5.6624051250000775,1789353554.3565226,17,-0.0016248344,-0.025879614,0.01684321,0.008175161,4.7874413,-68.05176,-87.23076,-97.579704,-99.981766,-12.409895,-7.2383285,-3.0852585,66.85103,85.49873,97.23579,102.62744,13.336675,-0.67826843,0.0,0.0,0.0,0.0,0.027843136,0.009659206,-0.0,0.0,16.699997,-8.050003,-3.7799973,11.400004,-16.020002,2.3400054,-36.12,-3.4500046,9.0,-4.7999954,-23.220003,-8.580007,2.5800018,5.340001,0.0,0.0,0.0,0.0,rl_constraint,0.0,0.0,0.0,0.0,4.783445358276367,-71.0536117553711,-87.29580688476562,-96.28968811035156,-103.18569946289062,-11.799039840698242,-13.444801330566406,2.408179759979248,68.41862487792969,85.62657165527344,101.4068832397461,100.18338012695312,12.668815612792969,-1.8017098903656006,0.0,0.0,0.0,0.0
284,5.682361055000001,1789353554.3764784,17,-0.001618036,-0.025749775,0.016819416,0.008171761,5.083729,-68.2327,-87.30445,-97.368,-100.303474,-12.380768,-7.9709244,-3.10532,67.03635,85.41647,96.84223,102.451805,13.369977,-0.61221313,0.0,0.0,0.0,0.0,0.0,0.0030731405,-0.0,0.0,12.700001,-9.799999,-3.1199937,10.440005,-15.599996,1.1399963,-34.860004,1.7999954,8.950001,-2.9999955,-16.499996,-10.560003,0.8400009,1.6800019,0.0,0.0,0.0,0.0,rl_constraint,0.0,0.0,0.0,0.0,3.64188814163208,-71.40279388427734,-87.20855712890625,-96.30603790283203,-103.26325988769531,-11.466785430908203,-13.533143043518066,4.13462495803833,68.33282470703125,86.07931518554688,102.85481262207031,100.08500671386719,12.37465763092041,-2.2538905143737793,0.0,0.0,0.0,0.0
285,5.702056457000253,1789353554.3961742,17,-0.0016010398,-0.025635613,0.016805818,0.008171761,5.287136,-68.45356,-87.3526,-97.19161,-100.62421,-12.356021,-8.664148,-3.014923,67.21526,85.369415,96.575905,102.25327,13.366941,-0.6108948,0.0,0.0,0.0,0.0,0.0,0.0,-0.0,0.0,7.300003,-12.199997,-1.9799973,9.059999,-15.780006,1.6800019,-34.499996,7.699997,8.299999,-2.1599946,-10.380007,-10.019999,-2.0999954,-2.4000046,0.0,0.0,0.0,0.0,rl_constraint,0.0,0.0,0.0,0.0,2.421863317489624,-71.65009307861328,-87.15983581542969,-96.34211730957031,-103.22827911376953,-11.189181327819824,-13.478718757629395,5.730572700500488,68.21289825439453,86.5484390258789,104.20912170410156,100.06746673583984,12.12629508972168,-2.637192726135254,0.0,0.0,0.0,0.0
286,5.723421542000324,1789353554.4175396,17,-0.0015874428,-0.025585365,0.016792221,0.008168362,5.3771553,-68.718956,-87.38682,-97.03183,-100.94338,-12.305415,-9.324976,-2.798458,67.38311,85.34265,96.424065,102.03576,13.318973,-0.6768402,0.0,0.0,0.0,0.0,0.0,0.0030731333,-0.0,0.0,1.699997,-13.699997,-1.6200027,7.140001,-15.840006,3.1800065,-30.360004,13.799995,7.2000046,-0.3599945,-4.5,-10.2599945,-2.4000046,-3.7799973,0.0,0.0,0.0,0.0,rl_constraint,0.0,0.0,0.0,0.0,1.1735413074493408,-71.75399017333984,-87.15788269042969,-96.32854461669922,-103.11515808105469,-10.914044380187988,-13.367073059082031,7.163161277770996,68.09916687011719,86.95988464355469,105.38308715820312,100.13671112060547,11.908098220825195,-2.9426443576812744,0.0,0.0,0.0,0.0
287,5.742708290000337,1789353554.4368255,17,-0.0015772451,-0.025550796,0.016785424,0.008164963,5.35334,-68.9935,-87.406006,-96.90288,-101.22844,-12.2396755,-9.900701,-2.471672,67.52598,85.358376,96.40793,101.82649,13.254209,-0.7662277,0.0,0.0,0.0,0.0,0.0,0.0,-0.0,0.0,-4.5,-14.399998,-0.059999086,4.8599944,-14.940005,4.440001,-29.400005,19.45,6.6000023,2.4600036,2.4600036,-11.400004,-4.2600036,-6.1200027,0.0,0.0,0.0,0.0,rl_constraint,0.0,0.0,0.0,0.0,-0.03872418403625488,-71.69029998779297,-87.19015502929688,-96.3299331665039,-102.9619369506836,-10.689573287963867,-13.055496215820312,8.488529205322266,67.93236541748047,87.35078430175781,106.44886016845703,100.26531982421875,11.770145416259766,-3.0608928203582764,0.0,0.0,0.0,0.0
288,5.7622351970003365,1789353554.4563525,17,-0.0015568497,-0.025504969,0.016775226,0.008161563,5.200676,-69.28633,-87.39188,-96.79695,-101.498924,-12.146004,-10.422427,-2.0087128,67.65429,85.43875,96.49653,101.61929,13.160014,-0.9151062,0.0,0.0,0.0,0.0,0.025987154,0.0030731298,-0.0,0.0,-10.300003,-14.449997,0.3599945,6.1800017,-13.440001,5.2800016,-24.719994,27.0,5.499996,5.579997,7.140001,-10.500005,-4.7999954,-7.8000045,0.0,0.0,0.0,0.0,rl_constraint,0.0,0.0,0.0,0.0,-1.2127764225006104,-71.57466888427734,-87.16722106933594,-96.33291625976562,-102.83668518066406,-10.512579917907715,-12.656913757324219,9.564068794250488,67.77204132080078,87.70614624023438,107.31395721435547,100.44473266601562,11.650104522705078,-3.0960605144500732,0.0,0.0,0.0,0.0
289,5.781801651000023,1789353554.475919,17,0.0016928192,-0.025479242,0.016768428,0.008158164,4.9414787,-69.56911,-87.38583,-96.70284,-101.73208,-12.033751,-10.8663435,-1.431633,67.73435,85.54963,96.70156,101.43234,13.057635,-1.0842956,0.0,0.0,0.0,0.0,0.35272163,0.0,-0.0,0.0,-16.350002,-14.100002,0.66000366,3.3600037,-11.640001,6.419998,-21.240005,31.649998,3.949997,5.8199935,12.420003,-9.720003,-6.8400054,-8.640005,0.0,0.0,0.0,0.0,rl_constraint,0.0,0.0,0.0,0.0,-2.2060787677764893,-71.35283660888672,-87.14936065673828,-96.34004211425781,-102.76311492919922,-10.373126029968262,-12.215597152709961,10.426177024841309,67.60554504394531,87.95578002929688,107.93277740478516,100.6065444946289,11.578364372253418,-2.9644505977630615,0.0,0.0,0.0,0.0
290,5.802046791000066,1789353554.4961643,17,0.0049050963,-0.0254708,0.016765028,0.008154765,4.548065,-69.85009,-87.369736,-96.63576,-101.9421,-11.897781,-11.247844,-0.7283592,67.812996,85.70843,97.040054,101.26137,12.927076,-1.2797562,0.0,0.0,0.0,0.0,-0.1689352,0.0,-0.0,0.0,-22.350002,-12.500004,0.66000366,3.8999953,-9.179997,6.7199936,-17.04,37.250004,2.9500008,9.119998,19.919998,-8.399996,-6.1800017,-9.959999,0.0,0.0,0.0,0.0,rl_constraint,0.0,0.0,0.0,0.0,-3.144165515899658,-71.05897521972656,-87.08966064453125,-96.37432098388672,-102.74342346191406,-10.318259239196777,-11.630964279174805,11.098325729370117,67.43724822998047,88.10757446289062,108.30672454833984,100.76176452636719,11.562244415283203,-2.664665937423706,0.0,0.0,0.0,0.0
291,5.82229766599994,1789353554.516415,17,0.0034060336,-0.025466379,0.01675823,0.008151366,4.036995,-70.0952,-87.34347,-96.56246,-102.11095,-11.754849,-11.538913,0.094322205,67.840256,85.89081,97.4953,101.124565,12.791601,-1.4698883,0.0,0.0,0.0,0.0,0.0,0.0,-0.0,0.0,-28.5,-11.200001,1.5600036,2.759999,-7.8600035,7.4399962,-12.839996,43.900005,0.19999695,9.179997,25.439997,-5.9400053,-6.5999956,-9.0,0.0,0.0,0.0,0.0,rl_constraint,0.0,0.0,0.0,0.0,-3.919968605041504,-70.7393798828125,-86.92202758789062,-96.40143585205078,-102.79375457763672,-10.374287605285645,-10.955605506896973,11.46056842803955,67.2436752319336,88.09465789794922,108.38604736328125,100.9486312866211,11.598350524902344,-2.162536382675171,0.0,0.0,0.0,0.0
292,5.842325970999809,1789353554.5364435,17,0.0035012122,-0.025462762,0.01675483,0.008147967,3.4112778,-70.30226,-87.3152,-96.51544,-102.24967,-11.607056,-11.736735,1.0231819,67.84046,86.079155,98.05574,101.01014,12.654203,-1.6390228,0.0,0.0,0.0,0.0,0.0,0.0,-0.0,0.0,-33.8,-9.349995,1.3199936,2.2199936,-6.7800064,7.2599993,-7.020003,50.3,0.0,10.919998,31.080006,-4.2000046,-7.4399962,-7.5599947,0.0,0.0,0.0,0.0,rl_constraint,0.0,0.0,0.0,0.0,-4.573469161987305,-70.33989715576172,-86.7110366821289,-96.48076629638672,-102.87256622314453,-10.579771041870117,-10.11833381652832,11.429464340209961,67.10420227050781,87.893798828125,108.14307403564453,101.13509368896484,11.738471031188965,-1.4437839984893799,0.0,0.0,0.0,0.0
293,5.86229129000003,1789353554.556409,17,0.0035046116,-0.025459947,0.01675143,0.008147967,2.7191162,-70.46053,-87.28473,-96.48924,-102.36021,-11.462682,-11.847903,2.094223,67.83508,86.30358,98.755226,100.93778,12.528067,-1.7791259,0.0,0.0,0.0,0.0,0.0,0.0,-0.0,0.0,-35.95,-6.550003,1.2599945,0.41999358,-4.380002,7.080002,-3.8999953,56.000004,-0.70000076,10.560003,38.099995,-3.3000045,-6.2400007,-5.8199935,0.0,0.0,0.0,0.0,rl_constraint,0.0,0.0,0.0,0.0,-5.000144004821777,-69.850341796875,-86.47347259521484,-96.5271987915039,-102.97562408447266,-10.908761024475098,-9.144359588623047,10.997865676879883,66.96868896484375,87.54872131347656,107.53779602050781,101.32740020751953,12.003399848937988,-0.5362797379493713,0.0,0.0,0.0,0.0
294,5.882561082000393,1789353554.576679,17,-0.004911895,-0.02545834,0.016748032,0.008144568,1.9811783,-70.570175,-87.24666,-96.478035,-102.458275,-11.329376,-11.854879,3.2763634,67.80786,86.51758,99.574104,100.88565,12.409483,-1.8703537,0.0,0.0,0.0,0.0,-0.6144797,0.0,-0.0,0.0,-37.55,-3.8499985,2.5800018,0.60000455,-5.2800016,5.8800063,2.9399962,62.3,-1.7499962,11.039996,44.16,-1.8,-4.980006,-3.1800065,0.0,0.0,0.0,0.0,rl_constraint,0.0,0.0,0.0,0.0,-5.162265777587891,-69.36947631835938,-86.1354751586914,-96.4557113647461,-103.05465698242188,-11.339597702026367,-8.05971622467041,10.01523494720459,66.83335876464844,86.99808502197266,106.51207733154297,101.49703216552734,12.41511344909668,0.5364530682563782,0.0,0.0,0.0,0.0
295,5.901645116000509,1789353554.5957625,17,-0.011791947,-0.025457134,0.016744632,0.008141168,1.248436,-70.62203,-87.20086,-96.47647,-102.53481,-11.227107,-11.769626,4.540901,67.76079,86.689644,100.48597,100.86251,12.318476,-1.8835922,0.0,0.0,0.0,0.0,0.13922927,0.0,-0.0,0.0,-38.050003,-1.4500008,2.6400008,0.7200028,-3.3000045,5.0400057,7.2,68.15,-3.199997,9.239996,50.040005,-0.5400055,-4.440001,1.9799973,0.0,0.0,0.0,0.0,rl_constraint,0.0,0.0,0.0,0.0,-5.071212291717529,-69.00633239746094,-85.7272720336914,-96.26514434814453,-103.01455688476562,-11.804065704345703,-6.906426429748535,8.574649810791016,66.65048217773438,86.30583190917969,105.07759857177734,101.7258071899414,12.994979858398438,1.7637859582901,0.0,0.0,0.0,0.0
296,5.922223522000422,1789353554.6163414,17,-0.010204504,-0.02545633,0.016741233,0.008137769,0.5049019,-70.62014,-87.12694,-96.459274,-102.60445,-11.156095,-11.567134,5.8773994,67.68898,86.83646,101.57367,100.87447,12.248383,-1.8071686,0.0,0.0,0.0,0.0,0.25433078,0.0,-0.0,0.0,-36.75,1.5999985,4.9199934,1.2599945,-3.6,2.1599946,12.659999,61.950005,-5.1500015,6.9000044,55.979996,1.8,-1.3800064,6.0600038,0.0,0.0,0.0,0.0,rl_constraint,0.0,0.0,0.0,0.0,-4.6786699295043945,-68.97162628173828,-85.10235595703125,-95.93563842773438,-102.82996368408203,-12.23989200592041,-5.6433210372924805,6.828871250152588,66.48377990722656,85.53357696533203,103.29805755615234,102.0968246459961,13.629002571105957,3.129824638366699,0.0,0.0,0.0,0.0
297,5.942253963999974,1789353554.6363714,17,0.010282686,-0.02545834,0.016737834,0.00813437,-0.22639847,-70.55994,-87.01941,-96.44134,-102.66981,-11.1243305,-11.263692,7.0827827,67.587105,86.937546,102.78928,100.91729,12.235392,-1.6503388,0.0,0.0,0.0,0.0,0.95049417,0.0,-0.0,0.0,-34.250004,4.549999,5.7599945,0.7800018,-2.7,0.41999358,17.279997,58.200005,-3.8999977,1.9199982,63.359993,2.8199983,0.23999634,9.9,0.0,0.0,0.0,0.0,rl_constraint,0.0,0.0,0.0,0.0,-3.9566810131073,-69.30987548828125,-84.1817626953125,-95.40381622314453,-102.53926849365234,-12.506887435913086,-4.31660270690918,4.8529863357543945,66.24555206298828,84.81523132324219,101.12947082519531,102.77467346191406,14.252522468566895,4.600315570831299,0.0,0.0,0.0,0.0
298,5.962195578000319,1789353554.6563132,17,0.014157815,-0.025475625,0.016734434,0.00813097,-0.87968445,-70.453964,-86.89664,-96.41198,-102.70547,-11.153032,-10.851224,8.181541,67.494026,86.94796,104.06255,100.99337,12.284253,-1.3730026,0.0,0.0,0.0,0.0,-0.6516062,-0.0030731284,-0.0,0.0,-30.199997,5.6500053,6.7800064,1.740001,-1.3800064,-2.5200028,23.940006,50.599995,-5.5499954,-1.8,57.839996,5.1600037,3.1800065,15.780006,0.0,0.0,0.0,0.0,rl_constraint,0.0,0.0,0.0,0.0,-3.1298866271972656,-69.87670135498047,-83.09906005859375,-94.70111846923828,-102.1747055053711,-12.685077667236328,-3.011003255844116,2.9388458728790283,66.08134460449219,84.134521484375,98.7442855834961,103.58556365966797,14.800602912902832,6.171584129333496,0.0,0.0,0.0,0.0
299,5.9821559470001375,1789353554.6762733,17,-0.0025222325,-0.025494115,0.016731035,0.008083382,-1.445137,-70.333374,-86.73007,-96.35125,-102.729485,-11.217013,-10.331144,9.151325,67.39143,86.86461,105.155396,101.09803,12.365552,-0.9985336,0.0,0.0,0.0,0.0,0.025987154,-0.006366141,-0.0,0.0,-26.25,5.5999947,9.780002,3.6599991,-0.5400055,-3.7799973,29.219994,45.8,-5.3499985,-4.7399964,52.2,6.7199936,5.459999,23.759995,0.0,0.0,0.0,0.0,rl_constraint,0.0,0.0,0.0,0.0,-2.4261326789855957,-70.53815460205078,-82.0446548461914,-93.95362091064453,-101.65162658691406,-12.751675605773926,-1.8414487838745117,1.1787761449813843,65.88256072998047,83.48207092285156,96.14696502685547,104.46419525146484,15.180198669433594,7.642597198486328,0.0,0.0,0.0,0.0
300,6.002053803000308,1789353554.6961713,17,0.010972731,-0.025651691,0.016452298,0.008039191,-1.9088287,-70.235886,-86.48134,-96.28039,-102.715614,-11.302432,-9.718753,9.986824,67.26191,86.74817,106.15666,101.26634,12.509377,-0.4822174,0.0,0.0,0.0,0.0,0.27103803,-0.003073136,-0.0,0.0,-20.399998,4.699997,14.160004,3.7799973,1.4400055,-5.1600037,33.780006,38.499996,-5.7000046,-7.6199937,48.78,9.780002,8.040001,29.039997,0.0,0.0,0.0,0.0,rl_constraint,0.0,0.0,0.0,0.0,-1.8389511108398438,-71.2861099243164,-81.00148010253906,-93.2562255859375,-101.00250244140625,-12.761663436889648,-0.756593644618988,-0.31149759888648987,65.68437194824219,82.88510131835938,93.65584564208984,105.30805969238281,15.45125675201416,9.095305442810059,0.0,0.0,0.0,0.0
301,6.02231097799995,1789353554.7164285,17,-0.0016962184,-0.025737314,0.016411508,0.008008598,-2.2507553,-70.1537,-86.1704,-96.16565,-102.66931,-11.415056,-9.022329,10.7042885,67.13241,86.56454,107.092285,101.48849,12.7049055,0.14823303,0.0,0.0,0.0,0.0,-0.97091335,0.0,-0.0,0.0,-13.900005,2.8500023,16.860004,8.339996,3.0599945,-5.579997,36.299995,32.650005,-7.549999,-11.999995,43.920002,12.659999,10.079997,34.26,0.0,0.0,0.0,0.0,rl_constraint,0.0,0.0,0.0,0.0,-1.2992517948150635,-72.07209014892578,-80.03589630126953,-92.66234588623047,-100.35347747802734,-12.845853805541992,0.27270638942718506,-1.484381079673767,65.47395324707031,82.32808685302734,91.55948638916016,105.93049621582031,15.696109771728516,10.433180809020996,0.0,0.0,0.0,0.0
302,6.04223564699987,1789353554.7363534,17,-0.0111528905,-0.025766658,0.01639451,0.007988202,-2.4686508,-70.13046,-85.788704,-95.96348,-102.598335,-11.546603,-8.242108,11.300709,66.99371,86.278656,107.92404,101.768654,12.927777,0.89847565,0.0,0.0,0.0,0.0,0.21905692,-0.0030731412,-0.0,0.0,-7.549999,-0.55000305,21.300005,12.360003,4.9199934,-6.479997,40.859993,27.450005,-7.699997,-15.3,39.300003,15.539996,11.999995,39.719997,0.0,0.0,0.0,0.0,rl_constraint,0.0,0.0,0.0,0.0,-0.9070891737937927,-72.78437042236328,-79.17772674560547,-92.18077850341797,-99.68193054199219,-13.00640869140625,1.2516380548477173,-2.479471206665039,65.24832916259766,81.75444793701172,89.92900848388672,106.30609130859375,15.984038352966309,11.692646980285645,0.0,0.0,0.0,0.0
303,6.062496552000084,1789353554.7566142,17,0.0047895224,-0.025906548,0.016374117,0.007967807,-2.578148,-70.18059,-85.32391,-95.70863,-102.461914,-11.682861,-7.405884,11.79697,66.84427,85.95681,108.64848,102.09934,13.184651,1.7362931,0.0,0.0,0.0,0.0,0.9115083,-0.0061466964,-0.0,0.0,-3.0999985,-4.450001,25.020002,13.5,8.640005,-7.5599947,43.680008,21.7,-8.399998,-16.920002,33.060005,16.800005,13.320003,43.14,0.0,0.0,0.0,0.0,rl_constraint,0.0,0.0,0.0,0.0,-0.6691586971282959,-73.41034698486328,-78.41903686523438,-91.88414764404297,-98.97463989257812,-13.243218421936035,2.1554863452911377,-3.339118003845215,64.99695587158203,81.19707489013672,88.70353698730469,106.48976135253906,16.33341407775879,12.86842155456543,0.0,0.0,0.0,0.0
304,6.082469740999841,1789353554.7765872,17,0.011706966,-0.025945138,0.01635712,0.007957609,-2.5857468,-70.30067,-84.790115,-95.42536,-102.276245,-11.826205,-6.518079,12.155159,66.68779,85.5876,109.239914,102.47108,13.459158,2.6567414,0.0,0.0,0.0,0.0,-0.08168022,0.0,-0.0,0.0,2.1500015,-7.5999985,28.500004,15.479998,11.099996,-6.9000044,46.319992,14.700005,-7.9500046,-19.859999,25.980001,19.620003,14.220003,49.080006,0.0,0.0,0.0,0.0,rl_constraint,0.0,0.0,0.0,0.0,-0.580315887928009,-73.94271850585938,-77.75972747802734,-91.77812194824219,-98.25374603271484,-13.556593894958496,3.002856969833374,-4.121968746185303,64.75814056396484,80.6299819946289,87.79183197021484,106.4763412475586,16.743152618408203,13.964168548583984,0.0,0.0,0.0,0.0
305,6.1022547890006535,1789353554.7963722,17,0.011251468,-0.025950363,0.016346922,0.007944013,-2.5066338,-70.484665,-84.20322,-95.10303,-102.035904,-11.977419,-5.599759,12.396481,66.525536,85.17052,109.70288,102.86358,13.746341,3.6414597,0.0,0.0,0.0,0.0,-0.025987154,0.0,-0.0,0.0,5.3499985,-10.749996,30.66,16.740005,12.480001,-7.499995,47.219994,9.0,-8.349998,-21.360004,20.460003,20.340006,14.639997,50.160004,0.0,0.0,0.0,0.0,rl_constraint,0.0,0.0,0.0,0.0,-0.6208545565605164,-74.35139465332031,-77.22225952148438,-91.77703857421875,-97.52920532226562,-13.932867050170898,3.716500759124756,-4.896261692047119,64.56229400634766,80.02649688720703,87.19344329833984,106.29601287841797,17.222030639648438,14.998363494873047,0.0,0.0,0.0,0.0
306,6.122219063000557,1789353554.8163364,17,0.011248069,-0.025952373,0.016333325,0.007933815,-2.386139,-70.73473,-83.57301,-94.75804,-101.74188,-12.135237,-4.6548796,12.51828,66.34984,84.73168,110.04943,103.2595,14.053546,4.6863556,0.0,0.0,0.0,0.0,0.0,0.0,-0.0,0.0,6.999996,-14.050003,32.160004,17.16,15.840006,-8.940001,48.300003,3.4500046,-9.149998,-22.5,14.459999,19.979998,15.840006,54.419994,0.0,0.0,0.0,0.0,rl_constraint,0.0,0.0,0.0,0.0,-0.8561939597129822,-74.59545135498047,-76.83480834960938,-91.92324829101562,-96.80695343017578,-14.368470191955566,4.299325466156006,-5.652087211608887,64.37797546386719,79.42223358154297,86.88665771484375,105.96405792236328,17.775104522705078,15.98509693145752,0.0,0.0,0.0,0.0
307,6.142159877999802,1789353554.8362772,17,0.0112242745,-0.02595358,0.016326526,0.007927016,-2.237709,-71.035576,-82.91717,-94.415474,-101.39329,-12.305374,-3.710495,12.534027,66.16669,84.27059,110.27319,103.64119,14.376104,5.7566576,0.0,0.0,0.0,0.0,0.0,0.0,-0.0,0.0,8.000004,-15.75,33.36,16.680006,19.319994,-9.299995,47.939995,-2.5499954,-9.400005,-23.699995,8.1,19.319994,16.080002,55.500004,0.0,0.0,0.0,0.0,rl_constraint,0.0,0.0,0.0,0.0,-1.2442883253097534,-74.703369140625,-76.58258819580078,-92.18392181396484,-96.09257507324219,-14.854964256286621,4.713756561279297,-6.375767707824707,64.23230743408203,78.8172378540039,86.82054901123047,105.49765014648438,18.365903854370117,16.877622604370117,0.0,0.0,0.0,0.0
308,6.162398629000563,1789353554.8565161,17,0.010751781,-0.025954785,0.016316328,0.007916818,-2.073635,-71.37311,-82.24286,-94.089935,-100.993126,-12.489519,-2.7770004,12.409138,65.97928,83.783714,110.36978,103.98671,14.714182,6.8489866,0.0,0.0,0.0,0.0,0.0,0.0,-0.0,0.0,8.399998,-17.499996,34.2,15.419998,21.959995,-9.480006,45.239998,-9.400005,-10.150005,-24.659994,2.4000046,16.379997,16.140001,54.12,0.0,0.0,0.0,0.0,rl_constraint,0.0,0.0,0.0,0.0,-1.8121575117111206,-74.65963745117188,-76.51441192626953,-92.62997436523438,-95.3839111328125,-15.387127876281738,4.9627766609191895,-7.165142059326172,64.15604400634766,78.20185089111328,87.00093841552734,104.88919067382812,18.981658935546875,17.670482635498047,0.0,0.0,0.0,0.0
309,6.182457144000182,1789353554.8765745,17,0.0102215,-0.02595559,0.016312929,0.007910021,-1.9209023,-71.72784,-81.57867,-93.79876,-100.54855,-12.697133,-1.8712051,12.170208,65.787636,83.27807,110.37377,104.278534,15.073036,7.9471526,0.0,0.0,0.0,0.0,-0.027843136,0.0,-0.0,0.0,7.1500053,-17.650005,32.46,13.559999,24.3,-11.879997,43.379997,-14.800003,-9.700001,-26.399996,-3.1199937,12.180006,18.9,56.280006,0.0,0.0,0.0,0.0,rl_constraint,0.0,0.0,0.0,0.0,-2.5839412212371826,-74.43116760253906,-76.66475677490234,-93.2516860961914,-94.66533660888672,-15.966358184814453,5.047082424163818,-8.015869140625,64.10379028320312,77.621337890625,87.43292999267578,104.1794662475586,19.60525131225586,18.31920623779297,0.0,0.0,0.0,0.0
310,6.202277934999984,1789353554.8963952,17,0.010017546,-0.025955992,0.016306132,0.007903222,-1.8029366,-72.078545,-80.949326,-93.551506,-100.064835,-12.932295,-0.9977509,11.812065,65.60376,82.74798,110.23109,104.501854,15.455141,9.040375,0.0,0.0,0.0,0.0,0.0,0.0,-0.0,0.0,5.1500015,-17.150002,30.480001,11.219994,24.000004,-12.719998,43.14,-20.750004,-9.349995,-27.119999,-10.500005,8.459994,19.019999,53.16,0.0,0.0,0.0,0.0,rl_constraint,0.0,0.0,0.0,0.0,-3.520604133605957,-74.06039428710938,-77.04150390625,-94.05714416503906,-93.9606704711914,-16.582237243652344,5.005858421325684,-8.9324312210083,64.08564758300781,77.06846618652344,88.07994079589844,103.34019470214844,20.235519409179688,18.789220809936523,0.0,0.0,0.0,0.0
