sample_index,elapsed_time_s,wall_time_s,op_state,q_Joint_L0_deg,q_Joint_L1_deg,q_Joint_L2_U_deg,q_Joint_L3_U_deg,q_Joint_L2_L_deg,q_Joint_L3_L_deg,q_Joint_L4_L_deg,q_Joint_L5_L_deg,q_Joint_L6_L_deg,q_Joint_L7_L_deg,q_Joint_L8_L_deg,q_Joint_L2_R_deg,q_Joint_L3_R_deg,q_Joint_L4_R_deg,q_Joint_L5_R_deg,q_Joint_L6_R_deg,q_Joint_L7_R_deg,q_Joint_L8_R_deg,q_Dummy_0_deg,q_Dummy_1_deg,q_Dummy_2_deg,q_Dummy_3_deg,qdot_Joint_L0_deg_s,qdot_Joint_L1_deg_s,qdot_Joint_L2_U_deg_s,qdot_Joint_L3_U_deg_s,qdot_Joint_L2_L_deg_s,qdot_Joint_L3_L_deg_s,qdot_Joint_L4_L_deg_s,qdot_Joint_L5_L_deg_s,qdot_Joint_L6_L_deg_s,qdot_Joint_L7_L_deg_s,qdot_Joint_L8_L_deg_s,qdot_Joint_L2_R_deg_s,qdot_Joint_L3_R_deg_s,qdot_Joint_L4_R_deg_s,qdot_Joint_L5_R_deg_s,qdot_Joint_L6_R_deg_s,qdot_Joint_L7_R_deg_s,qdot_Joint_L8_R_deg_s,qdot_Dummy_0_deg_s,qdot_Dummy_1_deg_s,qdot_Dummy_2_deg_s,qdot_Dummy_3_deg_s,ik_mode,command_Joint_L0_deg,command_Joint_L1_deg,command_Joint_L2_U_deg,command_Joint_L3_U_deg,command_Joint_L2_L_deg,command_Joint_L3_L_deg,command_Joint_L4_L_deg,command_Joint_L5_L_deg,command_Joint_L6_L_deg,command_Joint_L7_L_deg,command_Joint_L8_L_deg,command_Joint_L2_R_deg,command_Joint_L3_R_deg,command_Joint_L4_R_deg,command_Joint_L5_R_deg,command_Joint_L6_R_deg,command_Joint_L7_R_deg,command_Joint_L8_R_deg,command_Dummy_0_deg,command_Dummy_1_deg,command_Dummy_2_deg,command_Dummy_3_deg
0,0.002392680999946606,1789353170.862591,17,-0.003236072,-0.30494153,0.011404434,0.01591182,0.0030555725,-79.978424,-96.14563,-100.12208,-90.03248,-0.018141175,0.01694641,0.0005378723,79.98106,96.114525,100.06528,90.01804,0.0077453614,0.006440735,0.0,0.0,0.0,0.0,0.0,0.0,-0.0,0.0,0.0,0.0,0.0,0.059999086,0.0,-0.0,0.059999086,0.0,0.0,0.0,0.059999086,0.0,-0.0,-0.059999086,0.0,0.0,0.0,0.0,rl_constraint,0.0,0.0,0.0,0.0,-0.6422882080078125,-77.26161193847656,-92.90126037597656,-100.68384552001953,-99.86184692382812,-2.276292324066162,3.810873508453369,2.9148542881011963,75.8233871459961,93.76193237304688,96.28897857666016,92.58951568603516,1.1905092000961304,-0.05997792258858681,0.0,0.0,0.0,0.0
1,0.02292020400000183,1789353170.8831189,17,-0.003236072,-0.3049363,0.011414632,0.01590502,0.0025291443,-79.976364,-96.1439,-100.12263,-90.045715,-0.020187378,0.020942688,0.0030212402,79.978775,96.11447,100.06392,90.01969,0.008734131,0.0064956667,0.0,0.0,0.0,0.0,0.0,0.0,-0.0,0.0,-0.099998474,0.40000534,0.41999358,-0.11999817,-2.9399962,-0.60000455,1.0199982,0.5000038,-0.45000458,-0.059999086,-0.3599945,0.29999542,0.23999634,0.059999086,0.0,0.0,0.0,0.0,rl_constraint,0.0,0.0,0.0,0.0,-0.6410157680511475,-77.2411880493164,-92.92234802246094,-100.67733001708984,-99.87505340576172,-2.2628719806671143,3.790843963623047,2.9107320308685303,75.81981658935547,93.77013397216797,96.29193115234375,92.5930404663086,1.1785801649093628,-0.05296472832560539,0.0,0.0,0.0,0.0
2,0.04290540800002418,1789353170.903104,17,-0.003236072,-0.30473205,0.011424829,0.015894825,-0.0074386597,-79.938034,-96.10455,-100.13094,-90.167145,-0.054670714,0.09143372,0.047779083,79.918945,96.09273,100.02008,90.05595,0.025035094,0.006399536,0.0,0.0,0.0,0.0,0.0,0.025787795,-0.0,0.0,-0.9999962,3.7999992,4.380002,-0.66000366,-8.580007,-2.8199983,6.000005,4.5999985,-6.6500015,-3.3000045,-5.0400057,3.540001,1.5000045,-0.0,0.0,0.0,0.0,0.0,rl_constraint,0.0,0.0,0.0,0.0,-0.6499844193458557,-77.14299011230469,-92.95562744140625,-100.67557525634766,-99.92607879638672,-2.251176118850708,3.798290729522705,2.9168508052825928,75.77921295166016,93.78886413574219,96.27538299560547,92.62667846679688,1.147344946861267,-0.03334697335958481,0.0,0.0,0.0,0.0
3,0.06290073600030155,1789353170.923099,17,-0.003236072,-0.30390957,0.011431628,0.015884627,-0.03831482,-79.80018,-95.95238,-100.14677,-90.426445,-0.1578598,0.2745346,0.18605804,79.709335,95.98387,99.855064,90.18119,0.07723389,0.006303406,0.0,0.0,0.0,0.0,0.0,0.07736288,-0.0,0.0,-2.050003,9.349995,10.440005,-0.8400009,-17.279997,-6.9000044,11.520002,8.750004,-13.849995,-7.5599947,-12.119993,8.880002,2.5200028,-0.0,0.0,0.0,0.0,0.0,rl_constraint,0.0,0.0,0.0,0.0,-0.6741008162498474,-77.00162506103516,-92.8396987915039,-100.70245361328125,-99.9559097290039,-2.361337661743164,3.931292772293091,2.955657958984375,75.6757583618164,93.7256088256836,96.16336059570312,92.72523498535156,1.170372724533081,-0.02871505357325077,0.0,0.0,0.0,0.0
4,0.08293648700009726,1789353170.9431353,17,-0.003236072,-0.30185458,0.011438427,0.01587103,-0.08667755,-79.58962,-95.71229,-100.17492,-90.81326,-0.31570587,0.53798676,0.40409088,79.394394,95.80456,99.5792,90.37385,0.16339417,0.006124878,0.0,0.0,0.0,0.0,0.0,0.11703287,-0.0,0.0,-2.5999947,11.150002,12.6,-1.6200027,-22.859995,-9.299995,14.459999,12.299995,-16.749996,-8.700005,-15.060003,10.680002,5.8199935,-0.059999086,0.0,0.0,0.0,0.0,rl_constraint,0.0,0.0,0.0,0.0,-0.725355327129364,-76.87325286865234,-92.56611633300781,-100.77182006835938,-99.92040252685547,-2.617783546447754,4.153820037841797,3.0090878009796143,75.5752944946289,93.56201171875,95.95201873779297,92.86200714111328,1.2803139686584473,-0.04820149764418602,0.0,0.0,0.0,0.0
5,0.10307558300019082,1789353170.9632742,17,-0.003236072,-0.29945058,0.011441826,0.015813243,-0.14284515,-79.358185,-95.44414,-100.2116,-91.322,-0.50428617,0.8466476,0.6563873,79.043564,95.61496,99.26089,90.59337,0.26191407,0.005685425,0.0,0.0,0.0,0.0,0.0,0.12893003,-0.0,0.0,-2.7000046,12.349995,13.859995,-2.5800018,-29.219994,-9.720003,16.980001,12.600002,-17.650005,-9.239996,-16.680006,12.2400055,4.380002,-0.0,0.0,0.0,0.0,0.0,rl_constraint,0.0,0.0,0.0,0.0,-0.8025968074798584,-76.75008392333984,-92.24142456054688,-100.87612915039062,-99.81446075439453,-2.9581830501556396,4.410346031188965,3.03387188911438,75.54135131835938,93.36294555664062,95.7183609008789,92.99524688720703,1.416153907775879,-0.07967010140419006,0.0,0.0,0.0,0.0
6,0.12317390900034297,1789353170.9833724,17,-0.003236072,-0.29652768,0.011448625,0.015673874,-0.20064926,-79.11138,-95.1566,-100.269844,-91.94885,-0.7093735,1.1806595,0.9151268,78.681015,95.405685,98.926834,90.82899,0.36371613,0.0052459715,0.0,0.0,0.0,0.0,0.0,0.16616982,-0.0,0.0,-3.0,12.949997,14.639997,-3.3000045,-35.339996,-11.400004,17.640005,12.700001,-18.450005,-10.680002,-16.559994,11.520002,5.2200027,-0.0,0.0,0.0,0.0,0.0,rl_constraint,0.0,0.0,0.0,0.0,-0.8673054575920105,-76.60000610351562,-91.89461517333984,-101.01734161376953,-99.64961242675781,-3.3379342555999756,4.6860785484313965,3.002971887588501,75.58212280273438,93.12104034423828,95.49897766113281,93.11276245117188,1.5532996654510498,-0.12276473641395569,0.0,0.0,0.0,0.0
7,0.14293250800028545,1789353171.0031312,17,-0.003236072,-0.29226404,0.011452023,0.015595691,-0.2621956,-78.85318,-94.85458,-100.33987,-92.69632,-0.93048704,1.5320709,1.1624107,78.31473,95.18251,98.58063,91.06802,0.47200012,0.0046691895,0.0,0.0,0.0,0.0,0.0,0.22896548,-0.0,-0.025987154,-2.9500008,13.049995,15.419998,-3.1800065,-40.38,-11.999995,18.359995,12.249996,-18.249996,-11.460004,-17.580006,11.219994,4.559999,-0.059999086,0.0,0.0,0.0,0.0,rl_constraint,0.0,0.0,0.0,0.0,-0.9062367081642151,-76.43119812011719,-91.51969909667969,-101.17469024658203,-99.4186782836914,-3.754166841506958,4.9869561195373535,2.907512664794922,75.65109252929688,92.85716247558594,95.28530883789062,93.21006774902344,1.7050915956497192,-0.1792781502008438,0.0,0.0,0.0,0.0
8,0.16310620200010817,1789353171.023305,17,-0.003236072,-0.287991,0.011455422,0.015534505,-0.31837463,-78.59115,-94.548134,-100.3994,-93.56326,-1.1677231,1.884787,1.4010086,77.95854,94.95442,98.22342,91.30583,0.5874802,0.0031173707,0.0,0.0,0.0,0.0,0.0,0.17187862,-0.0,0.0,-3.0,12.550003,15.479998,-2.5800018,-45.359993,-12.719998,17.04,11.599995,-17.3,-11.640001,-17.880001,11.939997,5.6399965,-0.0,0.0,0.0,0.0,0.0,rl_constraint,0.0,0.0,0.0,0.0,-0.9048558473587036,-76.25314331054688,-91.13517761230469,-101.30826568603516,-99.12025451660156,-4.198387622833252,5.281604766845703,2.7849600315093994,75.72532653808594,92.5986099243164,95.06635284423828,93.29103088378906,1.8626477718353271,-0.24552901089191437,0.0,0.0,0.0,0.0
9,0.18278578100034792,1789353171.0429845,17,-0.003236072,-0.28469014,0.011455422,0.015432527,-0.3862152,-78.336426,-94.22586,-100.45361,-94.55011,-1.4131988,2.235553,1.6248894,77.628845,94.72735,97.872856,91.538666,0.69951326,-0.0009063721,0.0,0.0,0.0,0.0,0.0,0.17782003,-0.0,0.0,-3.7000008,12.500004,16.619993,-2.9999955,-52.619995,-11.879997,16.499996,10.649998,-15.75,-11.340006,-17.459995,11.879997,5.8800063,-0.3599945,0.0,0.0,0.0,0.0,rl_constraint,0.0,0.0,0.0,0.0,-0.8979707956314087,-76.04569244384766,-90.7481460571289,-101.42216491699219,-98.74457550048828,-4.634713172912598,5.583007335662842,2.6352834701538086,75.83336639404297,92.35787963867188,94.86743927001953,93.34676361083984,2.000382900238037,-0.32284417748451233,0.0,0.0,0.0,0.0
10,0.2031059420000929,1789353171.0633047,17,-0.003236072,-0.2791084,0.011458822,0.015218376,-0.45332336,-78.084206,-93.888336,-100.535324,-95.66094,-1.6846985,2.5957534,1.8254814,77.327515,94.49687,97.53048,91.76527,0.8237274,-0.011700439,0.0,0.0,0.0,0.0,0.0,0.38910204,-0.0,-0.025987154,-2.5999947,11.850002,16.080002,-4.619998,-53.640007,-13.919993,18.0,8.700005,-14.000004,-11.580002,-16.439997,11.520002,5.2800016,-0.7200028,0.0,0.0,0.0,0.0,rl_constraint,0.0,0.0,0.0,0.0,-0.8884001970291138,-75.82874298095703,-90.33181762695312,-101.54534912109375,-98.27876281738281,-5.078327178955078,5.926366329193115,2.452989339828491,75.94866943359375,92.14283752441406,94.70039367675781,93.38764190673828,2.1540017127990723,-0.4164550006389618,0.0,0.0,0.0,0.0
11,0.2228233230002843,1789353171.0830219,17,-0.003236072,-0.26893932,0.011458822,0.015062011,-0.5076828,-77.85049,-93.56441,-100.6208,-96.59839,-1.959906,2.9244232,1.9852066,77.07719,94.27566,97.217155,91.968475,0.9460739,-0.031832885,0.0,0.0,0.0,0.0,0.0,0.7133234,-0.0,0.0,-3.0499992,11.950001,16.559994,-3.9599946,-43.14,-14.880007,17.339996,7.250004,-11.499996,-11.640001,-15.539996,9.419993,6.3,-1.3199936,0.0,0.0,0.0,0.0,rl_constraint,0.0,0.0,0.0,0.0,-0.8520059585571289,-75.6727523803711,-89.98570251464844,-101.60548400878906,-97.69625854492188,-5.461114883422852,6.170248508453369,2.2686328887939453,76.06393432617188,91.9697036743164,94.6063461303711,93.41194152832031,2.287609100341797,-0.5235947966575623,0.0,0.0,0.0,0.0
12,0.24278089400013414,1789353171.1029794,17,-0.003236072,-0.24618854,0.011458822,0.014970232,-0.57125473,-77.61667,-93.22471,-100.71531,-97.42372,-2.2606843,3.2602477,2.1217575,76.861855,94.04736,96.917694,92.160324,1.0725266,-0.06534119,0.0,0.0,0.0,0.0,0.0,1.5133923,-0.0,0.0,-2.8500023,11.650005,16.740005,-5.4,-37.560005,-15.3,17.459995,5.449997,-9.500004,-11.640001,-14.4,10.019999,6.960004,-2.1599946,0.0,0.0,0.0,0.0,rl_constraint,0.0,0.0,0.0,0.0,-0.8522385954856873,-75.59867095947266,-89.66082763671875,-101.66327667236328,-97.1260757446289,-5.835107326507568,6.408234119415283,2.1402931213378906,76.15501403808594,91.81942749023438,94.58560180664062,93.4033203125,2.4338486194610596,-0.6762157082557678,0.0,0.0,0.0,0.0
13,0.26300320000018473,1789353171.1232018,17,-0.003236072,-0.21938469,0.011458822,0.014902247,-0.61415863,-77.38746,-92.88383,-100.81185,-98.12428,-2.5831466,3.5926666,2.2187004,76.68628,93.8201,96.635414,92.33621,1.2017257,-0.10938263,0.0,0.0,0.0,0.0,0.0,1.0632832,-0.0,0.0,-1.8499947,11.200001,17.219997,-4.0800066,-32.579998,-17.279997,16.319998,4.250004,-8.100002,-10.919998,-14.340001,8.580007,6.539996,-1.8,0.0,0.0,0.0,0.0,rl_constraint,0.0,0.0,0.0,0.0,-0.82306307554245,-75.6060562133789,-89.3637466430664,-101.73894500732422,-96.60702514648438,-6.189857006072998,6.631054878234863,2.034623861312866,76.20133972167969,91.70532989501953,94.64952087402344,93.35726928710938,2.595813751220703,-0.8606220483779907,0.0,0.0,0.0,0.0
14,0.28320255400012684,1789353171.1434011,17,-0.003236072,-0.1973548,0.011458822,0.014824064,-0.6529083,-77.1676,-92.53544,-100.91454,-98.70493,-2.9159636,3.918068,2.2775917,76.548996,93.591736,96.35717,92.4959,1.3338363,-0.14657135,0.0,0.0,0.0,0.0,0.0,1.2698168,-0.0,0.0,-1.8499947,10.699997,17.760004,-5.8800063,-26.820004,-18.0,15.479998,2.2999992,-5.750004,-10.979998,-13.080007,7.6199937,6.539996,-2.0999954,0.0,0.0,0.0,0.0,rl_constraint,0.0,0.0,0.0,0.0,-0.7824127078056335,-75.67815399169922,-89.09241485595703,-101.84228515625,-96.14851379394531,-6.517486095428467,6.83289098739624,1.9311554431915283,76.22843933105469,91.61176300048828,94.7989501953125,93.25868225097656,2.774890661239624,-1.0146363973617554,0.0,0.0,0.0,0.0
15,0.3028050240000084,1789353171.1630037,17,-0.003236072,-0.17536445,0.011455422,0.01475608,-0.6885452,-76.96071,-92.18525,-101.006294,-99.1637,-3.2586823,4.2377977,2.3087654,76.43891,93.36437,96.11025,92.63878,1.4685974,-0.21232453,0.0,0.0,0.0,0.0,0.0,0.78475106,-0.0,0.0,-1.9000053,9.999996,17.880001,-3.6,-19.259995,-17.880001,15.240001,0.94999695,-4.300003,-11.7,-11.520002,6.1200027,6.9000044,-3.3600037,0.0,0.0,0.0,0.0,rl_constraint,0.0,0.0,0.0,0.0,-0.751397430896759,-75.7696533203125,-88.86465454101562,-101.9681625366211,-95.77466583251953,-6.819150447845459,7.021726131439209,1.8397234678268433,76.22308349609375,91.54719543457031,95.04019165039062,93.1366958618164,2.9695522785186768,-1.223048448562622,0.0,0.0,0.0,0.0
16,0.3231095330002063,1789353171.1833084,17,-0.003236072,-0.16351557,0.011455422,0.014674499,-0.7233467,-76.77234,-91.834854,-101.08909,-99.501625,-3.605095,4.544632,2.3202896,76.36903,93.14691,95.88366,92.75584,1.603537,-0.27910766,0.0,0.0,0.0,0.0,0.0,0.56311274,-0.0,0.0,-1.300003,8.750004,17.700005,-5.1000047,-13.619998,-17.16,14.940005,0.0,-3.75,-10.8,-10.859999,5.340001,7.140001,-3.6599991,0.0,0.0,0.0,0.0,rl_constraint,0.0,0.0,0.0,0.0,-0.6936310529708862,-75.82408905029297,-88.69957733154297,-102.14273071289062,-95.48711395263672,-7.09045934677124,7.198884010314941,1.7536942958831787,76.19776153564453,91.49940490722656,95.35476684570312,92.99584197998047,3.178229331970215,-1.3912925720214844,0.0,0.0,0.0,0.0
17,0.343144028000097,1789353171.2033427,17,-0.003236072,-0.14790395,0.011452023,0.014606514,-0.739872,-76.60581,-91.493004,-101.183014,-99.71976,-3.9572616,4.8426223,2.316124,76.30389,92.932076,95.69614,92.853455,1.7402893,-0.35084838,0.0,0.0,0.0,0.0,0.0,0.9889664,-0.0,0.0,-0.55000305,7.5,17.219997,-4.1400056,-7.8000045,-16.559994,15.3,-0.5000038,-2.3499985,-10.2599945,-8.339996,3.7799973,7.140001,-3.4200027,0.0,0.0,0.0,0.0,rl_constraint,0.0,0.0,0.0,0.0,-0.6241415143013,-75.84162139892578,-88.6075668334961,-102.39287567138672,-95.24369812011719,-7.348865032196045,7.362969875335693,1.6806161403656006,76.1141357421875,91.46922302246094,95.75145721435547,92.85624694824219,3.4023804664611816,-1.522356629371643,0.0,0.0,0.0,0.0
18,0.36312788400027785,1789353171.2233264,17,-0.003236072,-0.12760496,0.011448625,0.014555525,-0.75001144,-76.46402,-91.15638,-101.285706,-99.814735,-4.308591,5.1251497,2.295044,76.275024,92.74806,95.555336,92.92441,1.8880829,-0.4450012,0.0,0.0,0.0,0.0,0.0,0.8176342,-0.0,0.0,-0.29999542,6.4000053,16.559994,-6.0600038,-1.8599991,-18.84,14.7599945,-1.6499977,-0.8499985,-8.279997,-5.1600037,2.9399962,6.7199936,-5.2800016,0.0,0.0,0.0,0.0,rl_constraint,0.0,0.0,0.0,0.0,-0.5441060662269592,-75.80638122558594,-88.56854248046875,-102.72694396972656,-95.04042053222656,-7.605306148529053,7.5182108879089355,1.607999324798584,76.01455688476562,91.46389770507812,96.22207641601562,92.71404266357422,3.641517400741577,-1.6463285684585571,0.0,0.0,0.0,0.0
19,0.38382116799994037,1789353171.2440197,17,-0.003236072,-0.115765765,0.011448625,0.014507935,-0.7516594,-76.33678,-90.82348,-101.39375,-99.80051,-4.677333,5.417276,2.2434196,76.259346,92.57348,95.466675,92.97228,2.05009,-0.54850614,0.0,0.0,0.0,0.0,0.0,0.3611581,-0.0,-0.025987154,-0.049999237,5.25,15.780006,-4.440001,3.1199937,-16.259998,13.559999,-3.0,-0.9999962,-8.040001,-2.9399962,1.6800019,6.7199936,-4.9199934,0.0,0.0,0.0,0.0,rl_constraint,0.0,0.0,0.0,0.0,-0.45262613892555237,-75.71437072753906,-88.5643539428711,-103.12689208984375,-94.86502838134766,-7.884060382843018,7.701180458068848,1.4990745782852173,75.8839340209961,91.47306823730469,96.76493835449219,92.5909423828125,3.890338897705078,-1.7225290536880493,0.0,0.0,0.0,0.0
20,0.40280449300007604,1789353171.2630029,17,-0.003236072,-0.109886356,0.011445225,0.014473943,-0.75172806,-76.24876,-90.53759,-101.49215,-99.66162,-4.9994936,5.6633835,2.1915894,76.23656,92.41962,95.43153,92.99287,2.1996415,-0.6521347,0.0,0.0,0.0,0.0,0.0,0.33804905,-0.0,0.0,0.099998474,4.3500023,14.639997,-6.479997,10.979998,-17.16,11.999995,-2.7000046,-1.5499992,-7.6800065,-0.9599991,0.3599945,9.0,-5.579997,0.0,0.0,0.0,0.0,rl_constraint,0.0,0.0,0.0,0.0,-0.3276633620262146,-75.57804107666016,-88.62593078613281,-103.54985046386719,-94.73297119140625,-8.11167049407959,7.841172695159912,1.4077569246292114,75.7170181274414,91.50083923339844,97.34423065185547,92.5088119506836,4.108606338500977,-1.7451961040496826,0.0,0.0,0.0,0.0
21,0.42277503400009664,1789353171.2829738,17,-0.003236072,-0.10029111,0.011445225,0.01444335,-0.7461777,-76.16608,-90.26288,-101.61854,-99.38378,-5.3331895,5.914256,2.1250305,76.19131,92.26027,95.43451,92.99472,2.362651,-0.76138,0.0,0.0,0.0,0.0,0.0,0.60809714,-0.0,0.0,0.45000458,3.7999992,12.959994,-6.6599946,15.960004,-17.16,12.959994,-3.550003,-2.3499985,-7.080002,0.8400009,0.0,9.540006,-5.8199935,0.0,0.0,0.0,0.0,rl_constraint,0.0,0.0,0.0,0.0,-0.17633642256259918,-75.37333679199219,-88.73396301269531,-104.0680923461914,-94.63563537597656,-8.358887672424316,7.996391296386719,1.300107479095459,75.54988098144531,91.49103546142578,97.94268798828125,92.46295166015625,4.34317684173584,-1.70927095413208,0.0,0.0,0.0,0.0
22,0.4428935549999551,1789353171.3030922,17,-0.0027941712,-0.086032465,0.011441826,0.014412757,-0.7305107,-76.089355,-90.00978,-101.772934,-98.99454,-5.655432,6.1497345,2.0570755,76.14342,92.136055,95.48558,92.990166,2.5356307,-0.8826828,0.0,0.0,0.0,0.0,0.0,0.73123854,-0.0,-0.027843136,1.0999947,3.8499985,11.819998,-8.339996,21.059994,-16.259998,11.759999,-2.9500008,-1.4000015,-6.1200027,4.440001,-0.60000455,9.840001,-5.519998,0.0,0.0,0.0,0.0,rl_constraint,0.0,0.0,0.0,0.0,0.051554638892412186,-75.13153076171875,-88.87638854980469,-104.6357192993164,-94.60382080078125,-8.602057456970215,8.131793022155762,1.1950392723083496,75.4011001586914,91.47745513916016,98.53971099853516,92.46576690673828,4.577110290527344,-1.6602811813354492,0.0,0.0,0.0,0.0
23,0.4627674289999959,1789353171.322966,17,-0.002715989,-0.07600402,0.011441826,0.014382164,-0.70092773,-76.016846,-89.79696,-101.95587,-98.49029,-5.9732804,6.372922,1.9901505,76.12292,92.04837,95.61281,92.96734,2.7222748,-0.984169,0.0,0.0,0.0,0.0,0.0,0.2539637,-0.0,0.0,1.699997,3.6000023,9.840001,-10.139997,26.880001,-15.419998,11.099996,-3.8499985,-1.4000015,-2.9399962,8.700005,-1.6200027,9.0,-5.6999955,0.0,0.0,0.0,0.0,rl_constraint,0.0,0.0,0.0,0.0,0.3203886151313782,-74.85887908935547,-89.05633544921875,-105.23101806640625,-94.62422180175781,-8.852957725524902,8.248133659362793,1.1215790510177612,75.27930450439453,91.44490051269531,99.14691162109375,92.49678039550781,4.818792819976807,-1.5050472021102905,0.0,0.0,0.0,0.0
24,0.4831070110003566,1789353171.3433058,17,-0.0026989928,-0.0743829,0.011438427,0.014337974,-0.6526909,-75.9426,-89.618256,-102.171906,-97.86808,-6.282861,6.5865235,1.9003944,76.08085,91.96595,95.82382,92.922035,2.9134917,-1.0874131,0.0,0.0,0.0,0.0,0.0,0.0030752663,-0.0,0.0,3.2999954,3.75,8.159999,-11.939997,33.060005,-15.659994,10.680002,-4.4000015,-2.8500023,-5.1000047,12.420003,-2.5200028,9.720003,-4.5,0.0,0.0,0.0,0.0,rl_constraint,0.0,0.0,0.0,0.0,0.6202950477600098,-74.6035385131836,-89.23896789550781,-105.84008026123047,-94.68466186523438,-9.09045696258545,8.342533111572266,1.054439902305603,75.14759826660156,91.3836898803711,99.74946594238281,92.57398223876953,5.050848007202148,-1.3198678493499756,0.0,0.0,0.0,0.0
25,0.5031415430003108,1789353171.3633401,17,-0.0026989928,-0.074419506,0.011438427,0.014297184,-0.5748024,-75.855736,-89.47311,-102.42746,-97.12433,-6.5834885,6.791528,1.821167,75.998535,91.864586,96.07901,92.872925,3.111177,-1.1709366,0.0,0.0,0.0,0.0,0.0,0.0,-0.0,0.0,4.250004,4.7999954,7.020003,-12.899996,39.959995,-14.880007,9.840001,-4.0499954,-4.6499977,-3.8999953,14.160004,-2.4600036,9.720003,-4.7999954,0.0,0.0,0.0,0.0,rl_constraint,0.0,0.0,0.0,0.0,1.0301083326339722,-74.34000396728516,-89.42739868164062,-106.47941589355469,-94.79341888427734,-9.322568893432617,8.411887168884277,0.996354877948761,75.01399993896484,91.24565887451172,100.31696319580078,92.71577453613281,5.28956413269043,-1.0767178535461426,0.0,0.0,0.0,0.0
26,0.5228731010001866,1789353171.3830717,17,-0.0026955935,-0.074259005,0.011435027,0.01426659,-0.49332047,-75.74968,-89.35857,-102.70985,-96.29987,-6.8747773,6.9898453,1.7391586,75.92672,91.79644,96.37906,92.81865,3.3087935,-1.2416748,0.0,0.0,0.0,0.0,0.0,0.00944622,-0.0,0.0,4.7999954,5.3499985,4.619998,-15.479998,37.620003,-13.559999,9.480006,-3.8499985,-3.3499947,-2.759999,15.840006,-1.9199982,10.079997,-2.4000046,0.0,0.0,0.0,0.0,rl_constraint,0.0,0.0,0.0,0.0,1.4635639190673828,-74.08539581298828,-89.62457275390625,-107.10923767089844,-94.95116424560547,-9.530823707580566,8.46635627746582,0.9300320148468018,74.89801025390625,91.10698699951172,100.82799530029297,92.89444732666016,5.515834331512451,-0.8224959373474121,0.0,0.0,0.0,0.0
27,0.5428818570003386,1789353171.403081,17,-0.0026955935,-0.07398789,0.011431628,0.014239396,-0.3868904,-75.63887,-89.286934,-103.024536,-95.622406,-7.1531296,7.1683455,1.6645203,75.85009,91.733505,96.70947,92.7816,3.5154738,-1.2837112,0.0,0.0,0.0,0.0,0.0,0.022407684,-0.0,0.0,5.6500053,6.249996,2.5800018,-16.800005,30.059994,-13.679997,8.580007,-4.4000015,-4.7999954,-3.8999953,17.519993,-1.5600036,9.720003,-1.6800019,0.0,0.0,0.0,0.0,rl_constraint,0.0,0.0,0.0,0.0,1.9039368629455566,-73.77082824707031,-89.80843353271484,-107.69635772705078,-95.18048858642578,-9.730269432067871,8.49547290802002,0.822699785232544,74.78797912597656,90.9249496459961,101.24498748779297,93.11492156982422,5.760530948638916,-0.5254895687103271,0.0,0.0,0.0,0.0
28,0.5628557370000635,1789353171.4230542,17,-0.002688795,-0.07338289,0.011428229,0.014208803,-0.24973297,-75.502075,-89.25205,-103.3958,-95.04784,-7.432828,7.342795,1.5742493,75.752304,91.668495,97.10589,92.75743,3.7250657,-1.2987487,0.0,0.0,0.0,0.0,0.0,0.031194704,-0.0,0.0,7.450001,7.5999985,1.0799973,-19.319994,24.3,-12.839996,7.8600035,-4.2000046,-4.2000046,-2.5800018,19.8,-0.7200028,10.199995,-0.0,0.0,0.0,0.0,0.0,rl_constraint,0.0,0.0,0.0,0.0,2.383516550064087,-73.34246826171875,-89.99650573730469,-108.21829986572266,-95.39715576171875,-9.900547981262207,8.4822998046875,0.6151599884033203,74.70801544189453,90.71724700927734,101.60924530029297,93.37931060791016,5.9692206382751465,-0.1977205127477646,0.0,0.0,0.0,0.0
29,0.5828109590001986,1789353171.4430096,17,-0.002688795,-0.07174293,0.011428229,0.014185009,-0.08524704,-75.35117,-89.24502,-103.80472,-94.61302,-7.704053,7.499776,1.492424,75.65932,91.609535,97.51743,92.74937,3.9425125,-1.2970321,0.0,0.0,0.0,0.0,0.0,0.13180672,-0.0,0.0,8.900002,8.100002,-0.29999542,-20.7,17.640005,-13.140005,7.2599993,-4.2000046,-5.200001,-3.7199981,20.999996,0.0,12.119993,0.23999634,0.0,0.0,0.0,0.0,rl_constraint,0.0,0.0,0.0,0.0,2.864079475402832,-72.86925506591797,-90.11597442626953,-108.66340637207031,-95.56546783447266,-10.077227592468262,8.474583625793457,0.3683449327945709,74.59983825683594,90.52120208740234,101.8215103149414,93.64124298095703,6.18165922164917,0.10041733086109161,0.0,0.0,0.0,0.0
30,0.6034077130002515,1789353171.4636064,17,-0.002688795,-0.06885528,0.011424829,0.014161214,0.11836624,-75.17323,-89.2576,-104.24288,-94.29435,-7.9756484,7.6456194,1.4081612,75.55826,91.52295,97.95012,92.75295,4.167966,-1.267836,0.0,0.0,0.0,0.0,0.0,0.16365364,-0.0,0.0,10.5,9.650002,-1.3199936,-21.66,12.959994,-13.859995,6.7800064,-4.4000015,-5.1500015,-3.9599946,21.059994,0.4800064,11.999995,2.5800018,0.0,0.0,0.0,0.0,rl_constraint,0.0,0.0,0.0,0.0,3.35862398147583,-72.4035415649414,-90.13311004638672,-109.0269775390625,-95.66435241699219,-10.290916442871094,8.477616310119629,0.1317984163761139,74.50227355957031,90.29368591308594,101.93289184570312,93.90094757080078,6.4149065017700195,0.40362030267715454,0.0,0.0,0.0,0.0
31,0.6227786770000421,1789353171.4829774,17,-0.002688795,-0.064044006,0.01142143,0.01413402,0.34164047,-74.98517,-89.29808,-104.68265,-94.108925,-8.219998,7.773267,1.319458,75.45421,91.44668,98.37429,92.78225,4.3821855,-1.1860702,0.0,0.0,0.0,0.0,0.0,0.308834,-0.0,0.0,12.550003,10.150005,-2.7,-22.980007,6.479997,-11.460004,5.6999955,-4.749996,-4.9000053,-4.3200026,21.719997,2.4600036,11.580002,5.2800016,0.0,0.0,0.0,0.0,rl_constraint,0.0,0.0,0.0,0.0,3.8872082233428955,-71.92972564697266,-90.126953125,-109.29810333251953,-95.67626953125,-10.472551345825195,8.459741592407227,-0.1366736739873886,74.40843963623047,90.09732055664062,101.94866180419922,94.10545349121094,6.616522789001465,0.7685597538948059,0.0,0.0,0.0,0.0
32,0.6428600590002134,1789353171.5030584,17,-0.002688795,-0.05559511,0.011418031,0.01408983,0.60504913,-74.76517,-89.365295,-105.149925,-94.039085,-8.461835,7.877829,1.2179031,75.35699,91.34614,98.806656,92.849754,4.6034775,-1.0656189,0.0,0.0,0.0,0.0,0.0,0.6397764,-0.0,-0.025987154,14.000004,11.800003,-4.2600036,-23.46,0.4800064,-11.640001,5.6399965,-5.449997,-5.050003,-5.1000047,21.719997,4.019994,11.520002,7.2,0.0,0.0,0.0,0.0,rl_constraint,0.0,0.0,0.0,0.0,4.4435014724731445,-71.49488830566406,-90.05583190917969,-109.45136260986328,-95.63204193115234,-10.652572631835938,8.389657974243164,-0.41849175095558167,74.33250427246094,89.89108276367188,101.90526580810547,94.26020812988281,6.837929725646973,1.1534160375595093,0.0,0.0,0.0,0.0
33,0.6629112489999898,1789353171.5231097,17,-0.002688795,-0.036679666,0.011414632,0.014049039,0.89743423,-74.51577,-89.458824,-105.62275,-94.072014,-8.696791,7.9752913,1.1057625,75.24978,91.23934,99.22168,92.94549,4.828148,-0.9191437,0.0,0.0,0.0,0.0,0.0,1.2399058,-0.0,0.0,15.450005,13.150005,-4.2000046,-23.639996,-5.1600037,-12.360003,3.9599946,-6.249996,-4.9000053,-5.8199935,19.620003,5.579997,11.159994,7.920003,0.0,0.0,0.0,0.0,rl_constraint,0.0,0.0,0.0,0.0,5.001699447631836,-71.1349105834961,-89.9280776977539,-109.4854965209961,-95.53102111816406,-10.820430755615234,8.318838119506836,-0.6612557768821716,74.23164367675781,89.72045135498047,101.78643798828125,94.35807037353516,7.081958770751953,1.527993083000183,0.0,0.0,0.0,0.0
34,0.6831804759999613,1789353171.5433788,17,-0.002688795,-0.015630243,0.011407834,0.014011648,1.2287292,-74.22972,-89.54353,-106.09839,-94.2514,-8.933931,8.053967,0.97015,75.14035,91.1146,99.6117,93.061356,5.055949,-0.74797666,0.0,0.0,0.0,0.0,0.0,0.69033796,-0.0,0.0,17.000004,14.449997,-4.1400056,-22.44,-13.320003,-11.580002,3.8999953,-6.700001,-5.750004,-6.359999,18.179996,6.1800017,11.580002,8.219998,0.0,0.0,0.0,0.0,rl_constraint,0.0,0.0,0.0,0.0,5.527437210083008,-70.86659240722656,-89.70472717285156,-109.40796661376953,-95.41039276123047,-10.995291709899902,8.20780086517334,-0.9207884073257446,74.1045150756836,89.57462310791016,101.6052474975586,94.4100112915039,7.3517746925354,1.8673651218414307,0.0,0.0,0.0,0.0
35,0.7026679099999456,1789353171.5628664,17,-0.002688795,-0.006235124,0.011404434,0.013984454,1.5740318,-73.940636,-89.622536,-106.52713,-94.550964,-9.1473675,8.1213,0.8270302,75.04747,90.98843,99.94058,93.18305,5.2706084,-0.5576798,0.0,0.0,0.0,0.0,0.0,0.40492925,-0.0,0.0,18.550003,15.349995,-3.2400055,-21.480001,-17.640005,-11.280006,2.5800018,-7.0999947,-5.050003,-6.3,15.240001,6.6599946,10.500005,10.319994,0.0,0.0,0.0,0.0,rl_constraint,0.0,0.0,0.0,0.0,5.981503009796143,-70.64183044433594,-89.46072387695312,-109.18299865722656,-95.27997589111328,-11.104385375976562,8.056904792785645,-1.1496844291687012,73.98709869384766,89.48429870605469,101.35408020019531,94.39847564697266,7.59981107711792,2.16325306892395,0.0,0.0,0.0,0.0
36,0.7230474160000995,1789353171.5832458,17,-0.002688795,0.0028123762,0.011397636,0.013960659,1.9541245,-73.62787,-89.67515,-106.92624,-94.951645,-9.36421,8.167607,0.667717,74.94003,90.84497,100.23579,93.31348,5.494551,-0.34256744,0.0,0.0,0.0,0.0,0.0,0.57209516,-0.0,0.0,19.350002,16.200005,-1.6800019,-18.9,-18.359995,-10.560003,1.6800019,-8.299999,-5.1000023,-7.6199937,13.980006,6.0600038,10.620003,10.979998,0.0,0.0,0.0,0.0,rl_constraint,0.0,0.0,0.0,0.0,6.3695149421691895,-70.52555847167969,-89.15574645996094,-108.82492065429688,-95.11930084228516,-11.2156982421875,7.837193489074707,-1.3461463451385498,73.86865234375,89.42657470703125,101.08966064453125,94.35990905761719,7.851628303527832,2.4338738918304443,0.0,0.0,0.0,0.0
37,0.7428726810003354,1789353171.6030712,17,-0.0026853958,0.016917568,0.011390837,0.013936864,2.3539581,-73.302246,-89.69896,-107.29366,-95.25035,-9.575752,8.188784,0.49205017,74.836525,90.70086,100.47905,93.44273,5.7153215,-0.10334015,0.0,0.0,0.0,0.0,0.0,0.79247963,-0.0,0.0,20.25,16.250004,-0.66000366,-17.1,-11.580002,-10.139997,0.9,-8.950001,-6.0999985,-7.499995,10.560003,6.9000044,10.859999,13.320003,0.0,0.0,0.0,0.0,rl_constraint,0.0,0.0,0.0,0.0,6.716075897216797,-70.5482177734375,-88.83294677734375,-108.37418365478516,-94.94200897216797,-11.30838394165039,7.522407054901123,-1.4681484699249268,73.76321411132812,89.42561340332031,100.86331939697266,94.29737854003906,8.058566093444824,2.66807222366333,0.0,0.0,0.0,0.0
38,0.7627787300002637,1789353171.6229773,17,-0.0026819967,0.028770223,0.011387438,0.0139198685,2.7723885,-72.982445,-89.703674,-107.61037,-95.4056,-9.777791,8.198149,0.3072052,74.73747,90.55992,100.67607,93.56405,5.9468307,0.14872742,0.0,0.0,0.0,0.0,0.0,0.30908504,-0.0,0.0,21.149998,15.949997,0.17999725,-14.340001,-4.7399964,-10.139997,0.059999086,-9.600002,-4.250004,-7.140001,8.339996,6.359999,11.159994,12.180006,0.0,0.0,0.0,0.0,rl_constraint,0.0,0.0,0.0,0.0,6.942869663238525,-70.69427490234375,-88.55714416503906,-107.88169860839844,-94.8453598022461,-11.354846000671387,7.147953987121582,-1.4728446006774902,73.67018127441406,89.46977996826172,100.7214584350586,94.22444915771484,8.247358322143555,2.8707661628723145,0.0,0.0,0.0,0.0
39,0.7831962350001049,1789353171.6433952,17,-0.0026819967,0.030263212,0.01138064,0.013902872,3.2002945,-72.67421,-89.694336,-107.85342,-95.44459,-9.967044,8.195498,0.116615295,74.62646,90.416435,100.81834,93.67976,6.1795897,0.41305846,0.0,0.0,0.0,0.0,0.0,-0.003070698,-0.0,0.0,21.400005,14.650005,1.1999954,-9.540006,0.7200028,-9.119998,-0.41999358,-9.849998,-5.200001,-6.539996,5.8800063,4.7999954,12.360003,13.980006,0.0,0.0,0.0,0.0,rl_constraint,0.0,0.0,0.0,0.0,7.074682235717773,-70.93716430664062,-88.34740447998047,-107.35385131835938,-94.91947174072266,-11.33361530303955,6.715944766998291,-1.3922240734100342,73.59367370605469,89.53490447998047,100.6843490600586,94.17471313476562,8.394693374633789,3.0484719276428223,0.0,0.0,0.0,0.0
40,0.8033035880002899,1789353171.6635025,17,-0.0026819967,0.030219832,0.0113772405,0.013885876,3.6360397,-72.379776,-89.645386,-108.02319,-95.39758,-10.151491,8.158832,-0.07806015,74.52196,90.27586,100.90106,93.77588,6.4130907,0.68854064,0.0,0.0,0.0,0.0,0.0,0.0,-0.0,0.0,21.299995,13.450001,3.3600037,-5.8800063,2.9999955,-8.820003,-3.4200027,-9.049999,-5.7000046,-6.0600038,2.4600036,4.9199934,11.999995,14.100004,0.0,0.0,0.0,0.0,rl_constraint,0.0,0.0,0.0,0.0,7.106183052062988,-71.214599609375,-88.21044158935547,-106.82296752929688,-95.17391967773438,-11.273063659667969,6.191359043121338,-1.2449513673782349,73.57459259033203,89.59919738769531,100.72431945800781,94.14788055419922,8.49466609954834,3.19771409034729,0.0,0.0,0.0,0.0
41,0.8229374500001541,1789353171.683136,17,-0.0026819967,0.030213406,0.011370442,0.013872279,4.038746,-72.13238,-89.57045,-108.124176,-95.33252,-10.313855,8.080774,-0.24826813,74.422455,90.16462,100.933334,93.85974,6.6371565,0.9485458,0.0,0.0,0.0,0.0,0.0,-0.0030707,-0.0,0.0,20.3,11.650005,4.5,-3.7799973,3.3600037,-7.6199937,-4.3200026,-8.200001,-4.549999,-6.000005,0.8400009,2.8799973,11.7,13.200005,0.0,0.0,0.0,0.0,rl_constraint,0.0,0.0,0.0,0.0,6.994607448577881,-71.47427368164062,-88.15218353271484,-106.23624420166016,-95.5842514038086,-11.138211250305176,5.557187557220459,-1.0377739667892456,73.59001922607422,89.70703125,100.80836486816406,94.18744659423828,8.512829780578613,3.2578225135803223,0.0,0.0,0.0,0.0
42,0.8426073499999802,1789353171.702806,17,-0.0026785973,0.030211799,0.01133305,0.013858682,4.4380302,-71.923805,-89.45461,-108.155495,-95.27622,-10.463819,7.955928,-0.40740967,74.314125,90.05956,100.950554,93.91925,6.86261,1.2115586,0.0,0.0,0.0,0.0,0.0,0.0,-0.0,0.0,18.949997,9.099998,6.5999956,0.60000455,2.1599946,-7.140001,-7.3799973,-7.5,-5.299999,-4.019994,0.8400009,2.8799973,11.580002,12.360003,0.0,0.0,0.0,0.0,rl_constraint,0.0,0.0,0.0,0.0,6.741222858428955,-71.63275909423828,-88.16365051269531,-105.6171875,-96.07503509521484,-10.971488952636719,4.826583385467529,-0.7821468114852905,73.60919952392578,89.83118438720703,100.97042083740234,94.27530670166016,8.486157417297363,3.3052635192871094,0.0,0.0,0.0,0.0
43,0.8625284120003016,1789353171.7227268,17,-0.002675198,0.030210996,0.011302457,0.013845085,4.804058,-71.761246,-89.32317,-108.12356,-95.25899,-10.588335,7.7960496,-0.54494476,74.222206,89.97646,100.96037,93.979866,7.0688643,1.463887,0.0,0.0,0.0,0.0,0.0,0.0,-0.0,0.0,17.449997,6.700001,6.479997,2.8199983,0.059999086,-5.1600037,-8.940001,-5.950001,-4.6499977,-4.380002,0.23999634,2.9399962,9.780002,12.659999,0.0,0.0,0.0,0.0,rl_constraint,0.0,0.0,0.0,0.0,6.312155246734619,-71.69741821289062,-88.22911071777344,-105.00227355957031,-96.55400085449219,-10.790312767028809,4.072046756744385,-0.48780232667922974,73.62799072265625,89.98019409179688,101.1993179321289,94.39871978759766,8.407581329345703,3.315368890762329,0.0,0.0,0.0,0.0
44,0.8829858540002533,1789353171.7431843,17,-0.002671799,0.030210193,0.011278662,0.013831488,5.1278915,-71.65075,-89.19087,-108.0217,-95.261505,-10.692732,7.58698,-0.6491661,74.12986,89.90701,100.964096,94.02572,7.269983,1.7027298,0.0,0.0,0.0,0.0,0.0,0.0,-0.0,0.0,14.700005,4.549999,6.359999,8.219998,-0.41999358,-4.3200026,-12.420003,-3.7999992,-3.8999977,-2.0999954,0.0,1.8599991,9.059999,12.420003,0.0,0.0,0.0,0.0,rl_constraint,0.0,0.0,0.0,0.0,5.7171430587768555,-71.69901275634766,-88.33064270019531,-104.39973449707031,-96.97430419921875,-10.604171752929688,3.311342239379883,-0.1404855102300644,73.61343383789062,90.13673400878906,101.46146392822266,94.56654357910156,8.318575859069824,3.313328504562378,0.0,0.0,0.0,0.0
45,0.9029617030000736,1789353171.7631602,17,-0.002671799,0.030208988,0.011258267,0.0138178915,5.390888,-71.572174,-89.06019,-107.818794,-95.28654,-10.763484,7.3191195,-0.7140198,74.0586,89.873825,100.96475,94.05859,7.441466,1.9252167,0.0,0.0,0.0,0.0,0.0,0.0,-0.025987154,0.0,11.850002,3.0,6.3,11.520002,-2.2199936,-3.2400055,-14.639997,-2.5999947,-3.550003,-0.8400009,0.17999725,1.5000045,8.159999,11.280006,0.0,0.0,0.0,0.0,rl_constraint,0.0,0.0,0.0,0.0,4.992746829986572,-71.66131591796875,-88.44075775146484,-103.73529815673828,-97.32952880859375,-10.402532577514648,2.510831594467163,0.22779837250709534,73.60012817382812,90.31706237792969,101.74899291992188,94.7581787109375,8.166762351989746,3.291898727416992,0.0,0.0,0.0,0.0
46,0.9231720080001651,1789353171.7833707,17,-0.0026683996,0.030205373,0.011241271,0.013804294,5.594639,-71.5329,-88.94747,-107.557335,-95.36861,-10.809009,7.006064,-0.74847794,73.98227,89.86145,100.9796,94.09532,7.593956,2.1236434,0.0,0.0,0.0,0.0,0.0,0.0,-0.0,0.0,8.700005,1.300003,4.8599944,14.459999,-6.0600038,-1.6800019,-16.439997,-0.8499985,-4.0999947,-0.5400055,1.2599945,2.3400054,7.6199937,9.179997,0.0,0.0,0.0,0.0,rl_constraint,0.0,0.0,0.0,0.0,4.151593208312988,-71.61225128173828,-88.5190200805664,-103.0503158569336,-97.63082122802734,-10.201010704040527,1.7382646799087524,0.581487774848938,73.53853607177734,90.50955200195312,102.06278228759766,94.97825622558594,7.996827602386475,3.247532367706299,0.0,0.0,0.0,0.0
47,0.9428590990000885,1789353171.8030574,17,-0.0026650005,0.030200152,0.0112242745,0.013794096,5.7253304,-71.51733,-88.852806,-107.249306,-95.51071,-10.833234,6.634355,-0.74726486,73.92123,89.86018,101.01404,94.15211,7.7197633,2.3055909,0.0,0.0,0.0,0.0,0.0,-0.0030707004,-0.0,0.0,4.4000015,0.55000305,4.6799974,16.259998,-6.7800064,-0.0,-20.939997,0.75,-2.25,0.3599945,2.2800064,3.0599945,6.6599946,8.880002,0.0,0.0,0.0,0.0,rl_constraint,0.0,0.0,0.0,0.0,3.2611277103424072,-71.5370101928711,-88.54998016357422,-102.3222427368164,-97.89318084716797,-10.02524185180664,0.9678065776824951,0.8879551887512207,73.4580307006836,90.67333221435547,102.35393524169922,95.22044372558594,7.837071418762207,3.2138278484344482,0.0,0.0,0.0,0.0
48,0.9630446070000289,1789353171.823243,17,-0.0026616012,0.030183684,0.011210677,0.013763503,5.7585754,-71.508224,-88.76328,-106.88534,-95.6828,-10.831228,6.1975937,-0.70272446,73.87207,89.87338,101.07563,94.21824,7.8249025,2.4629014,0.0,0.0,0.0,0.0,0.0,0.0,-0.0,0.0,-0.8499985,0.19999695,3.8399963,19.079998,-8.640005,0.29999542,-22.44,3.550003,-2.6500053,0.9,3.1199937,2.9999955,3.3600037,6.9000044,0.0,0.0,0.0,0.0,rl_constraint,0.0,0.0,0.0,0.0,2.3257992267608643,-71.49076843261719,-88.51854705810547,-101.57576751708984,-98.1095962524414,-9.875654220581055,0.1839083880186081,1.1735559701919556,73.32379913330078,90.81903076171875,102.60810852050781,95.45272064208984,7.695030689239502,3.1660397052764893,0.0,0.0,0.0,0.0
49,0.9825282629999492,1789353171.842727,17,-0.0026616012,0.030176453,0.011197081,0.0137057165,5.7099037,-71.507416,-88.70165,-106.49493,-95.870255,-10.815463,5.731059,-0.5991554,73.820045,89.90176,101.13478,94.28505,7.88199,2.598816,0.0,0.0,0.0,0.0,0.0,0.0,-0.0,-0.025987154,-4.549999,0.0,2.759999,20.640001,-10.560003,1.5000045,-26.1,6.0999985,-3.0499992,1.740001,3.6,3.8399963,2.4000046,6.8400054,0.0,0.0,0.0,0.0,rl_constraint,0.0,0.0,0.0,0.0,1.3841407299041748,-71.50277709960938,-88.45144653320312,-100.83657836914062,-98.29881286621094,-9.750574111938477,-0.5232394337654114,1.5111687183380127,73.1558609008789,90.97113800048828,102.81718444824219,95.6908950805664,7.540053844451904,3.1061301231384277,0.0,0.0,0.0,0.0
50,1.0028268400001252,1789353171.8630254,17,-0.0026650005,0.03017083,0.0111834835,0.0136649255,5.557354,-71.50769,-88.652306,-106.05504,-96.0839,-10.756536,5.2136445,-0.4663353,73.77152,89.962494,101.23891,94.38268,7.9274735,2.7100663,0.0,0.0,0.0,0.0,0.0,0.0,-0.0,0.0,-10.350002,0.0,2.2800064,23.880007,-10.919998,3.4200027,-26.399996,7.549999,-2.5999947,3.7799973,6.419998,5.1000047,1.3800064,5.6399965,0.0,0.0,0.0,0.0,rl_constraint,0.0,0.0,0.0,0.0,0.46107617020606995,-71.54402923583984,-88.3621597290039,-100.06692504882812,-98.4797134399414,-9.588790893554688,-1.2304973602294922,1.8100510835647583,72.9568099975586,91.1123046875,102.98214721679688,95.9417953491211,7.419698238372803,3.052384376525879,0.0,0.0,0.0,0.0
51,1.023086584000339,1789353171.8832853,17,-0.0026616012,0.030167617,0.011169887,0.013627534,5.3043137,-71.50788,-88.61472,-105.56059,-96.31258,-10.66859,4.6587114,-0.3038063,73.726105,90.05507,101.37056,94.48539,7.9402723,2.7979019,0.0,0.0,0.0,0.0,0.0,0.0,-0.0,0.0,-15.199997,0.0,1.5000045,25.439997,-11.460004,4.8599944,-29.939997,8.900002,-2.6500053,5.340001,7.020003,4.980006,-0.059999086,3.6599991,0.0,0.0,0.0,0.0,rl_constraint,0.0,0.0,0.0,0.0,-0.4081306755542755,-71.60081481933594,-88.2519302368164,-99.27272033691406,-98.65381622314453,-9.407023429870605,-1.9206349849700928,2.0320475101470947,72.74430084228516,91.2593994140625,103.09031677246094,96.19114685058594,7.289240837097168,2.9941282272338867,0.0,0.0,0.0,0.0
52,1.0429056810003203,1789353171.903104,17,-0.0026616012,0.030165207,0.01115629,0.01360034,4.954777,-71.50841,-88.58541,-105.03435,-96.54663,-10.569163,4.0680037,-0.12397385,73.657265,90.15333,101.52415,94.611404,7.938707,2.8618011,0.0,0.0,0.0,0.0,0.0,0.0,-0.0,0.0,-19.699997,0.0,1.0799973,26.580006,-11.759999,6.000005,-29.159994,9.450005,-3.949997,3.6599991,7.3199983,6.2400007,-0.17999725,3.6599991,0.0,0.0,0.0,0.0,rl_constraint,0.0,0.0,0.0,0.0,-1.1864110231399536,-71.6336898803711,-88.1416015625,-98.47945404052734,-98.8377456665039,-9.22909927368164,-2.5784568786621094,2.1830687522888184,72.52886199951172,91.36617279052734,103.12300109863281,96.45423126220703,7.181375980377197,2.9417724609375,0.0,0.0,0.0,0.0
53,1.0626179460000458,1789353171.9228165,17,-0.0026548028,0.030163199,0.0111426925,0.013573146,4.528885,-71.509254,-88.56747,-104.480736,-96.780266,-10.457968,3.454802,0.078689575,73.58322,90.24596,101.685196,94.75049,7.9242325,2.9237778,0.0,0.0,0.0,0.0,0.0,0.0,-0.0,0.0,-23.25,-0.049999237,0.66000366,28.8,-11.879997,5.340001,-29.999996,10.5,-3.0,6.2400007,7.5599947,7.6800065,-1.4400055,2.5200028,0.0,0.0,0.0,0.0,rl_constraint,0.0,0.0,0.0,0.0,-1.8649088144302368,-71.64566802978516,-88.04011535644531,-97.70889282226562,-99.04725646972656,-9.074177742004395,-3.1873888969421387,2.2502481937408447,72.30927276611328,91.40608215332031,103.06925964355469,96.72013854980469,7.115124225616455,2.950664758682251,0.0,0.0,0.0,0.0
54,1.0828445080001075,1789353171.943043,17,-0.0026514034,0.030160788,0.0111324955,0.013549351,4.0373154,-71.51293,-88.54373,-103.88837,-97.013725,-10.341307,2.8267822,0.29311752,73.50844,90.37719,101.851036,94.903076,7.8799715,2.953235,0.0,0.0,0.0,0.0,0.0,0.0,-0.0,0.0,-25.849995,-0.19999695,1.8,30.719997,-12.180006,6.419998,-31.380001,10.749996,-5.000004,5.4,8.279997,8.159999,-3.1800065,1.1399963,0.0,0.0,0.0,0.0,rl_constraint,0.0,0.0,0.0,0.0,-2.4174368381500244,-71.63574981689453,-87.91159057617188,-96.93901062011719,-99.28449249267578,-8.968870162963867,-3.7515969276428223,2.196119785308838,72.12763977050781,91.42959594726562,102.91719818115234,96.96324157714844,7.029175758361816,2.9448652267456055,0.0,0.0,0.0,0.0
55,1.1030163980003636,1789353171.963215,17,-0.002648004,0.030158378,0.011118898,0.013528956,3.4927368,-71.519165,-88.4982,-103.267265,-97.245316,-10.217024,2.180223,0.5094223,73.402534,90.49282,102.0009,95.07416,7.798686,2.973024,0.0,0.0,0.0,0.0,0.0,0.0,-0.0,0.0,-28.45,-0.29999542,2.7,31.260004,-11.580002,6.539996,-32.819992,10.950005,-4.749996,5.6999955,7.6800065,8.880002,-4.440001,0.7200028,0.0,0.0,0.0,0.0,rl_constraint,0.0,0.0,0.0,0.0,-2.8288729190826416,-71.57440185546875,-87.76737976074219,-96.19398498535156,-99.53228759765625,-8.91887378692627,-4.2910637855529785,2.0186378955841064,72.0149154663086,91.36985778808594,102.66858673095703,97.17902374267578,6.913937091827393,2.9579436779022217,0.0,0.0,0.0,0.0
56,1.1228692220001903,1789353171.983068,17,-0.002644605,0.03015637,0.0111087,0.013505162,2.9013176,-71.52928,-88.44195,-102.62075,-97.473274,-10.089088,1.5290359,0.7292404,73.28388,90.59436,102.14281,95.25617,7.7262864,2.9875398,0.0,0.0,0.0,0.0,0.0,0.0,-0.0,0.0,-30.349995,-0.6000023,2.9999955,32.699997,-11.280006,5.8800063,-32.519997,11.050003,-5.5999947,5.1600037,6.960004,10.319994,-3.6599991,0.4800064,0.0,0.0,0.0,0.0,rl_constraint,0.0,0.0,0.0,0.0,-3.1013381481170654,-71.46893310546875,-87.61595153808594,-95.44588470458984,-99.79857635498047,-8.908811569213867,-4.781981468200684,1.7820457220077515,71.93000030517578,91.24420166015625,102.32328796386719,97.39917755126953,6.842538833618164,3.0036728382110596,0.0,0.0,0.0,0.0
57,1.1429990720002934,1789353172.0031977,17,-0.0026412057,0.03015396,0.011078107,0.013447374,2.2914276,-71.54098,-88.38086,-101.954,-97.70076,-9.956648,0.8784668,0.9308739,73.16897,90.711464,102.27486,95.45042,7.6375856,2.9973724,0.0,0.0,0.0,0.0,0.0,0.0,-0.0,0.0,-30.450005,-0.70000076,2.4600036,33.719994,-11.039996,6.8400054,-32.280003,9.099998,-6.999996,5.2200027,5.340001,9.780002,-5.1000047,0.17999725,0.0,0.0,0.0,0.0,rl_constraint,0.0,0.0,0.0,0.0,-3.245659828186035,-71.35160827636719,-87.45597839355469,-94.75151062011719,-100.07066345214844,-8.928854942321777,-5.216001033782959,1.4898642301559448,71.85335540771484,91.1049575805664,101.94477844238281,97.57599639892578,6.778791904449463,3.077085256576538,0.0,0.0,0.0,0.0
58,1.1629650400000173,1789353172.0231638,17,-0.0024916395,0.030151952,0.011030518,0.013406584,1.6803246,-71.552765,-88.32759,-101.27123,-97.92849,-9.82565,0.23671417,1.0976143,73.041275,90.79876,102.36721,95.65009,7.556314,2.9997208,0.0,0.0,0.0,0.0,0.0,0.0,-0.0,0.0,-30.400005,-0.049999237,3.0599945,34.26,-10.919998,7.020003,-31.380001,7.4000015,-6.8499985,4.2600036,3.6,10.919998,-4.1400056,0.17999725,0.0,0.0,0.0,0.0,rl_constraint,0.0,0.0,0.0,0.0,-3.2545180320739746,-71.19149780273438,-87.32032775878906,-94.07887268066406,-100.34381866455078,-8.975532531738281,-5.587227821350098,1.1322903633117676,71.83936309814453,90.88355255126953,101.51116180419922,97.71797943115234,6.758358478546143,3.1589760780334473,0.0,0.0,0.0,0.0
59,1.182931488000122,1789353172.04313,17,-0.0024032593,0.030149944,0.010993127,0.01337599,1.0777359,-71.55187,-88.25335,-100.57403,-98.159065,-9.707273,-0.39548033,1.2293243,72.907196,90.87932,102.4232,95.85525,7.469165,3.0026734,0.0,0.0,0.0,0.0,0.027843136,0.0,-0.0,0.0,-29.599995,0.099998474,3.9599946,35.219997,-10.859999,5.459999,-31.980007,5.449997,-5.499996,3.540001,1.5000045,9.840001,-5.0400057,0.059999086,0.0,0.0,0.0,0.0,rl_constraint,0.0,0.0,0.0,0.0,-3.149996519088745,-71.0058364868164,-87.1577377319336,-93.46127319335938,-100.59333801269531,-9.074034690856934,-5.8982696533203125,0.6986979246139526,71.85460662841797,90.61854553222656,101.0311279296875,97.84477996826172,6.769271373748779,3.2444658279418945,0.0,0.0,0.0,0.0
60,1.2023403279999911,1789353172.0625389,17,-0.00235567,0.030148337,0.010965933,0.013348796,0.5095711,-71.54495,-88.17366,-99.86935,-98.39022,-9.594951,-1.0116761,1.3180046,72.773575,90.93786,102.430565,96.06265,7.3809447,3.0058732,0.0,0.0,0.0,0.0,0.0,0.0,-0.0,0.0,-27.299995,0.34999466,3.4200027,35.519993,-10.919998,5.7599945,-31.140005,3.6500015,-6.550003,1.6800019,-0.23999634,10.019999,-3.6,0.29999542,0.0,0.0,0.0,0.0,rl_constraint,0.0,0.0,0.0,0.0,-2.948265552520752,-70.83106994628906,-86.98523712158203,-92.865234375,-100.84059143066406,-9.188840866088867,-6.147043228149414,0.24145805835723877,71.88090515136719,90.32571411132812,100.5496826171875,97.94509887695312,6.7890520095825195,3.3087687492370605,0.0,0.0,0.0,0.0
61,1.222870346000036,1789353172.0830688,17,-0.00231148,0.030146329,0.010945537,0.013325002,-0.013950348,-71.52665,-88.08692,-99.16522,-98.623955,-9.499891,-1.6056244,1.3625565,72.6516,90.9618,102.41407,96.2694,7.307611,3.0159943,0.0,0.0,0.0,0.0,0.0,0.0,-0.0,0.0,-24.949997,1.7999954,5.4,35.339996,-11.939997,4.7999954,-28.199995,0.6000023,-5.950001,0.8400009,-1.5600036,10.319994,-3.8999953,0.29999542,0.0,0.0,0.0,0.0,rl_constraint,0.0,0.0,0.0,0.0,-2.695129871368408,-70.68661499023438,-86.80664825439453,-92.32939147949219,-101.09626007080078,-9.336199760437012,-6.3398847579956055,-0.20278958976268768,71.91769409179688,90.01215362548828,100.12152862548828,98.00756072998047,6.841413974761963,3.3634867668151855,0.0,0.0,0.0,0.0
62,1.2426716970003326,1789353172.1028702,17,-0.002284286,0.030144721,0.010928541,0.013304606,-0.48235703,-71.48119,-87.97474,-98.461296,-98.86367,-9.421298,-2.169168,1.3585396,72.54624,90.96896,102.34457,96.470085,7.225282,3.0277085,0.0,0.0,0.0,0.0,0.0,0.0,-0.0,0.0,-21.849998,2.6500053,4.7999954,35.16,-13.380002,3.3600037,-26.700005,-0.8499985,-5.499996,-0.17999725,-5.7599945,9.299995,-3.4200027,0.9,0.0,0.0,0.0,0.0,rl_constraint,0.0,0.0,0.0,0.0,-2.393091917037964,-70.58277130126953,-86.60009002685547,-91.88203430175781,-101.33653259277344,-9.505813598632812,-6.486081123352051,-0.6340445280075073,71.93981170654297,89.72005462646484,99.73387908935547,98.01764678955078,6.881466388702393,3.3749094009399414,0.0,0.0,0.0,0.0
63,1.2631128990001343,1789353172.1233115,17,-0.002270689,0.030143116,0.010914944,0.013280812,-0.87994766,-71.42507,-87.86328,-97.765015,-99.105,-9.363826,-2.7080474,1.3154984,72.44002,90.952484,102.19204,96.66235,7.16553,3.0525239,0.0,0.0,0.0,0.0,0.0,0.0,-0.0,0.0,-18.349995,3.0,6.1800017,34.559994,-11.759999,1.740001,-26.94,-3.5000038,-4.3500023,-1.6800019,-9.0,9.720003,-2.4000046,2.0399964,0.0,0.0,0.0,0.0,rl_constraint,0.0,0.0,0.0,0.0,-2.055534601211548,-70.5365219116211,-86.40506744384766,-91.52833557128906,-101.5643539428711,-9.687192916870117,-6.6179022789001465,-0.986229658126831,71.93692779541016,89.45027160644531,99.38494110107422,97.99268341064453,6.93007755279541,3.34926700592041,0.0,0.0,0.0,0.0
64,1.2830542609999611,1789353172.1432528,17,-0.0022536928,0.03004029,0.010901347,0.013263816,-1.2103043,-71.35736,-87.748215,-97.0817,-99.345825,-9.329466,-3.209381,1.2085533,72.35728,90.89556,101.98967,96.84342,7.108017,3.0926101,0.0,0.0,0.0,0.0,0.0,-0.006361124,-0.0,0.0,-14.650005,3.7999992,5.579997,33.719994,-11.460004,1.5600036,-24.960003,-6.8999977,-3.8999977,-3.540001,-10.560003,8.820003,-2.8799973,1.4400055,0.0,0.0,0.0,0.0,rl_constraint,0.0,0.0,0.0,0.0,-1.7126824855804443,-70.52570343017578,-86.22574615478516,-91.30243682861328,-101.77691650390625,-9.876360893249512,-6.7130303382873535,-1.2757383584976196,71.94925689697266,89.1825942993164,99.14775085449219,97.9111557006836,6.972714424133301,3.2922234535217285,0.0,0.0,0.0,0.0
65,1.3030018250001376,1789353172.1632006,17,-0.0022434953,0.029982852,0.01088775,0.01324342,-1.4668694,-71.27332,-87.617096,-96.41749,-99.588715,-9.312506,-3.6683488,1.0484619,72.27949,90.800064,101.76909,97.00686,7.0560517,3.1212432,0.0,0.0,0.0,0.0,0.0,-0.00307071,-0.0,0.0,-11.200001,4.250004,6.9000044,32.759995,-12.480001,0.059999086,-22.5,-9.400005,-3.4500046,-5.519998,-11.280006,8.040001,-2.0399964,1.1399963,0.0,0.0,0.0,0.0,rl_constraint,0.0,0.0,0.0,0.0,-1.405500888824463,-70.54805755615234,-86.05012512207031,-91.23147583007812,-101.94688415527344,-10.053229331970215,-6.766042232513428,-1.5029765367507935,71.92681121826172,88.95382690429688,99.06141662597656,97.78524780273438,7.0176520347595215,3.1395397186279297,0.0,0.0,0.0,0.0
66,1.3228739979999773,1789353172.1830726,17,-0.0022298982,0.029788045,0.010874153,0.013226424,-1.6506386,-71.196304,-87.48185,-95.78171,-99.83177,-9.31366,-4.0911164,0.8519783,72.22531,90.6686,101.52155,97.15118,7.027144,3.143312,0.0,0.0,0.0,0.0,0.0,-0.009432267,-0.0,0.0,-7.4000015,3.7000008,6.9000044,30.959995,-11.999995,-0.11999817,-20.039997,-9.849998,-2.4999962,-6.960004,-12.719998,6.7199936,-1.0199982,0.9,0.0,0.0,0.0,0.0,rl_constraint,0.0,0.0,0.0,0.0,-1.1270002126693726,-70.61106872558594,-85.88011932373047,-91.27565002441406,-102.07557678222656,-10.20864200592041,-6.803642272949219,-1.6563878059387207,71.91193389892578,88.74639129638672,99.0971450805664,97.61653137207031,7.095437049865723,2.912477970123291,0.0,0.0,0.0,0.0
67,1.3429734350002036,1789353172.2031722,17,-0.0022230998,0.029679596,0.010863956,0.013202629,-1.7698975,-71.117035,-87.34175,-95.17912,-100.074,-9.327818,-4.4737563,0.63812256,72.16824,90.516685,101.25898,97.278275,7.002864,3.1594071,0.0,0.0,0.0,0.0,0.0,0.0,-0.0,0.0,-4.4000015,3.7999992,7.3199983,29.099995,-11.580002,-1.2599945,-17.279997,-11.050003,-3.2499962,-8.940001,-13.440001,5.2200027,-0.9,0.7200028,0.0,0.0,0.0,0.0,rl_constraint,0.0,0.0,0.0,0.0,-0.9255955815315247,-70.67700958251953,-85.75019073486328,-91.44966125488281,-102.148681640625,-10.329756736755371,-6.8246612548828125,-1.6968179941177368,71.87608337402344,88.59174346923828,99.2401123046875,97.41780090332031,7.17763614654541,2.6344480514526367,0.0,0.0,0.0,0.0
68,1.3629207010003483,1789353172.2231193,17,-0.002212902,0.029506078,0.010850359,0.013134644,-1.8170128,-71.042854,-87.1874,-94.629326,-100.30914,-9.380814,-4.8177934,0.4075241,72.119995,90.34585,100.99918,97.37272,6.99586,3.1690063,0.0,0.0,0.0,0.0,0.0,-0.009432305,-0.0,0.0,-1.0499954,3.75,7.499995,25.800005,-11.520002,-4.019994,-16.080002,-11.599995,-1.6499977,-8.339996,-12.480001,4.6799974,-0.23999634,0.059999086,0.0,0.0,0.0,0.0,rl_constraint,0.0,0.0,0.0,0.0,-0.7626760601997375,-70.78083038330078,-85.61197662353516,-91.80147552490234,-102.17950439453125,-10.475067138671875,-6.815134048461914,-1.6538234949111938,71.81348419189453,88.49188232421875,99.52629852294922,97.21092987060547,7.2675557136535645,2.317819118499756,0.0,0.0,0.0,0.0
69,1.3829285070000878,1789353172.243127,17,-0.0022027043,0.029321713,0.010840161,0.013080257,-1.819931,-70.97072,-87.03318,-94.13644,-100.53651,-9.4589405,-5.1223617,0.17129517,72.09389,90.18354,100.7575,97.44942,6.995421,3.1684844,0.0,0.0,0.0,0.0,0.025987154,-0.00943233,-0.0,0.0,0.45000458,3.0,7.8000045,23.819994,-10.919998,-3.8399963,-14.4,-11.549995,-0.6500015,-8.279997,-11.219994,2.3400054,0.059999086,-0.059999086,0.0,0.0,0.0,0.0,rl_constraint,0.0,0.0,0.0,0.0,-0.6911486387252808,-70.92054748535156,-85.47737121582031,-92.30574798583984,-102.1426773071289,-10.628992080688477,-6.755881309509277,-1.511747121810913,71.74336242675781,88.46621704101562,99.93489074707031,97.0014877319336,7.363804340362549,1.988865613937378,0.0,0.0,0.0,0.0
70,1.4027122269999381,1789353172.2629106,17,-0.002195906,0.02896664,0.010829964,0.013039466,-1.7939186,-70.924774,-86.87815,-93.70112,-100.75114,-9.553793,-5.3864455,-0.06111145,72.07525,90.0051,100.54296,97.47794,6.996272,3.1503983,0.0,0.0,0.0,0.0,0.0,-0.012722844,-0.0,0.0,2.5499954,1.9000053,7.140001,19.380007,-9.540006,-5.519998,-12.899996,-10.950005,-1.3500023,-8.820003,-10.019999,1.0799973,0.059999086,-1.9799973,0.0,0.0,0.0,0.0,rl_constraint,0.0,0.0,0.0,0.0,-0.6749658584594727,-71.08190155029297,-85.35137939453125,-92.92245483398438,-102.02771759033203,-10.775457382202148,-6.640533447265625,-1.31089448928833,71.66343688964844,88.48497772216797,100.44071197509766,96.7894515991211,7.46107292175293,1.6585969924926758,0.0,0.0,0.0,0.0
71,1.4226679870002954,1789353172.2828665,17,-0.0021857081,0.028793117,0.010819766,0.013005474,-1.7280807,-70.88631,-86.73014,-93.35416,-100.94837,-9.657491,-5.6175566,-0.2751274,72.02881,89.81248,100.360275,97.49317,7.000571,3.0935578,0.0,0.0,0.0,0.0,0.0,-0.003070762,-0.0,0.0,3.7000008,1.699997,7.2599993,15.000005,-9.419993,-5.2200027,-11.039996,-10.150005,-2.7000046,-9.480006,-7.4399962,0.11999817,0.23999634,-3.6599991,0.0,0.0,0.0,0.0,rl_constraint,0.0,0.0,0.0,0.0,-0.7133068442344666,-71.25253295898438,-85.26045989990234,-93.6812744140625,-101.86392974853516,-10.888605117797852,-6.4800004959106445,-1.0300791263580322,71.52578735351562,88.55524444580078,101.02201080322266,96.6434097290039,7.553703784942627,1.288127064704895,0.0,0.0,0.0,0.0
72,1.4433487830001468,1789353172.3035474,17,-0.0021789097,0.02861076,0.010809568,0.01297828,-1.6346054,-70.86215,-86.567856,-93.099365,-101.122795,-9.766337,-5.809639,-0.45993805,71.97343,89.62406,100.22635,97.48964,7.015732,2.9973724,0.0,0.0,0.0,0.0,0.0,-0.019742498,-0.0,0.0,5.1000023,0.79999924,7.6199937,9.780002,-7.8600035,-6.5999956,-8.459994,-8.25,-2.050003,-8.219998,-5.1600037,-0.4800064,0.9599991,-6.9000044,0.0,0.0,0.0,0.0,rl_constraint,0.0,0.0,0.0,0.0,-0.8211252689361572,-71.45742797851562,-85.17080688476562,-94.55329132080078,-101.6456298828125,-10.982390403747559,-6.250720500946045,-0.6568170189857483,71.37322998046875,88.65753936767578,101.62078857421875,96.56629180908203,7.679991722106934,0.8882731199264526,0.0,0.0,0.0,0.0
73,1.4631041940001523,1789353172.3233027,17,-0.0021721113,0.028440451,0.010802769,0.012951086,-1.5307732,-70.857124,-86.418335,-92.942825,-101.27086,-9.877437,-5.9677324,-0.610302,71.94611,89.47056,100.16534,97.45584,7.0520277,2.8652892,0.0,0.0,0.0,0.0,0.0,-0.012942252,-0.0,0.0,5.25,-0.14999771,7.7400055,5.4,-7.080002,-5.9400053,-6.960004,-6.999996,-1.4000015,-6.960004,-1.0199982,-3.1800065,2.4600036,-6.479997,0.0,0.0,0.0,0.0,rl_constraint,0.0,0.0,0.0,0.0,-0.9548976421356201,-71.64237213134766,-85.1148452758789,-95.49791717529297,-101.36865997314453,-11.074966430664062,-5.962523937225342,-0.2603869140148163,71.23848724365234,88.79016876220703,102.22087097167969,96.51280975341797,7.853132724761963,0.5010874271392822,0.0,0.0,0.0,0.0
74,1.483302230999925,1789353172.3435009,17,-0.0021653129,0.028187398,0.010792572,0.012927291,-1.4271584,-70.86772,-86.27491,-92.888115,-101.38585,-9.9969,-6.0873184,-0.7174988,71.91826,89.338745,100.16624,97.39174,7.1027985,2.7083359,0.0,0.0,0.0,0.0,0.0,-0.019523304,-0.0,0.0,4.5999985,-1.0999947,7.3799973,0.23999634,-5.2200027,-5.8800063,-4.7399964,-4.2000046,-1.5499992,-6.5999956,0.60000455,-3.540001,2.5800018,-8.880002,0.0,0.0,0.0,0.0,rl_constraint,0.0,0.0,0.0,0.0,-1.0988694429397583,-71.7890853881836,-85.08988952636719,-96.51821899414062,-101.06466674804688,-11.188801765441895,-5.592150688171387,0.15743061900138855,71.10799407958984,88.93460845947266,102.82205200195312,96.46676635742188,8.053131103515625,0.18395982682704926,0.0,0.0,0.0,0.0
75,1.5031512430000475,1789353172.3633497,17,-0.0019307656,0.0273724,0.010782374,0.012903497,-1.3453903,-70.905785,-86.128525,-92.91232,-101.47321,-10.116801,-6.163687,-0.78343964,71.85951,89.22048,100.21848,97.31008,7.169568,2.5251663,0.0,0.0,0.0,0.0,0.11324212,-0.050674014,-0.025987154,0.0,3.8499985,-2.6500053,6.6599946,-3.480002,-3.3000045,-6.3,-2.9399962,-1.5999985,-4.2000046,-5.6999955,4.1400056,-4.5,3.9599946,-9.359995,0.0,0.0,0.0,0.0,rl_constraint,0.0,0.0,0.0,0.0,-1.2722620964050293,-71.87548828125,-85.08663177490234,-97.56444549560547,-100.71403503417969,-11.33008098602295,-5.150057315826416,0.5612725615501404,70.96778106689453,89.06143951416016,103.36656951904297,96.47889709472656,8.28626823425293,-0.06540396809577942,0.0,0.0,0.0,0.0
76,1.52273676599998,1789353172.3829353,17,-0.0013426979,0.026793178,0.010775575,0.012866105,-1.2766342,-70.97284,-85.99492,-93.04861,-101.5157,-10.234177,-6.2027025,-0.79146194,71.78217,89.114815,100.334045,97.21441,7.243657,2.3239105,0.0,0.0,0.0,0.0,0.025987154,-0.012284601,-0.0,0.0,3.0,-3.5000038,5.6999955,-9.720003,-1.0199982,-6.000005,-0.7800018,0.24999619,-2.800003,-4.5,8.339996,-4.019994,3.9599946,-10.859999,0.0,0.0,0.0,0.0,rl_constraint,0.0,0.0,0.0,0.0,-1.44194757938385,-71.88489532470703,-85.13899993896484,-98.6726303100586,-100.34183502197266,-11.505393028259277,-4.624884128570557,0.9512380361557007,70.83055114746094,89.15106201171875,103.84102630615234,96.53248596191406,8.527302742004395,-0.22658810019493103,0.0,0.0,0.0,0.0
77,1.5431421860002956,1789353172.4033408,17,-0.0012883102,0.026724089,0.010768777,0.012825314,-1.2210846,-71.04187,-85.87496,-93.30683,-101.522156,-10.354971,-6.2036223,-0.7694435,71.72928,89.0628,100.553246,97.132034,7.330518,2.0993361,0.0,0.0,0.0,0.0,0.0,0.0,-0.0,0.0,2.2000008,-3.7999992,6.7199936,-15.659994,0.11999817,-5.8199935,0.3599945,2.25,-3.2499962,-1.3199936,12.6,-4.559999,5.0400057,-11.999995,0.0,0.0,0.0,0.0,rl_constraint,0.0,0.0,0.0,0.0,-1.5949593782424927,-71.81076049804688,-85.23343658447266,-99.80489349365234,-99.980224609375,-11.732001304626465,-4.026515960693359,1.287237286567688,70.72130584716797,89.22395324707031,104.23204040527344,96.5966796875,8.770034790039062,-0.3223422169685364,0.0,0.0,0.0,0.0
78,1.562808213000153,1789353172.4230068,17,-0.0012543178,0.026720876,0.010761979,0.012787923,-1.1875992,-71.1293,-85.75742,-93.67321,-101.5015,-10.475382,-6.1548705,-0.6983299,71.63903,89.02496,100.83415,97.03968,7.433734,1.8570465,0.0,0.0,0.0,0.0,0.0,0.0,-0.0,0.0,0.8999977,-4.7999954,5.0400057,-20.7,2.5800018,-5.6999955,4.559999,5.5999947,-4.7999954,-2.0399964,14.639997,-4.019994,4.7999954,-12.420003,0.0,0.0,0.0,0.0,rl_constraint,0.0,0.0,0.0,0.0,-1.6900651454925537,-71.63665008544922,-85.3399887084961,-100.91948699951172,-99.6265640258789,-12.005106925964355,-3.3489460945129395,1.5214636325836182,70.6401138305664,89.21125793457031,104.46755981445312,96.67756652832031,9.024433135986328,-0.3565806746482849,0.0,0.0,0.0,0.0
79,1.5831244999999399,1789353172.4433231,17,-0.0012271239,0.02671726,0.010751781,0.012753931,-1.1826897,-71.21567,-85.66174,-94.14478,-101.422676,-10.598635,-6.03273,-0.55374527,71.55821,89.00549,101.12489,96.97194,7.5368133,1.614537,0.0,0.0,0.0,0.0,0.0,0.0,-0.0,0.0,-0.099998474,-4.0499954,4.3200026,-25.439997,5.2800016,-6.3,7.3799973,8.050003,-4.2000046,0.059999086,14.819994,-3.2400055,7.2599993,-11.580002,0.0,0.0,0.0,0.0,rl_constraint,0.0,0.0,0.0,0.0,-1.73727285861969,-71.36634826660156,-85.47990417480469,-102.02068328857422,-99.29133605957031,-12.332149505615234,-2.521925210952759,1.698102593421936,70.5749282836914,89.1259765625,104.49654388427734,96.75094604492188,9.275440216064453,-0.3226284384727478,0.0,0.0,0.0,0.0
80,1.6030932700000449,1789353172.463292,17,-0.0012169261,0.026713243,0.010744982,0.012726736,-1.18816,-71.29206,-85.58449,-94.694664,-101.2912,-10.731954,-5.8533645,-0.3781128,71.45965,89.005905,101.44904,96.905785,7.6722884,1.3723297,0.0,0.0,0.0,0.0,0.0,0.0,-0.0,0.0,-0.55000305,-3.2499962,3.2400055,-30.059994,7.5599947,-6.8400054,10.199995,9.249996,-4.549999,0.059999086,17.219997,-2.9999955,6.000005,-11.879997,0.0,0.0,0.0,0.0,rl_constraint,0.0,0.0,0.0,0.0,-1.677866816520691,-71.04572296142578,-85.63825225830078,-103.08155059814453,-98.99152374267578,-12.705974578857422,-1.6142736673355103,1.7752630710601807,70.51188659667969,88.96126556396484,104.37141418457031,96.8305435180664,9.559991836547852,-0.2302408665418625,0.0,0.0,0.0,0.0
81,1.6229992930002481,1789353172.483198,17,-0.0012101277,0.026709227,0.010738184,0.012597566,-1.2111626,-71.34629,-85.5224,-95.33952,-101.13416,-10.874418,-5.622734,-0.18745422,71.36952,89.0078,101.786835,96.85415,7.8194366,1.1457093,0.0,0.0,0.0,0.0,0.0,0.0,-0.0,0.0,-1.699997,-2.2999992,2.759999,-33.900005,8.399996,-7.080002,13.799995,9.600002,-5.3499985,0.0,17.519993,-2.1599946,7.920003,-11.159994,0.0,0.0,0.0,0.0,rl_constraint,0.0,0.0,0.0,0.0,-1.5000452995300293,-70.68750762939453,-85.79292297363281,-104.09138488769531,-98.75582885742188,-13.110055923461914,-0.6534386277198792,1.7424877882003784,70.50559997558594,88.69163513183594,104.0777359008789,96.90098571777344,9.849333763122559,-0.0642809346318245,0.0,0.0,0.0,0.0
82,1.6428409250002005,1789353172.5030396,17,-0.0011489415,0.026706414,0.010731385,0.01253298,-1.2571449,-71.382935,-85.48019,-96.03975,-100.95183,-11.033377,-5.3278475,0.012943268,71.26881,89.00737,102.12317,96.822975,7.9757447,0.9361725,0.0,0.0,0.0,0.0,0.051977705,0.0,-0.0,0.0,-2.25,-1.300003,1.3800064,-36.239998,10.079997,-8.1,16.559994,9.949997,-4.549999,0.0,15.719994,-0.8400009,8.339996,-9.299995,0.0,0.0,0.0,0.0,rl_constraint,0.0,0.0,0.0,0.0,-1.2604610919952393,-70.29460144042969,-85.95816040039062,-104.99436950683594,-98.58201599121094,-13.51960563659668,0.3548940420150757,1.6254538297653198,70.5050277709961,88.35539245605469,103.65177917480469,96.98279571533203,10.118989944458008,0.1535767912864685,0.0,0.0,0.0,0.0
83,1.6629372760003207,1789353172.5231357,17,-0.00071044016,0.026704004,0.010721188,0.0124853905,-1.3053474,-71.3931,-85.466736,-96.80139,-100.74698,-11.2131405,-4.9686494,0.21411896,71.178925,89.00696,102.42964,96.805565,8.149727,0.75936127,0.0,0.0,0.0,0.0,0.0,0.0,-0.0,-0.025987154,-2.25,0.24999619,0.059999086,-39.78,10.139997,-9.359995,18.780003,10.200005,-4.5999985,-0.17999725,14.7599945,-0.8400009,9.600004,-8.040001,0.0,0.0,0.0,0.0,rl_constraint,0.0,0.0,0.0,0.0,-0.8963730335235596,-69.90959167480469,-86.11564636230469,-105.79853057861328,-98.47311401367188,-13.93091869354248,1.3988670110702515,1.4347245693206787,70.51652526855469,87.97136688232422,103.10900115966797,97.08377075195312,10.37608814239502,0.43027111887931824,0.0,0.0,0.0,0.0
84,1.6832135290001133,1789353172.5434122,17,-0.00041130747,0.0267028,0.010714389,0.012451398,-1.3401833,-71.3703,-85.469086,-97.618744,-100.52883,-11.416937,-4.540979,0.40941238,71.09166,88.99964,102.696365,96.7925,8.336412,0.6121445,0.0,0.0,0.0,0.0,0.0,0.0,-0.0,0.0,-1.0999947,2.2999992,-0.23999634,-41.22,10.979998,-10.440005,23.759995,9.249996,-3.8499985,-0.7800018,11.580002,-0.29999542,9.840001,-6.960004,0.0,0.0,0.0,0.0,rl_constraint,0.0,0.0,0.0,0.0,-0.40175458788871765,-69.56988525390625,-86.21585083007812,-106.51799774169922,-98.42569732666016,-14.329551696777344,2.4895119667053223,1.184105634689331,70.53509521484375,87.55781555175781,102.43418884277344,97.2082748413086,10.603070259094238,0.7077356576919556,0.0,0.0,0.0,0.0
85,1.7026548819999334,1789353172.5628533,17,-0.00036371817,0.026701596,0.010707591,0.0124242045,-1.3491211,-71.2923,-85.48186,-98.467606,-100.30343,-11.643709,-4.0438476,0.5889473,71.0098,88.9626,102.901825,96.79183,8.539632,0.49853212,0.0,0.0,0.0,0.0,0.0,0.0,-0.0,0.0,0.19999695,5.1500015,-0.9599991,-43.26,11.039996,-11.159994,27.419994,8.549995,-4.0499954,-3.3600037,7.980002,0.0,10.560003,-4.2000046,0.0,0.0,0.0,0.0,rl_constraint,0.0,0.0,0.0,0.0,0.2389494627714157,-69.30760955810547,-86.22573852539062,-107.12114715576172,-98.4300537109375,-14.692673683166504,3.6000704765319824,0.9080348610877991,70.57256317138672,87.12133026123047,101.67259979248047,97.37019348144531,10.816593170166016,0.9705670475959778,0.0,0.0,0.0,0.0
86,1.722971907000101,1789353172.5831707,17,-0.0003399235,0.026701193,0.010697393,0.012397011,-1.3376083,-71.17948,-85.51511,-99.3402,-100.078545,-11.885724,-3.4750443,0.736496,70.92887,88.8757,103.0301,96.796005,8.748701,0.43029326,0.0,0.0,0.0,0.0,0.0,0.0,-0.0,0.0,1.300003,6.4000053,-2.3400054,-43.680008,10.680002,-12.180006,31.260004,6.500004,-3.0999985,-4.980006,4.7999954,0.4800064,9.959999,-2.8799973,0.0,0.0,0.0,0.0,rl_constraint,0.0,0.0,0.0,0.0,0.9725039601325989,-69.14823913574219,-86.17701721191406,-107.6144027709961,-98.45519256591797,-15.002511024475098,4.726181507110596,0.6180419921875,70.63069915771484,86.64856719970703,100.85655212402344,97.56031036376953,11.008389472961426,1.2400803565979004,0.0,0.0,0.0,0.0
87,1.7429490590002388,1789353172.6031475,17,-0.00031272965,0.026701596,0.010690595,0.012373216,-1.2848969,-71.037186,-85.57965,-100.20484,-99.866035,-12.154147,-2.8373427,0.84324646,70.87745,88.776726,103.078964,96.82225,8.963855,0.39585114,0.0,0.0,0.0,0.0,0.0,0.0,-0.0,0.0,4.0499954,7.9500046,-4.019994,-43.499996,10.859999,-13.140005,32.759995,4.4000015,-2.800003,-6.1800017,-0.17999725,2.4000046,10.560003,-0.17999725,0.0,0.0,0.0,0.0,rl_constraint,0.0,0.0,0.0,0.0,1.7856265306472778,-69.09381103515625,-86.08796691894531,-107.99517059326172,-98.50720977783203,-15.251864433288574,5.847398281097412,0.32420653104782104,70.68708801269531,86.21237182617188,100.00579071044922,97.7529525756836,11.176114082336426,1.4722540378570557,0.0,0.0,0.0,0.0
88,1.762906755000131,1789353172.6231053,17,-0.00030253193,0.026701996,0.0106634,0.012346022,-1.1680298,-70.86827,-85.65948,-101.07183,-99.66732,-12.434436,-2.1440368,0.91288376,70.81908,88.61832,103.04671,96.87363,9.186493,0.39894104,0.0,0.0,0.0,0.0,0.0,0.0,-0.0,0.0,7.5999985,8.700005,-3.9599946,-42.42,9.299995,-13.919993,35.580006,1.5,-3.199997,-7.920003,-3.1199937,2.7,11.520002,0.3599945,0.0,0.0,0.0,0.0,rl_constraint,0.0,0.0,0.0,0.0,2.624948263168335,-69.0606689453125,-85.98591613769531,-108.30378723144531,-98.5776596069336,-15.450507164001465,6.911092281341553,0.08154653012752533,70.74701690673828,85.78667449951172,99.16552734375,97.91504669189453,11.35045337677002,1.6742773056030273,0.0,0.0,0.0,0.0
89,1.7829838960001325,1789353172.6431825,17,-0.00029573345,0.026704004,0.010619211,0.012291634,-0.988266,-70.68536,-85.733475,-101.91422,-99.488174,-12.730875,-1.3851426,0.92790985,70.77689,88.43558,102.942955,96.938034,9.408938,0.42326203,0.0,0.0,0.0,0.0,0.0,0.0030708527,-0.0,0.0,10.450001,9.700001,-3.3600037,-41.46,8.940001,-14.160004,39.839996,0.19999695,-1.7999954,-9.119998,-8.1,3.8399963,11.460004,2.2800064,0.0,0.0,0.0,0.0,rl_constraint,0.0,0.0,0.0,0.0,3.3955976963043213,-69.03543090820312,-85.84539794921875,-108.5379867553711,-98.65066528320312,-15.625683784484863,7.9355692863464355,-0.09759677946567535,70.79581451416016,85.4405288696289,98.38322448730469,98.01165771484375,11.53596019744873,1.812662959098816,0.0,0.0,0.0,0.0
90,1.8029083890000948,1789353172.663107,17,-0.000288935,0.026705611,0.010585219,0.012216851,-0.74206924,-70.500435,-85.795425,-102.71382,-99.33319,-13.030156,-0.5774139,0.926033,70.755226,88.217865,102.71317,97.02073,9.630519,0.5015396,0.0,0.0,0.0,0.0,0.0,0.0,-0.0,0.0,13.749996,9.049999,-2.6400008,-38.879997,6.960004,-15.539996,40.62,-0.45000458,-0.45000458,-11.340006,-14.100004,4.440001,11.039996,5.519998,0.0,0.0,0.0,0.0,rl_constraint,0.0,0.0,0.0,0.0,4.122300624847412,-68.98055267333984,-85.6915283203125,-108.68861389160156,-98.71216583251953,-15.784472465515137,8.874507904052734,-0.1706693470478058,70.85709381103516,85.14728546142578,97.66217041015625,98.02596282958984,11.71808910369873,1.9632200002670288,0.0,0.0,0.0,0.0
91,1.8229182840000249,1789353172.6831172,17,-0.000288935,0.026706817,0.010561423,0.012165863,-0.43234634,-70.31991,-85.837265,-103.46737,-99.20033,-13.328627,0.27413636,0.893383,70.74652,87.97014,102.39577,97.1103,9.848241,0.62126315,0.0,0.0,0.0,0.0,0.0,0.0,-0.0,0.0,17.000004,8.700005,-1.4400055,-36.480007,6.1800017,-15.419998,42.900005,-3.0,-0.40000534,-13.380002,-17.760004,4.7999954,11.400004,6.359999,0.0,0.0,0.0,0.0,rl_constraint,0.0,0.0,0.0,0.0,4.736598968505859,-68.90497589111328,-85.5280990600586,-108.79427337646484,-98.7409439086914,-15.941691398620605,9.727338790893555,-0.1317158192396164,70.92253112792969,84.91345977783203,97.05237579345703,97.95242309570312,11.902661323547363,2.105778694152832,0.0,0.0,0.0,0.0
92,1.8430276700000832,1789353172.7032263,17,-0.000288935,0.026708022,0.010537629,0.012125072,-0.061717987,-70.148,-85.86009,-104.17341,-99.08995,-13.621783,1.1590027,0.8271103,70.7327,87.69205,102.01734,97.20844,10.061541,0.7486633,0.0,0.0,0.0,0.0,0.0,0.0,-0.0,0.0,19.699997,8.599995,-0.7200028,-33.719994,5.4,-13.859995,43.980003,-4.0499954,-0.75,-14.699995,-20.759998,5.340001,10.859999,6.8400054,0.0,0.0,0.0,0.0,rl_constraint,0.0,0.0,0.0,0.0,5.1910624504089355,-68.83456420898438,-85.34709167480469,-108.86823272705078,-98.74555206298828,-16.099458694458008,10.472762107849121,0.04039693996310234,70.98348236083984,84.73818969726562,96.5759048461914,97.81732177734375,12.087815284729004,2.153916120529175,0.0,0.0,0.0,0.0
93,1.8631338899999719,1789353172.7233326,17,-0.00027533804,0.026709227,0.010517234,0.01209108,0.36257172,-69.98625,-85.86521,-104.81249,-99.00997,-13.903803,2.0675583,0.7289543,70.7221,87.39973,101.58548,97.299965,10.272697,0.87933195,0.0,0.0,0.0,0.0,0.025987154,0.0,-0.0,0.0,22.300003,7.5999985,0.059999086,-30.420002,3.1800065,-13.5,44.760002,-5.449997,-0.19999695,-14.459999,-22.679996,4.019994,10.019999,6.7199936,0.0,0.0,0.0,0.0,rl_constraint,0.0,0.0,0.0,0.0,5.504583358764648,-68.74787139892578,-85.17784118652344,-108.86515808105469,-98.73252868652344,-16.2484073638916,11.09127426147461,0.30976346135139465,71.0474853515625,84.65113830566406,96.2265396118164,97.64262390136719,12.262685775756836,2.096388101577759,0.0,0.0,0.0,0.0
94,1.8829547820000698,1789353172.743153,17,0.0005132845,0.02670963,0.010500237,0.012057087,0.82744217,-69.83725,-85.862305,-105.39444,-98.94404,-14.17202,2.9864273,0.6350899,70.72304,87.10709,101.11087,97.38767,10.479158,1.0172927,0.0,0.0,0.0,0.0,0.0,0.0,-0.0,0.0,23.650005,7.250004,0.23999634,-27.720003,3.4200027,-13.200005,46.620003,-4.749996,0.19999695,-14.819994,-24.960003,4.9199934,9.959999,6.8400054,0.0,0.0,0.0,0.0,rl_constraint,0.0,0.0,0.0,0.0,5.636948585510254,-68.62548828125,-85.06501770019531,-108.83126831054688,-98.70330047607422,-16.378995895385742,11.573746681213379,0.6789385676383972,71.12589263916016,84.64242553710938,96.02704620361328,97.44929504394531,12.406982421875,1.9701218605041504,0.0,0.0,0.0,0.0
95,1.903121602000283,1789353172.76332,17,0.00054727687,0.02671003,0.010483242,0.012009498,1.3152008,-69.6949,-85.84384,-105.91952,-98.8861,-14.42763,3.902385,0.54909897,70.7324,86.81666,100.60057,97.461365,10.681732,1.1538254,0.0,0.0,0.0,0.0,0.0,0.0,-0.0,0.0,24.8,6.6500015,1.8,-25.020002,2.3400054,-12.659999,46.019997,-3.0,0.8999977,-13.859995,-25.920002,2.1599946,10.079997,6.419998,0.0,0.0,0.0,0.0,rl_constraint,0.0,0.0,0.0,0.0,5.581254005432129,-68.50704956054688,-84.98021697998047,-108.7592544555664,-98.65906524658203,-16.483470916748047,11.912031173706055,1.1569300889968872,71.21825408935547,84.7186050415039,95.97333526611328,97.25390625,12.508021354675293,1.7728245258331299,0.0,0.0,0.0,0.0
96,1.9227302270001019,1789353172.7829287,17,0.00055407535,0.02670963,0.010469644,0.011934714,1.8072166,-69.563,-85.79806,-106.37975,-98.85568,-14.67301,4.8022614,0.4988594,70.76804,86.54446,100.081604,97.507744,10.88226,1.2774903,0.0,0.0,0.0,0.0,0.0,0.0,-0.0,0.0,24.600002,6.2999954,2.759999,-21.119993,0.8400009,-12.119993,44.88,-1.9000053,2.050003,-13.619998,-25.800005,2.1599946,8.940001,6.1200027,0.0,0.0,0.0,0.0,rl_constraint,0.0,0.0,0.0,0.0,5.3336286544799805,-68.39080810546875,-84.90348052978516,-108.6209487915039,-98.59359741210938,-16.56450843811035,12.105570793151855,1.7187272310256958,71.29072570800781,84.90396881103516,96.08824157714844,97.0615234375,12.569086074829102,1.5034785270690918,0.0,0.0,0.0,0.0
97,1.9430894080001053,1789353172.803288,17,0.00055747456,0.026698783,0.010456047,0.011887126,2.2864723,-69.43443,-85.72798,-106.77137,-98.83394,-14.902514,5.6730375,0.47727585,70.799446,86.286896,99.58451,97.53681,11.074054,1.3819565,0.0,0.0,0.0,0.0,0.0,0.0,-0.0,0.0,23.100002,5.8500023,4.440001,-18.239996,1.3800064,-11.219994,41.880005,-0.29999542,1.7999954,-12.659999,-24.599995,1.0199982,9.059999,4.2000046,0.0,0.0,0.0,0.0,rl_constraint,0.0,0.0,0.0,0.0,4.945578575134277,-68.30492401123047,-84.83538818359375,-108.42786407470703,-98.50399017333984,-16.595151901245117,12.164571762084961,2.3359475135803223,71.30760192871094,85.18048858642578,96.39657592773438,96.92644500732422,12.572010040283203,1.194387435913086,0.0,0.0,0.0,0.0
98,1.9630701500000214,1789353172.823269,17,0.00057787,0.026589928,0.010442451,0.011829338,2.7283974,-69.31322,-85.64244,-107.10966,-98.79962,-15.1215,6.4993606,0.4868889,70.83606,86.0534,99.10846,97.545784,11.260931,1.4589844,0.0,0.0,0.0,0.0,0.0,-0.009652013,-0.0,0.0,21.149998,6.0999985,4.019994,-15.780006,1.4400055,-10.859999,39.360004,1.5,1.3500023,-10.500005,-22.56,-0.11999817,9.119998,3.8399963,0.0,0.0,0.0,0.0,rl_constraint,0.0,0.0,0.0,0.0,4.427576541900635,-68.30364227294922,-84.7745361328125,-108.19100189208984,-98.38289642333984,-16.562175750732422,12.105341911315918,2.9466328620910645,71.2859115600586,85.50165557861328,96.83541107177734,96.92033386230469,12.523687362670898,0.8597161173820496,0.0,0.0,0.0,0.0
99,1.9830743760003315,1789353172.843273,17,0.0006084631,0.026433673,0.010428853,0.011771551,3.1202202,-69.1967,-85.559654,-107.388374,-98.77052,-15.320394,7.2696395,0.5546951,70.881615,85.85652,98.681725,97.54163,11.436658,1.5179535,0.0,0.0,0.0,0.0,0.0,-0.01535593,-0.0,-0.027843136,18.05,6.249996,4.440001,-12.2400055,1.5600036,-9.480006,37.979996,5.499996,2.800003,-8.339996,-20.280006,-0.5400055,7.6800065,1.8599991,0.0,0.0,0.0,0.0,rl_constraint,0.0,0.0,0.0,0.0,3.7647948265075684,-68.380126953125,-84.73129272460938,-107.90032196044922,-98.2549819946289,-16.434738159179688,11.948148727416992,3.53106427192688,71.22771453857422,85.85198211669922,97.3960189819336,97.03289031982422,12.421445846557617,0.5556666851043701,0.0,0.0,0.0,0.0
100,2.002924861000338,1789353172.8631234,17,0.00061526155,0.02606533,0.010418656,0.01168997,3.440895,-69.084816,-85.46546,-107.60398,-98.72989,-15.502767,7.970169,0.69081116,70.94199,85.71075,98.30323,97.51003,11.598747,1.5296952,0.0,0.0,0.0,0.0,0.0,-0.038390227,-0.0,0.0,13.749996,5.050003,4.3200026,-8.580007,1.9199982,-9.299995,32.280003,8.399998,2.7000046,-5.8199935,-16.680006,-2.6400008,7.8600035,-0.0,0.0,0.0,0.0,0.0,rl_constraint,0.0,0.0,0.0,0.0,3.022610902786255,-68.52711486816406,-84.6773452758789,-107.54414367675781,-98.10408782958984,-16.22736358642578,11.685100555419922,4.062507629394531,71.13172912597656,86.24229431152344,98.00579833984375,97.25899505615234,12.26725959777832,0.2346232831478119,0.0,0.0,0.0,0.0
101,2.0224213230003443,1789353172.8826196,17,0.0006186608,0.025525864,0.010408458,0.011615187,3.677948,-68.98137,-85.37992,-107.76367,-98.692604,-15.6577425,8.587985,0.8919411,70.984795,85.61297,98.006386,97.453384,11.736502,1.5234878,0.0,0.0,0.0,0.0,0.0,-0.0063615316,-0.0,0.0,9.600002,4.549999,3.9599946,-7.2,1.740001,-7.020003,28.139996,11.499996,1.5999985,-3.8999953,-12.779997,-3.4200027,6.419998,-1.0199982,0.0,0.0,0.0,0.0,rl_constraint,0.0,0.0,0.0,0.0,2.244187831878662,-68.71022033691406,-84.64262390136719,-107.1672592163086,-97.94459533691406,-15.937784194946289,11.311788558959961,4.47497034072876,70.9764175415039,86.65125274658203,98.68151092529297,97.58428955078125,12.06368350982666,-0.008656090125441551,0.0,0.0,0.0,0.0
102,2.043042078000326,1789353172.9032407,17,0.0006254593,0.025443116,0.010394861,0.011550602,3.8219833,-68.8903,-85.302864,-107.866875,-98.657295,-15.789454,9.127703,1.1347504,71.00603,85.5608,97.79911,97.40654,11.850458,1.4750382,0.0,0.0,0.0,0.0,0.0,-0.006361539,-0.0,0.0,4.5999985,4.5,3.8399963,-3.9599946,1.5600036,-5.8199935,25.439997,13.150005,0.8499985,-1.5000045,-7.3799973,-1.6800019,5.519998,-4.5,0.0,0.0,0.0,0.0,rl_constraint,0.0,0.0,0.0,0.0,1.417814016342163,-68.92697143554688,-84.61115264892578,-106.78137969970703,-97.79075622558594,-15.582247734069824,10.865021705627441,4.790289402008057,70.74822998046875,87.0760726928711,99.3874740600586,98.02276611328125,11.826557159423828,-0.23110434412956238,0.0,0.0,0.0,0.0
103,2.0630430420001176,1789353172.9232416,17,0.0006390562,0.025356753,0.010381265,0.011475818,3.873745,-68.81872,-85.224205,-107.92114,-98.61096,-15.889196,9.5792265,1.4161606,71.0343,85.557556,97.683044,97.37845,11.943636,1.3685669,0.0,0.0,0.0,0.0,0.0,-0.01601413,-0.0,0.0,0.34999466,2.7500038,3.8399963,-1.0799973,3.1199937,-4.440001,20.7,14.950001,1.5999985,0.9,-4.1400056,-0.9,3.540001,-6.9000044,0.0,0.0,0.0,0.0,rl_constraint,0.0,0.0,0.0,0.0,0.5688385963439941,-69.152099609375,-84.56971740722656,-106.39317321777344,-97.65791320800781,-15.196654319763184,10.357748985290527,4.927049160003662,70.4609146118164,87.46833038330078,100.03706359863281,98.51861572265625,11.599411010742188,-0.46519413590431213,0.0,0.0,0.0,0.0
104,2.083110166000097,1789353172.9433088,17,0.000635657,0.025147071,0.010371067,0.0113772405,3.8380852,-68.775734,-85.15094,-107.92256,-98.53883,-15.948372,9.928812,1.729866,71.05069,85.60437,97.65531,97.37173,12.005091,1.23349,0.0,0.0,0.0,0.0,0.0,-0.0063615656,-0.0,-0.025987154,-4.4000015,1.3500023,3.480002,0.4800064,4.440001,-2.0399964,14.819994,16.350002,0.0,3.8399963,0.60000455,0.059999086,2.1599946,-6.7800064,0.0,0.0,0.0,0.0,rl_constraint,0.0,0.0,0.0,0.0,-0.22287674248218536,-69.31957244873047,-84.54547119140625,-105.97188568115234,-97.55875396728516,-14.795539855957031,9.784122467041016,4.902224063873291,70.1389389038086,87.81188201904297,100.60623931884766,99.01435852050781,11.369817733764648,-0.6320683360099792,0.0,0.0,0.0,0.0
105,2.1029091810000864,1789353172.9631078,17,0.0006322577,0.025095254,0.010357469,0.011237872,3.6892319,-68.75772,-85.07289,-107.88868,-98.461205,-15.964261,10.188309,2.065052,71.048325,85.705444,97.693245,97.38537,12.02992,1.0783905,0.0,0.0,0.0,0.0,0.0,0.0,-0.0,0.0,-10.049995,0.5000038,4.019994,3.3600037,3.4200027,0.11999817,11.039996,17.449997,-0.24999619,6.7199936,4.0800066,1.8599991,0.60000455,-8.399996,0.0,0.0,0.0,0.0,rl_constraint,0.0,0.0,0.0,0.0,-0.9388948082923889,-69.39665222167969,-84.5298080444336,-105.57222747802734,-97.48680114746094,-14.409821510314941,9.180755615234375,4.6855788230896,69.77771759033203,88.11238098144531,101.04420471191406,99.46888732910156,11.137734413146973,-0.7175756692886353,0.0,0.0,0.0,0.0
106,2.1230850330002795,1789353172.9832838,17,0.0006390562,0.025050264,0.010343873,0.011146092,3.4407349,-68.75722,-84.99334,-107.77372,-98.38423,-15.954524,10.351827,2.408615,71.026474,85.865265,97.836494,97.455925,12.032488,0.9179489,0.0,0.0,0.0,0.0,0.0,0.0,-0.0,0.0,-14.700005,-0.24999619,3.540001,8.040001,4.380002,1.3800064,5.8800063,16.849995,-2.050003,9.179997,10.319994,4.559999,-0.059999086,-8.040001,0.0,0.0,0.0,0.0,rl_constraint,0.0,0.0,0.0,0.0,-1.545490026473999,-69.4012451171875,-84.48350524902344,-105.11779022216797,-97.44637298583984,-14.098142623901367,8.538981437683105,4.2802324295043945,69.37638092041016,88.36087036132812,101.40323638916016,99.87657165527344,10.943528175354004,-0.6902180910110474,0.0,0.0,0.0,0.0
107,2.143045671999971,1789353173.0032444,17,0.00065265317,0.025038213,0.010333675,0.0110815065,3.1137657,-68.77457,-84.938446,-107.612015,-98.287,-15.891916,10.424336,2.7250214,70.958496,86.05381,98.08216,97.57779,12.016708,0.75113523,0.0,0.0,0.0,0.0,0.0,0.0,-0.0,-0.025987154,-18.05,-1.699997,2.1599946,9.660004,4.3200026,4.7399964,1.6200027,15.199997,-3.8499985,9.299995,13.799995,7.7400055,-1.740001,-8.760004,0.0,0.0,0.0,0.0,rl_constraint,0.0,0.0,0.0,0.0,-2.0059993267059326,-69.34954833984375,-84.46116638183594,-104.64368438720703,-97.42859649658203,-13.796696662902832,7.877648830413818,3.718322277069092,68.93952941894531,88.53804016113281,101.67768859863281,100.24567413330078,10.793172836303711,-0.5665751695632935,0.0,0.0,0.0,0.0
108,2.1631904590003614,1789353173.023389,17,0.00066285086,0.025032189,0.010320078,0.010921743,2.726097,-68.82065,-84.89115,-107.41244,-98.2022,-15.770174,10.421054,3.0029182,70.859436,86.25888,98.37107,97.745895,11.95307,0.57882845,0.0,0.0,0.0,0.0,0.0,0.0,-0.025987154,0.0,-20.800003,-2.5499954,2.7,10.560003,4.559999,7.2,-1.4400055,12.999996,-6.049999,10.979998,14.940005,9.059999,-4.2000046,-8.640005,0.0,0.0,0.0,0.0,rl_constraint,0.0,0.0,0.0,0.0,-2.357311725616455,-69.19117736816406,-84.4930191040039,-104.12916564941406,-97.43618774414062,-13.486462593078613,7.2332444190979,3.0208635330200195,68.57020568847656,88.62471008300781,101.78688049316406,100.55506896972656,10.63621711730957,-0.4073966443538666,0.0,0.0,0.0,0.0
109,2.183183895000184,1789353173.043383,17,0.00067304855,0.025027368,0.010309881,0.01079937,2.2940369,-68.87562,-84.83104,-107.18385,-98.10412,-15.612918,10.327121,3.2304955,70.72224,86.49105,98.68115,97.9499,11.854235,0.41662902,0.0,0.0,0.0,0.0,0.0,-0.0030709258,-0.0,0.0,-22.799995,-2.5499954,3.2400055,13.019994,4.3200026,9.179997,-7.3199983,9.999996,-7.4000015,12.2400055,15.900004,11.819998,-5.579997,-8.1,0.0,0.0,0.0,0.0,rl_constraint,0.0,0.0,0.0,0.0,-2.5473124980926514,-68.95014190673828,-84.54839324951172,-103.58097076416016,-97.47289276123047,-13.221671104431152,6.540920257568359,2.2027695178985596,68.26156616210938,88.64519500732422,101.71011352539062,100.82074737548828,10.46711254119873,-0.20770052075386047,0.0,0.0,0.0,0.0
110,2.203009643000314,1789353173.063208,17,0.0006866455,0.025024153,0.010289485,0.010588618,1.8257561,-68.9224,-84.77545,-106.920906,-98.02094,-15.427483,10.1310835,3.389717,70.55376,86.72331,99.01018,98.182106,11.740965,0.2729416,0.0,0.0,0.0,0.0,0.0,0.0,-0.0,0.0,-24.05,-2.3499985,2.0399964,13.799995,4.3200026,9.239996,-11.999995,6.0,-8.449997,11.939997,17.16,12.899996,-5.459999,-6.539996,0.0,0.0,0.0,0.0,rl_constraint,0.0,0.0,0.0,0.0,-2.549762725830078,-68.63495635986328,-84.63008117675781,-102.96356964111328,-97.55329895019531,-13.02772045135498,5.749570846557617,1.2933123111724854,68.06328582763672,88.55687713623047,101.4488754272461,101.04798126220703,10.329187393188477,0.026288703083992004,0.0,0.0,0.0,0.0
111,2.2231095550000646,1789353173.0833082,17,0.00070024247,0.025021343,0.010248694,0.010197706,1.3300323,-68.972374,-84.73942,-106.620155,-97.9345,-15.21546,9.866808,3.4612083,70.35271,86.960945,99.35159,98.441124,11.617643,0.15056762,0.0,0.0,0.0,0.0,0.025987154,0.0,-0.0,-0.053833686,-24.0,-2.0000038,1.4400055,15.479998,3.8999953,10.919998,-13.739996,0.75,-10.400002,10.740001,16.140001,12.719998,-5.9400053,-5.2800016,0.0,0.0,0.0,0.0,rl_constraint,0.0,0.0,0.0,0.0,-2.410013198852539,-68.26300811767578,-84.76558685302734,-102.2985610961914,-97.63954162597656,-12.876567840576172,4.949313640594482,0.3282460570335388,67.9573974609375,88.3890151977539,101.08195495605469,101.21707153320312,10.233062744140625,0.27826252579689026,0.0,0.0,0.0,0.0
112,2.2428645270001653,1789353173.103063,17,0.00071044016,0.025019335,0.010218101,0.0085082855,0.86639786,-68.99769,-84.71027,-106.29551,-97.8659,-15.007297,9.556773,3.4437218,70.1401,87.178795,99.65667,98.70289,11.4935255,0.062416077,0.0,0.0,0.0,0.0,0.0,0.0,-0.0,-0.16150786,-23.000004,-0.34999466,1.6200027,16.800005,2.8199983,11.400004,-18.359995,-2.7000046,-11.650005,10.199995,15.000005,13.5,-6.419998,-3.2400055,0.0,0.0,0.0,0.0,rl_constraint,0.0,0.0,0.0,0.0,-2.083371162414551,-67.88223266601562,-84.89498138427734,-101.63671875,-97.72453308105469,-12.819378852844238,4.194647789001465,-0.6646881699562073,67.9406509399414,88.1413345336914,100.6363296508789,101.31942749023438,10.198037147521973,0.5546086430549622,0.0,0.0,0.0,0.0
113,2.263025351000124,1789353173.1232238,17,0.0007240371,0.025017727,0.010190907,-0.00076822715,0.4197693,-68.99439,-84.68153,-105.93302,-97.81236,-14.782942,9.183458,3.339672,69.910286,87.373634,99.92127,98.977104,11.356649,0.007951355,0.0,0.0,0.0,0.0,0.0,0.0,-0.0,-0.025987154,-21.650002,0.55000305,0.9,18.9,2.8799973,11.759999,-20.340006,-8.100002,-11.25,8.820003,11.159994,14.340001,-6.479997,-2.2800064,0.0,0.0,0.0,0.0,rl_constraint,0.0,0.0,0.0,0.0,-1.5986229181289673,-67.5347671508789,-85.02488708496094,-100.97370147705078,-97.83116149902344,-12.805720329284668,3.4280269145965576,-1.6249942779541016,68.029541015625,87.82344055175781,100.14241790771484,101.39677429199219,10.15987777709961,0.8314687013626099,0.0,0.0,0.0,0.0
114,2.2827552990002005,1789353173.1429536,17,0.0009517858,0.02501612,0.010170512,-0.0009993751,0.015289307,-68.961205,-84.666176,-105.541176,-97.76862,-14.5547695,8.749937,3.1170616,69.6806,87.54634,100.14186,99.24976,11.224759,-0.0143234255,0.0,0.0,0.0,0.0,0.025987154,0.0,-0.0,0.0,-18.8,2.800003,0.5400055,20.340006,1.8,11.580002,-22.140005,-14.000004,-11.449997,7.4399962,9.419993,14.4,-6.9000044,-0.23999634,0.0,0.0,0.0,0.0,rl_constraint,0.0,0.0,0.0,0.0,-0.9577938318252563,-67.23890686035156,-85.17768859863281,-100.32032775878906,-97.9738998413086,-12.808626174926758,2.6337733268737793,-2.5235300064086914,68.2147216796875,87.47010040283203,99.65113830566406,101.44647216796875,10.120877265930176,1.072055697441101,0.0,0.0,0.0,0.0
115,2.3028287110000747,1789353173.1630273,17,0.001271314,0.025014915,0.010150116,-0.0011047515,-0.32688904,-68.87969,-84.66125,-105.116585,-97.73255,-14.333354,8.264135,2.795517,69.45909,87.674164,100.30296,99.51387,11.097839,-0.012057495,0.0,0.0,0.0,0.0,0.0,0.0,-0.0,0.0,-15.099998,5.5999947,-0.059999086,22.260004,1.0799973,11.159994,-26.459995,-18.149998,-10.749996,5.340001,5.6399965,12.180006,-6.0600038,0.3599945,0.0,0.0,0.0,0.0,rl_constraint,0.0,0.0,0.0,0.0,-0.16516146063804626,-66.99861145019531,-85.32891082763672,-99.64571380615234,-98.18367004394531,-12.821051597595215,1.7984535694122314,-3.324467658996582,68.46302795410156,87.09454345703125,99.19065856933594,101.46611022949219,10.078909873962402,1.225864291191101,0.0,0.0,0.0,0.0
116,2.3231056740000895,1789353173.1833043,17,0.0013494964,0.025014112,0.010129721,-0.0012101277,-0.59601974,-68.76074,-84.66869,-104.64294,-97.72129,-14.121442,7.7207656,2.3766174,69.25678,87.764145,100.39194,99.772995,10.965261,0.021766663,0.0,0.0,0.0,0.0,0.0,0.0,-0.0,-0.025987154,-11.000004,6.3499947,-0.7800018,23.880007,0.0,9.720003,-26.880001,-22.400002,-9.249996,3.1199937,2.5800018,12.420003,-5.459999,2.8199983,0.0,0.0,0.0,0.0,rl_constraint,0.0,0.0,0.0,0.0,0.7280482053756714,-66.87164306640625,-85.46255493164062,-98.98225402832031,-98.44696807861328,-12.836523056030273,0.9060390591621399,-4.000447750091553,68.7239990234375,86.75244903564453,98.79466247558594,101.42780303955078,10.017901420593262,1.30296790599823,0.0,0.0,0.0,0.0
117,2.3434390400002485,1789353173.2036378,17,0.0013766902,0.025012907,0.010112724,-0.0013291009,-0.7634239,-68.62255,-84.7021,-104.1498,-97.72267,-13.934056,7.154599,1.8956451,69.08654,87.796005,100.411644,100.006996,10.848765,0.10876465,0.0,0.0,0.0,0.0,0.0,0.0,-0.0,0.0,-6.1499977,7.749996,-2.2800064,25.439997,-0.17999725,9.600004,-29.039997,-25.400002,-7.1500053,0.41999358,-0.23999634,10.740001,-6.2400007,4.980006,0.0,0.0,0.0,0.0,rl_constraint,0.0,0.0,0.0,0.0,1.6835606098175049,-66.86914825439453,-85.6097640991211,-98.43647766113281,-98.72398376464844,-12.88129711151123,0.04629629850387573,-4.481687068939209,69.00971221923828,86.42842864990234,98.563720703125,101.28778839111328,9.983893394470215,1.3725926876068115,0.0,0.0,0.0,0.0
118,2.3631192400002874,1789353173.2233179,17,0.0013970856,0.025011702,0.010095729,-0.0014242795,-0.8345146,-68.46711,-84.75602,-103.64689,-97.73633,-13.765086,6.562093,1.372776,68.95616,87.79249,100.39686,100.213615,10.74511,0.21586761,0.0,0.0,0.0,0.0,0.0,0.0,-0.0,0.0,-1.0499954,8.150002,-3.6,25.920002,-1.3800064,8.640005,-31.380001,-28.400002,-5.950001,-1.1999954,-1.8,10.319994,-5.2800016,5.8800063,0.0,0.0,0.0,0.0,rl_constraint,0.0,0.0,0.0,0.0,2.6121490001678467,-66.99024200439453,-85.75780487060547,-98.00285339355469,-99.03726196289062,-12.922523498535156,-0.7791606187820435,-4.716433048248291,69.3043441772461,86.16842651367188,98.515625,101.06510162353516,9.970418930053711,1.3719831705093384,0.0,0.0,0.0,0.0
119,2.383006793000277,1789353173.2432053,17,0.0014072834,0.025010094,0.010078732,-0.0014956634,-0.81311417,-68.2982,-84.83538,-103.11304,-97.787,-13.61971,5.9188294,0.7845154,68.87377,87.74875,100.31475,100.39786,10.63721,0.33719787,0.0,0.0,0.0,0.0,0.0,0.0,-0.0,0.0,3.2499962,8.900002,-3.540001,27.660004,-4.2600036,6.5999956,-32.519997,-29.750004,-3.7000008,-3.0599945,-6.8400054,8.279997,-5.2800016,6.359999,0.0,0.0,0.0,0.0,rl_constraint,0.0,0.0,0.0,0.0,3.491774082183838,-67.18287658691406,-85.91783905029297,-97.62134552001953,-99.3991470336914,-12.939498901367188,-1.6798584461212158,-4.7799553871154785,69.59173583984375,85.99635314941406,98.597412109375,100.75987243652344,9.930620193481445,1.2854706048965454,0.0,0.0,0.0,0.0
120,2.4026520500001425,1789353173.2628505,17,0.0014174811,0.02491851,0.010065136,-0.0015568497,-0.68037415,-68.12679,-84.914154,-102.55839,-97.88067,-13.4947815,5.245299,0.18939972,68.81273,87.65251,100.151955,100.549675,10.553769,0.45087892,0.0,0.0,0.0,0.0,0.0,-0.009213595,-0.0,0.0,9.700001,8.200001,-4.619998,28.079998,-5.340001,5.6399965,-33.960003,-29.650005,-2.2000008,-6.1800017,-7.980002,6.539996,-3.8999953,5.519998,0.0,0.0,0.0,0.0,rl_constraint,0.0,0.0,0.0,0.0,4.275228500366211,-67.40579986572266,-86.0702133178711,-97.31266021728516,-99.7699966430664,-12.935858726501465,-2.630289077758789,-4.625373363494873,69.82386016845703,85.90235137939453,98.80828857421875,100.40956115722656,9.912198066711426,1.0843623876571655,0.0,0.0,0.0,0.0
121,2.4230305840001165,1789353173.2832294,17,0.0014208803,0.024362968,0.010051538,-0.0016112375,-0.41778946,-67.96992,-85.017975,-102.00425,-97.992386,-13.383764,4.5217667,-0.41493988,68.806595,87.51441,99.97576,100.66907,10.458572,0.5684875,0.0,0.0,0.0,0.0,0.0,-0.044972517,-0.0,0.0,15.450005,7.300003,-4.8599944,26.279997,-5.8800063,5.1000047,-35.28,-29.050003,0.5000038,-7.140001,-8.1,4.2000046,-4.5,5.579997,0.0,0.0,0.0,0.0,rl_constraint,0.0,0.0,0.0,0.0,4.947747230529785,-67.69134521484375,-86.25000762939453,-97.10665893554688,-100.10725402832031,-12.891429901123047,-3.657104730606079,-4.269571304321289,70.02015686035156,85.88673400878906,99.15272521972656,100.01597595214844,9.885255813598633,0.8457402586936951,0.0,0.0,0.0,0.0
122,2.4430660430002717,1789353173.3032646,17,0.0014072834,0.023623846,0.010037942,-0.0016486291,-0.086631775,-67.84423,-85.11261,-101.47445,-98.129166,-13.304087,3.8111298,-0.9718094,68.826965,87.36263,99.81041,100.73395,10.386255,0.6636154,0.0,0.0,0.0,0.0,0.0,-0.056161504,-0.0,0.0,18.550003,6.0,-4.980006,27.419994,-7.6199937,3.7799973,-37.620003,-27.349995,1.5,-8.700005,-8.219998,2.3400054,-3.1800065,4.5,0.0,0.0,0.0,0.0,rl_constraint,0.0,0.0,0.0,0.0,5.43763542175293,-68.06269836425781,-86.36421203613281,-97.02201080322266,-100.37339782714844,-12.84260082244873,-4.563475608825684,-3.739471912384033,70.1286849975586,85.98588562011719,99.66387939453125,99.5863265991211,9.897507667541504,0.5403005480766296,0.0,0.0,0.0,0.0
123,2.462948556000356,1789353173.323147,17,0.0015636482,0.022771034,0.010024345,-0.0016826214,0.32303238,-67.75044,-85.215195,-100.93931,-98.2895,-13.230189,3.0548584,-1.4887848,68.88324,87.19121,99.67199,100.76464,10.312688,0.7491577,0.0,0.0,0.0,0.0,0.077968255,-0.05462647,-0.0,0.0,22.099995,3.6500015,-5.4,26.339996,-9.179997,3.2400055,-37.74,-23.900002,4.699997,-7.3799973,-6.9000044,0.41999358,-3.3000045,3.1800065,0.0,0.0,0.0,0.0,rl_constraint,0.0,0.0,0.0,0.0,5.787109851837158,-68.47047424316406,-86.4703369140625,-96.98859405517578,-100.57376098632812,-12.75001049041748,-5.494513988494873,-3.0452635288238525,70.19462585449219,86.15818786621094,100.31192016601562,99.18766784667969,9.912877082824707,0.24282462894916534,0.0,0.0,0.0,0.0
124,2.483125988000211,1789353173.3433247,17,0.0019307656,0.021383537,0.010010747,-0.0017098153,0.803627,-67.68113,-85.3317,-100.42132,-98.476944,-13.168144,2.2525544,-1.9338684,69.001236,87.04315,99.56931,100.75876,10.247058,0.80242765,0.0,0.0,0.0,0.0,0.0,-0.05440821,-0.0,0.0,24.149998,2.3499985,-5.9400053,24.419998,-10.500005,2.3400054,-40.5,-19.55,5.7000046,-6.359999,-3.6599991,-1.0799973,-2.4600036,1.9799973,0.0,0.0,0.0,0.0,rl_constraint,0.0,0.0,0.0,0.0,5.985306739807129,-68.89128875732422,-86.59539031982422,-97.02240753173828,-100.70730590820312,-12.598749160766602,-6.475099086761475,-2.2504496574401855,70.18267822265625,86.42977142333984,101.07115936279297,98.83848571777344,9.93396282196045,-0.04773346707224846,0.0,0.0,0.0,0.0
125,2.5032988250000017,1789353173.3634975,17,0.0018865755,0.020938037,0.01000055,-0.0017370092,1.2921867,-67.66504,-85.44881,-99.96546,-98.67285,-13.120134,1.469133,-2.273941,69.11785,86.90684,99.50934,100.69464,10.200078,0.81346893,0.0,0.0,0.0,0.0,0.0,-0.022377482,-0.0,0.0,25.5,-0.40000534,-6.0600038,22.44,-10.740001,2.6400008,-41.160004,-15.099998,6.249996,-7.6199937,-2.0999954,-5.0400057,-2.8199983,-0.0,0.0,0.0,0.0,0.0,rl_constraint,0.0,0.0,0.0,0.0,5.957688331604004,-69.35973358154297,-86.6800765991211,-97.17974853515625,-100.75442504882812,-12.42050552368164,-7.278560638427734,-1.368425726890564,70.04732513427734,86.7839584350586,101.93731689453125,98.55144500732422,10.000967979431152,-0.3434284031391144,0.0,0.0,0.0,0.0
126,2.523094465000213,1789353173.3832932,17,0.0018899748,0.019809613,0.009990352,-0.0017574045,1.8091621,-67.68726,-85.565865,-99.54205,-98.88554,-13.06604,0.637674,-2.5160294,69.224396,86.785576,99.49921,100.57092,10.149527,0.8087036,0.0,0.0,0.0,0.0,0.0,-0.060991213,-0.0,0.0,26.000004,-2.0000038,-5.6999955,20.460003,-10.620003,2.6400008,-40.799995,-9.199997,5.5499954,-5.4,0.7800018,-6.539996,-2.5200028,-0.7200028,0.0,0.0,0.0,0.0,rl_constraint,0.0,0.0,0.0,0.0,5.814610481262207,-69.8129653930664,-86.75416564941406,-97.35115051269531,-100.74757385253906,-12.213330268859863,-8.072844505310059,-0.4761497378349304,69.84136199951172,87.20301055908203,102.81015014648438,98.35354614257812,10.075075149536133,-0.5421464443206787,0.0,0.0,0.0,0.0
127,2.5428167350000876,1789353173.4030154,17,0.0019035717,0.017854813,0.009976755,-0.0017778,2.3180008,-67.75668,-85.6868,-99.16132,-99.1002,-13.005808,-0.20404358,-2.646984,69.34064,86.690796,99.55627,100.409996,10.109083,0.77255857,0.0,0.0,0.0,0.0,0.0,-0.10158146,-0.0,0.0,24.7,-5.25,-6.359999,18.06,-10.560003,2.8199983,-41.22,-3.8999977,4.9500046,-2.9999955,5.579997,-7.980002,-1.2599945,-2.759999,0.0,0.0,0.0,0.0,rl_constraint,0.0,0.0,0.0,0.0,5.501804351806641,-70.26289367675781,-86.85033416748047,-97.58737182617188,-100.65608978271484,-11.991877555847168,-8.797808647155762,0.3999664783477783,69.59626770019531,87.6573257446289,103.64741516113281,98.2701644897461,10.18341064453125,-0.6770034432411194,0.0,0.0,0.0,0.0
128,2.562732674000017,1789353173.4229312,17,0.0019137694,0.017208828,0.0098917745,-0.0017981954,2.797657,-67.89472,-85.82401,-98.83675,-99.30682,-12.95056,-1.0574615,-2.6786041,69.44526,86.661545,99.72151,100.231155,10.081192,0.6901337,0.0,0.0,0.0,0.0,0.0,0.0,-0.0,0.0,22.799995,-7.6499977,-6.6599946,14.100004,-10.2599945,2.9999955,-42.479996,0.8499985,5.1500015,-0.29999542,9.959999,-9.0,-1.740001,-5.579997,0.0,0.0,0.0,0.0,rl_constraint,0.0,0.0,0.0,0.0,5.061665058135986,-70.64826965332031,-86.95582580566406,-97.80712127685547,-100.53483581542969,-11.770292282104492,-9.422091484069824,1.2535200119018555,69.3262710571289,88.1628646850586,104.42916870117188,98.2973861694336,10.311939239501953,-0.7988836169242859,0.0,0.0,0.0,0.0
129,2.583255766000093,1789353173.4434545,17,0.0019273664,0.01717749,0.009816991,-0.0018151916,3.2316742,-68.065994,-85.94244,-98.56956,-99.502815,-12.872393,-1.9121155,-2.6038055,69.51837,86.66364,99.98156,100.035614,10.062144,0.56781465,0.0,0.0,0.0,0.0,0.0,-0.0030712679,-0.0,0.0,20.050003,-9.299995,-5.340001,12.540001,-8.940001,4.1400056,-43.2,7.250004,2.4999962,0.17999725,15.240001,-10.740001,-0.17999725,-6.479997,0.0,0.0,0.0,0.0,rl_constraint,0.0,0.0,0.0,0.0,4.524260997772217,-70.97494506835938,-87.05043029785156,-98.04894256591797,-100.36421966552734,-11.54004955291748,-9.949344635009766,1.9328101873397827,69.02616119384766,88.6666030883789,105.1561279296875,98.40747833251953,10.45487117767334,-0.8784029483795166,0.0,0.0,0.0,0.0
130,2.6029609639999762,1789353173.4631596,17,0.0019375641,0.017167047,0.0097762,-0.0018321878,3.6002426,-68.274124,-86.05951,-98.35903,-99.674934,-12.780657,-2.7648468,-2.3920784,69.5603,86.69207,100.31615,99.836296,10.060565,0.4394394,0.0,0.0,0.0,0.0,0.0,0.0,-0.0,0.0,16.649998,-11.299999,-5.7599945,9.0,-7.8000045,4.7399964,-43.2,13.350002,1.3500023,2.6400008,17.399996,-9.840001,0.059999086,-6.359999,0.0,0.0,0.0,0.0,rl_constraint,0.0,0.0,0.0,0.0,3.9531421661376953,-71.19628143310547,-87.18482971191406,-98.32764434814453,-100.17884826660156,-11.342668533325195,-10.374948501586914,2.5284557342529297,68.74300384521484,89.10015106201172,105.7784652709961,98.57562255859375,10.633635520935059,-0.8293126821517944,0.0,0.0,0.0,0.0
131,2.622903687999951,1789353173.4831023,17,0.0019205678,0.017161021,0.0097490065,-0.0018491839,3.887123,-68.511284,-86.16742,-98.20723,-99.81992,-12.677961,-3.5998216,-2.0805702,69.58619,86.775635,100.710335,99.642204,10.062282,0.30276948,0.0,0.0,0.0,0.0,0.0,0.0,-0.0,0.0,12.349995,-12.600002,-5.8199935,6.6599946,-6.960004,5.2800016,-42.120003,17.599995,0.8999977,5.9400053,21.119993,-10.199995,0.23999634,-6.8400054,0.0,0.0,0.0,0.0,rl_constraint,0.0,0.0,0.0,0.0,3.321868658065796,-71.3283462524414,-87.32917022705078,-98.6040267944336,-99.98954010009766,-11.202794075012207,-10.676037788391113,3.030381202697754,68.4494857788086,89.49423217773438,106.2395248413086,98.75653076171875,10.823938369750977,-0.6584845185279846,0.0,0.0,0.0,0.0
132,2.6429895690002922,1789353173.5031881,17,0.001906971,0.017155798,0.009725212,-0.0018627809,4.0931625,-68.77219,-86.283035,-98.10448,-99.93602,-12.559351,-4.4136887,-1.7087402,69.587654,86.93818,101.16544,99.46556,10.072596,0.16671753,0.0,0.0,0.0,0.0,0.0,0.0,-0.0,0.0,8.150002,-13.5,-5.1600037,3.3000045,-5.1000047,5.6399965,-39.180008,19.799995,-0.34999466,9.059999,24.240002,-8.820003,1.0199982,-6.6599946,0.0,0.0,0.0,0.0,rl_constraint,0.0,0.0,0.0,0.0,2.6712217330932617,-71.35813903808594,-87.4863510131836,-98.83142852783203,-99.83773803710938,-11.108732223510742,-10.890878677368164,3.32114577293396,68.21047973632812,89.83694458007812,106.47747039794922,98.93213653564453,10.979167938232422,-0.380117267370224,0.0,0.0,0.0,0.0
133,2.662881963000018,1789353173.5230806,17,0.0019103702,0.01715178,0.009704816,-0.0018763778,4.213623,-69.044945,-86.39947,-98.06427,-100.013916,-12.433022,-5.1881423,-1.2902069,69.547935,87.13995,101.65986,99.31788,10.111349,0.041033935,0.0,0.0,0.0,0.0,0.0,0.0,-0.0,0.0,4.1500053,-13.649998,-6.3,0.7800018,-3.4200027,6.359999,-38.460003,21.600002,-3.9999962,10.919998,25.319998,-6.7800064,2.9999955,-5.1600037,0.0,0.0,0.0,0.0,rl_constraint,0.0,0.0,0.0,0.0,2.0313544273376465,-71.2528305053711,-87.65345764160156,-99.05744934082031,-99.7039566040039,-11.0927152633667,-10.965405464172363,3.3789169788360596,68.05023956298828,90.03124237060547,106.51071166992188,99.09928131103516,11.171716690063477,0.008879298344254494,0.0,0.0,0.0,0.0
134,2.682880056000158,1789353173.5430787,17,0.0019171686,0.017148165,0.00968782,-0.0018899748,4.2435036,-69.31663,-86.51179,-98.06187,-100.07065,-12.295514,-5.92446,-0.83563614,69.44909,87.35926,102.167046,99.19546,10.17967,-0.06738739,0.0,0.0,0.0,0.0,0.0,-0.0030712693,-0.0,0.0,-0.8999977,-13.5,-5.4,-0.059999086,-1.9799973,7.2,-35.88,23.650005,-5.299999,11.939997,25.379997,-4.8599944,3.8399963,-4.6799974,0.0,0.0,0.0,0.0,rl_constraint,0.0,0.0,0.0,0.0,1.3878614902496338,-71.0114517211914,-87.81608581542969,-99.25392150878906,-99.62959289550781,-11.125078201293945,-10.931520462036133,3.244513750076294,67.95555114746094,90.04661560058594,106.28791809082031,99.29391479492188,11.417707443237305,0.5077440738677979,0.0,0.0,0.0,0.0
135,2.702322643000116,1789353173.562521,17,0.0019205678,0.017146155,0.009674223,-0.0019001724,4.1931725,-69.574715,-86.632484,-98.07808,-100.086464,-12.155947,-6.613069,-0.35364532,69.338326,87.62026,102.68394,99.113815,10.268275,-0.14015809,0.0,0.0,0.0,0.0,0.0,0.0,-0.0,0.0,-4.5,-12.400005,-5.8800063,-1.740001,0.0,6.8400054,-31.919994,23.900002,-6.1499977,13.260004,26.04,-3.6599991,4.2600036,-2.2800064,0.0,0.0,0.0,0.0,rl_constraint,0.0,0.0,0.0,0.0,0.870238184928894,-70.65052032470703,-87.9516830444336,-99.33251953125,-99.66143035888672,-11.209924697875977,-10.825750350952148,2.9651830196380615,68.00044250488281,89.89010620117188,105.83110809326172,99.4507827758789,11.669676780700684,1.1345655918121338,0.0,0.0,0.0,0.0
136,2.7228987260000395,1789353173.583097,17,0.0019205678,0.01714455,0.009660627,-0.0019137694,4.0512543,-69.810326,-86.75004,-98.12854,-100.0855,-12.024838,-7.2327943,0.108695984,69.2137,87.88999,103.18122,99.0533,10.363568,-0.17914581,0.0,0.0,0.0,0.0,0.0,0.0,-0.0,0.0,-9.299995,-10.900005,-6.419998,-3.1800065,0.11999817,6.7199936,-28.079998,21.999996,-6.500004,13.679997,23.34,-2.1599946,4.7399964,-1.1399963,0.0,0.0,0.0,0.0,rl_constraint,0.0,0.0,0.0,0.0,0.4347500503063202,-70.25102996826172,-88.01927947998047,-99.32479095458984,-99.79972076416016,-11.363309860229492,-10.611934661865234,2.4944045543670654,68.11969757080078,89.60199737548828,105.15998077392578,99.58247375488281,11.899757385253906,1.8157316446304321,0.0,0.0,0.0,0.0
137,2.7430942579999282,1789353173.603293,17,0.0019273664,0.017144147,0.009647029,-0.0019239672,3.8369408,-70.00774,-86.87511,-98.20153,-100.07841,-11.899717,-7.7833877,0.52672577,69.07637,88.14786,103.61946,99.037575,10.477579,-0.181398,0.0,0.0,0.0,0.0,0.0,0.0,-0.0,0.0,-12.0,-8.900002,-6.000005,-4.0800066,0.7200028,5.519998,-25.499996,19.749996,-5.5999947,12.839996,20.400005,0.059999086,5.6999955,0.5400055,0.0,0.0,0.0,0.0,rl_constraint,0.0,0.0,0.0,0.0,0.10475460439920425,-69.80686950683594,-88.03323364257812,-99.20813751220703,-100.05989074707031,-11.555399894714355,-10.287999153137207,1.8825013637542725,68.3192138671875,89.17251586914062,104.33242797851562,99.7223129272461,12.116218566894531,2.4967474937438965,0.0,0.0,0.0,0.0
138,2.7631464350001806,1789353173.6233451,17,0.0019375641,0.01714455,0.0096368315,-0.0019375641,3.5641594,-70.153694,-87.00099,-98.30573,-100.05862,-11.795458,-8.265234,0.90143967,68.94552,88.39023,103.98546,99.038826,10.600489,-0.118817136,0.0,0.0,0.0,0.0,0.0,0.0,-0.0,0.0,-14.599995,-5.8500023,-6.2400007,-6.0600038,1.1399963,5.4,-22.799995,17.499996,-6.3499947,10.380007,16.740005,0.11999817,6.9000044,6.419998,0.0,0.0,0.0,0.0,rl_constraint,0.0,0.0,0.0,0.0,-0.14072856307029724,-69.36161804199219,-87.9919204711914,-99.02859497070312,-100.44672393798828,-11.791674613952637,-9.85107421875,1.2155635356903076,68.55695343017578,88.65042114257812,103.37541961669922,99.86194610595703,12.317217826843262,3.1891801357269287,0.0,0.0,0.0,0.0
139,2.7831244750000224,1789353173.6433232,17,0.0019409633,0.017173875,0.009626634,-0.0019477617,3.2503624,-70.24805,-87.123055,-98.43143,-100.0324,-11.71111,-8.667938,1.2058411,68.82989,88.595,104.275444,99.05136,10.735277,0.036488343,0.0,0.0,0.0,0.0,0.0,0.003071268,-0.0,0.0,-16.400002,-2.800003,-6.2400007,-5.7599945,1.3800064,3.2400055,-19.079998,12.899998,-6.0,8.760004,11.520002,1.2599945,6.9000044,8.700005,0.0,0.0,0.0,0.0,rl_constraint,0.0,0.0,0.0,0.0,-0.23568932712078094,-69.0025634765625,-87.8433837890625,-98.77622985839844,-100.91019439697266,-12.063865661621094,-9.293251991271973,0.5178380012512207,68.79878997802734,88.05730438232422,102.3690185546875,99.99950408935547,12.49743938446045,3.918530225753784,0.0,0.0,0.0,0.0
140,2.8029042520001894,1789353173.6631026,17,0.0019477617,0.01720481,0.009616436,-0.0019579595,2.9119377,-70.28476,-87.24085,-98.54839,-100.0118,-11.654654,-8.990099,1.4105644,68.743286,88.743546,104.45154,99.0934,10.886792,0.25569305,0.0,0.0,0.0,0.0,0.0,0.0030712667,-0.0,0.0,-17.050003,-0.5000038,-5.579997,-5.1600037,0.17999725,2.6400008,-14.280002,7.9500046,-2.8500023,5.579997,5.519998,3.1199937,6.7199936,11.759999,0.0,0.0,0.0,0.0,rl_constraint,0.0,0.0,0.0,0.0,-0.19771027565002441,-68.82522583007812,-87.57708740234375,-98.47594451904297,-101.40081024169922,-12.36176872253418,-8.664816856384277,-0.1637132167816162,69.02833557128906,87.41609954833984,101.31405639648438,100.17937469482422,12.667327880859375,4.596071720123291,0.0,0.0,0.0,0.0
141,2.8229414750003343,1789353173.68314,17,0.001951161,0.017212844,0.009606238,-0.0019681572,2.5576744,-70.27267,-87.352585,-98.62399,-100.01702,-11.626282,-9.227664,1.5253258,68.675735,88.82979,104.49521,99.1741,11.053743,0.53318024,0.0,0.0,0.0,0.0,0.0,0.0,-0.0,0.0,-17.349998,1.4500008,-4.9199934,-2.5800018,-0.7800018,0.29999542,-9.600004,3.0,-3.1499977,2.759999,-0.66000366,4.619998,7.499995,14.7599945,0.0,0.0,0.0,0.0,rl_constraint,0.0,0.0,0.0,0.0,-0.016319669783115387,-68.76680755615234,-87.2419204711914,-98.06856536865234,-101.88322448730469,-12.62477970123291,-7.990882873535156,-0.7845128178596497,69.23357391357422,86.75126647949219,100.20962524414062,100.3736801147461,12.840265274047852,5.147952079772949,0.0,0.0,0.0,0.0
142,2.8425522810002803,1789353173.7027507,17,0.0019545602,0.017217664,0.0095960405,-0.001978355,2.222992,-70.20866,-87.43433,-98.66838,-100.06433,-11.6269,-9.366023,1.5464745,68.63397,88.84798,104.439674,99.26702,11.2126465,0.85428315,0.0,0.0,0.0,0.0,0.0,0.0,-0.0,-0.025987154,-16.749996,4.6499977,-3.3600037,-2.5800018,-4.019994,-0.29999542,-4.6799974,-0.70000076,-0.19999695,-0.4800064,-5.9400053,3.8399963,8.519994,18.299995,0.0,0.0,0.0,0.0,rl_constraint,0.0,0.0,0.0,0.0,0.2642245590686798,-68.87246704101562,-86.79295349121094,-97.59632873535156,-102.37317657470703,-12.833669662475586,-7.235217094421387,-1.2113182544708252,69.40521240234375,86.1204605102539,99.16064453125,100.5409927368164,12.961074829101562,5.528510093688965,0.0,0.0,0.0,0.0
143,2.861803228000099,1789353173.7220016,17,0.0019545602,0.01726748,0.009589243,-0.0019851534,1.9154663,-70.09831,-87.489586,-98.705154,-100.1612,-11.6449995,-9.410421,1.4961433,68.637695,88.81657,104.26269,99.35783,11.38196,1.2159531,0.0,0.0,0.0,0.0,0.0,0.0032906113,-0.0,0.0,-14.950001,6.550003,-1.8599991,-0.60000455,-5.9400053,-1.5600036,-0.11999817,-4.9500046,0.29999542,-3.6599991,-12.719998,5.8800063,8.760004,18.660004,0.0,0.0,0.0,0.0,rl_constraint,0.0,0.0,0.0,0.0,0.5930708646774292,-69.04633331298828,-86.31136322021484,-97.13639068603516,-102.81989288330078,-12.975255012512207,-6.426178932189941,-1.4808425903320312,69.5479965209961,85.56928253173828,98.21415710449219,100.63075256347656,13.061538696289062,5.798788070678711,0.0,0.0,0.0,0.0
144,2.8820843490002517,1789353173.7422829,17,0.0019545602,0.01728114,0.009579045,-0.002053138,1.6290894,-69.970245,-87.50112,-98.70334,-100.306244,-11.706495,-9.391237,1.3542938,68.648,88.67129,103.94651,99.468414,11.557699,1.6232437,0.0,0.0,0.0,0.0,0.0,0.0,-0.0,0.0,-13.400002,6.3499947,0.059999086,0.60000455,-8.459994,-4.7399964,3.4200027,-9.0,0.79999924,-9.600004,-18.780003,5.1000047,8.640005,20.340006,0.0,0.0,0.0,0.0,rl_constraint,0.0,0.0,0.0,0.0,0.8726621270179749,-69.22943878173828,-85.80117797851562,-96.6766128540039,-103.23831939697266,-13.136930465698242,-5.6761274337768555,-1.5701688528060913,69.63065338134766,85.0464096069336,97.43655395507812,100.5995101928711,13.154463768005371,5.911853790283203,0.0,0.0,0.0,0.0
145,2.9023943340002916,1789353173.7625928,17,0.0019545602,0.017283952,0.009572246,-0.0021143244,1.3860626,-69.848755,-87.48875,-98.66203,-100.500374,-11.816702,-9.253908,1.1337662,68.68046,88.44417,103.508965,99.58542,11.737532,2.0633836,0.0,0.0,0.0,0.0,0.0,0.0,-0.0,0.0,-10.5,5.7000046,1.5600036,3.9599946,-11.219994,-5.1000047,9.059999,-11.650005,2.7500038,-12.540001,-23.220003,6.8400054,8.580007,20.819998,0.0,0.0,0.0,0.0,rl_constraint,0.0,0.0,0.0,0.0,0.9891829490661621,-69.37239074707031,-85.33446502685547,-96.27007293701172,-103.61479949951172,-13.313023567199707,-4.892340660095215,-1.4320852756500244,69.66648864746094,84.60552215576172,96.91239929199219,100.4003677368164,13.25320053100586,5.87917947769165,0.0,0.0,0.0,0.0
146,2.923174195000229,1789353173.783373,17,0.0019545602,0.017282747,0.009562048,-0.0021517158,1.2002678,-69.73484,-87.42486,-98.53547,-100.72523,-11.93957,-9.028208,0.88271713,68.77129,88.172806,102.999954,99.70024,11.905266,2.505858,0.0,0.0,0.0,0.0,0.0,0.0,-0.0,0.0,-7.5999985,5.1500015,4.8599944,7.5599947,-12.719998,-6.000005,12.719998,-13.049995,5.950001,-14.160004,-27.419994,5.9400053,8.279997,21.719997,0.0,0.0,0.0,0.0,rl_constraint,0.0,0.0,0.0,0.0,0.9916742444038391,-69.50366973876953,-84.89060974121094,-95.91175842285156,-103.88967895507812,-13.471010208129883,-4.11838960647583,-1.144515037536621,69.65167999267578,84.28643035888672,96.7004165649414,100.04959869384766,13.331535339355469,5.759354591369629,0.0,0.0,0.0,0.0
147,2.9431561020001027,1789353173.8033547,17,0.001951161,0.017272703,0.009551851,-0.0021755106,1.0703773,-69.64091,-87.29968,-98.36672,-100.98155,-12.073192,-8.727031,0.624321,68.867226,87.86779,102.424545,99.815155,12.073247,2.9345994,0.0,0.0,0.0,0.0,0.0,-0.003290611,-0.0,0.0,-5.25,4.0999947,7.8000045,9.720003,-12.899996,-7.5599947,16.2,-13.049995,3.7999992,-16.800005,-29.819998,5.1000047,7.6800065,21.779997,0.0,0.0,0.0,0.0,rl_constraint,0.0,0.0,0.0,0.0,0.8144242167472839,-69.61689758300781,-84.45173645019531,-95.65917205810547,-104.08423614501953,-13.616737365722656,-3.3951165676116943,-0.668131947517395,69.5588607788086,84.10689544677734,96.79332733154297,99.57852935791016,13.394111633300781,5.534514904022217,0.0,0.0,0.0,0.0
148,2.9629669579999245,1789353173.8231657,17,0.0019477617,0.017231725,0.009545052,-0.0021993052,0.98882675,-69.57446,-87.120445,-98.165764,-101.262856,-12.212622,-8.361516,0.37223053,68.95308,87.51591,101.82034,99.89938,12.226603,3.3341446,0.0,0.0,0.0,0.0,0.0,-0.0063622803,-0.0,0.0,-3.199997,2.9000015,9.660004,10.919998,-14.160004,-6.1800017,19.979998,-11.650005,4.749996,-17.640005,-30.66,3.7199981,7.6800065,19.919998,0.0,0.0,0.0,0.0,rl_constraint,0.0,0.0,0.0,0.0,0.42299124598503113,-69.65824890136719,-84.06704711914062,-95.46040344238281,-104.21603393554688,-13.730271339416504,-2.7517435550689697,0.019490396603941917,69.46089935302734,84.03441619873047,97.1656494140625,99.04243469238281,13.409708023071289,5.221308708190918,0.0,0.0,0.0,0.0
149,2.98303729700001,1789353173.8432357,17,0.0019477617,0.017169055,0.009534854,-0.002212902,0.9299469,-69.527275,-86.90275,-97.94122,-101.55913,-12.357504,-7.9373064,0.15520477,69.034424,87.15543,101.216576,99.961975,12.372309,3.6888382,0.0,0.0,0.0,0.0,0.0,0.0,-0.0,0.0,-2.4999962,1.9500046,11.819998,12.2400055,-15.599996,-7.499995,22.859995,-9.650002,4.0499954,-18.359995,-29.999996,1.9799973,7.6199937,16.499996,0.0,0.0,0.0,0.0,rl_constraint,0.0,0.0,0.0,0.0,-0.12747298181056976,-69.69248962402344,-83.73382568359375,-95.32151794433594,-104.27013397216797,-13.832295417785645,-2.1965925693511963,0.8513447642326355,69.34977722167969,84.07796478271484,97.75066375732422,98.52372741699219,13.369261741638184,4.821045398712158,0.0,0.0,0.0,0.0
150,3.002303731000211,1789353173.862502,17,0.0019477617,0.016672509,0.009524657,-0.0022298982,0.887352,-69.49378,-86.655815,-97.69381,-101.858864,-12.502977,-7.4615297,-0.013618469,69.11997,86.79024,100.639366,99.97836,12.509074,3.994615,0.0,0.0,0.0,0.0,0.0,-0.030935463,-0.0,0.0,-2.25,1.0999947,12.839996,11.999995,-15.000005,-7.020003,24.840006,-6.550003,3.9999962,-17.279997,-27.540005,-0.17999725,6.0600038,14.280002,0.0,0.0,0.0,0.0,rl_constraint,0.0,0.0,0.0,0.0,-0.808879017829895,-69.74824523925781,-83.45233154296875,-95.29041290283203,-104.23645782470703,-13.89879322052002,-1.705215573310852,1.760964274406433,69.27054595947266,84.206298828125,98.5652084350586,98.0372543334961,13.278708457946777,4.369077682495117,0.0,0.0,0.0,0.0
151,3.0229168460000437,1789353173.8831155,17,0.0019443625,0.016143417,0.009514459,-0.0022434953,0.8292961,-69.48514,-86.38732,-97.44574,-102.15261,-12.654726,-6.9469986,-0.10607529,69.17599,86.44088,100.127716,99.961044,12.640169,4.238649,0.0,0.0,0.0,0.0,0.0,-0.051340543,-0.0,0.0,-3.6500015,0.0,13.739996,12.719998,-13.320003,-7.3199983,26.1,-2.3999977,1.5999985,-17.04,-23.160004,-2.4000046,5.6399965,10.079997,0.0,0.0,0.0,0.0,rl_constraint,0.0,0.0,0.0,0.0,-1.5723062753677368,-69.85113525390625,-83.22280883789062,-95.3646240234375,-104.10628509521484,-13.922362327575684,-1.2413235902786255,2.7610738277435303,69.19383239746094,84.40499114990234,99.54190826416016,97.70169067382812,13.140777587890625,3.887852430343628,0.0,0.0,0.0,0.0
152,3.04299817600031,1789353173.9031966,17,0.0019443625,0.015164767,0.009507661,-0.0022570922,0.73701096,-69.48697,-86.09554,-97.18536,-102.42885,-12.79704,-6.404947,-0.110767365,69.21404,86.10602,99.70982,99.8694,12.745295,4.4105577,0.0,0.0,0.0,0.0,0.0,-0.052657377,-0.0,0.0,-5.25,-0.14999771,15.479998,13.380002,-12.779997,-7.2599993,28.319994,1.5499992,2.1000023,-15.359999,-17.880001,-6.7800064,5.579997,6.7199936,0.0,0.0,0.0,0.0,rl_constraint,0.0,0.0,0.0,0.0,-2.4118919372558594,-69.98947143554688,-83.03502655029297,-95.4737777709961,-103.84740447998047,-13.866110801696777,-0.8089432120323181,3.784526824951172,69.13363647460938,84.66720581054688,100.6602783203125,97.52629089355469,12.945950508117676,3.3888938426971436,0.0,0.0,0.0,0.0
153,3.0630117320001773,1789353173.9232101,17,0.0019443625,0.013540486,0.009497463,-0.00226729,0.60655975,-69.4949,-85.78717,-96.94038,-102.683975,-12.939876,-5.8535843,-0.035694122,69.25591,85.828094,99.40799,99.71639,12.842318,4.509572,0.0,0.0,0.0,0.0,0.0,-0.10224616,-0.0,0.0,-7.8499947,-0.70000076,15.719994,11.580002,-12.779997,-6.6599946,27.780003,6.4500046,2.3499985,-12.540001,-11.759999,-8.159999,3.480002,3.6599991,0.0,0.0,0.0,0.0,rl_constraint,0.0,0.0,0.0,0.0,-3.2557871341705322,-70.15541076660156,-82.85185241699219,-95.6367416381836,-103.50191497802734,-13.774816513061523,-0.41533055901527405,4.733860492706299,69.09754943847656,84.98261260986328,101.83447265625,97.51404571533203,12.737059593200684,2.904383659362793,0.0,0.0,0.0,0.0
154,3.0828927620000286,1789353173.9430912,17,0.0019443625,0.011477839,0.009487266,-0.0022740883,0.41871643,-69.51894,-85.47954,-96.720375,-102.90263,-13.071986,-5.292787,0.15122223,69.278336,85.5887,99.22169,99.53178,12.899515,4.544632,0.0,0.0,0.0,0.0,0.0,-0.10093256,-0.0,0.0,-11.449997,-1.7999954,15.419998,10.440005,-10.019999,-5.7599945,27.179996,11.850002,0.14999771,-11.400004,-6.479997,-9.9,2.8799973,-0.0,0.0,0.0,0.0,0.0,rl_constraint,0.0,0.0,0.0,0.0,-4.111172676086426,-70.35302734375,-82.6917724609375,-95.90493774414062,-103.08158874511719,-13.655280113220215,-0.005853044800460339,5.560856342315674,69.05512237548828,85.29270935058594,102.97608947753906,97.64884185791016,12.514100074768066,2.483613967895508,0.0,0.0,0.0,0.0
155,3.1029419609999422,1789353173.9631407,17,0.0019409633,0.009607183,0.009477068,-0.0022808868,0.16493225,-69.56632,-85.17544,-96.52953,-103.07883,-13.190996,-4.7355742,0.4459076,69.27831,85.38509,99.15867,99.33091,12.950587,4.533742,0.0,0.0,0.0,0.0,0.0,-0.12375546,-0.0,0.0,-14.200001,-2.800003,14.699995,8.580007,-8.1,-5.2200027,26.399996,17.100002,0.0,-8.1,-0.059999086,-9.359995,1.3199936,-1.8599991,0.0,0.0,0.0,0.0,rl_constraint,0.0,0.0,0.0,0.0,-4.891895771026611,-70.56619262695312,-82.52784729003906,-96.2582015991211,-102.60172271728516,-13.533448219299316,0.4220079183578491,6.232967853546143,68.97892761230469,85.56851959228516,104.02570343017578,97.90399932861328,12.360982894897461,2.196443796157837,0.0,0.0,0.0,0.0
156,3.123174812000343,1789353173.9833734,17,0.0019409633,0.0065817246,0.009470269,-0.0022910845,-0.15226364,-69.632126,-84.87929,-96.36884,-103.203316,-13.288321,-4.1897597,0.8390236,69.27701,85.25317,99.19844,99.12447,12.969305,4.4393005,0.0,0.0,0.0,0.0,0.0,-0.19266315,-0.0,0.0,-17.700005,-3.5000038,14.100004,7.8600035,-5.2200027,-4.2600036,26.339996,21.849998,-0.19999695,-4.619998,5.0400057,-10.019999,0.17999725,-7.140001,0.0,0.0,0.0,0.0,rl_constraint,0.0,0.0,0.0,0.0,-5.5903496742248535,-70.80167388916016,-82.35577392578125,-96.66720581054688,-102.08206176757812,-13.416129112243652,0.8630362153053284,6.7163872718811035,68.86377716064453,85.83061981201172,104.84828186035156,98.23709869384766,12.242310523986816,1.929847002029419,0.0,0.0,0.0,0.0
157,3.1430034570003045,1789353174.003202,17,0.0019375641,0.0030233301,0.009432877,-0.0022944838,-0.53655624,-69.6995,-84.58635,-96.25622,-103.27564,-13.369634,-3.6554673,1.300106,69.27061,85.189896,99.36914,98.93474,12.968165,4.270372,0.0,0.0,0.0,0.0,0.0,-0.16611966,-0.0,0.0,-20.449997,-3.75,14.220003,3.7799973,-2.1599946,-3.7199981,27.359995,23.850002,-0.45000458,-2.3400054,12.420003,-8.519994,-0.17999725,-9.0,0.0,0.0,0.0,0.0,rl_constraint,0.0,0.0,0.0,0.0,-6.196218967437744,-70.95561981201172,-82.19955444335938,-97.12744903564453,-101.58368682861328,-13.34115219116211,1.32345712184906,6.940929412841797,68.70018005371094,86.05103302001953,105.44976806640625,98.63243865966797,12.161163330078125,1.68417489528656,0.0,0.0,0.0,0.0
158,3.163105939000161,1789353174.0233045,17,0.0019375641,-0.00045487695,0.009324102,-0.0023012822,-0.97546005,-69.78319,-84.31461,-96.18801,-103.28467,-13.418783,-3.129689,1.796711,69.255135,85.14698,99.68187,98.771385,12.952675,4.071986,0.0,0.0,0.0,0.0,0.0,-0.22823404,-0.0,0.0,-23.399998,-4.6499977,12.839996,2.8199983,0.3599945,-2.6400008,25.800005,25.5,-1.0499954,-1.3800064,18.540005,-6.539996,-1.740001,-10.2599945,0.0,0.0,0.0,0.0,rl_constraint,0.0,0.0,0.0,0.0,-6.632748603820801,-70.98695373535156,-82.1080093383789,-97.67868041992188,-101.09329986572266,-13.315608978271484,1.8469537496566772,6.823263168334961,68.48250579833984,86.14035034179688,105.89661407470703,99.0455093383789,12.162574768066406,1.5855865478515625,0.0,0.0,0.0,0.0
159,3.182977773999937,1789353174.0431764,17,0.0019341648,-0.0068704817,0.009273114,-0.0023046813,-1.4645004,-69.87846,-84.05868,-96.157,-103.251656,-13.454544,-2.6191819,2.3259315,69.22221,85.14003,100.10576,98.648285,12.901644,3.8557343,0.0,0.0,0.0,0.0,0.0,-0.3941788,-0.027843136,0.0,-25.55,-5.3499985,12.839996,0.059999086,3.480002,-0.7800018,25.319998,27.7,-2.7000046,0.17999725,23.940006,-4.9199934,-3.2400055,-10.740001,0.0,0.0,0.0,0.0,rl_constraint,0.0,0.0,0.0,0.0,-6.889606475830078,-70.91976928710938,-82.05978393554688,-98.28961944580078,-100.62117004394531,-13.383195877075195,2.4140424728393555,6.440735816955566,68.19152069091797,86.12245178222656,106.11136627197266,99.42532348632812,12.221976280212402,1.6554802656173706,0.0,0.0,0.0,0.0
160,3.202936774000136,1789353174.0631354,17,0.0019307656,-0.016160782,0.00924592,-0.00231148,-1.9880104,-69.99323,-83.80831,-96.17201,-103.13046,-13.467508,-2.1164887,2.8789558,69.153984,85.15874,100.65677,98.57483,12.81367,3.6198304,0.0,0.0,0.0,0.0,0.0,-0.5702739,-0.0,0.0,-26.449997,-5.800003,11.879997,-1.8599991,8.459994,-0.66000366,25.140001,26.800003,-3.9999962,2.0999954,30.719997,-2.4600036,-4.2000046,-11.879997,0.0,0.0,0.0,0.0,rl_constraint,0.0,0.0,0.0,0.0,-6.939113140106201,-70.73802185058594,-82.06595611572266,-98.90528869628906,-100.12918853759766,-13.549903869628906,3.038560152053833,5.7885026931762695,67.82633972167969,86.00822448730469,106.07352447509766,99.75645446777344,12.32302188873291,1.8444318771362305,0.0,0.0,0.0,0.0
161,3.2234345790002408,1789353174.0836332,17,0.0019307656,-0.026212858,0.009225524,-0.002314879,-2.5353813,-70.10785,-83.56567,-96.25118,-102.94725,-13.478742,-1.6018066,3.3927383,69.09086,85.233665,101.308075,98.5544,12.742025,3.3869064,0.0,0.0,0.0,0.0,0.0,-0.25949174,-0.0,0.0,-26.800003,-4.8499947,11.159994,-6.2400007,9.540006,-0.4800064,24.840006,23.349998,-2.3999977,5.4,31.799995,0.0,-3.480002,-12.119993,0.0,0.0,0.0,0.0,rl_constraint,0.0,0.0,0.0,0.0,-6.810746669769287,-70.46047973632812,-82.11455535888672,-99.56279754638672,-99.65866088867188,-13.849072456359863,3.7730095386505127,4.807037353515625,67.41908264160156,85.81301879882812,105.76189422607422,100.01499938964844,12.53978157043457,2.1512610912323,0.0,0.0,0.0,0.0
162,3.242906480000329,1789353174.103105,17,0.0019307656,-0.027513687,0.009211928,-0.0023182784,-3.0476303,-70.20472,-83.360306,-96.410965,-102.73531,-13.488533,-1.1080811,3.8252792,69.025444,85.34604,101.90929,98.56317,12.668582,3.1670012,0.0,0.0,0.0,0.0,0.0,0.0,-0.0,0.0,-25.799995,-4.9500046,10.019999,-9.239996,12.839996,-0.4800064,25.680006,20.900002,-5.5999947,4.980006,29.280006,1.4400055,-4.2000046,-11.039996,0.0,0.0,0.0,0.0,rl_constraint,0.0,0.0,0.0,0.0,-6.48427152633667,-70.13037872314453,-82.22151184082031,-100.23326873779297,-99.24003601074219,-14.207950592041016,4.486237049102783,3.5839529037475586,67.02266693115234,85.54167175292969,105.08019256591797,100.21644592285156,12.803586959838867,2.5015058517456055,0.0,0.0,0.0,0.0
163,3.2629399709999234,1789353174.123139,17,0.0019307656,-0.027457811,0.00919833,-0.0023250768,-3.5504837,-70.29187,-83.166885,-96.6372,-102.477,-13.499039,-0.60442656,4.193321,68.89688,85.43559,102.46686,98.627525,12.609476,2.967572,0.0,0.0,0.0,0.0,0.0,0.0,-0.0,0.0,-24.349995,-3.7999992,8.640005,-12.6,13.679997,-0.7800018,26.399996,15.349995,-6.249996,4.0800066,26.219997,5.2200027,-2.9399962,-8.640005,0.0,0.0,0.0,0.0,rl_constraint,0.0,0.0,0.0,0.0,-5.975068092346191,-69.77426147460938,-82.37255859375,-100.9072036743164,-98.83647155761719,-14.593246459960938,5.213287353515625,2.265009641647339,66.6412353515625,85.14924621582031,104.12821960449219,100.4217758178711,13.108580589294434,2.8683176040649414,0.0,0.0,0.0,0.0
164,3.2830181930003164,1789353174.1432166,17,0.0019307656,-0.027448565,0.009188132,-0.0023284762,-4.0097466,-70.35088,-83.00588,-96.91327,-102.186775,-13.521602,-0.085185245,4.4345856,68.75099,85.50201,102.953224,98.74306,12.582545,2.8112228,0.0,0.0,0.0,0.0,0.0,0.0,-0.0,0.0,-21.8,-2.050003,7.7400055,-15.180002,15.180002,-1.8599991,25.680006,8.950001,-6.6500015,2.5200028,22.200005,6.5999956,-0.23999634,-7.6199937,0.0,0.0,0.0,0.0,rl_constraint,0.0,0.0,0.0,0.0,-5.258680820465088,-69.40133666992188,-82.57131958007812,-101.55836486816406,-98.43914794921875,-14.967317581176758,5.952406883239746,0.8794982433319092,66.31707763671875,84.67952728271484,103.03192901611328,100.62178802490234,13.445518493652344,3.236677885055542,0.0,0.0,0.0,0.0
165,3.3030613509999966,1789353174.16326,17,0.0019341648,-0.027446555,0.009174536,-0.0023318753,-4.412384,-70.36912,-82.86963,-97.24761,-101.859436,-13.5701475,0.4679489,4.543762,68.58359,85.53981,103.34835,98.89177,12.580526,2.6965668,0.0,0.0,0.0,0.0,0.0,0.0,-0.0,0.0,-17.549995,0.0,6.1800017,-16.980001,15.960004,-2.9999955,27.9,2.0000038,-8.549995,0.4800064,15.840006,7.080002,0.059999086,-3.6599991,0.0,0.0,0.0,0.0,rl_constraint,0.0,0.0,0.0,0.0,-4.338921070098877,-69.1143798828125,-82.74037170410156,-102.18892669677734,-98.06904602050781,-15.307374954223633,6.71692419052124,-0.525040864944458,66.06175994873047,84.16442108154297,101.85533142089844,100.80857849121094,13.764262199401855,3.5586962699890137,0.0,0.0,0.0,0.0
166,3.322732721000193,1789353174.1829312,17,0.0019341648,-0.02744575,0.009164338,-0.0023352746,-4.709793,-70.361206,-82.76732,-97.6098,-101.52952,-13.647532,1.0109069,4.539116,68.39408,85.53766,103.60669,99.04933,12.586116,2.6473205,0.0,0.0,0.0,0.0,0.0,0.0,-0.0,0.0,-12.799999,1.0499954,3.540001,-19.319994,16.499996,-4.8599944,28.380007,-2.3499985,-9.899998,-0.41999358,10.500005,8.339996,0.7200028,-1.5600036,0.0,0.0,0.0,0.0,rl_constraint,0.0,0.0,0.0,0.0,-3.1835925579071045,-68.83293151855469,-82.93112182617188,-102.69832611083984,-97.76441192626953,-15.579949378967285,7.348905086517334,-1.8764894008636475,65.92024993896484,83.61933135986328,100.61994171142578,101.02308654785156,13.980676651000977,3.877535820007324,0.0,0.0,0.0,0.0
167,3.3432835480002723,1789353174.2034824,17,0.0019341648,-0.027444143,0.009157539,-0.002338674,-4.9144363,-70.31946,-82.70127,-98.02047,-101.17606,-13.762711,1.5897629,4.4237823,68.179405,85.509445,103.74108,99.21962,12.622398,2.6267211,0.0,0.0,0.0,0.0,0.0,0.0,-0.0,0.0,-7.749996,3.2999954,3.2400055,-21.959995,17.640005,-6.8400054,30.54,-8.950001,-11.349998,-2.3400054,3.7799973,8.760004,2.5800018,-0.17999725,0.0,0.0,0.0,0.0,rl_constraint,0.0,0.0,0.0,0.0,-1.8990169763565063,-68.57356262207031,-83.14013671875,-103.213623046875,-97.49870300292969,-15.807435035705566,7.955040454864502,-3.0904014110565186,65.83902740478516,83.1129150390625,99.43580627441406,101.24498748779297,14.107378005981445,4.065180778503418,0.0,0.0,0.0,0.0
168,3.363051404000089,1789353174.22325,17,0.0019375641,-0.027442133,0.009147342,-0.002342073,-5.005245,-70.22325,-82.64126,-98.47609,-100.80846,-13.903816,2.1885314,4.172264,67.94652,85.42665,103.77239,99.40095,12.707186,2.6397262,0.0,0.0,0.0,0.0,0.0,0.0,-0.0,0.0,-1.5,6.0999985,2.3400054,-23.699995,18.119999,-7.8600035,29.939997,-15.949997,-12.049999,-5.519998,-0.7800018,9.419993,5.8800063,2.0999954,0.0,0.0,0.0,0.0,rl_constraint,0.0,0.0,0.0,0.0,-0.535983681678772,-68.36099243164062,-83.29954528808594,-103.73704528808594,-97.28181457519531,-16.026586532592773,8.505507469177246,-4.171371936798096,65.8605728149414,82.6173095703125,98.38968658447266,101.40027618408203,14.23167896270752,4.127089023590088,0.0,0.0,0.0,0.0
169,3.3828434030001517,1789353174.2430418,17,0.0019375641,-0.027357714,0.009137144,-0.002342073,-4.9825974,-70.091415,-82.62285,-98.959175,-100.439995,-14.067334,2.799179,3.7994041,67.71171,85.2821,103.70756,99.58888,12.838911,2.7297866,0.0,0.0,0.0,0.0,0.0,0.003292697,-0.0,0.0,3.7999992,6.949997,0.0,-24.359999,18.84,-8.459994,29.999996,-21.500004,-11.800003,-9.239996,-7.2599993,10.500005,6.3,5.340001,0.0,0.0,0.0,0.0,rl_constraint,0.0,0.0,0.0,0.0,0.9245496988296509,-68.18510437011719,-83.462158203125,-104.26564025878906,-97.10885620117188,-16.26010513305664,8.981221199035645,-5.109838008880615,66.00251770019531,82.10209655761719,97.55917358398438,101.43895721435547,14.386453628540039,4.199678897857666,0.0,0.0,0.0,0.0
170,3.402917111000079,1789353174.263116,17,0.0019375641,-0.027342038,0.009126946,-0.0023454723,-4.83696,-69.94706,-82.630196,-99.44742,-100.07548,-14.249789,3.4180388,3.3150215,67.48042,85.08413,103.479866,99.78374,12.968962,2.8433304,0.0,0.0,0.0,0.0,0.0,0.0,-0.0,0.0,10.649998,7.5999985,-0.7800018,-24.3,17.459995,-9.359995,30.180006,-26.700005,-11.650005,-11.460004,-14.819994,9.720003,6.8400054,5.519998,0.0,0.0,0.0,0.0,rl_constraint,0.0,0.0,0.0,0.0,2.342073440551758,-68.0189208984375,-83.65706634521484,-104.81682586669922,-96.98245239257812,-16.4765625,9.350751876831055,-5.834408760070801,66.24097442626953,81.6401596069336,96.93878936767578,101.36954498291016,14.488862037658691,4.141082763671875,0.0,0.0,0.0,0.0
171,3.4228921880003327,1789353174.2830906,17,0.0019375641,-0.027341234,0.009116748,-0.0023488714,-4.556717,-69.784035,-82.6581,-99.95912,-99.72095,-14.447241,4.0376267,2.714367,67.26154,84.84829,103.12609,99.97641,13.108434,2.981154,0.0,0.0,0.0,0.0,0.0,0.0,-0.0,0.0,17.150002,8.900002,-1.9799973,-26.580006,17.04,-10.440005,29.879997,-33.249996,-9.949997,-12.360003,-20.7,10.199995,8.040001,6.9000044,0.0,0.0,0.0,0.0,rl_constraint,0.0,0.0,0.0,0.0,3.739834785461426,-67.84822845458984,-83.8667221069336,-105.41434478759766,-96.89796447753906,-16.688344955444336,9.618823051452637,-6.35322904586792,66.57183074951172,81.24519348144531,96.5870132446289,101.1730728149414,14.549463272094727,3.9354255199432373,0.0,0.0,0.0,0.0
172,3.4421496410000145,1789353174.3023481,17,0.0019341648,-0.027341234,0.009109951,-0.0023522708,-4.157593,-69.60781,-82.722,-100.48398,-99.37886,-14.651518,4.646764,1.9832153,67.076706,84.570625,102.64935,100.164085,13.255705,3.123111,0.0,0.0,0.0,0.0,0.0,0.0,-0.0,0.0,22.950005,9.0,-4.440001,-26.04,16.319998,-10.319994,28.919998,-39.450005,-8.150002,-14.940005,-27.0,8.760004,6.8400054,6.7800064,0.0,0.0,0.0,0.0,rl_constraint,0.0,0.0,0.0,0.0,5.019208908081055,-67.66409301757812,-84.1412582397461,-106.0915298461914,-96.86546325683594,-16.880090713500977,9.763592720031738,-6.653724670410156,67.00648498535156,80.93183898925781,96.46090698242188,100.85811614990234,14.593362808227539,3.5373947620391846,0.0,0.0,0.0,0.0
173,3.4617539370001396,1789353174.3219526,17,0.0017947962,-0.027340831,0.009099753,-0.00235567,-3.6577263,-69.43224,-82.82416,-100.99303,-99.06367,-14.858762,5.229547,1.1604424,66.92695,84.271835,102.0898,100.326904,13.403142,3.2414062,0.0,0.0,0.0,0.0,0.0,0.0,-0.0,0.0,28.55,8.950001,-5.1600037,-26.279997,15.359999,-9.9,29.400005,-45.0,-6.249996,-15.780006,-31.140005,7.6800065,7.140001,4.980006,0.0,0.0,0.0,0.0,rl_constraint,0.0,0.0,0.0,0.0,6.147810459136963,-67.45745086669922,-84.48159790039062,-106.84772491455078,-96.8962173461914,-17.02816390991211,9.82355785369873,-6.670841217041016,67.53189086914062,80.73709869384766,96.62725067138672,100.43276977539062,14.615705490112305,2.929938793182373,0.0,0.0,0.0,0.0
174,3.4819355180002276,1789353174.342134,17,0.0017370092,-0.027355704,0.009089555,-0.00235567,-3.0293999,-69.24439,-82.9344,-101.522224,-98.76443,-15.082278,5.80453,0.20090103,66.817406,83.9378,101.40716,100.46609,13.54352,3.3461747,0.0,0.0,0.0,0.0,0.0,-0.0030732106,-0.0,0.0,34.250004,9.75,-6.359999,-26.640005,13.679997,-10.560003,29.039997,-50.3,-4.450001,-16.920002,-34.559994,5.6999955,7.140001,3.1800065,0.0,0.0,0.0,0.0,rl_constraint,0.0,0.0,0.0,0.0,7.056881904602051,-67.28350067138672,-84.8646469116211,-107.70398712158203,-96.97566223144531,-17.140607833862305,9.754462242126465,-6.332845687866211,68.11331176757812,80.71586608886719,97.05814361572266,99.95661926269531,14.585972785949707,2.132636070251465,0.0,0.0,0.0,0.0
175,3.5019941650002693,1789353174.3621926,17,0.008552476,-0.027887942,0.009079358,-0.0023590692,-2.2838974,-69.0503,-83.06344,-102.07245,-98.491165,-15.300577,6.337518,-0.8268013,66.76787,83.60527,100.75249,100.56032,13.683362,3.400804,0.0,0.0,0.0,0.0,0.6237596,-0.032052886,-0.0,0.0,40.649998,9.400005,-6.359999,-28.680002,12.300005,-10.680002,24.479998,-50.549995,-0.8999977,-16.259998,-29.939997,3.7199981,6.1200027,2.3400054,0.0,0.0,0.0,0.0,rl_constraint,0.0,0.0,0.0,0.0,7.733509540557861,-67.15039825439453,-85.27827453613281,-108.60362243652344,-97.1129379272461,-17.19000816345215,9.523641586303711,-5.513197898864746,68.69595336914062,80.93060302734375,97.80593872070312,99.47203826904297,14.502184867858887,1.150911808013916,0.0,0.0,0.0,0.0
176,3.522430185000303,1789353174.3826287,17,0.011506411,-0.027967537,0.00906916,-0.0023624685,-1.3882828,-68.85003,-83.22525,-102.66041,-98.243454,-15.527664,6.8390303,-1.7939186,66.7786,83.25649,100.16632,100.6171,13.812643,3.415938,0.0,0.0,0.0,0.0,-0.051977705,0.0032927254,-0.0,0.0,46.799995,9.899998,-8.399996,-28.380007,11.520002,-10.380007,22.44,-42.899998,1.4500008,-17.820004,-26.94,1.5000045,6.000005,-0.23999634,0.0,0.0,0.0,0.0,rl_constraint,0.0,0.0,0.0,0.0,8.210444450378418,-67.08168029785156,-85.73645782470703,-109.51948547363281,-97.2648696899414,-17.146987915039062,9.19033145904541,-4.180989742279053,69.1888198852539,81.34850311279297,98.87005615234375,99.1065902709961,14.387107849121094,0.16798080503940582,0.0,0.0,0.0,0.0
177,3.542065743999956,1789353174.402264,17,0.008678247,-0.027963918,0.009062361,-0.0023658676,-0.42008972,-68.662186,-83.3898,-103.22545,-98.043846,-15.727053,7.2657256,-2.550476,66.836266,82.915726,99.67514,100.62574,13.918538,3.3820724,0.0,0.0,0.0,0.0,-0.12994936,0.0,-0.0,0.0,52.099995,9.199997,-8.640005,-29.099995,8.519994,-10.139997,21.6,-34.699997,4.300003,-16.980001,-23.040005,-0.29999542,5.1000047,-4.380002,0.0,0.0,0.0,0.0,rl_constraint,0.0,0.0,0.0,0.0,8.530597686767578,-67.1285400390625,-86.1980972290039,-110.3282470703125,-97.37850189208984,-16.963956832885742,8.826611518859863,-2.3982205390930176,69.50333404541016,81.92448425292969,100.13833618164062,98.9290542602539,14.296485900878906,-0.7256550788879395,0.0,0.0,0.0,0.0
178,3.561987729000066,1789353174.4221861,17,0.002675198,-0.027969144,0.009055562,-0.0023658676,0.6386833,-68.47752,-83.578255,-103.86023,-97.8714,-15.91923,7.628,-3.1793633,66.963585,82.63206,99.29701,100.58718,14.022593,3.224858,0.0,0.0,0.0,0.0,-0.27103803,0.0,-0.0,0.0,52.099995,8.850002,-9.9,-32.880005,7.2,-8.580007,15.599996,-28.350002,9.0,-12.360003,-15.240001,-4.019994,4.559999,-10.8,0.0,0.0,0.0,0.0,rl_constraint,0.0,0.0,0.0,0.0,8.677186965942383,-67.31251525878906,-86.6343765258789,-111.09687042236328,-97.40068817138672,-16.674407958984375,8.377202987670898,-0.41885024309158325,69.67960357666016,82.62786102294922,101.46043395996094,98.95101165771484,14.253131866455078,-1.6502004861831665,0.0,0.0,0.0,0.0
179,3.5818849570000566,1789353174.4420834,17,0.002168712,-0.027975174,0.009045365,-0.002369267,1.635006,-68.299065,-83.794426,-104.51331,-97.742256,-16.090837,7.9291077,-3.7050133,67.15642,82.41979,99.051254,100.475426,14.096146,2.9731889,0.0,0.0,0.0,0.0,0.0,0.0,-0.0,0.0,47.449997,8.750004,-11.7,-32.4,6.359999,-8.040001,13.859995,-23.800003,11.100002,-9.239996,-9.0,-6.7800064,3.3600037,-14.699995,0.0,0.0,0.0,0.0,rl_constraint,0.0,0.0,0.0,0.0,8.531163215637207,-67.56707763671875,-87.04679870605469,-111.7725601196289,-97.33893585205078,-16.277835845947266,7.942920684814453,1.528162956237793,69.81103515625,83.38023376464844,102.77401733398438,99.0765151977539,14.190210342407227,-2.504990339279175,0.0,0.0,0.0,0.0
180,3.601540177000061,1789353174.4617386,17,0.0030457147,-0.02797839,0.009038567,-0.0023726663,2.5400505,-68.13832,-84.04195,-105.161255,-97.64013,-16.233192,8.152967,-4.126133,67.38467,82.25777,98.93735,100.33886,14.147781,2.6470597,0.0,0.0,0.0,0.0,0.025987154,0.0,-0.0,0.0,43.200005,7.5,-13.260004,-33.840004,4.019994,-6.7199936,9.540006,-18.249996,11.499996,-6.1800017,-2.8199983,-6.8400054,1.9199982,-18.660004,0.0,0.0,0.0,0.0,rl_constraint,0.0,0.0,0.0,0.0,8.07998275756836,-67.89082336425781,-87.41112518310547,-112.31797790527344,-97.21918487548828,-15.807534217834473,7.521439075469971,3.3340272903442383,69.85347747802734,84.13682556152344,104.05351257324219,99.25543975830078,14.140060424804688,-3.218939781188965,0.0,0.0,0.0,0.0
181,3.6226548210001965,1789353174.4828532,17,0.0032122773,-0.0279804,0.009031768,-0.0023726663,3.388424,-68.00019,-84.331604,-105.88345,-97.56399,-16.340034,8.298304,-4.429573,67.632835,82.168,98.93481,100.18677,14.199513,2.2308013,0.0,0.0,0.0,0.0,0.0,0.0,-0.0,0.0,39.400005,6.4000053,-14.519999,-35.640007,3.540001,-3.7799973,5.2200027,-11.599995,12.500004,-1.9199982,1.5000045,-6.960004,1.8599991,-21.54,0.0,0.0,0.0,0.0,rl_constraint,0.0,0.0,0.0,0.0,7.52940559387207,-68.19589233398438,-87.74481964111328,-112.78437042236328,-97.09442901611328,-15.311005592346191,7.115768909454346,4.950082778930664,69.80784606933594,84.88188934326172,105.14472198486328,99.42596435546875,14.153209686279297,-3.811523199081421,0.0,0.0,0.0,0.0
182,3.642665902000317,1789353174.5028644,17,0.003222475,-0.027981605,0.00902157,-0.0023760654,4.127186,-67.90102,-84.63816,-106.60541,-97.49898,-16.39697,8.364111,-4.593384,67.878685,82.17485,99.02693,100.051155,14.217984,1.7565491,0.0,0.0,0.0,0.0,0.0,0.0,-0.0,0.0,34.649998,3.7000008,-16.080002,-35.28,2.6400008,-1.6200027,1.3800064,-5.200001,12.500004,2.3400054,8.339996,-6.539996,0.60000455,-25.379997,0.0,0.0,0.0,0.0,rl_constraint,0.0,0.0,0.0,0.0,6.921507358551025,-68.40193939208984,-88.07678985595703,-113.09423065185547,-96.9732437133789,-14.816614151000977,6.746917724609375,6.399544715881348,69.69212341308594,85.62246704101562,105.99443817138672,99.59649658203125,14.135346412658691,-4.326468467712402,0.0,0.0,0.0,0.0
183,3.663320981000197,1789353174.5235198,17,0.0031578895,-0.027982008,0.009014771,-0.0023794647,4.7701035,-67.841,-84.95593,-107.30977,-97.4498,-16.40322,8.369934,-4.6462784,68.12097,82.26775,99.25241,99.93195,14.22838,1.2342865,0.0,0.0,0.0,0.0,0.0,0.0,-0.0,0.0,29.399998,2.2000008,-16.080002,-34.439995,1.8,0.29999542,-0.23999634,-0.049999237,12.099998,7.2,15.419998,-5.459999,0.41999358,-27.540005,0.0,0.0,0.0,0.0,rl_constraint,0.0,0.0,0.0,0.0,6.344640254974365,-68.47062683105469,-88.40845489501953,-113.26921081542969,-96.91000366210938,-14.343789100646973,6.407679080963135,7.612979888916016,69.54869842529297,86.3062515258789,106.65956115722656,99.74300384521484,14.116486549377441,-4.733147621154785,0.0,0.0,0.0,0.0
184,3.6832663440000033,1789353174.543465,17,0.0031408933,-0.027981605,0.009004574,-0.0023794647,5.289013,-67.82047,-85.27598,-107.99554,-97.407326,-16.37456,8.329491,-4.5951347,68.35199,82.46341,99.624695,99.83326,14.231813,0.67571414,0.0,0.0,0.0,0.0,0.0,0.0,-0.0,0.0,22.649998,0.049999237,-16.319998,-33.719994,2.3400054,2.9399962,-4.2000046,5.5999947,10.649998,12.059995,22.739996,-4.6799974,-0.0,-29.759998,0.0,0.0,0.0,0.0,rl_constraint,0.0,0.0,0.0,0.0,5.769113063812256,-68.42222595214844,-88.71045684814453,-113.30364990234375,-96.89734649658203,-13.928306579589844,6.124612331390381,8.547294616699219,69.30132293701172,86.97833251953125,107.14850616455078,99.8780746459961,14.099255561828613,-5.0196685791015625,0.0,0.0,0.0,0.0
185,3.7029057970003123,1789353174.5631046,17,0.003164688,-0.027951859,0.008984178,-0.0023828638,5.6812935,-67.82626,-85.61681,-108.65061,-97.35564,-16.268885,8.21331,-4.406536,68.5548,82.738174,100.11897,99.76197,14.231621,0.10001679,0.0,0.0,0.0,0.0,0.0,0.0,-0.0,0.0,16.400002,-0.6000023,-17.459995,-31.380001,3.3000045,6.539996,-7.3799973,12.700001,8.800003,15.479998,26.640005,-2.5800018,-0.059999086,-28.8,0.0,0.0,0.0,0.0,rl_constraint,0.0,0.0,0.0,0.0,5.296485900878906,-68.26567077636719,-89.02245330810547,-113.15072631835938,-97.00479125976562,-13.499163627624512,5.781829357147217,9.263777732849121,69.03565979003906,87.58568572998047,107.40570068359375,100.02130126953125,14.055643081665039,-5.186469078063965,0.0,0.0,0.0,0.0
186,3.723352136000358,1789353174.5835505,17,0.003178285,-0.027868243,0.008943388,-0.0023828638,5.962063,-67.84849,-85.96606,-109.28329,-97.29801,-16.092884,8.046016,-4.0766144,68.72266,83.08647,100.73581,99.72256,14.230921,-0.4967743,0.0,0.0,0.0,0.0,0.0,0.009439991,-0.0,0.0,10.350002,-1.699997,-16.860004,-29.7,2.7,9.179997,-8.940001,19.049995,7.0499954,19.019999,33.120003,-1.3800064,-0.059999086,-29.340006,0.0,0.0,0.0,0.0,rl_constraint,0.0,0.0,0.0,0.0,4.91625452041626,-67.9789047241211,-89.36647033691406,-112.834228515625,-97.16722106933594,-13.069034576416016,5.412904262542725,9.737547874450684,68.74736785888672,88.12498474121094,107.39514923095703,100.1629867553711,14.004125595092773,-5.256275177001953,0.0,0.0,0.0,0.0
187,3.743057159000273,1789353174.6032557,17,0.0031884827,-0.027828446,0.008916194,-0.002386263,6.1141205,-67.89416,-86.29752,-109.83683,-97.25655,-15.889705,7.860814,-3.6479416,68.85118,83.470795,101.435135,99.702286,14.228435,-1.0487274,0.0,0.0,0.0,0.0,0.0,0.0030732313,-0.0,0.0,4.9500046,-2.7500038,-17.16,-26.760004,1.2599945,11.520002,-9.660004,24.999996,4.6499977,20.939997,38.999996,-0.4800064,-0.29999542,-27.480007,0.0,0.0,0.0,0.0,rl_constraint,0.0,0.0,0.0,0.0,4.665633678436279,-67.60218811035156,-89.6663818359375,-112.35697937011719,-97.37714385986328,-12.729406356811523,5.083795547485352,9.952181816101074,68.43511962890625,88.55770111083984,107.11634826660156,100.2525405883789,13.986927032470703,-5.105186462402344,0.0,0.0,0.0,0.0
188,3.7631346699999995,1789353174.6233335,17,0.003786748,-0.02780915,0.008892399,-0.002386263,6.1725883,-67.94462,-86.638695,-110.33619,-97.22609,-15.651466,7.6483793,-3.0955582,68.937645,83.90032,102.27276,99.70048,14.2180805,-1.591713,0.0,0.0,0.0,0.0,0.025987154,0.009878959,-0.0,0.0,0.8999977,-2.2999992,-17.1,-23.699995,1.6800019,11.879997,-11.879997,29.900002,4.0499954,22.320004,44.04,0.11999817,-0.9,-25.379997,0.0,0.0,0.0,0.0,rl_constraint,0.0,0.0,0.0,0.0,4.518280029296875,-67.17717742919922,-89.93473815917969,-111.70471954345703,-97.55673217773438,-12.467574119567871,4.755329132080078,9.870643615722656,68.11349487304688,88.89019775390625,106.55916595458984,100.28759002685547,14.027168273925781,-4.787215232849121,0.0,0.0,0.0,0.0
189,3.7829878490001647,1789353174.6431863,17,0.0039091203,-0.025433417,0.008872004,-0.0023896624,6.162632,-67.97016,-86.97914,-110.7646,-97.2007,-15.385282,7.4092345,-2.4417458,68.983696,84.36137,103.11369,99.70814,14.205872,-2.0891464,0.0,0.0,0.0,0.0,0.0,0.0961557,-0.0,0.0,-1.699997,-0.19999695,-16.740005,-19.199995,0.7200028,15.060003,-12.360003,36.1,0.70000076,23.34,39.059994,0.9,-0.4800064,-24.599995,0.0,0.0,0.0,0.0,rl_constraint,0.0,0.0,0.0,0.0,4.624675750732422,-66.74845123291016,-90.14212799072266,-110.92417907714844,-97.7137222290039,-12.28234577178955,4.377796649932861,9.361529350280762,67.85978698730469,89.07545471191406,105.57624053955078,100.30321502685547,14.145942687988281,-4.28216552734375,0.0,0.0,0.0,0.0
190,3.803091585999937,1789353174.6632903,17,0.003871729,-0.025140375,0.008851608,-0.0023896624,6.091713,-67.96429,-87.30677,-111.097115,-97.19376,-15.094899,7.1545854,-1.6423874,68.98079,84.841064,103.81347,99.74214,14.193155,-2.5389404,0.0,0.0,0.0,0.0,0.0,-0.0030731137,-0.0,0.0,-5.449997,0.6500015,-16.080002,-14.639997,0.0,14.639997,-13.5,43.099995,-0.55000305,24.659994,31.260004,2.2800064,-0.7200028,-20.999996,0.0,0.0,0.0,0.0,rl_constraint,0.0,0.0,0.0,0.0,4.830597877502441,-66.34626007080078,-90.23833465576172,-109.98017883300781,-97.83940124511719,-12.14383602142334,3.9773316383361816,8.682307243347168,67.69720458984375,89.13899230957031,104.13548278808594,100.37935638427734,14.29362678527832,-3.6267714500427246,0.0,0.0,0.0,0.0
191,3.822610461000295,1789353174.682809,17,0.0038615311,-0.025155248,0.008838012,-0.0023930615,5.9702797,-67.93574,-87.63444,-111.323265,-97.1964,-14.800177,6.881383,-0.72953796,68.95544,85.343544,104.36917,99.7951,14.180246,-2.9154143,0.0,0.0,0.0,0.0,0.0,0.0,-0.0,0.0,-6.4500046,2.6500053,-16.680006,-8.880002,-0.3599945,14.160004,-13.619998,48.1,-2.1500015,24.599995,24.060003,2.5200028,-0.60000455,-16.920002,0.0,0.0,0.0,0.0,rl_constraint,0.0,0.0,0.0,0.0,5.0273823738098145,-66.05902099609375,-90.17172241210938,-108.9222640991211,-97.95600128173828,-12.104196548461914,3.5294251441955566,7.749643325805664,67.70858001708984,89.07756042480469,102.34941864013672,100.45980072021484,14.387879371643066,-2.774801015853882,0.0,0.0,0.0,0.0
192,3.8430940030002603,1789353174.7032926,17,0.0038513334,-0.025158465,0.008821015,-0.0023930615,5.831463,-67.846565,-87.95175,-111.43065,-97.218376,-14.495691,6.5937333,0.30239868,68.89132,85.82017,104.78588,99.85165,14.169329,-3.204492,0.0,0.0,0.0,0.0,0.0,0.0,-0.0,0.0,-6.550003,5.950001,-15.120003,-2.5200028,-1.6800019,15.900004,-15.3,53.95,-4.6499977,22.679996,18.0,2.7,-0.5400055,-12.779997,0.0,0.0,0.0,0.0,rl_constraint,0.0,0.0,0.0,0.0,5.2319135665893555,-65.87709045410156,-89.92463684082031,-107.75371551513672,-98.18702697753906,-12.121580123901367,3.063748359680176,6.616292953491211,67.88525390625,88.84439849853516,100.32880401611328,100.5881118774414,14.402974128723145,-1.7325295209884644,0.0,0.0,0.0,0.0
193,3.863004512000316,1789353174.7232032,17,0.003844535,-0.02515967,0.00880402,-0.0023930615,5.7005196,-67.719795,-88.24986,-111.431015,-97.27223,-14.20112,6.287956,1.4444733,68.77272,86.247894,105.07664,99.912895,14.162531,-3.3893783,0.0,0.0,0.0,0.0,0.0,0.0,-0.0,0.0,-5.7000046,7.2000046,-14.160004,2.6400008,-3.6,14.7599945,-15.060003,60.65,-5.499996,20.520002,11.7,4.019994,0.059999086,-6.8400054,0.0,0.0,0.0,0.0,rl_constraint,0.0,0.0,0.0,0.0,5.430059909820557,-65.83521270751953,-89.51057434082031,-106.45065307617188,-98.54827117919922,-12.214587211608887,2.620692253112793,5.407947063446045,68.21214294433594,88.3666000366211,98.10623168945312,100.86836242675781,14.374194145202637,-0.5329632759094238,0.0,0.0,0.0,0.0
194,3.883016893000331,1789353174.7432153,17,0.0038241395,-0.025160072,0.008790422,-0.0023964609,5.5971794,-67.56402,-88.5289,-111.3246,-97.33766,-13.9173155,5.9581056,2.7464905,68.65912,86.662865,105.25685,99.9881,14.163821,-3.471721,0.0,0.0,0.0,0.0,0.0,0.0,-0.0,0.0,-5.1000023,7.6499977,-12.540001,8.219998,-4.1400056,13.320003,-17.399996,67.350006,-6.0999985,19.740002,5.2800016,3.7799973,0.3599945,-0.60000455,0.0,0.0,0.0,0.0,rl_constraint,0.0,0.0,0.0,0.0,5.712132930755615,-65.93250274658203,-88.95286560058594,-104.98823547363281,-98.96627807617188,-12.297734260559082,2.1773509979248047,4.200593948364258,68.56452178955078,87.71857452392578,95.69561767578125,101.40956115722656,14.301342964172363,0.7806839346885681,0.0,0.0,0.0,0.0
195,3.9029185930003223,1789353174.763117,17,0.0038037442,-0.02515967,0.008776825,-0.0023964609,5.516762,-67.403175,-88.75043,-111.08508,-97.42672,-13.669286,5.6342974,4.106186,68.57073,87.00403,105.29953,100.05809,14.166582,-3.454239,0.0,0.0,0.0,0.0,0.0,0.0,-0.0,0.0,-3.199997,9.0,-10.139997,15.000005,-5.1000047,11.460004,-18.299995,72.9,-3.6000023,15.120003,-0.7800018,3.4200027,0.17999725,3.540001,0.0,0.0,0.0,0.0,rl_constraint,0.0,0.0,0.0,0.0,6.089568138122559,-66.20317077636719,-88.2171859741211,-103.34342193603516,-99.3393325805664,-12.38680362701416,1.8344141244888306,2.929434299468994,68.85472106933594,86.89060974121094,93.18805694580078,102.19331359863281,14.240055084228516,2.1248340606689453,0.0,0.0,0.0,0.0
196,3.9226078920000873,1789353174.7828066,17,0.00057787,-0.024436919,0.008763229,-0.00239986,5.458729,-67.23017,-88.920494,-110.7174,-97.53901,-13.445,5.2843413,5.5843964,68.49309,87.270706,105.23831,100.15166,14.179738,-3.2834015,0.0,0.0,0.0,0.0,-0.40655872,0.10954566,-0.0,0.0,-1.9000053,8.800003,-7.2,21.420002,-5.579997,10.139997,-18.9,72.55,-3.0999985,10.2599945,-6.479997,5.519998,0.7200028,12.180006,0.0,0.0,0.0,0.0,rl_constraint,0.0,0.0,0.0,0.0,6.409471035003662,-66.55842590332031,-87.41464233398438,-101.62669372558594,-99.51451110839844,-12.476262092590332,1.4353346824645996,1.85633385181427,69.0621566772461,86.04370880126953,90.8321533203125,103.01951599121094,14.199982643127441,3.593311071395874,0.0,0.0,0.0,0.0
197,3.9428054820000398,1789353174.8030043,17,-0.00088380114,-0.021689085,0.008749631,-0.00239986,5.434925,-67.0661,-89.02348,-110.2241,-97.675255,-13.250692,4.9255967,6.9635696,68.4558,87.45121,105.06757,100.27555,14.194487,-2.9812636,0.0,0.0,0.0,0.0,0.0,0.13807915,-0.0,0.0,0.24999619,7.5999985,-2.8199983,27.06,-7.7400055,8.940001,-17.94,64.85,-0.8999977,7.499995,-12.480001,7.020003,0.17999725,17.94,0.0,0.0,0.0,0.0,rl_constraint,0.0,0.0,0.0,0.0,6.575157642364502,-67.04280853271484,-86.55603790283203,-99.924560546875,-99.54978942871094,-12.551751136779785,1.0059723854064941,1.0058408975601196,69.21593475341797,85.28593444824219,88.83277893066406,103.72828674316406,14.16590404510498,4.954178810119629,0.0,0.0,0.0,0.0
198,3.9627782920001664,1789353174.822977,17,0.00010197706,-0.02042052,0.008736035,-0.00239986,5.4453964,-66.93484,-89.0394,-109.614044,-97.83301,-13.092036,4.556154,8.185513,68.44965,87.55248,104.77833,100.44587,14.204031,-2.5814438,0.0,0.0,0.0,0.0,0.025987154,0.0030729077,-0.025987154,0.0,1.4500008,6.049999,0.8400009,33.599995,-8.399996,7.4399962,-19.620003,57.450005,0.14999771,1.5600036,-17.219997,10.019999,0.29999542,23.100004,0.0,0.0,0.0,0.0,rl_constraint,0.0,0.0,0.0,0.0,6.623744487762451,-67.52381134033203,-85.75228118896484,-98.34938049316406,-99.58341217041016,-12.591500282287598,0.5375875234603882,0.302878737449646,69.19708251953125,84.67755889892578,87.21451568603516,104.29904174804688,14.142571449279785,6.087900161743164,0.0,0.0,0.0,0.0
199,3.9831785450001007,1789353174.843377,17,0.0006866455,-0.02045348,0.008644255,-0.0024032593,5.4972954,-66.83827,-88.98634,-108.88838,-98.007385,-12.963331,4.178073,9.265308,68.45755,87.534615,104.35625,100.67334,14.207011,-2.0595245,0.0,0.0,0.0,0.0,0.0,0.0,-0.0,0.0,3.7999992,3.75,4.7999954,38.879997,-9.0,4.9199934,-19.019999,50.850002,1.2000046,-3.480002,-24.180002,12.480001,-0.0,30.059994,0.0,0.0,0.0,0.0,rl_constraint,0.0,0.0,0.0,0.0,6.581772327423096,-67.96825408935547,-85.05508422851562,-96.96405029296875,-99.67086029052734,-12.5967378616333,-0.004951886832714081,-0.35752537846565247,69.04658508300781,84.12029266357422,85.90763854980469,104.72125244140625,14.139426231384277,7.083516597747803,0.0,0.0,0.0,0.0
200,4.00290414500023,1789353174.8631027,17,1.6996177e-05,-0.020451471,0.0085898675,-0.0024032593,5.590748,-66.782524,-88.83328,-108.04872,-98.18643,-12.868945,3.7928786,10.220547,68.50147,87.41557,103.80197,100.95478,14.208288,-1.4184173,0.0,0.0,0.0,0.0,-0.025987154,0.0,-0.0,0.0,5.1000023,1.4000015,10.380007,45.059998,-9.059999,4.559999,-18.600004,45.550003,1.8499947,-8.1,-31.44,14.7599945,0.059999086,34.020004,0.0,0.0,0.0,0.0,rl_constraint,0.0,0.0,0.0,0.0,6.422136306762695,-68.35606384277344,-84.44210815429688,-95.7201156616211,-99.80844116210938,-12.595931053161621,-0.6642183661460876,-0.953856348991394,68.7923812866211,83.61643981933594,84.84373474121094,104.97874450683594,14.191039085388184,7.970191478729248,0.0,0.0,0.0,0.0
201,4.023001228000339,1789353174.8831997,17,-8.498088e-05,-0.020451069,0.0085490765,-0.0024032593,5.6904488,-66.78636,-88.578674,-107.07888,-98.36454,-12.79579,3.4023697,11.08073,68.5461,87.20181,103.13786,101.28443,14.208728,-0.6581497,0.0,0.0,0.0,0.0,0.0,0.0,-0.0,0.0,5.3999977,-1.0499954,14.220003,51.3,-8.159999,3.0599945,-19.139996,40.200005,2.9000015,-12.659999,-35.88,17.640005,0.059999086,42.3,0.0,0.0,0.0,0.0,rl_constraint,0.0,0.0,0.0,0.0,6.057993412017822,-68.73014831542969,-83.85018157958984,-94.52860260009766,-99.97216796875,-12.597728729248047,-1.449362874031067,-1.487109661102295,68.44010162353516,83.15779876708984,84.05073547363281,105.08133697509766,14.289082527160645,8.77299690246582,0.0,0.0,0.0,0.0
202,4.042862315000093,1789353174.9030607,17,-8.838011e-05,-0.020450667,0.0085184835,-0.0024066586,5.790802,-66.83588,-88.25286,-105.993484,-98.536804,-12.73678,2.993692,11.829002,68.615036,86.929565,102.35409,101.64644,14.2085905,0.21725464,0.0,0.0,0.0,0.0,0.0,0.0,-0.0,0.0,4.300003,-4.2000046,18.239996,57.119995,-8.1,2.6400008,-20.759998,34.250004,3.6500015,-14.7599945,-41.4,17.700005,-0.0,44.04,0.0,0.0,0.0,0.0,rl_constraint,0.0,0.0,0.0,0.0,5.428919315338135,-69.05989074707031,-83.31074523925781,-93.41471099853516,-100.18263244628906,-12.583585739135742,-2.3816659450531006,-2.0647873878479004,67.99447631835938,82.78861236572266,83.51172637939453,105.01670837402344,14.42326545715332,9.520599365234375,0.0,0.0,0.0,0.0
203,4.063126304999969,1789353174.9233248,17,-5.098853e-05,-0.020451872,0.008494689,-0.0024066586,5.874481,-66.95457,-87.8794,-104.789986,-98.70469,-12.6939745,2.5659943,12.439304,68.66084,86.60459,101.4633,102.020744,14.2085085,1.1229264,0.0,0.0,0.0,0.0,0.0,-0.003072909,-0.0,0.0,3.6000023,-7.1500053,19.8,63.059998,-8.279997,1.4400055,-21.779997,26.850002,0.34999466,-17.459995,-47.64,18.720003,-0.0,44.519993,0.0,0.0,0.0,0.0,rl_constraint,0.0,0.0,0.0,0.0,4.467945575714111,-69.34627532958984,-82.81861114501953,-92.316650390625,-100.40177154541016,-12.552511215209961,-3.4517688751220703,-2.6737310886383057,67.51441955566406,82.46710205078125,83.2587661743164,104.81098937988281,14.580130577087402,10.128649711608887,0.0,0.0,0.0,0.0
204,4.082866279999962,1789353174.943065,17,0.00042830364,-0.02063275,0.008470894,-0.0024066586,5.9165154,-67.111725,-87.46959,-103.53529,-98.86642,-12.666632,2.1024947,12.928162,68.656906,86.22649,100.43469,102.391464,14.208989,2.0326905,0.0,0.0,0.0,0.0,0.025987154,0.0,-0.0,0.0,1.0499954,-8.399998,21.839996,62.820004,-9.480006,1.5600036,-22.799995,22.099995,-0.5000038,-18.720003,-54.480007,18.299995,0.059999086,45.84,0.0,0.0,0.0,0.0,rl_constraint,0.0,0.0,0.0,0.0,3.179765224456787,-69.61516571044922,-82.34908294677734,-91.27141571044922,-100.63532257080078,-12.504838943481445,-4.659350872039795,-3.3294379711151123,67.01444244384766,82.17960357666016,83.26425170898438,104.50984191894531,14.73482608795166,10.55295181274414,0.0,0.0,0.0,0.0
205,4.103186225000172,1789353174.9633849,17,0.00057787,-0.020635564,0.008450499,-0.0024066586,5.922535,-67.300705,-87.007835,-102.259125,-99.034676,-12.64216,1.5927842,13.319275,68.641045,85.845535,99.26694,102.74641,14.216886,2.9580827,0.0,0.0,0.0,0.0,0.0,-0.0030729172,-0.0,0.0,-0.9999962,-10.049995,23.46,61.740005,-9.179997,0.7800018,-25.319998,16.049995,-1.300003,-18.540005,-60.120003,16.800005,0.60000455,44.760002,0.0,0.0,0.0,0.0,rl_constraint,0.0,0.0,0.0,0.0,1.6434680223464966,-69.872314453125,-81.87452697753906,-90.2686996459961,-100.83989715576172,-12.436380386352539,-6.009078502655029,-4.026910305023193,66.57926177978516,81.95713806152344,83.56402587890625,104.13270568847656,14.87045669555664,10.821596145629883,0.0,0.0,0.0,0.0
206,4.1227155169999605,1789353174.982914,17,0.00050648605,-0.020640386,0.008433502,-0.0024100577,5.855896,-67.50482,-86.53509,-101.06933,-99.1941,-12.63002,1.0513366,13.564579,68.58687,85.46852,98.03118,103.04767,14.238226,3.831015,0.0,0.0,0.0,0.0,0.0,0.0,-0.0,0.0,-6.249996,-11.200001,24.539997,59.880005,-8.459994,0.7200028,-29.999996,9.099998,-4.4000015,-19.680002,-66.3,13.5,1.8,44.04,0.0,0.0,0.0,0.0,rl_constraint,0.0,0.0,0.0,0.0,-0.12634995579719543,-70.21063232421875,-81.37974548339844,-89.434326171875,-100.97343444824219,-12.36560344696045,-7.370923042297363,-4.8918843269348145,66.17655181884766,81.82593536376953,84.26453399658203,103.65937042236328,14.991666793823242,10.827770233154297,0.0,0.0,0.0,0.0
207,4.143036763000055,1789353175.0032356,17,0.0004554975,-0.020646015,0.008416506,-0.0024100577,5.6615067,-67.73515,-86.031136,-99.86675,-99.366035,-12.612826,0.43325958,13.689297,68.45526,85.05658,96.64972,103.30329,14.276871,4.6972184,0.0,0.0,0.0,0.0,0.0,0.0,-0.0,0.0,-12.75,-11.700005,25.319998,60.719994,-8.700005,1.2599945,-32.34,3.550003,-7.549999,-20.939997,-72.48,11.7,1.8599991,42.719994,0.0,0.0,0.0,0.0,rl_constraint,0.0,0.0,0.0,0.0,-2.0884852409362793,-70.5655517578125,-80.87415313720703,-88.6209487915039,-101.03836059570312,-12.269155502319336,-8.79443645477295,-5.868918418884277,65.7984848022461,81.76673126220703,85.31417083740234,103.09376525878906,15.071724891662598,10.692875862121582,0.0,0.0,0.0,0.0
208,4.163155489000019,1789353175.023354,17,0.00044190057,-0.020652045,0.00839951,-0.0024100577,5.3467026,-67.97854,-85.52918,-98.66518,-99.54061,-12.586212,-0.25427857,13.710159,68.2828,84.65915,95.14574,103.496,14.3267765,5.505029,0.0,0.0,0.0,0.0,0.0,0.0,-0.0,0.0,-18.550003,-12.500004,25.020002,59.46,-9.179997,1.1999954,-35.04,-1.0999947,-9.299995,-19.199995,-78.24,7.6199937,3.2400055,38.099995,0.0,0.0,0.0,0.0,rl_constraint,0.0,0.0,0.0,0.0,-4.2336649894714355,-70.970947265625,-80.39049530029297,-87.85331726074219,-101.02405548095703,-12.116591453552246,-10.2174654006958,-6.765155792236328,65.39857482910156,81.83855438232422,86.6839599609375,102.49440002441406,15.052698135375977,10.346168518066406,0.0,0.0,0.0,0.0
209,4.18318211199994,1789353175.0433807,17,0.00043170288,-0.020656867,0.008382514,-0.0024100577,4.9088745,-68.231804,-85.02668,-97.48861,-99.71586,-12.563759,-1.0181305,13.623013,68.08454,84.28929,93.516205,103.62068,14.404257,6.2525663,0.0,0.0,0.0,0.0,0.0,0.0,-0.0,0.0,-24.849998,-13.150005,25.499996,57.360004,-8.700005,0.9599991,-41.940006,-8.299999,-10.699997,-18.0,-84.119995,4.2600036,3.8399963,35.580006,0.0,0.0,0.0,0.0,rl_constraint,0.0,0.0,0.0,0.0,-6.252048015594482,-71.53811645507812,-79.90540313720703,-87.1640853881836,-100.95157623291016,-11.879143714904785,-11.54935359954834,-7.630006313323975,65.04724884033203,81.91138458251953,88.25552368164062,101.99212646484375,14.914015769958496,9.837571144104004,0.0,0.0,0.0,0.0
210,4.203856041000108,1789353175.0640545,17,-0.0004826914,-0.024067909,0.0082941335,-0.002413457,4.332676,-68.51149,-84.50619,-96.328415,-99.88649,-12.530484,-1.8824524,13.389393,67.82645,83.97389,91.74449,103.66026,14.477742,6.91989,0.0,0.0,0.0,0.0,-0.10767078,-0.45398706,-0.027843136,0.0,-30.949997,-14.100002,25.379997,55.560005,-8.519994,1.8599991,-43.32,-14.399998,-15.400005,-12.719998,-87.9,-0.11999817,2.759999,29.099995,0.0,0.0,0.0,0.0,rl_constraint,0.0,0.0,0.0,0.0,-8.09621810913086,-72.27222442626953,-79.43289947509766,-86.52490234375,-100.84404754638672,-11.55138111114502,-12.843934059143066,-8.395509719848633,64.7651596069336,82.00617980957031,90.00326538085938,101.68292999267578,14.545872688293457,9.146770477294922,0.0,0.0,0.0,0.0
211,4.223127191000003,1789353175.0833256,17,0.0038819266,-0.0361144,0.008202354,-0.002413457,3.674549,-68.79492,-84.00665,-95.27109,-100.03321,-12.489423,-2.779033,13.039272,67.52367,83.703064,90.01358,103.6487,14.522017,7.4477005,0.0,0.0,0.0,0.0,0.3452943,-0.74630904,-0.0,0.0,-36.600002,-14.950001,25.439997,52.980003,-7.4399962,2.3400054,-47.159996,-20.599995,-13.950005,-16.559994,-88.920006,-1.9799973,2.9999955,26.16,0.0,0.0,0.0,0.0,rl_constraint,0.0,0.0,0.0,0.0,-9.804218292236328,-73.18514251708984,-79.0356216430664,-86.09370422363281,-100.65379333496094,-11.15389347076416,-13.890009880065918,-8.950146675109863,64.56953430175781,82.19247436523438,92.17155456542969,101.49016571044922,13.881473541259766,8.176885604858398,0.0,0.0,0.0,0.0
212,4.242804505000095,1789353175.103003,17,0.0046331575,-0.052690435,0.008144568,-0.002413457,2.8892555,-69.10104,-83.50391,-94.212746,-100.1725,-12.436358,-3.7491531,12.575638,67.26212,83.41201,88.27633,103.56824,14.596339,7.9149904,0.0,0.0,0.0,0.0,-0.1373733,-0.8457526,-0.0,0.0,-42.05,-15.849998,24.3,52.499996,-5.459999,2.5800018,-48.959995,-26.050003,-12.75,-11.580002,-83.7,-6.1200027,2.759999,19.259995,0.0,0.0,0.0,0.0,rl_constraint,0.0,0.0,0.0,0.0,-11.039865493774414,-74.23189544677734,-78.71934509277344,-85.7551498413086,-100.37007141113281,-10.789875030517578,-14.771228790283203,-9.146315574645996,64.54593658447266,82.41413116455078,94.68827819824219,101.4918212890625,13.025613784790039,7.105108737945557,0.0,0.0,0.0,0.0
213,4.262815661000332,1789353175.1230142,17,-0.0033652429,-0.074694246,0.008100377,-0.002413457,1.9734879,-69.44846,-83.01084,-93.181694,-100.289764,-12.356982,-4.7696595,11.996933,66.97924,83.21457,86.69276,103.41453,14.620661,8.256487,0.0,0.0,0.0,0.0,-0.30816787,-1.7662891,-0.0,0.0,-48.949997,-18.999996,25.439997,49.200005,-5.0400057,5.519998,-51.900005,-31.950005,-16.849995,-7.080002,-74.21999,-10.199995,1.3199936,12.779997,0.0,0.0,0.0,0.0,rl_constraint,0.0,0.0,0.0,0.0,-11.691906929016113,-75.22662353515625,-78.50950622558594,-85.46341705322266,-100.03913116455078,-10.526232719421387,-15.533244132995605,-8.842527389526367,64.80326843261719,82.67042541503906,97.49284362792969,101.83964538574219,11.886423110961914,5.899242401123047,0.0,0.0,0.0,0.0
214,4.282710972000132,1789353175.1429095,17,-0.004245645,-0.11684848,0.008018795,-0.0024168561,0.93481064,-69.853546,-82.499374,-92.23852,-100.364815,-12.244125,-5.8330398,11.303089,66.58678,83.09049,85.25614,103.1682,14.666199,8.480731,0.0,0.0,0.0,0.0,0.0,-2.6716878,-0.0,0.0,-55.049995,-21.550003,25.259998,45.12,-2.6400008,6.419998,-52.980003,-36.550003,-23.100002,-4.2000046,-68.94,-13.919993,-0.0,8.399996,0.0,0.0,0.0,0.0,rl_constraint,0.0,0.0,0.0,0.0,-11.949101448059082,-75.76539611816406,-78.53429412841797,-85.10482025146484,-99.7576904296875,-10.399550437927246,-16.09486961364746,-8.02112102508545,65.36985778808594,82.75631713867188,100.20401000976562,102.63494873046875,10.677299499511719,4.58864164352417,0.0,0.0,0.0,0.0
215,4.302941702000226,1789353175.1631403,17,-0.0021789097,-0.17846113,0.007879427,-0.0024168561,-0.2181015,-70.3084,-82.01205,-91.35698,-100.41761,-12.10876,-6.907819,10.542263,66.05047,83.08644,83.94027,102.924286,14.632855,8.581778,0.0,0.0,0.0,0.0,0.11138274,-3.6328526,-0.0,0.0,-60.600002,-23.850002,23.220003,43.379997,-2.0999954,6.8400054,-52.32,-38.850002,-30.450005,2.9999955,-62.940002,-9.840001,-4.619998,1.6800019,0.0,0.0,0.0,0.0,rl_constraint,0.0,0.0,0.0,0.0,-11.93798542022705,-75.88008117675781,-78.84004211425781,-84.7443618774414,-99.40049743652344,-10.438783645629883,-16.444974899291992,-6.987157821655273,66.12213897705078,82.6852035522461,102.56706237792969,103.71355438232422,9.627753257751465,3.2270405292510986,0.0,0.0,0.0,0.0
216,4.322949105000134,1789353175.1831477,17,-0.0016010398,-0.26038098,0.007828439,-0.0024168561,-1.4850082,-70.80865,-81.57096,-90.52351,-100.435585,-11.961543,-7.9666533,9.739735,65.37226,83.20692,82.741936,102.75111,14.472867,8.575186,0.0,0.0,0.0,0.0,0.0,-4.5882373,-0.0,0.0,-66.700005,-26.150002,21.059994,40.38,0.059999086,8.640005,-51.36,-41.800003,-36.450005,9.959999,-57.240005,-6.2400007,-12.119993,-2.1599946,0.0,0.0,0.0,0.0,rl_constraint,0.0,0.0,0.0,0.0,-11.725472450256348,-75.47416687011719,-79.5033187866211,-84.6603012084961,-98.94561767578125,-10.665184020996094,-16.603912353515625,-5.728885650634766,67.14960479736328,82.5719223022461,104.51438903808594,105.0194091796875,8.675576210021973,1.8664741516113281,0.0,0.0,0.0,0.0
217,4.34283442800006,1789353175.203033,17,-0.0016384313,-0.36189812,0.0077978456,-0.0024168561,-2.8848953,-71.341965,-81.157295,-89.755104,-100.42379,-11.796117,-8.998352,8.865875,64.590546,83.490585,81.65554,102.65405,14.17235,8.441661,0.0,0.0,0.0,0.0,0.0,-5.5306664,-0.0,0.0,-72.95,-27.0,20.159994,36.660004,1.6200027,9.0,-51.36,-45.85,-41.599995,17.519993,-50.639996,-2.8799973,-17.519993,-11.640001,0.0,0.0,0.0,0.0,rl_constraint,0.0,0.0,0.0,0.0,-11.304001808166504,-74.7542953491211,-80.48323822021484,-84.97074890136719,-98.4853515625,-10.984683990478516,-16.613449096679688,-4.311236381530762,68.30745697021484,82.43157958984375,105.91720581054688,106.42559814453125,7.726660251617432,0.5497235059738159,0.0,0.0,0.0,0.0
218,4.3630720060000385,1789353175.2232707,17,0.0025324302,-0.48376814,0.007774051,-0.0024168561,-4.3543854,-71.874794,-80.78717,-89.03214,-100.35963,-11.635414,-9.975215,7.888298,63.69763,83.87997,80.70148,102.651474,13.781332,8.161482,0.0,0.0,0.0,0.0,0.48081502,-6.7206135,-0.0,0.0,-71.200005,-25.900005,16.680006,35.1,4.980006,8.040001,-47.7,-51.85,-47.800003,22.080006,-45.12,1.740001,-22.260004,-17.580006,0.0,0.0,0.0,0.0,rl_constraint,0.0,0.0,0.0,0.0,-10.678215026855469,-73.94279479980469,-81.66230773925781,-85.60964965820312,-98.01653289794922,-11.401654243469238,-16.48188018798828,-2.849107503890991,69.67117309570312,82.15047454833984,106.74584197998047,107.76934814453125,6.844181060791016,-0.7421503663063049,0.0,0.0,0.0,0.0
219,4.38219402499999,1789353175.2423925,17,0.0066115125,-0.62831914,0.0077502565,-0.0024168561,-5.691971,-72.34265,-80.520004,-88.40509,-100.23778,-11.50042,-10.87071,6.8285065,62.704937,84.35823,79.88422,102.761475,13.325564,7.781314,0.0,0.0,0.0,0.0,-0.025987154,-8.143901,-0.0,0.0,-64.55,-21.999996,10.440005,28.740002,6.419998,6.1800017,-45.12,-56.800003,-53.750004,26.760004,-38.280006,9.780002,-27.299995,-22.200005,0.0,0.0,0.0,0.0,rl_constraint,0.0,0.0,0.0,0.0,-9.852649688720703,-72.99372100830078,-83.07504272460938,-86.62047576904297,-97.58047485351562,-11.854228973388672,-16.319866180419922,-1.3359627723693848,71.14844512939453,81.7635269165039,107.11970520019531,108.91445922851562,6.056186676025391,-1.9568148851394653,0.0,0.0,0.0,0.0
220,4.403378415000134,1789353175.263577,17,0.0063191783,-0.81548715,0.0077230623,-0.0024168561,-6.9677353,-72.753815,-80.36532,-87.86125,-100.0671,-11.390474,-11.738617,5.574646,61.51758,84.91723,79.13488,103.04561,12.7592745,7.2553024,0.0,0.0,0.0,0.0,0.0,-9.648629,-0.0,0.0,-56.35,-17.449997,3.7799973,22.980007,8.399996,4.559999,-38.099995,-62.15,-59.9,25.439997,-31.799995,15.659994,-28.919998,-29.340006,0.0,0.0,0.0,0.0,rl_constraint,0.0,0.0,0.0,0.0,-9.106672286987305,-71.9037094116211,-84.69705963134766,-87.83565521240234,-97.29049682617188,-12.285579681396484,-16.13909149169922,0.20416970551013947,72.60577392578125,81.33454132080078,107.08518981933594,109.8370361328125,5.262634754180908,-3.205252170562744,0.0,0.0,0.0,0.0
221,4.423054880000109,1789353175.2832534,17,0.022686496,-1.0184789,0.00768907,-0.0024202554,-8.006733,-73.04157,-80.33969,-87.46415,-99.87736,-11.333921,-12.454651,4.379631,60.36985,85.311005,78.575356,103.41793,12.170064,6.648486,0.0,0.0,0.0,0.0,0.70544326,-11.065588,-0.0,0.0,-50.35,-11.850002,-0.9599991,18.359995,11.520002,1.9199982,-32.639996,-59.3,-55.900005,16.980001,-26.04,22.739996,-29.939997,-35.28,0.0,0.0,0.0,0.0,rl_constraint,0.0,0.0,0.0,0.0,-8.175360679626465,-70.76634216308594,-86.3617172241211,-89.1685562133789,-97.161865234375,-12.700434684753418,-15.867634773254395,2.0072553157806396,74.17471313476562,80.63060760498047,106.85139465332031,110.36021423339844,4.566396236419678,-4.4291300773620605,0.0,0.0,0.0,0.0
222,4.4430570220001755,1789353175.3032558,17,0.022822466,-1.2523788,0.0075836936,-0.0024202554,-8.946899,-73.21217,-80.421364,-87.147026,-99.65613,-11.324199,-13.082698,3.237259,59.351223,85.58998,78.09077,103.91108,11.516487,5.911235,0.0,0.0,0.0,0.0,-0.32487512,-12.253661,-0.025987154,0.0,-44.399998,-5.449997,-7.7400055,13.799995,11.939997,-0.059999086,-27.179996,-55.200005,-46.4,11.159994,-22.44,27.660004,-34.559994,-40.260002,0.0,0.0,0.0,0.0,rl_constraint,0.0,0.0,0.0,0.0,-7.151623249053955,-69.70287322998047,-87.91539001464844,-90.47481536865234,-97.20880126953125,-12.985827445983887,-15.482260704040527,3.7895710468292236,75.72103881835938,79.82648468017578,106.26020812988281,110.54674530029297,3.8508408069610596,-5.799685955047607,0.0,0.0,0.0,0.0
223,4.462910294000267,1789353175.323109,17,0.013824689,-1.5143201,0.00742393,-0.0024202554,-9.788052,-73.26842,-80.62071,-86.94046,-99.40946,-11.3409395,-13.610151,2.1701317,58.493946,85.744514,77.70281,104.491585,10.8120575,5.052255,0.0,0.0,0.0,0.0,-0.54207605,-13.80591,-0.0,0.0,-39.400005,-0.19999695,-12.839996,6.419998,12.6,-2.0999954,-25.080002,-52.250004,-39.600002,2.9399962,-16.379997,31.200005,-36.179996,-45.9,0.0,0.0,0.0,0.0,rl_constraint,0.0,0.0,0.0,0.0,-6.169175624847412,-68.84494018554688,-89.27587127685547,-91.66350555419922,-97.46054077148438,-12.972984313964844,-14.89926815032959,5.739387512207031,77.0967025756836,79.07303619384766,105.31671142578125,110.43577575683594,3.077538013458252,-7.2882795333862305,0.0,0.0,0.0,0.0
224,4.482574744999965,1789353175.3427732,17,0.010156915,-1.8048722,0.007342348,-0.0024202554,-10.527042,-73.218796,-80.94471,-86.88966,-99.15762,-11.416059,-14.036133,1.1499939,57.749084,85.73914,77.451935,105.1166,10.061691,4.075282,0.0,0.0,0.0,0.0,-0.025987154,-15.106963,-0.0,0.0,-33.65,6.0,-19.620003,-1.1399963,12.180006,-4.980006,-18.600004,-50.499996,-34.699997,-2.8199983,-8.580007,31.980007,-39.480003,-51.900005,0.0,0.0,0.0,0.0,rl_constraint,0.0,0.0,0.0,0.0,-5.2477216720581055,-68.12191772460938,-90.43561553955078,-92.88226318359375,-97.9471435546875,-12.743228912353516,-14.094305038452148,7.668583393096924,78.28048706054688,78.30559539794922,104.33602905273438,110.09415435791016,2.353585720062256,-8.743781089782715,0.0,0.0,0.0,0.0
225,4.503110268,1789353175.363309,17,0.00915414,-2.1289067,0.00728796,-0.0024202554,-11.150333,-73.02125,-81.40787,-86.94867,-98.90761,-11.54968,-14.372932,0.13437653,57.097755,85.61412,77.33556,105.76962,9.265608,2.952919,0.0,0.0,0.0,0.0,0.0,-16.360556,-0.0,0.0,-26.800003,12.999996,-25.2,-4.7999954,11.999995,-6.960004,-12.899996,-48.149998,-28.799995,-9.0,-2.4000046,31.5,-39.300003,-57.180008,0.0,0.0,0.0,0.0,rl_constraint,0.0,0.0,0.0,0.0,-4.444881439208984,-67.49165344238281,-91.43999481201172,-94.09591674804688,-98.69383239746094,-12.353631019592285,-13.163225173950195,9.334050178527832,79.22555541992188,77.60919189453125,103.36607360839844,109.6900863647461,1.6776087284088135,-10.242366790771484,0.0,0.0,0.0,0.0
226,4.522904195000137,1789353175.3831027,17,0.00924592,-2.4513605,0.0072471695,-0.0024202554,-11.612263,-72.7077,-81.95399,-87.10349,-98.70356,-11.686267,-14.584831,-0.75496674,56.591995,85.37724,77.33239,106.35882,8.50545,1.7572906,0.0,0.0,0.0,0.0,0.0,-16.589632,-0.0,0.0,-20.95,18.949997,-31.5,-11.7,9.660004,-7.2599993,-7.4399962,-42.85,-23.000004,-15.3,0.66000366,28.979998,-38.460003,-63.600006,0.0,0.0,0.0,0.0,rl_constraint,0.0,0.0,0.0,0.0,-3.687861442565918,-66.99160766601562,-92.25581359863281,-95.13914489746094,-99.40003967285156,-11.918828964233398,-12.18266773223877,10.723265647888184,79.97891998291016,76.99419403076172,102.46074676513672,109.38792419433594,1.1224578619003296,-11.543145179748535,0.0,0.0,0.0,0.0
227,4.5430737230003615,1789353175.4032722,17,0.008375715,-2.7757537,0.0072165765,-0.0024202554,-11.9691925,-72.27593,-82.64939,-87.392654,-98.55227,-11.819257,-14.677872,-1.5489693,56.199635,85.0126,77.41511,106.90192,7.7414336,0.41261902,0.0,0.0,0.0,0.0,-0.053833686,-15.861023,-0.0,0.0,-14.900002,24.299995,-37.560005,-17.94,6.359999,-5.1000047,-2.2199936,-36.550003,-16.55,-20.640001,8.339996,26.219997,-38.159996,-69.18,0.0,0.0,0.0,0.0,rl_constraint,0.0,0.0,0.0,0.0,-2.849313259124756,-66.58766174316406,-92.91212463378906,-96.07803344726562,-100.07841491699219,-11.414874076843262,-11.1073579788208,11.735944747924805,80.51932525634766,76.47857666015625,101.55201721191406,109.207763671875,0.6950327754020691,-12.819809913635254,0.0,0.0,0.0,0.0
