sample_index,elapsed_time_s,wall_time_s,op_state,q_Joint_L0_deg,q_Joint_L1_deg,q_Joint_L2_U_deg,q_Joint_L3_U_deg,q_Joint_L2_L_deg,q_Joint_L3_L_deg,q_Joint_L4_L_deg,q_Joint_L5_L_deg,q_Joint_L6_L_deg,q_Joint_L7_L_deg,q_Joint_L8_L_deg,q_Joint_L2_R_deg,q_Joint_L3_R_deg,q_Joint_L4_R_deg,q_Joint_L5_R_deg,q_Joint_L6_R_deg,q_Joint_L7_R_deg,q_Joint_L8_R_deg,q_Dummy_0_deg,q_Dummy_1_deg,q_Dummy_2_deg,q_Dummy_3_deg,qdot_Joint_L0_deg_s,qdot_Joint_L1_deg_s,qdot_Joint_L2_U_deg_s,qdot_Joint_L3_U_deg_s,qdot_Joint_L2_L_deg_s,qdot_Joint_L3_L_deg_s,qdot_Joint_L4_L_deg_s,qdot_Joint_L5_L_deg_s,qdot_Joint_L6_L_deg_s,qdot_Joint_L7_L_deg_s,qdot_Joint_L8_L_deg_s,qdot_Joint_L2_R_deg_s,qdot_Joint_L3_R_deg_s,qdot_Joint_L4_R_deg_s,qdot_Joint_L5_R_deg_s,qdot_Joint_L6_R_deg_s,qdot_Joint_L7_R_deg_s,qdot_Joint_L8_R_deg_s,qdot_Dummy_0_deg_s,qdot_Dummy_1_deg_s,qdot_Dummy_2_deg_s,qdot_Dummy_3_deg_s,ik_mode,command_Joint_L0_deg,command_Joint_L1_deg,command_Joint_L2_U_deg,command_Joint_L3_U_deg,command_Joint_L2_L_deg,command_Joint_L3_L_deg,command_Joint_L4_L_deg,command_Joint_L5_L_deg,command_Joint_L6_L_deg,command_Joint_L7_L_deg,command_Joint_L8_L_deg,command_Joint_L2_R_deg,command_Joint_L3_R_deg,command_Joint_L4_R_deg,command_Joint_L5_R_deg,command_Joint_L6_R_deg,command_Joint_L7_R_deg,command_Joint_L8_R_deg,command_Dummy_0_deg,command_Dummy_1_deg,command_Dummy_2_deg,command_Dummy_3_deg
0,0.002350776000184851,1789352898.6996505,17,0.0054829665,-0.19072594,0.0010741584,0.008681647,0.018379211,-79.99422,-96.14946,-100.131424,-90.02901,-0.03114624,0.007855224,-0.0074043274,79.990944,96.120865,100.06892,90.02763,0.0027191162,-0.003968811,0.0,0.0,0.0,0.0,0.0,0.0,-0.0,0.0,0.0,0.14999771,-0.5400055,0.0,-0.059999086,1.4400055,0.9,0.0,0.0,-0.9599991,0.41999358,0.9599991,0.23999634,0.66000366,0.0,0.0,0.0,0.0,rl_constraint,0.0,0.0,0.0,0.0,-0.9593755602836609,-77.23065948486328,-92.9449234008789,-100.89899444580078,-99.8383560180664,-2.278715133666992,3.7199740409851074,3.054673194885254,75.73369598388672,93.82124328613281,96.60353088378906,92.48782348632812,1.2493187189102173,-0.11008063703775406,0.0,0.0,0.0,0.0
1,0.022410832999867125,1789352898.719711,17,0.0054863654,-0.19072312,0.0010741584,0.008681647,0.014980316,-79.97595,-96.13022,-100.1331,-90.09115,-0.049589537,0.039949037,0.0032958984,79.97767,96.10292,100.05105,90.051605,0.025968933,-0.0035980225,0.0,0.0,0.0,0.0,0.0,0.0,-0.0,0.0,-0.6000023,1.8499947,3.6599991,-0.41999358,-8.640005,-2.7,4.0800066,2.1000023,-2.3999977,-2.0999954,-3.2400055,2.2800064,1.2599945,-1.6800019,0.0,0.0,0.0,0.0,rl_constraint,0.0,0.0,0.0,0.0,-0.9728999733924866,-77.22573852539062,-92.8926010131836,-100.914306640625,-99.84423828125,-2.322061061859131,3.784665584564209,3.058342218399048,75.71997833251953,93.79753112792969,96.58586883544922,92.49468994140625,1.2977861166000366,-0.11593382060527802,0.0,0.0,0.0,0.0
2,0.043059552000158874,1789352898.74036,17,0.0054863654,-0.19071989,0.0010741584,0.008685046,-0.0085372925,-79.91791,-96.016594,-100.15806,-90.27926,-0.1254776,0.16719818,0.08046341,79.88283,96.03027,99.940254,90.1278,0.06665955,-0.023565674,0.0,0.0,0.0,0.0,0.0,0.0,-0.0,0.0,-1.5999985,4.5,7.2599993,-1.6200027,-10.979998,-4.5,9.540006,5.3999977,-7.549999,-4.2600036,-7.8000045,5.6399965,1.9199982,-0.23999634,0.0,0.0,0.0,0.0,rl_constraint,0.0,0.0,0.0,0.0,-1.0356858968734741,-77.1977310180664,-92.70549011230469,-100.9719009399414,-99.83863067626953,-2.467230796813965,3.9811835289001465,3.0959689617156982,75.65727233886719,93.73391723632812,96.46512603759766,92.53526306152344,1.3730950355529785,-0.18455152213573456,0.0,0.0,0.0,0.0
3,0.06333847499990952,1789352898.7606387,17,0.0054897647,-0.19066791,0.0010741584,0.008685046,-0.05454254,-79.78829,-95.84907,-100.194725,-90.55608,-0.24055938,0.3677124,0.2211914,79.68171,95.91041,99.75136,90.25943,0.12193451,-0.032299805,0.0,0.0,0.0,0.0,0.0,0.003080368,-0.0,0.0,-3.0,7.8499947,9.660004,-1.8,-15.960004,-6.2400007,10.919998,8.800003,-12.199997,-7.8600035,-9.840001,6.960004,4.2000046,-0.29999542,0.0,0.0,0.0,0.0,rl_constraint,6.108421501949124e-08,0.0,0.0,0.0,-1.1049957275390625,-77.0738754272461,-92.52600860595703,-101.01972961425781,-99.83234405517578,-2.634232521057129,4.183248996734619,3.1356852054595947,75.58839416503906,93.63756561279297,96.28397369384766,92.62478637695312,1.4197313785552979,-0.21818120777606964,0.0,0.0,0.0,0.0
4,0.08254882500023086,1789352898.7798488,17,0.0054897647,-0.1906236,0.0010741584,0.008685046,-0.12738419,-79.60245,-95.64151,-100.23548,-90.943,-0.3893692,0.6203705,0.42538834,79.39457,95.76667,99.528,90.42014,0.21474151,-0.038136292,0.0,0.0,0.0,0.0,0.0,0.009241904,-0.0,0.0,-3.949997,10.300003,11.159994,-2.5200028,-22.679996,-8.700005,14.340001,11.449997,-15.550003,-7.7400055,-11.580002,9.540006,4.5,-0.66000366,0.0,0.0,0.0,0.0,rl_constraint,6.108421501949124e-08,0.0,0.0,0.0,-1.171074390411377,-76.88892364501953,-92.35995483398438,-101.05872344970703,-99.82766723632812,-2.813337564468384,4.349307060241699,3.1662800312042236,75.56085968017578,93.5072021484375,96.1037826538086,92.75066375732422,1.4730381965637207,-0.21115678548812866,0.0,0.0,0.0,0.0
5,0.10278848899997683,1789352898.8000886,17,0.005493164,-0.19054261,0.0010741584,0.008685046,-0.20935822,-79.3797,-95.39918,-100.30188,-91.44529,-0.5777298,0.91647947,0.6718941,79.05421,95.600296,99.2722,90.60709,0.30903167,-0.053778075,0.0,0.0,0.0,0.0,0.0,0.006381125,-0.0,0.0,-4.5,12.450005,12.959994,-4.5,-29.219994,-9.780002,16.020002,13.049995,-18.149998,-8.820003,-14.220003,9.660004,5.1000047,-0.60000455,0.0,0.0,0.0,0.0,rl_constraint,2.401955612185702e-07,0.0,0.0,0.0,-1.2343120574951172,-76.6767349243164,-92.16375732421875,-101.08462524414062,-99.8106689453125,-3.0289974212646484,4.522447109222412,3.1958165168762207,75.56635284423828,93.35973358154297,95.8992691040039,92.9231185913086,1.4922207593917847,-0.2120104432106018,0.0,0.0,0.0,0.0
6,0.12297880300002362,1789352898.8202791,17,0.005564548,-0.19041972,0.0010741584,0.008685046,-0.30179214,-79.13347,-95.11884,-100.38767,-92.06679,-0.78957367,1.2439957,0.94218063,78.683754,95.40076,98.982956,90.81457,0.42832947,-0.07117768,0.0,0.0,0.0,0.0,0.025987154,0.006381114,-0.0,0.0,-4.0999947,12.500004,14.699995,-3.3600037,-35.459995,-10.500005,18.0,13.849995,-18.400005,-10.380007,-14.639997,11.280006,5.459999,-0.7800018,0.0,0.0,0.0,0.0,rl_constraint,2.401955612185702e-07,0.0,0.0,0.0,-1.2562936544418335,-76.46533966064453,-91.89972686767578,-101.13158416748047,-99.7163314819336,-3.315173387527466,4.738266944885254,3.172638177871704,75.60502624511719,93.16098022460938,95.67947387695312,93.11261749267578,1.554664134979248,-0.21760867536067963,0.0,0.0,0.0,0.0
7,0.142860348999875,1789352898.8401606,17,0.0057413084,-0.19025895,0.0010741584,0.008685046,-0.3954506,-78.878265,-94.805695,-100.45243,-92.806015,-1.0125138,1.5916992,1.2081985,78.31562,95.183075,98.67956,91.03249,0.5418457,-0.08730011,0.0,0.0,0.0,0.0,0.0,0.009461852,-0.0,0.0,-5.449997,12.849998,16.080002,-3.4200027,-40.679996,-10.859999,18.299995,12.949997,-18.299995,-11.159994,-15.419998,12.059995,5.9400053,-0.7800018,0.0,0.0,0.0,0.0,rl_constraint,2.401955612185702e-07,0.0,0.0,0.0,-1.2403866052627563,-76.2727279663086,-91.56822967529297,-101.18901824951172,-99.52143859863281,-3.6685900688171387,5.004485130310059,3.077932834625244,75.68816375732422,92.92249298095703,95.4472427368164,93.300048828125,1.6281214952468872,-0.2304987609386444,0.0,0.0,0.0,0.0
8,0.16324758700011444,1789352898.8605478,17,0.005792297,-0.18995997,0.0010741584,0.008685046,-0.49760056,-78.61638,-94.48493,-100.53343,-93.66404,-1.2464126,1.9517075,1.4582748,77.9629,94.95824,98.35445,91.25612,0.6566528,-0.10031891,0.0,0.0,0.0,0.0,0.0,0.029046226,-0.0,0.0,-4.450001,12.999996,16.259998,-4.2600036,-44.820004,-11.460004,17.519993,12.550003,-17.3,-10.979998,-16.439997,11.759999,5.340001,-0.60000455,0.0,0.0,0.0,0.0,rl_constraint,5.31122054781008e-07,0.0,0.0,0.0,-1.2295851707458496,-76.0494384765625,-91.21341705322266,-101.21538543701172,-99.27753448486328,-4.038303852081299,5.324763298034668,2.9580719470977783,75.7994155883789,92.67882537841797,95.15375518798828,93.50601959228516,1.692468285560608,-0.2538790702819824,0.0,0.0,0.0,0.0
9,0.182602450000104,1789352898.8799024,17,0.0058024945,-0.189246,0.0010741584,0.008685046,-0.59085846,-78.353806,-94.15994,-100.60988,-94.63932,-1.4896911,2.30831,1.690876,77.63126,94.7384,98.020744,91.48321,0.77433014,-0.112184145,0.0,0.0,0.0,0.0,0.0,0.03608732,-0.0,0.0,-4.450001,13.049995,16.439997,-2.9399962,-52.379997,-13.080007,18.239996,10.950005,-15.75,-10.859999,-17.04,12.119993,6.1200027,-0.29999542,0.0,0.0,0.0,0.0,rl_constraint,5.31122054781008e-07,0.0,0.0,0.0,-1.1719545125961304,-75.8184814453125,-90.82955932617188,-101.22285461425781,-98.95999908447266,-4.433110237121582,5.655307292938232,2.785996437072754,75.91271209716797,92.43914031982422,94.84765625,93.68707275390625,1.7853822708129883,-0.29238203167915344,0.0,0.0,0.0,0.0
10,0.2029865740000787,1789352898.9002867,17,0.0058024945,-0.18881367,0.0010741584,0.008688445,-0.68063736,-78.0842,-93.83073,-100.67477,-95.6405,-1.7534729,2.667975,1.9035072,77.334045,94.515396,97.679886,91.715706,0.8897278,-0.12241516,0.0,0.0,0.0,0.0,0.0,0.012982329,-0.0,0.0,-4.6499977,12.799999,16.020002,-4.1400056,-40.559998,-12.719998,17.279997,9.899998,-13.649998,-11.280006,-16.2,11.7,5.6999955,-0.66000366,0.0,0.0,0.0,0.0,rl_constraint,9.276517971557041e-07,0.0,0.0,0.0,-1.143723487854004,-75.5425796508789,-90.46881866455078,-101.11392974853516,-98.61457061767578,-4.797500133514404,5.95621395111084,2.647106647491455,75.99114990234375,92.2271957397461,94.494140625,93.89476776123047,1.849857211112976,-0.34232306480407715,0.0,0.0,0.0,0.0
11,0.22302691799995955,1789352898.9203272,17,0.005792297,-0.18838094,0.0010741584,0.008688445,-0.76361847,-77.83175,-93.517,-100.75292,-96.45698,-2.0166504,3.0084,2.080387,77.0857,94.29619,97.37054,91.93392,0.9981903,-0.13595581,0.0,0.0,0.0,0.0,0.0,0.028825581,-0.0,0.0,-3.3499947,12.949997,16.259998,-3.2400055,-42.18,-14.220003,16.740005,8.750004,-11.650005,-11.159994,-15.3,11.460004,5.4,-0.60000455,0.0,0.0,0.0,0.0,rl_constraint,9.276517971557041e-07,0.0,0.0,0.0,-1.117039442062378,-75.40312194824219,-90.11134338378906,-101.05082702636719,-98.18780517578125,-5.157922744750977,6.275992393493652,2.5657427310943604,76.04216003417969,92.03133392333984,94.22567749023438,94.03739929199219,1.9444420337677002,-0.4332236051559448,0.0,0.0,0.0,0.0
12,0.24251597100010258,1789352898.939816,17,0.005782099,-0.18795265,0.0010741584,0.008688445,-0.8271904,-77.57888,-93.18796,-100.803406,-97.243324,-2.2971587,3.348784,2.2276382,76.8733,94.07332,97.05951,92.15497,1.1018188,-0.1524353,0.0,0.0,0.0,0.0,0.0,0.009461541,-0.0,0.0,-3.3499947,12.949997,16.379997,-1.8,-38.219994,-14.819994,16.319998,6.6500015,-9.550003,-11.580002,-15.479998,11.340006,4.8599944,-1.0199982,0.0,0.0,0.0,0.0,rl_constraint,9.276517971557041e-07,0.0,0.0,0.0,-1.0694721937179565,-75.32303619384766,-89.77001190185547,-100.97169494628906,-97.84406280517578,-5.494997978210449,6.557176113128662,2.5012097358703613,76.0654525756836,91.85649871826172,94.01134490966797,94.1343765258789,2.0405044555664062,-0.5458398461341858,0.0,0.0,0.0,0.0
13,0.2631014190001224,1789352898.9604018,17,0.0057786996,-0.18776932,0.0010741584,0.008688445,-0.89211273,-77.32624,-92.858475,-100.84548,-97.93424,-2.5909057,3.686119,2.337799,76.7042,93.84582,96.75139,92.37152,1.2033737,-0.18796234,0.0,0.0,0.0,0.0,0.0,0.016282769,-0.0,0.0,-2.5999947,12.400005,16.259998,-2.0999954,-31.019993,-15.060003,16.2,4.9000053,-7.450001,-10.8,-15.120003,10.8,4.8599944,-2.0999954,0.0,0.0,0.0,0.0,rl_constraint,1.4235727121558739e-06,0.0,0.0,0.0,-1.0790241956710815,-75.24286651611328,-89.48407745361328,-100.79953002929688,-97.60472869873047,-5.755617618560791,6.779626846313477,2.4608185291290283,76.04124450683594,91.73609161376953,93.81130981445312,94.23654174804688,2.105314016342163,-0.7100557088851929,0.0,0.0,0.0,0.0
14,0.28305085700003474,1789352898.980351,17,0.005775301,-0.18699735,0.0010741584,0.008688445,-0.92944336,-77.08394,-92.531075,-100.90151,-98.51822,-2.892508,4.020859,2.419075,76.562256,93.62041,96.4406,92.58361,1.300383,-0.21798249,0.0,0.0,0.0,0.0,0.0,0.062050954,-0.0,0.0,-1.5499992,11.449997,16.499996,-3.1800065,-26.580006,-14.7599945,15.659994,2.5999947,-5.449997,-10.680002,-15.840006,10.319994,4.980006,-1.2599945,0.0,0.0,0.0,0.0,rl_constraint,1.4235727121558739e-06,0.0,0.0,0.0,-1.0700628757476807,-75.1519775390625,-89.27913665771484,-100.68595123291016,-97.41658020019531,-5.976614952087402,6.973884582519531,2.4325151443481445,76.01039123535156,91.63703918457031,93.71128845214844,94.27967071533203,2.1793110370635986,-0.8595641255378723,0.0,0.0,0.0,0.0
15,0.3026511420002862,1789352898.9999511,17,0.0057719015,-0.18555255,0.0010741584,0.008688445,-0.9603195,-76.85368,-92.19057,-100.944496,-98.983055,-3.1958268,4.3441725,2.4630318,76.44502,93.4076,96.133766,92.78502,1.3960876,-0.2528366,0.0,0.0,0.0,0.0,0.0,0.05940909,-0.0,0.0,-1.4500008,11.000004,17.04,-0.9599991,-20.999996,-15.780006,16.559994,1.8499947,-5.050003,-10.740001,-14.280002,10.440005,5.6999955,-2.4600036,0.0,0.0,0.0,0.0,rl_constraint,2.012673121498665e-06,0.0,0.0,0.0,-1.1396100521087646,-75.01446533203125,-89.13631439208984,-100.51616668701172,-97.342041015625,-6.120754241943359,7.109848976135254,2.440624952316284,75.91532135009766,91.59548950195312,93.61300659179688,94.35523223876953,2.2079684734344482,-0.993992030620575,0.0,0.0,0.0,0.0
16,0.32303220799985866,1789352899.0203323,17,0.0057719015,-0.18505579,0.0010741584,0.008688445,-0.998188,-76.63398,-91.863556,-100.94547,-99.328026,-3.4985414,4.652463,2.4990234,76.36294,93.188095,95.8392,92.9764,1.4856949,-0.29634246,0.0,0.0,0.0,0.0,0.0,0.006380625,-0.0,0.0,-2.1000023,10.849995,16.140001,0.29999542,-14.519999,-14.7599945,14.519999,1.699997,-4.5,-10.2599945,-14.639997,8.940001,3.8999953,-1.8,0.0,0.0,0.0,0.0,rl_constraint,2.012673121498665e-06,0.0,0.0,0.0,-1.2332072257995605,-74.87940216064453,-89.05835723876953,-100.39813995361328,-97.31732177734375,-6.2356157302856445,7.2012200355529785,2.493011713027954,75.7826919555664,91.58189392089844,93.6330337524414,94.37515258789062,2.2473647594451904,-1.1196372509002686,0.0,0.0,0.0,0.0
17,0.3428462820002096,1789352899.0401464,17,0.005765103,-0.18491961,0.0010741584,0.008688445,-1.0275192,-76.42849,-91.54749,-100.93535,-99.55256,-3.797809,4.956482,2.5256653,76.2824,92.9815,95.56131,93.153694,1.5716766,-0.34221038,0.0,0.0,0.0,0.0,0.0,0.009461131,-0.0,0.0,-0.70000076,9.949997,15.780006,0.66000366,-7.8600035,-15.060003,15.599996,0.70000076,-2.6500053,-10.440005,-13.440001,8.1,4.6799974,-2.3400054,0.0,0.0,0.0,0.0,rl_constraint,2.012673121498665e-06,0.0,0.0,0.0,-1.3590162992477417,-74.74578094482422,-89.03289031982422,-100.36690521240234,-97.3262939453125,-6.344003200531006,7.301845550537109,2.6078052520751953,75.6323013305664,91.59761810302734,93.7740478515625,94.37836456298828,2.2975234985351562,-1.220757246017456,0.0,0.0,0.0,0.0
18,0.36313973400001487,1789352899.06044,17,0.0057617035,-0.1846529,0.0010741584,0.008688445,-1.0399246,-76.23277,-91.23957,-100.93105,-99.659676,-4.089743,5.242772,2.534317,76.2345,92.79774,95.31086,93.318886,1.658757,-0.41051787,0.0,0.0,0.0,0.0,0.0,0.016722403,-0.0,0.0,-0.75,9.199997,15.240001,0.0,-2.7,-15.060003,14.639997,0.5000038,-2.5999947,-7.920003,-11.939997,7.2599993,4.0800066,-3.4200027,0.0,0.0,0.0,0.0,rl_constraint,2.6887405510933604e-06,0.0,0.0,0.0,-1.4978851079940796,-74.53036499023438,-89.06307983398438,-100.30945587158203,-97.47930145263672,-6.381979942321777,7.3579182624816895,2.732325792312622,75.42381286621094,91.66792297363281,93.88007354736328,94.48416900634766,2.296016216278076,-1.3476759195327759,0.0,0.0,0.0,0.0
19,0.3827929779999977,1789352899.080093,17,0.0057617035,-0.18429916,0.0010741584,0.008688445,-1.0616341,-76.04818,-90.9509,-100.90978,-99.64471,-4.3718996,5.5145187,2.539524,76.15621,92.62855,95.08844,93.4697,1.7325989,-0.48589784,0.0,0.0,0.0,0.0,0.0,0.022442942,-0.0,0.0,-1.5,9.049999,13.919993,1.9199982,4.3200026,-14.639997,13.739996,-0.14999771,-4.5999985,-8.700005,-10.8,6.9000044,3.6,-3.6,0.0,0.0,0.0,0.0,rl_constraint,2.6887405510933604e-06,0.0,0.0,0.0,-1.6403744220733643,-74.26905822753906,-89.14659118652344,-100.32783508300781,-97.69215393066406,-6.40922212600708,7.410001754760742,2.888986825942993,75.19526672363281,91.74496459960938,94.07843780517578,94.60369110107422,2.2821102142333984,-1.463139295578003,0.0,0.0,0.0,0.0
20,0.40272684999990815,1789352899.1000266,17,0.0057617035,-0.18355946,0.0010741584,0.0086918445,-1.095932,-75.87451,-90.67865,-100.869286,-99.501045,-4.631781,5.7663527,2.5419273,76.0924,92.466255,94.8819,93.606415,1.8110275,-0.55372465,0.0,0.0,0.0,0.0,0.0,0.048186246,-0.0,0.0,-1.6499977,8.650005,12.719998,2.0999954,9.660004,-12.059995,11.759999,0.79999924,-2.449997,-6.8400054,-9.780002,7.020003,3.480002,-3.8999953,0.0,0.0,0.0,0.0,rl_constraint,3.4455636068742024e-06,0.0,0.0,0.0,-1.8347041606903076,-73.89366912841797,-89.3183822631836,-100.27816009521484,-98.04024505615234,-6.358619213104248,7.422343730926514,3.0893492698669434,74.93553924560547,91.82060241699219,94.21074676513672,94.83513641357422,2.23154616355896,-1.5156610012054443,0.0,0.0,0.0,0.0
21,0.4228838479998558,1789352899.1201837,17,0.0057583046,-0.18283427,0.0010741584,0.0086918445,-1.1312599,-75.69687,-90.44471,-100.80228,-99.244514,-4.873439,5.996338,2.5630875,76.02537,92.35485,94.709206,93.73505,1.8755859,-0.6447052,0.0,0.0,0.0,0.0,0.0,0.016061649,-0.0,0.0,-2.2000008,8.599995,11.159994,4.380002,16.319998,-12.119993,9.959999,0.9999962,-4.5999985,-6.0600038,-7.3799973,6.539996,2.2199936,-4.3200026,0.0,0.0,0.0,0.0,rl_constraint,3.4455636068742024e-06,0.0,0.0,0.0,-1.9901598691940308,-73.52780151367188,-89.52872467041016,-100.2623062133789,-98.42626953125,-6.273880958557129,7.390027046203613,3.3181586265563965,74.63619232177734,91.94242858886719,94.40367889404297,95.08482360839844,2.168346643447876,-1.5821548700332642,0.0,0.0,0.0,0.0
22,0.44334691799986103,1789352899.140647,17,0.005751506,-0.18249907,0.0010741584,0.0086918445,-1.1859398,-75.51803,-90.241165,-100.72949,-98.86957,-5.086272,6.2007933,2.5850601,75.92989,92.2328,94.572685,93.86566,1.9308059,-0.73071444,0.0,0.0,0.0,0.0,0.0,0.020242244,-0.0,0.0,-2.6500053,9.149998,9.359995,2.2199936,21.779997,-10.079997,9.9,1.5,-4.2000046,-4.3200026,-5.0400057,5.579997,2.759999,-4.1400056,0.0,0.0,0.0,0.0,rl_constraint,3.4455636068742024e-06,0.0,0.0,0.0,-2.1912360191345215,-73.18561553955078,-89.7610092163086,-100.29200744628906,-98.83810424804688,-6.172851085662842,7.340322017669678,3.5504961013793945,74.34263610839844,92.00886535644531,94.6380386352539,95.36470031738281,2.1142783164978027,-1.6074222326278687,0.0,0.0,0.0,0.0
23,0.4630958349998764,1789352899.160396,17,0.0057481066,-0.18223478,0.0010741584,0.0086918445,-1.2349777,-75.32951,-90.076096,-100.68913,-98.385056,-5.279631,6.388495,2.6298866,75.83056,92.15384,94.48014,93.9931,1.9888,-0.8248123,0.0,0.0,0.0,0.0,0.0,0.022442281,-0.0,0.0,-2.800003,9.650002,7.2599993,1.8,19.979998,-8.820003,7.8000045,2.6500053,-6.1499977,-4.019994,-4.380002,6.8400054,2.7,-5.1000047,0.0,0.0,0.0,0.0,rl_constraint,4.276929757907055e-06,0.0,0.0,0.0,-2.424562931060791,-72.71898651123047,-90.08936309814453,-100.25557708740234,-99.39730072021484,-5.97651481628418,7.270406246185303,3.8259239196777344,74.01477813720703,92.09249114990234,94.76377868652344,95.79846954345703,2.021249771118164,-1.6250014305114746,0.0,0.0,0.0,0.0
24,0.4827003820000755,1789352899.1800005,17,0.0057413084,-0.18180692,0.0010741584,0.0086918445,-1.310566,-75.126015,-89.95049,-100.653206,-98.090675,-5.440375,6.54814,2.6965485,75.70988,92.08428,94.408966,94.1263,2.0226655,-0.91104126,0.0,0.0,0.0,0.0,0.0,0.016061412,-0.0,0.0,-4.699997,10.699997,4.5,1.8599991,13.859995,-8.159999,7.080002,3.5000038,-6.6000023,-2.1599946,-2.1599946,7.6199937,1.0199982,-3.6,0.0,0.0,0.0,0.0,rl_constraint,4.276929757907055e-06,0.0,0.0,0.0,-2.603935718536377,-72.18267822265625,-90.39656829833984,-100.2531509399414,-100.01902770996094,-5.779938697814941,7.187943935394287,4.088275909423828,73.76121520996094,92.11692810058594,94.87435150146484,96.24202728271484,1.9204046726226807,-1.6014653444290161,0.0,0.0,0.0,0.0
25,0.5030730429998584,1789352899.2003732,17,0.00573451,-0.18161073,0.0010741584,0.0086918445,-1.4078751,-74.909515,-89.86602,-100.59592,-97.829025,-5.567528,6.683038,2.7685661,75.57387,92.06069,94.39783,94.278694,2.0430725,-0.99588317,0.0,0.0,0.0,0.0,0.0,0.006160342,-0.0,0.0,-5.200001,11.399998,3.8999953,3.3000045,10.979998,-5.579997,6.1800017,4.0999947,-6.500004,-1.0799973,0.9,7.3199983,0.60000455,-5.519998,0.0,0.0,0.0,0.0,rl_constraint,5.176628292247187e-06,0.0,0.0,0.0,-2.8289031982421875,-71.46773529052734,-90.76429748535156,-100.05607604980469,-100.6669921875,-5.493093967437744,7.0491414070129395,4.355113983154297,73.49263000488281,92.1829833984375,94.81924438476562,96.81398010253906,1.7172328233718872,-1.560336947441101,0.0,0.0,0.0,0.0
26,0.5228453250001621,1789352899.2201455,17,0.0057311105,-0.1814399,0.0010741584,0.0086918445,-1.5106087,-74.662254,-89.82316,-100.54608,-97.645744,-5.666487,6.791295,2.8652687,75.41244,92.03398,94.41465,94.45037,2.0525756,-1.0787475,0.0,0.0,0.0,0.0,0.0,0.00968063,-0.0,0.0,-4.9500046,12.799999,0.11999817,1.740001,6.1200027,-3.7199981,4.7999954,5.750004,-8.25,-1.2599945,0.41999358,8.940001,0.3599945,-3.7199981,0.0,0.0,0.0,0.0,rl_constraint,5.176628292247187e-06,0.0,0.0,0.0,-2.9701626300811768,-70.7725601196289,-91.06637573242188,-99.88540649414062,-101.19461822509766,-5.246410369873047,6.885211944580078,4.53420352935791,73.21895599365234,92.19910430908203,94.75679779052734,97.38101959228516,1.540958046913147,-1.494962215423584,0.0,0.0,0.0,0.0
27,0.5430253720001019,1789352899.2403255,17,0.005720913,-0.18128319,0.0010741584,0.0086918445,-1.618,-74.39208,-89.83798,-100.511894,-97.574005,-5.725896,6.8821383,2.9897003,75.23531,92.013916,94.41564,94.646835,2.0351486,-1.150502,0.0,0.0,0.0,0.0,-0.025987154,0.009680607,-0.0,0.0,-6.1499977,14.050003,-1.0199982,1.740001,0.9599991,-1.6200027,3.3000045,6.6500015,-9.049999,-0.41999358,-0.11999817,10.8,-0.7200028,-3.1800065,0.0,0.0,0.0,0.0,rl_constraint,5.176628292247187e-06,0.0,0.0,0.0,-3.0761351585388184,-70.1214599609375,-91.28719329833984,-99.74113464355469,-101.62541961669922,-5.034551620483398,6.745899677276611,4.675292015075684,72.99738311767578,92.17037963867188,94.59951782226562,97.91734313964844,1.369180679321289,-1.423748254776001,0.0,0.0,0.0,0.0
28,0.5630542829999285,1789352899.2603545,17,0.0057141143,-0.18111922,0.0010741584,0.0086918445,-1.7449951,-74.08547,-89.86826,-100.465454,-97.622215,-5.7519884,6.942192,3.1245804,75.04491,92.017105,94.42753,94.87429,2.0160873,-1.2187958,0.0,0.0,0.0,0.0,0.0,0.003079948,-0.0,0.0,-7.0999947,16.400002,-2.5800018,2.6400008,-5.9400053,-0.8400009,2.2800064,6.8999977,-9.400005,0.7200028,1.0199982,12.180006,-1.2599945,-2.4600036,0.0,0.0,0.0,0.0,rl_constraint,6.138446224213112e-06,0.0,0.0,0.0,-3.226478338241577,-69.37235260009766,-91.4687271118164,-99.43006134033203,-102.10028839111328,-4.75687313079834,6.573675632476807,4.78231143951416,72.71287536621094,92.16582489013672,94.25096130371094,98.54283142089844,1.1592650413513184,-1.366306185722351,0.0,0.0,0.0,0.0
29,0.5829548120000254,1789352899.280255,17,0.005703917,-0.18101367,0.0010741584,0.0086918445,-1.8829193,-73.73558,-89.95048,-100.395386,-97.78064,-5.740219,6.974533,3.2694511,74.84596,92.02516,94.44349,95.13398,1.9841446,-1.2661194,0.0,0.0,0.0,0.0,0.0,0.0032999106,-0.0,0.0,-6.999996,18.05,-5.7599945,4.1400056,-10.8,2.6400008,0.9599991,7.8499947,-10.400002,0.0,0.3599945,13.859995,-1.5600036,-2.4000046,0.0,0.0,0.0,0.0,rl_constraint,6.138446224213112e-06,0.0,0.0,0.0,-3.3041977882385254,-68.69172668457031,-91.57291412353516,-99.06326293945312,-102.50385284423828,-4.50429630279541,6.379699230194092,4.904988765716553,72.50701141357422,92.10997009277344,93.85216522216797,99.13321685791016,0.975587010383606,-1.2729004621505737,0.0,0.0,0.0,0.0
30,0.6030367450002814,1789352899.3003368,17,0.005693719,-0.18092625,0.0010741584,0.0086918445,-2.0268745,-73.340004,-90.07156,-100.31299,-98.068085,-5.689023,6.987291,3.4329758,74.62463,92.02087,94.4399,95.43715,1.9420669,-1.3064804,0.0,0.0,0.0,0.0,0.0,0.0,-0.0,0.0,-6.8499985,20.349998,-5.4,3.8999953,-17.700005,2.4600036,0.29999542,8.050003,-11.399998,0.7200028,-0.3599945,16.439997,-2.8199983,-1.5000045,0.0,0.0,0.0,0.0,rl_constraint,7.15617125024437e-06,0.0,0.0,0.0,-3.36260986328125,-67.94598388671875,-91.68891143798828,-98.48006439208984,-102.99518585205078,-4.1377081871032715,6.153509140014648,5.000736236572266,72.28260040283203,92.043701171875,93.2538070678711,99.79637908935547,0.7347687482833862,-1.1901566982269287,0.0,0.0,0.0,0.0
31,0.6232616769998458,1789352899.320562,17,0.005564548,-0.18085495,0.0010741584,0.0086918445,-2.1589394,-72.923874,-90.19681,-100.228615,-98.458046,-5.6230636,6.966362,3.5918999,74.40731,92.04803,94.42986,95.75778,1.87137,-1.3307602,0.0,0.0,0.0,0.0,0.0,0.0063802428,-0.0,0.0,-6.700001,22.250004,-7.2599993,5.2200027,-22.919994,4.2000046,-1.6800019,8.549995,-10.599998,1.1999954,-1.0199982,17.94,-4.7999954,-0.7200028,0.0,0.0,0.0,0.0,rl_constraint,7.15617125024437e-06,0.0,0.0,0.0,-3.2955563068389893,-67.29570007324219,-91.70975494384766,-97.88824462890625,-103.37809753417969,-3.803637742996216,5.889922142028809,5.0273308753967285,72.04285430908203,92.02816772460938,92.64742279052734,100.3526611328125,0.4892980754375458,-1.090949296951294,0.0,0.0,0.0,0.0
32,0.6433578619999025,1789352899.3406582,17,0.0055271564,-0.18074657,0.0010741584,0.0086918445,-2.3052635,-72.44872,-90.33745,-100.109795,-98.98877,-5.5225115,6.921675,3.7580109,74.178566,92.06807,94.40015,96.13257,1.7789886,-1.3424332,0.0,0.0,0.0,0.0,0.0,0.0030799317,-0.0,0.0,-7.0999947,24.05,-7.3799973,6.359999,-29.580002,5.459999,-2.4000046,7.9000053,-11.449997,0.5400055,-1.8,18.299995,-4.0800066,-0.23999634,0.0,0.0,0.0,0.0,rl_constraint,7.15617125024437e-06,0.0,0.0,0.0,-3.1934854984283447,-66.79144287109375,-91.60017395019531,-97.2323989868164,-103.70228576660156,-3.5166916847229004,5.635591506958008,5.021246433258057,71.8410873413086,91.99539184570312,91.99891662597656,100.83299255371094,0.23628035187721252,-0.9865654110908508,0.0,0.0,0.0,0.0
33,0.6628758320002817,1789352899.3601758,17,0.005506761,-0.18071876,0.0010741584,0.008695244,-2.4385414,-71.96491,-90.4886,-99.95801,-99.60902,-5.4009886,6.8612504,3.9129524,73.95686,92.07305,94.33857,96.52058,1.6773651,-1.3333282,0.0,0.0,0.0,0.0,0.0,0.0,-0.0,0.0,-6.199997,25.350002,-7.080002,9.239996,-36.059998,6.6599946,-4.1400056,7.749996,-11.700005,0.29999542,-4.559999,19.979998,-6.359999,0.9599991,0.0,0.0,0.0,0.0,rl_constraint,8.223590157285798e-06,0.0,0.0,0.0,-3.1381702423095703,-66.26107025146484,-91.53277587890625,-96.37299346923828,-104.08631134033203,-3.10984468460083,5.347832679748535,5.021810531616211,71.60645294189453,91.98848724365234,91.21395111083984,101.3556137084961,-0.07120344042778015,-0.882140576839447,0.0,0.0,0.0,0.0
34,0.6824314420000519,1789352899.3797314,17,0.0054897647,-0.18068655,0.0010741584,0.008695244,-2.559288,-71.44367,-90.627235,-99.76362,-100.17006,-5.246727,6.78013,4.0609474,73.724846,92.07889,94.19999,96.94178,1.5562271,-1.3168075,0.0,0.0,0.0,0.0,0.0,0.0,-0.0,0.0,-5.800003,26.549995,-6.539996,11.460004,-23.940006,7.980002,-4.440001,7.4000015,-11.349998,0.0,-8.1,22.260004,-5.6399965,0.7800018,0.0,0.0,0.0,0.0,rl_constraint,8.223590157285798e-06,0.0,0.0,0.0,-3.0874738693237305,-65.88957214355469,-91.41954803466797,-95.47045135498047,-104.42202758789062,-2.68804931640625,5.049937725067139,5.104153156280518,71.40231323242188,91.97245025634766,90.40608978271484,101.8050537109375,-0.34638097882270813,-0.802219033241272,0.0,0.0,0.0,0.0
35,0.7030809289999524,1789352899.400381,17,0.005476168,-0.18067244,0.0010741584,0.008695244,-2.662445,-70.903145,-90.76042,-99.50688,-100.63209,-5.0667024,6.668111,4.1965027,73.49281,92.06841,94.002815,97.381096,1.4133499,-1.2950958,0.0,0.0,0.0,0.0,0.0,0.0,-0.0,0.0,-4.9000053,27.05,-6.5999956,14.220003,-21.300005,8.880002,-5.9400053,6.550003,-11.700005,-0.11999817,-11.580002,22.44,-7.7400055,1.5000045,0.0,0.0,0.0,0.0,rl_constraint,9.334496098745149e-06,0.0,0.0,0.0,-3.090939521789551,-65.5708999633789,-91.39900207519531,-94.3532485961914,-104.9596176147461,-2.1144444942474365,4.635870933532715,5.277518272399902,71.1812515258789,91.9650650024414,89.48377227783203,102.32942199707031,-0.6859849095344543,-0.771613597869873,0.0,0.0,0.0,0.0
36,0.722814037000262,1789352899.4201143,17,0.0054693692,-0.18064143,0.0010741584,0.008695244,-2.7503357,-70.35543,-90.88167,-99.19535,-101.08828,-4.860379,6.536618,4.316597,73.258705,92.07324,93.74149,97.83887,1.2532654,-1.263414,0.0,0.0,0.0,0.0,0.0,0.003079927,-0.0,0.0,-4.0499954,27.550003,-5.340001,17.640005,-23.4,11.099996,-7.8000045,5.950001,-11.200001,0.23999634,-14.280002,24.120003,-8.640005,1.5000045,0.0,0.0,0.0,0.0,rl_constraint,9.334496098745149e-06,0.0,0.0,0.0,-3.0814173221588135,-65.38404846191406,-91.39573669433594,-93.2892074584961,-105.57362365722656,-1.5070830583572388,4.177461624145508,5.482745170593262,70.95587158203125,91.98524475097656,88.7030029296875,102.76708221435547,-1.0088061094284058,-0.7610820531845093,0.0,0.0,0.0,0.0
37,0.742927790000067,1789352899.4402277,17,0.0054659704,-0.18059993,0.0010741584,0.008695244,-2.8236809,-69.81172,-90.977234,-98.8186,-101.55347,-4.6231017,6.3801727,4.434311,73.03072,92.06402,93.42327,98.3101,1.0808624,-1.2256896,0.0,0.0,0.0,0.0,0.0,0.0030799252,-0.0,0.0,-3.2999954,26.95,-4.7399964,20.640001,-22.619999,12.180006,-8.580007,6.2999954,-11.800003,-0.66000366,-18.0,23.819994,-9.0,2.5200028,0.0,0.0,0.0,0.0,rl_constraint,9.334496098745149e-06,0.0,0.0,0.0,-3.11822509765625,-65.2851333618164,-91.3457260131836,-92.20945739746094,-106.26170349121094,-0.9166057705879211,3.6713476181030273,5.694502353668213,70.77088165283203,91.98466491699219,87.98133850097656,103.11446380615234,-1.3102566003799438,-0.7675177454948425,0.0,0.0,0.0,0.0
38,0.7628820760000963,1789352899.460182,17,0.0054659704,-0.18054393,0.0010741584,0.008695244,-2.878727,-69.27934,-91.07232,-98.373726,-102.001175,-4.353305,6.1965637,4.5531235,72.794815,92.05484,93.042305,98.78511,0.88764036,-1.1812775,0.0,0.0,0.0,0.0,0.0,0.0032998885,-0.0,0.0,-2.4999962,25.799995,-4.0800066,23.880007,-21.959995,14.639997,-10.2599945,5.950001,-11.850002,-0.4800064,-20.520002,23.160004,-10.019999,1.5000045,0.0,0.0,0.0,0.0,rl_constraint,1.0482672223588452e-05,0.0,0.0,0.0,-3.3076260089874268,-65.09527587890625,-91.45604705810547,-91.00897216796875,-107.07959747314453,-0.18576577305793762,3.075083017349243,6.042892932891846,70.52977752685547,92.04965209960938,87.23844146728516,103.52877807617188,-1.7069796323776245,-0.7894335389137268,0.0,0.0,0.0,0.0
39,0.7828945960000055,1789352899.4801946,17,0.0054659704,-0.18051371,0.0010741584,0.008695244,-2.9297104,-68.77379,-91.1319,-97.85759,-102.44768,-4.050975,5.982179,4.666832,72.57099,92.04452,92.60983,99.2635,0.6807129,-1.149266,0.0,0.0,0.0,0.0,0.0,0.0,-0.0,0.0,-2.3999977,24.650002,-2.4000046,27.419994,-22.200005,15.419998,-11.640001,5.8500023,-10.950005,-0.41999358,-23.519999,24.539997,-11.280006,2.4000046,0.0,0.0,0.0,0.0,rl_constraint,1.0482672223588452e-05,0.0,0.0,0.0,-3.6424405574798584,-64.94395446777344,-91.52313995361328,-89.87390899658203,-107.86009979248047,0.5052094459533691,2.435662031173706,6.45876932144165,70.32427215576172,92.13231658935547,86.60739135742188,103.87100982666016,-2.0942399501800537,-0.8675288558006287,0.0,0.0,0.0,0.0
40,0.8023794549999366,1789352899.4996793,17,0.0054659704,-0.18047221,0.0010741584,0.008695244,-2.975418,-68.29568,-91.18901,-97.27214,-102.90877,-3.7089844,5.7337785,4.796047,72.34464,92.03832,92.12609,99.738106,0.45569915,-1.0941422,0.0,0.0,0.0,0.0,0.0,0.0030799196,-0.0,0.0,-1.9500046,23.499996,-3.3000045,30.719997,-24.180002,17.640005,-13.679997,6.500004,-11.000004,-0.29999542,-25.259998,22.859995,-12.6,2.2800064,0.0,0.0,0.0,0.0,rl_constraint,1.1661908501992002e-05,0.0,0.0,0.0,-4.115693092346191,-64.66475677490234,-91.69597625732422,-88.65821075439453,-108.73648071289062,1.2840033769607544,1.7394297122955322,6.961173057556152,70.12126159667969,92.2440185546875,85.97023010253906,104.2789535522461,-2.545626401901245,-0.9193814992904663,0.0,0.0,0.0,0.0
41,0.8229485750002823,1789352899.5202487,17,0.005462571,-0.18037029,0.0010741584,0.008695244,-3.01577,-67.84639,-91.24398,-96.61278,-103.39251,-3.3300385,5.4538054,4.9294853,72.11956,92.03659,91.59932,100.211655,0.20830078,-1.0525589,0.0,0.0,0.0,0.0,0.0,0.0030799152,-0.0,0.0,-2.3999977,21.500004,-2.5200028,34.680008,-24.060003,19.079998,-16.080002,7.450001,-11.549995,0.7800018,-27.299995,24.599995,-12.779997,1.6800019,0.0,0.0,0.0,0.0,rl_constraint,1.1661908501992002e-05,0.0,0.0,0.0,-4.728429317474365,-64.44023895263672,-91.85857391357422,-87.5389404296875,-109.52234649658203,2.0509321689605713,1.0360969305038452,7.498409271240234,69.85828399658203,92.42308044433594,85.49634552001953,104.62649536132812,-2.9925425052642822,-1.007765531539917,0.0,0.0,0.0,0.0
42,0.8429187910001019,1789352899.5402186,17,0.005462571,-0.18022889,0.0010741584,0.008695244,-3.084034,-67.432526,-91.28461,-95.88184,-103.9067,-2.9103196,5.132936,5.0920486,71.89403,92.058685,91.04341,100.67367,-0.054711916,-1.0179107,0.0,0.0,0.0,0.0,0.0,0.019581292,-0.0,0.0,-4.3500023,19.900005,-1.9199982,37.86,-25.439997,22.859995,-16.860004,9.400005,-10.900005,0.9,-28.680002,22.799995,-13.980006,1.5600036,0.0,0.0,0.0,0.0,rl_constraint,1.1661908501992002e-05,0.0,0.0,0.0,-5.454512119293213,-64.2717056274414,-91.90863800048828,-86.4736328125,-110.21287536621094,2.741399049758911,0.3340837359428406,7.976352691650391,69.67753601074219,92.60035705566406,85.12802124023438,104.88651275634766,-3.440303325653076,-1.1398792266845703,0.0,0.0,0.0,0.0
43,0.8626922980001837,1789352899.5599923,17,0.005462571,-0.17988323,0.0010741584,0.008695244,-3.182476,-67.04587,-91.32403,-95.08917,-104.45049,-2.4525743,4.773477,5.2863693,71.67315,92.07561,90.46496,101.127266,-0.3345337,-0.9935074,0.0,0.0,0.0,0.0,0.0,0.01606097,-0.0,0.0,-5.499996,18.550003,-2.3400054,40.799995,-27.9,24.719994,-19.560003,10.350002,-11.299999,1.0199982,-29.460003,21.779997,-15.659994,0.4800064,0.0,0.0,0.0,0.0,rl_constraint,1.2865992175647989e-05,0.0,0.0,0.0,-6.401407718658447,-64.01189422607422,-92.05007934570312,-85.3536148071289,-110.92772674560547,3.5237393379211426,-0.39901450276374817,8.547669410705566,69.38728332519531,92.83827209472656,84.72187805175781,105.24967956542969,-3.939939022064209,-1.3001137971878052,0.0,0.0,0.0,0.0
44,0.8828916610000306,1789352899.5801919,17,0.0054659704,-0.1794026,0.0010741584,0.008695244,-3.3199654,-66.684654,-91.386284,-94.251656,-105.01979,-1.9584503,4.3709245,5.5093575,71.44905,92.09607,89.884674,101.570694,-0.63605344,-0.99490815,0.0,0.0,0.0,0.0,0.0,0.016500786,-0.0,0.0,-7.9500046,17.3,-3.6599991,42.780006,-28.259995,26.1,-20.999996,11.750004,-11.000004,0.9599991,-29.159994,22.260004,-15.180002,-1.3800064,0.0,0.0,0.0,0.0,rl_constraint,1.2865992175647989e-05,0.0,0.0,0.0,-7.4455180168151855,-63.84667205810547,-92.10680389404297,-84.27901458740234,-111.56157684326172,4.26430606842041,-1.1036330461502075,9.150606155395508,69.1087417602539,93.06500244140625,84.39216613769531,105.58477783203125,-4.424428462982178,-1.5089143514633179,0.0,0.0,0.0,0.0
45,0.9031909310001538,1789352899.600491,17,0.0054659704,-0.17906138,0.0010741584,0.008698643,-3.5143433,-66.347664,-91.451195,-93.36831,-105.61777,-1.4281266,3.9304414,5.761585,71.22695,92.12594,89.30685,102.00222,-0.9553574,-1.0057434,0.0,0.0,0.0,0.0,0.0,0.022221304,-0.0,0.0,-11.349998,16.5,-2.8199983,45.600006,-31.380001,27.600004,-23.880007,13.450001,-11.000004,1.9799973,-28.440006,21.959995,-17.399996,-0.41999358,0.0,0.0,0.0,0.0,rl_constraint,1.40887095767539e-05,0.0,0.0,0.0,-8.652167320251465,-63.629512786865234,-92.22860717773438,-83.13187408447266,-112.26155090332031,5.097858905792236,-1.7993637323379517,9.827435493469238,68.7873764038086,93.3230972290039,84.02599334716797,106.03102111816406,-4.963935375213623,-1.7393252849578857,0.0,0.0,0.0,0.0
46,0.9229613980000977,1789352899.6202617,17,0.0054659704,-0.17857635,0.0010741584,0.008698643,-3.7765617,-66.027855,-91.504135,-92.43948,-106.23172,-0.8690735,3.4612288,6.050045,71.004684,92.17499,88.740555,102.42165,-1.296991,-1.0188172,0.0,0.0,0.0,0.0,0.0,0.028821547,-0.0,0.0,-15.0,15.249996,-2.6400008,46.92,-32.280003,29.879997,-23.880007,15.400005,-11.25,3.480002,-28.560003,20.520002,-18.239996,-0.9,0.0,0.0,0.0,0.0,rl_constraint,1.40887095767539e-05,0.0,0.0,0.0,-9.839353561401367,-63.51515579223633,-92.28146362304688,-82.0750732421875,-112.84212493896484,5.902235984802246,-2.4350953102111816,10.48353099822998,68.42017364501953,93.60723114013672,83.76893615722656,106.4670181274414,-5.496771812438965,-1.9417850971221924,0.0,0.0,0.0,0.0
47,0.9427783169999202,1789352899.6400783,17,0.0054659704,-0.17816785,0.0010741584,0.008698643,-4.11771,-65.72902,-91.56998,-91.48712,-106.860886,-0.276622,2.9518478,6.3734207,70.77656,92.268265,88.175156,102.83392,-1.6582215,-1.0523529,0.0,0.0,0.0,0.0,0.0,0.016280536,-0.0,0.0,-19.200005,14.349998,-3.8399963,48.360004,-33.18,29.7,-25.080002,17.150002,-11.449997,5.459999,-27.480007,19.859999,-17.760004,-2.3400054,0.0,0.0,0.0,0.0,rl_constraint,1.40887095767539e-05,0.0,0.0,0.0,-10.98000431060791,-63.525550842285156,-92.20506286621094,-81.061279296875,-113.34020233154297,6.639301300048828,-3.0263450145721436,11.02669906616211,68.11714172363281,93.87503051757812,83.52924346923828,106.85237884521484,-6.014094829559326,-2.1609408855438232,0.0,0.0,0.0,0.0
48,0.9631272719998378,1789352899.6604276,17,0.0054693692,-0.17771304,0.0010741584,0.008698643,-4.5439568,-65.45166,-91.64508,-90.50455,-107.49775,0.34218293,2.417459,6.742092,70.54051,92.363434,87.63949,103.2416,-2.037291,-1.1054718,0.0,0.0,0.0,0.0,0.0,0.024640804,-0.0,0.0,-23.25,13.450001,-3.1800065,50.040005,-31.200005,30.719997,-28.620003,19.649998,-12.099998,4.980006,-26.16,21.119993,-19.259995,-3.4200027,0.0,0.0,0.0,0.0,rl_constraint,1.5323854313464835e-05,0.0,0.0,0.0,-12.158209800720215,-63.46257019042969,-92.21937561035156,-79.98666381835938,-113.85336303710938,7.456528186798096,-3.5985610485076904,11.60508918762207,67.7381820678711,94.17181396484375,83.19692993164062,107.37457275390625,-6.577550411224365,-2.3677992820739746,0.0,0.0,0.0,0.0
49,0.9830687130001934,1789352899.680369,17,0.0054693692,-0.17745359,0.0010741584,0.008698643,-5.0578537,-65.18301,-91.70843,-89.50117,-108.13936,0.98231506,1.8615372,7.1522713,70.28419,92.49954,87.13393,103.6473,-2.4343781,-1.1811813,0.0,0.0,0.0,0.0,0.0,0.003079787,-0.0,0.0,-27.600002,12.700001,-3.7799973,50.579998,-32.040005,33.599995,-28.620003,21.199997,-12.849998,7.3799973,-23.759995,21.059994,-20.879997,-5.0400057,0.0,0.0,0.0,0.0,rl_constraint,1.5323854313464835e-05,0.0,0.0,0.0,-13.259148597717285,-63.462120056152344,-92.11720275878906,-79.00287628173828,-114.29112243652344,8.192200660705566,-4.0840373039245605,12.105420112609863,67.411376953125,94.42498016357422,82.89356994628906,107.88866424560547,-7.115209579467773,-2.569828987121582,0.0,0.0,0.0,0.0
50,1.0032006960000217,1789352899.700501,17,0.0058568823,-0.17730092,0.0010741584,0.008698643,-5.650978,-64.94359,-91.7883,-88.483284,-108.77871,1.6477432,1.2895203,7.578987,70.03214,92.636406,86.65211,104.0528,-2.8498397,-1.2724365,0.0,0.0,0.0,0.0,0.0,0.0063799187,-0.0,0.0,-31.749996,11.449997,-3.9599946,50.819992,-32.160004,34.499996,-30.420002,21.849998,-12.849998,7.3799973,-24.000004,20.280006,-19.919998,-4.980006,0.0,0.0,0.0,0.0,rl_constraint,1.6565209079999477e-05,0.0,0.0,0.0,-14.32887077331543,-63.39780044555664,-92.10364532470703,-77.94671630859375,-114.81304168701172,8.987947463989258,-4.5301032066345215,12.601773262023926,67.05669403076172,94.65716552734375,82.39826965332031,108.51057434082031,-7.663717746734619,-2.755317449569702,0.0,0.0,0.0,0.0
51,1.0228084640002635,1789352899.7201085,17,0.0059452625,-0.17726225,0.0010741584,0.008698643,-6.326935,-64.72849,-91.849464,-87.46253,-109.409065,2.32939,0.7088928,8.021244,69.76812,92.78253,86.18498,104.462746,-3.2848709,-1.3753647,0.0,0.0,0.0,0.0,0.0,0.0,-0.0,0.0,-35.599995,10.549999,-2.1599946,51.42,-30.240005,35.399994,-28.500004,22.799995,-13.450001,7.3799973,-22.919994,20.219994,-21.779997,-5.6399965,0.0,0.0,0.0,0.0,rl_constraint,1.6565209079999477e-05,0.0,0.0,0.0,-15.250134468078613,-63.33823776245117,-92.0362777709961,-76.99128723144531,-115.22962951660156,9.719721794128418,-4.892125129699707,12.96252727508545,66.64766693115234,94.8559341430664,81.93266296386719,109.10516357421875,-8.181775093078613,-2.9045519828796387,0.0,0.0,0.0,0.0
52,1.0429596620001576,1789352899.7402596,17,0.0059622587,-0.17723002,0.0010741584,0.008698643,-7.0651474,-64.53058,-91.8876,-86.428795,-110.02839,3.0273926,0.1300232,8.493153,69.49252,92.961075,85.73545,104.88282,-3.7335937,-1.4989059,0.0,0.0,0.0,0.0,0.0,0.0030797771,-0.0,0.0,-38.650005,9.400005,-1.8599991,51.659996,-30.059994,35.219997,-27.660004,24.450005,-14.549995,9.419993,-21.899996,22.019993,-22.619999,-6.359999,0.0,0.0,0.0,0.0,rl_constraint,1.6565209079999477e-05,0.0,0.0,0.0,-15.993873596191406,-63.30936813354492,-91.8537826538086,-76.09246063232422,-115.58843231201172,10.327552795410156,-5.142142295837402,13.192063331604004,66.31637573242188,94.98408508300781,81.44667053222656,109.65109252929688,-8.664931297302246,-3.039246082305908,0.0,0.0,0.0,0.0
53,1.063103652999871,1789352899.7604036,17,0.0059826537,-0.1772131,0.0010741584,0.008698643,-7.8807793,-64.3526,-91.92843,-85.37469,-110.647446,3.7553878,-0.45527345,8.997883,69.19724,93.150314,85.29328,105.32715,-4.2061157,-1.6385285,0.0,0.0,0.0,0.0,0.0,0.0,-0.0,0.0,-40.699997,8.100002,-2.0999954,51.479996,-28.859999,34.920002,-29.400005,24.0,-14.399998,9.419993,-20.999996,22.799995,-22.980007,-6.7199936,0.0,0.0,0.0,0.0,rl_constraint,1.7806563846534118e-05,0.0,0.0,0.0,-16.633895874023438,-63.16593933105469,-91.77481842041016,-75.17276763916016,-115.98600769042969,10.961727142333984,-5.312356472015381,13.385359764099121,65.91351318359375,95.09432220458984,80.8049545288086,110.30907440185547,-9.164362907409668,-3.1278820037841797,0.0,0.0,0.0,0.0
54,1.0833345040000495,1789352899.7806346,17,0.0059928517,-0.17720424,0.0010741584,0.008698643,-8.711151,-64.198784,-91.96674,-84.34532,-111.232864,4.471092,-1.0120605,9.466564,68.90025,93.344345,84.86731,105.77226,-4.678212,-1.7784805,0.0,0.0,0.0,0.0,0.0,0.0,-0.0,0.0,-42.249996,7.3500023,-1.3800064,51.900005,-28.919998,36.84,-28.139996,22.900005,-14.750004,9.720003,-21.6,23.4,-24.659994,-7.3199983,0.0,0.0,0.0,0.0,rl_constraint,1.7806563846534118e-05,0.0,0.0,0.0,-17.038827896118164,-63.0230827331543,-91.6508560180664,-74.35372161865234,-116.29312896728516,11.502182960510254,-5.379745960235596,13.453761100769043,65.57506561279297,95.10240173339844,80.13664245605469,110.9277572631836,-9.629999160766602,-3.171494483947754,0.0,0.0,0.0,0.0
55,1.1028916190002747,1789352899.8001916,17,0.005996251,-0.17719859,0.0010741584,0.008698643,-9.544121,-64.05448,-91.988525,-83.349754,-111.78438,5.166211,-1.5320572,9.925392,68.60129,93.53296,84.44373,106.22215,-5.142934,-1.92258,0.0,0.0,0.0,0.0,0.0,0.0,-0.0,0.0,-42.949997,7.0999947,-0.41999358,50.639996,-26.880001,34.680008,-26.339996,23.499996,-15.799999,10.199995,-21.54,24.240002,-23.819994,-6.8400054,0.0,0.0,0.0,0.0,rl_constraint,1.9041708583245054e-05,0.0,0.0,0.0,-17.27440071105957,-62.79169464111328,-91.6105728149414,-73.46784973144531,-116.6900863647461,12.070802688598633,-5.422632694244385,13.499079704284668,65.24219512939453,95.07515716552734,79.27880096435547,111.63966369628906,-10.11483097076416,-3.203124523162842,0.0,0.0,0.0,0.0
56,1.1233214720000433,1789352899.8206217,17,0.00599965,-0.17719537,0.0010741584,0.008698643,-10.415806,-63.922897,-91.97641,-82.31762,-112.34195,5.895456,-2.0451875,10.393467,68.27701,93.73223,83.99402,106.71331,-5.6392274,-2.0697281,0.0,0.0,0.0,0.0,0.0,0.0,-0.0,0.0,-42.1,6.4500046,0.7200028,50.699997,-25.980001,34.680008,-23.4,21.650002,-15.899998,9.119998,-22.260004,23.220003,-24.479998,-7.8600035,0.0,0.0,0.0,0.0,rl_constraint,1.9041708583245054e-05,0.0,0.0,0.0,-17.334285736083984,-62.621185302734375,-91.4678955078125,-72.70249938964844,-116.95430755615234,12.523480415344238,-5.311790466308594,13.459640502929688,64.82034301757812,95.01763153076172,78.47752380371094,112.34278869628906,-10.561734199523926,-3.1791093349456787,0.0,0.0,0.0,0.0
57,1.1431660600001123,1789352899.840466,17,0.005996251,-0.17719376,0.0010741584,0.008698643,-11.246201,-63.792126,-91.96679,-81.327034,-112.86751,6.596521,-2.50925,10.807343,67.95794,93.90803,83.53448,107.21369,-6.127103,-2.2102432,0.0,0.0,0.0,0.0,0.0,0.0,-0.0,0.0,-40.350002,6.6500015,0.9,49.38,-26.760004,35.16,-21.360004,19.749996,-16.200005,9.179997,-23.519999,24.599995,-24.900005,-6.419998,0.0,0.0,0.0,0.0,rl_constraint,1.9041708583245054e-05,0.0,0.0,0.0,-17.15803337097168,-62.53871154785156,-91.23336029052734,-72.02755737304688,-117.14896392822266,12.856189727783203,-5.084313869476318,13.26941967010498,64.48594665527344,94.83125305175781,77.64265441894531,113.0014877319336,-10.962306022644043,-3.1394762992858887,0.0,0.0,0.0,0.0
58,1.162930759000119,1789352899.8602312,17,0.005986053,-0.17719255,0.0010741584,0.008698643,-12.01339,-63.67393,-91.932205,-80.37239,-113.3541,7.267099,-2.9152083,11.174515,67.639824,94.06489,83.05029,107.71831,-6.6021104,-2.3338256,0.0,0.0,0.0,0.0,0.0,0.0,-0.0,0.0,-38.15,6.0999985,1.740001,48.719997,-23.160004,33.539997,-19.440006,18.199997,-16.950005,7.6800065,-25.499996,25.499996,-24.659994,-5.459999,0.0,0.0,0.0,0.0,rl_constraint,2.026442962232977e-05,0.0,0.0,0.0,-16.914505004882812,-62.357177734375,-91.13648986816406,-71.365966796875,-117.38085174560547,13.23692512512207,-4.871101379394531,13.089091300964355,64.07853698730469,94.66389465332031,76.7491455078125,113.70565795898438,-11.415958404541016,-3.0855846405029297,0.0,0.0,0.0,0.0
59,1.1823521100000107,1789352899.8796518,17,0.00582289,-0.17719255,0.0010741584,0.0087020425,-12.743397,-63.5491,-91.889496,-79.413124,-113.82903,7.9307556,-3.2785676,11.519886,67.30044,94.20174,82.53716,108.25601,-7.0878572,-2.4534805,0.0,0.0,0.0,0.0,0.0,0.0,-0.0,0.0,-34.6,6.4500046,2.6400008,47.460003,-24.120003,31.56,-16.379997,15.899998,-17.599995,6.359999,-26.580006,28.380007,-24.599995,-5.519998,0.0,0.0,0.0,0.0,rl_constraint,2.026442962232977e-05,0.0,0.0,0.0,-16.60833740234375,-62.21759033203125,-90.97687530517578,-70.80331420898438,-117.53645324707031,13.5054292678833,-4.536622524261475,12.987737655639648,63.679481506347656,94.44727325439453,75.91210174560547,114.34931945800781,-11.811004638671875,-3.0387799739837646,0.0,0.0,0.0,0.0
60,1.2031812489999538,1789352899.9004812,17,0.005751506,-0.17719336,0.0010741584,0.0087020425,-13.408379,-63.413086,-91.82996,-78.45503,-114.28819,8.586172,-3.5871322,11.819847,66.94809,94.332115,81.97421,108.828125,-7.58459,-2.5576859,0.0,0.0,0.0,0.0,0.0,0.0,-0.0,0.0,-30.550003,6.0999985,3.0599945,45.660004,-22.799995,31.619999,-13.799995,13.300003,-17.050003,4.619998,-28.019999,28.740002,-24.599995,-4.6799974,0.0,0.0,0.0,0.0,rl_constraint,2.1468511476996355e-05,0.0,0.0,0.0,-16.279075622558594,-62.064327239990234,-90.86245727539062,-70.25872802734375,-117.75828552246094,13.765247344970703,-4.166129112243652,12.898027420043945,63.225730895996094,94.26691436767578,75.01951599121094,115.03659057617188,-12.218974113464355,-3.0009257793426514,0.0,0.0,0.0,0.0
61,1.223029835000034,1789352899.9203303,17,0.005703917,-0.17719416,0.0010741584,0.0087020425,-13.960705,-63.289455,-91.777534,-77.57371,-114.69694,9.183197,-3.8258376,12.052494,66.609604,94.40641,81.403145,109.387505,-8.048955,-2.651715,0.0,0.0,0.0,0.0,0.0,0.0,-0.0,0.0,-26.2,6.0999985,2.6400008,44.580006,-19.740002,30.180006,-11.099996,10.849995,-17.650005,3.9599946,-30.54,29.640001,-25.020002,-3.6599991,0.0,0.0,0.0,0.0,rl_constraint,2.1468511476996355e-05,0.0,0.0,0.0,-15.925027847290039,-61.910552978515625,-90.79718780517578,-69.8956069946289,-117.83808898925781,13.99364948272705,-3.7946386337280273,12.820467948913574,62.76872634887695,94.05231475830078,74.28692626953125,115.60372924804688,-12.597023963928223,-2.999866247177124,0.0,0.0,0.0,0.0
62,1.2429693439999028,1789352899.9402695,17,0.0053877877,-0.17719537,0.0010741584,0.0087020425,-14.4327965,-63.159233,-91.70899,-76.702736,-115.08994,9.762314,-4.005478,12.240051,66.25833,94.46416,80.78096,109.97309,-8.524031,-2.7191436,0.0,0.0,0.0,0.0,-0.025987154,0.0,-0.0,0.0,-21.0,7.0499954,4.5,42.42,-18.540005,29.039997,-7.080002,9.0,-17.900002,1.4400055,-31.260004,28.440006,-22.140005,-3.0599945,0.0,0.0,0.0,0.0,rl_constraint,2.1468511476996355e-05,0.0,0.0,0.0,-15.550369262695312,-61.75665283203125,-90.67010498046875,-69.6115951538086,-117.86450958251953,14.146505355834961,-3.366826295852661,12.760201454162598,62.40497589111328,93.78284454345703,73.6529312133789,116.06143951416016,-12.94686508178711,-2.972695827484131,0.0,0.0,0.0,0.0
63,1.2626691710001978,1789352899.9599693,17,0.005187233,-0.17719617,0.0010741584,0.0087020425,-14.809158,-63.0237,-91.6091,-75.86923,-115.4524,10.305354,-4.1250367,12.393654,65.8951,94.48568,80.128456,110.57072,-8.985704,-2.7772338,0.0,0.0,0.0,0.0,0.0,0.0,-0.0,0.0,-16.5,7.0999947,4.619998,40.320004,-18.06,25.920002,-4.0800066,6.8499985,-18.249996,0.5400055,-33.120003,30.719997,-22.44,-3.480002,0.0,0.0,0.0,0.0,rl_constraint,2.2647747755399905e-05,0.0,0.0,0.0,-15.310629844665527,-61.58384323120117,-90.6218032836914,-69.40869140625,-117.89269256591797,14.324920654296875,-3.0067532062530518,12.815682411193848,61.96332931518555,93.58438110351562,73.08309936523438,116.56520080566406,-13.355182647705078,-2.985903024673462,0.0,0.0,0.0,0.0
64,1.2831925519999459,1789352899.9804926,17,0.005146442,-0.17719738,0.0010741584,0.0087020425,-15.095867,-62.89041,-91.529175,-75.082115,-115.7846,10.810588,-4.1762877,12.5102005,65.52566,94.46795,79.45351,111.17199,-9.441938,-2.8282516,0.0,0.0,0.0,0.0,0.0,0.0,-0.0,0.0,-12.099998,6.8999977,4.380002,37.86,-16.020002,24.539997,-0.8400009,5.3999977,-18.450005,-1.5600036,-33.719994,31.019993,-22.44,-1.9799973,0.0,0.0,0.0,0.0,rl_constraint,2.2647747755399905e-05,0.0,0.0,0.0,-15.152092933654785,-61.42506408691406,-90.5562973022461,-69.3884506225586,-117.81952667236328,14.45334529876709,-2.5876424312591553,12.9199857711792,61.564762115478516,93.3244857788086,72.65901184082031,116.94022369384766,-13.703739166259766,-3.045886516571045,0.0,0.0,0.0,0.0
65,1.3029513709998355,1789352900.0002513,17,0.0051260465,-0.17719819,0.0010741584,0.0087020425,-15.295441,-62.755005,-91.42434,-74.344894,-116.08735,11.278826,-4.1625686,12.605598,65.150826,94.432434,78.77944,111.76893,-9.892214,-2.8649871,0.0,0.0,0.0,0.0,0.0,0.0,-0.0,0.0,-8.150002,6.75,4.7399964,36.179996,-14.7599945,23.280003,2.2800064,3.2499962,-18.949997,-2.1599946,-33.900005,28.440006,-22.799995,-1.5600036,0.0,0.0,0.0,0.0,rl_constraint,2.3795921151759103e-05,0.0,0.0,0.0,-15.110917091369629,-61.180747985839844,-90.58104705810547,-69.42373657226562,-117.81708526611328,14.629657745361328,-2.2115426063537598,13.135261535644531,61.15172576904297,93.13386535644531,72.28849792480469,117.3410873413086,-14.097711563110352,-3.126879930496216,0.0,0.0,0.0,0.0
66,1.3231383550000828,1789352900.0204384,17,0.005115849,-0.17719859,0.0010741584,0.0087020425,-15.424644,-62.613373,-91.33826,-73.66146,-116.353836,11.710025,-4.1047945,12.660004,64.77268,94.38291,78.09976,112.35836,-10.329908,-2.8956115,0.0,0.0,0.0,0.0,0.0,0.0,-0.0,0.0,-5.050003,7.250004,4.559999,32.22,-12.779997,21.119993,3.8399963,3.0499992,-18.949997,-3.3600037,-33.719994,30.66,-20.640001,-1.5000045,0.0,0.0,0.0,0.0,rl_constraint,2.3795921151759103e-05,0.0,0.0,0.0,-15.165749549865723,-61.0175666809082,-90.61406707763672,-69.64405059814453,-117.68577575683594,14.777765274047852,-1.8569248914718628,13.452720642089844,60.71592330932617,92.98072814941406,72.11476135253906,117.6560287475586,-14.492788314819336,-3.229975461959839,0.0,0.0,0.0,0.0
67,1.3433776150000085,1789352900.0406778,17,0.0051090503,-0.17719859,0.0010741584,0.0087020425,-15.49165,-62.46396,-91.234604,-73.032166,-116.58969,12.113113,-4.000122,12.729298,64.374016,94.282555,77.413445,112.94986,-10.772685,-2.9235168,0.0,0.0,0.0,0.0,0.0,0.0,-0.0,0.0,-2.3499985,7.300003,4.2000046,28.680002,-10.740001,19.740002,6.5999956,3.5000038,-19.699997,-5.2200027,-33.120003,27.359995,-20.759998,-1.1399963,0.0,0.0,0.0,0.0,rl_constraint,2.3795921151759103e-05,0.0,0.0,0.0,-15.325692176818848,-60.91286849975586,-90.55834197998047,-69.99361419677734,-117.51227569580078,14.858339309692383,-1.502898097038269,13.77552604675293,60.33863067626953,92.76121520996094,72.084228515625,117.86556243896484,-14.844758033752441,-3.3513379096984863,0.0,0.0,0.0,0.0
68,1.3631845680001788,1789352900.0604846,17,0.005102252,-0.17719819,0.0010741584,0.0087020425,-15.524963,-62.31689,-91.15808,-72.50223,-116.7796,12.469386,-3.8541412,12.779686,63.98734,94.19303,76.77794,113.49481,-11.185743,-2.9437454,0.0,0.0,0.0,0.0,0.0,0.0,-0.0,0.0,-1.2000046,7.699997,3.9599946,25.439997,-8.1,16.980001,8.159999,2.5999947,-19.849995,-5.0400057,-31.859995,27.84,-21.300005,-1.3800064,0.0,0.0,0.0,0.0,rl_constraint,2.4906828912207857e-05,0.0,0.0,0.0,-15.60290241241455,-60.71380615234375,-90.69756317138672,-70.45482635498047,-117.37625122070312,15.00889778137207,-1.1842074394226074,14.199488639831543,59.934024810791016,92.66740417480469,72.14279174804688,118.09915161132812,-15.25503158569336,-3.479159355163574,0.0,0.0,0.0,0.0
69,1.3831102409999403,1789352900.0804105,17,0.005098853,-0.17719698,0.0010775576,0.0087020425,-15.537003,-62.168163,-91.07216,-72.03958,-116.94107,12.801325,-3.6692138,12.851543,63.595528,94.05847,76.17015,114.02919,-11.602689,-2.989531,0.0,0.0,0.0,0.0,0.0,0.0,-0.0,0.0,-0.14999771,7.5999985,3.8999953,20.640001,-6.1200027,15.780006,9.9,4.749996,-19.749996,-6.8400054,-29.099995,25.259998,-21.059994,-2.0399964,0.0,0.0,0.0,0.0,rl_constraint,2.4906828912207857e-05,0.0,0.0,0.0,-16.01877784729004,-60.60091781616211,-90.76876068115234,-71.06623840332031,-117.17464447021484,15.102970123291016,-0.8150242567062378,14.726343154907227,59.558555603027344,92.52086639404297,72.30799102783203,118.25785827636719,-15.606467247009277,-3.659067392349243,0.0,0.0,0.0,0.0
70,1.4027332460000252,1789352900.1000333,17,0.005092054,-0.17715871,0.0010775576,0.0087020425,-15.534428,-62.012054,-91.00963,-71.6671,-117.06681,13.10375,-3.4542115,12.946312,63.198578,93.92783,75.607414,114.538414,-12.014689,-3.0211442,0.0,0.0,0.0,0.0,0.0,0.003079774,-0.0,0.0,0.0,8.150002,2.7,15.539996,-5.519998,13.799995,11.099996,4.549999,-19.599998,-7.3199983,-26.760004,24.240002,-19.740002,-1.8599991,0.0,0.0,0.0,0.0,rl_constraint,2.5974248273996636e-05,0.0,0.0,0.0,-16.455963134765625,-60.435325622558594,-90.96138763427734,-71.7271957397461,-117.07627868652344,15.22114372253418,-0.45922860503196716,15.30418872833252,59.18424987792969,92.46861267089844,72.47566986083984,118.45671844482422,-15.971358299255371,-3.794952392578125,0.0,0.0,0.0,0.0
71,1.4228746960002354,1789352900.120175,17,0.0050954535,-0.1770999,0.0010775576,0.0087020425,-15.546673,-61.858143,-90.952896,-71.39122,-117.15089,13.381842,-3.2120178,13.0616455,62.798836,93.7942,75.108826,115.016815,-12.420126,-3.0652404,0.0,0.0,0.0,0.0,0.0,0.0032997264,-0.0,0.0,-0.9999962,7.549999,2.759999,11.580002,-3.3000045,12.480001,13.080007,7.0999947,-20.25,-6.8400054,-23.4,23.160004,-20.159994,-2.759999,0.0,0.0,0.0,0.0,rl_constraint,2.5974248273996636e-05,0.0,0.0,0.0,-16.957565307617188,-60.339542388916016,-91.1673355102539,-72.5558853149414,-116.8462142944336,15.277995109558105,-0.06052038073539734,15.922525405883789,58.794708251953125,92.44794464111328,72.74239349365234,118.6044921875,-16.28260612487793,-3.9130117893218994,0.0,0.0,0.0,0.0
72,1.4429529029998776,1789352900.140253,17,0.005098853,-0.17694077,0.0010775576,0.0087020425,-15.576439,-61.703625,-90.90783,-71.207306,-117.21124,13.631712,-2.9479065,13.220627,62.40089,93.643394,74.67002,115.46318,-12.819685,-3.1206527,0.0,0.0,0.0,0.0,0.0,0.006159932,-0.0,0.0,-2.0000038,8.000004,1.6200027,7.020003,-2.4000046,13.080007,12.540001,9.0,-19.749996,-6.539996,-20.640001,21.6,-19.979998,-2.7,0.0,0.0,0.0,0.0,rl_constraint,2.5974248273996636e-05,0.0,0.0,0.0,-17.424388885498047,-60.300724029541016,-91.32267761230469,-73.45175170898438,-116.58494567871094,15.258621215820312,0.4129211902618408,16.51512336730957,58.45503616333008,92.4065170288086,73.037841796875,118.66877746582031,-16.515701293945312,-3.9831008911132812,0.0,0.0,0.0,0.0
73,1.4630209739998463,1789352900.160321,17,0.005098853,-0.17676191,0.0010775576,0.0087020425,-15.631954,-61.546772,-90.886955,-71.12207,-117.24067,13.862178,-2.669211,13.413242,62.005714,93.50108,74.29616,115.87831,-13.2139435,-3.1851287,0.0,0.0,0.0,0.0,0.0,0.009460029,-0.0,0.0,-3.949997,7.3500023,0.23999634,0.9599991,-0.66000366,11.400004,14.040006,10.900005,-19.699997,-6.9000044,-17.04,18.96,-19.740002,-4.2000046,0.0,0.0,0.0,0.0,rl_constraint,2.699197648325935e-05,0.0,0.0,0.0,-17.89595603942871,-60.197021484375,-91.61984252929688,-74.37187957763672,-116.36494445800781,15.253389358520508,0.8839092254638672,17.133392333984375,58.078125,92.46300506591797,73.26175689697266,118.83493041992188,-16.74994468688965,-4.014627933502197,0.0,0.0,0.0,0.0
74,1.482544050999877,1789352900.1798441,17,0.005102252,-0.1765202,0.0010775576,0.0087020425,-15.738361,-61.39998,-90.896484,-71.14911,-117.23171,14.065219,-2.3692155,13.651268,61.610504,93.36441,73.99543,116.25897,-13.597078,-3.256279,0.0,0.0,0.0,0.0,0.0,0.023320666,-0.0,0.0,-6.550003,7.5,-1.0799973,-3.1800065,1.740001,9.299995,15.659994,12.849998,-19.900005,-7.3799973,-13.200005,17.640005,-18.299995,-3.9599946,0.0,0.0,0.0,0.0,rl_constraint,2.699197648325935e-05,0.0,0.0,0.0,-18.27375030517578,-60.1115608215332,-91.91636657714844,-75.36904907226562,-116.09442901611328,15.157495498657227,1.462864637374878,17.71118927001953,57.75407028198242,92.4739990234375,73.40618896484375,118.96714782714844,-16.89552116394043,-3.984536647796631,0.0,0.0,0.0,0.0
75,1.5030961380002736,1789352900.2003963,17,0.005102252,-0.17612219,0.0010775576,0.0087020425,-15.883633,-61.254066,-90.91801,-71.2553,-117.19211,14.24571,-2.0483735,13.933903,61.213715,93.23881,73.76449,116.60824,-13.968869,-3.3311782,0.0,0.0,0.0,0.0,0.0,0.015840158,-0.0,0.0,-8.399998,6.999996,-1.6200027,-8.1,2.1599946,8.459994,15.780006,15.199997,-19.5,-5.6999955,-10.019999,15.900004,-18.600004,-3.4200027,0.0,0.0,0.0,0.0,rl_constraint,2.795379259623587e-05,0.0,0.0,0.0,-18.501789093017578,-59.96609878540039,-92.30340576171875,-76.30825805664062,-115.9376220703125,15.088431358337402,2.0800249576568604,18.20634651184082,57.45872497558594,92.53480529785156,73.40311431884766,119.18999481201172,-17.027978897094727,-3.9030187129974365,0.0,0.0,0.0,0.0
76,1.5230304430001524,1789352900.2203305,17,0.005102252,-0.17584181,0.0010775576,0.0087020425,-16.06557,-61.1113,-90.96975,-71.480194,-117.12564,14.399615,-1.7051605,14.261868,60.824753,93.12235,73.59509,116.930786,-14.3270645,-3.4060776,0.0,0.0,0.0,0.0,0.0,0.012759975,-0.0,0.0,-10.049995,7.0499954,-3.480002,-13.980006,3.9599946,6.5999956,16.740005,17.499996,-19.400002,-5.579997,-7.2,15.120003,-16.800005,-3.6599991,0.0,0.0,0.0,0.0,rl_constraint,2.795379259623587e-05,0.0,0.0,0.0,-18.602018356323242,-59.83070373535156,-92.72012329101562,-77.3143081665039,-115.69031524658203,14.934549331665039,2.7905845642089844,18.676176071166992,57.17672348022461,92.57453155517578,73.33016967773438,119.41950988769531,-17.081462860107422,-3.7462313175201416,0.0,0.0,0.0,0.0
77,1.5432142760000715,1789352900.2405143,17,0.0051056514,-0.1756827,0.0010775576,0.0087020425,-16.276943,-60.977154,-91.055046,-71.80841,-117.0408,14.53185,-1.3405654,14.633606,60.4369,93.02718,73.476395,117.22868,-14.666349,-3.4772277,0.0,0.0,0.0,0.0,0.0,0.0063797715,-0.0,0.0,-11.200001,6.199997,-4.7999954,-18.84,4.0800066,6.000005,19.500004,19.300003,-19.200005,-4.619998,-5.2200027,13.859995,-15.719994,-3.4200027,0.0,0.0,0.0,0.0,rl_constraint,2.795379259623587e-05,0.0,0.0,0.0,-18.437570571899414,-59.68320846557617,-93.11936950683594,-78.29302978515625,-115.47344207763672,14.715493202209473,3.5911483764648438,18.95161247253418,57.00014877319336,92.51334381103516,73.10370635986328,119.60353088378906,-17.07155418395996,-3.501662254333496,0.0,0.0,0.0,0.0
78,1.5630019710001761,1789352900.2603018,17,0.0051090503,-0.17562307,0.0010775576,0.0087020425,-16.508537,-60.84818,-91.16315,-72.22299,-116.94194,14.633349,-0.9492737,15.022739,60.060825,92.94224,73.39145,117.50843,-14.984926,-3.5362105,0.0,0.0,0.0,0.0,0.0,0.0032996568,-0.0,0.0,-11.449997,6.6000023,-6.2400007,-22.320004,5.8199935,4.8599944,21.180006,19.55,-18.099998,-3.9599946,-3.2400055,12.540001,-14.579997,-1.740001,0.0,0.0,0.0,0.0,rl_constraint,2.88534902210813e-05,0.0,0.0,0.0,-18.124408721923828,-59.48695373535156,-93.61177062988281,-79.19756317138672,-115.35832214355469,14.506916046142578,4.3929595947265625,19.15842056274414,56.85408020019531,92.47319793701172,72.72592163085938,119.89495849609375,-17.082168579101562,-3.2075493335723877,0.0,0.0,0.0,0.0
79,1.5831469720001223,1789352900.280447,17,0.0051124496,-0.17557755,0.0010775576,0.0087020425,-16.741413,-60.712395,-91.30894,-72.71555,-116.81754,14.710254,-0.5274536,15.422035,59.696674,92.86932,73.333,117.77145,-15.274251,-3.571463,0.0,0.0,0.0,0.0,0.0,0.0030797045,-0.0,0.0,-11.499996,6.3499947,-7.5599947,-26.94,6.1800017,2.9399962,21.54,20.100002,-17.800003,-3.3000045,-2.9999955,13.080007,-12.959994,-1.8599991,0.0,0.0,0.0,0.0,rl_constraint,2.88534902210813e-05,0.0,0.0,0.0,-17.64164161682129,-59.317626953125,-94.09506225585938,-80.04998016357422,-115.24895477294922,14.26084041595459,5.282665729522705,19.318410873413086,56.750614166259766,92.35066223144531,72.18708038330078,120.15995788574219,-17.012222290039062,-2.8362815380096436,0.0,0.0,0.0,0.0
80,1.6031135470002482,1789352900.3004136,17,0.0051124496,-0.17555137,0.0010775576,0.008705441,-16.960087,-60.58573,-91.48868,-73.28499,-116.67748,14.74953,-0.06643982,15.837696,59.346817,92.80893,73.26171,118.024284,-15.536041,-3.5983245,0.0,0.0,0.0,0.0,0.0,0.0,-0.0,0.0,-10.150005,6.199997,-9.600004,-29.999996,7.2,1.6200027,23.579998,21.299995,-17.050003,-2.4600036,-4.1400056,12.659999,-12.480001,-0.3599945,0.0,0.0,0.0,0.0,rl_constraint,2.9684857508982532e-05,0.0,0.0,0.0,-16.91389274597168,-59.183040618896484,-94.61834716796875,-80.76071166992188,-115.3180923461914,14.058667182922363,6.186189651489258,19.3854923248291,56.701656341552734,92.2010726928711,71.41558074951172,120.50515747070312,-16.95720100402832,-2.4574503898620605,0.0,0.0,0.0,0.0
81,1.6229062209999938,1789352900.3202062,17,0.0051090503,-0.17553848,0.0010775576,0.008705441,-17.13993,-60.451538,-91.69708,-73.91309,-116.540276,14.764814,0.43353423,16.260303,59.01322,92.760025,73.18647,118.2728,-15.7668915,-3.5780823,0.0,0.0,0.0,0.0,0.0,0.0,-0.0,0.0,-7.3500023,6.700001,-11.159994,-33.18,7.5599947,-0.0,24.960003,20.399998,-16.400002,-2.9999955,-3.540001,12.420003,-10.8,1.5000045,0.0,0.0,0.0,0.0,rl_constraint,2.9684857508982532e-05,0.0,0.0,0.0,-16.011154174804688,-59.09913635253906,-95.1336898803711,-81.40286254882812,-115.37654876708984,13.855000495910645,7.118325233459473,19.393117904663086,56.68672180175781,91.99872589111328,70.58780670166016,120.86125946044922,-16.870044708251953,-1.9904369115829468,0.0,0.0,0.0,0.0
82,1.6431387650000033,1789352900.340439,17,0.0051090503,-0.17553042,0.0010775576,0.008705441,-17.267967,-60.317116,-91.944084,-74.5839,-116.39838,14.734438,0.9724823,16.651108,58.701416,92.69625,73.09652,118.51817,-15.964714,-3.5271745,0.0,0.0,0.0,0.0,0.0,0.0,-0.0,0.0,-4.5,7.0499954,-13.320003,-33.960003,6.7199936,-1.6800019,28.500004,18.600002,-14.800003,-2.9399962,-6.419998,11.580002,-9.959999,3.9599946,0.0,0.0,0.0,0.0,rl_constraint,2.9684857508982532e-05,0.0,0.0,0.0,-14.914591789245605,-59.12104797363281,-95.57449340820312,-81.95873260498047,-115.5218276977539,13.647125244140625,8.089376449584961,19.22459602355957,56.73612594604492,91.69013214111328,69.66657257080078,121.1704330444336,-16.747690200805664,-1.4906227588653564,0.0,0.0,0.0,0.0
83,1.6631061130001399,1789352900.3604066,17,0.0051056514,-0.17552519,0.0010775576,0.008705441,-17.322464,-60.181618,-92.22751,-75.279526,-116.26292,14.690822,1.5505416,17.013222,58.41712,92.635,72.93906,118.76329,-16.132847,-3.4455185,0.0,0.0,0.0,0.0,0.0,0.0,-0.0,0.0,-0.75,7.1500053,-14.819994,-35.459995,5.8199935,-2.4000046,29.640001,17.2,-13.300003,-3.2400055,-8.760004,12.959994,-8.519994,4.980006,0.0,0.0,0.0,0.0,rl_constraint,3.0441677154158242e-05,0.0,0.0,0.0,-13.747247695922852,-59.153934478759766,-96.08387756347656,-82.34941101074219,-115.77567291259766,13.542777061462402,8.985416412353516,19.08855438232422,56.760284423828125,91.4369125366211,68.65128326416016,121.5611572265625,-16.683746337890625,-1.007814645767212,0.0,0.0,0.0,0.0
84,1.6828144599999177,1789352900.3801148,17,0.0050954535,-0.17552195,0.0010775576,0.008705441,-17.290615,-60.0531,-92.530396,-76.00115,-116.148766,14.633089,2.1735764,17.352757,58.16311,92.57403,72.72228,119.01529,-16.269558,-3.3244355,0.0,0.0,0.0,0.0,0.0,0.0,-0.0,0.0,4.2000046,6.3499947,-16.020002,-36.0,5.6999955,-3.6599991,31.5,16.400002,-12.249996,-3.7199981,-11.999995,12.659999,-6.000005,7.3199983,0.0,0.0,0.0,0.0,rl_constraint,3.0441677154158242e-05,0.0,0.0,0.0,-12.603719711303711,-59.20051956176758,-96.54059600830078,-82.6856460571289,-116.04829406738281,13.460365295410156,9.879925727844238,18.954618453979492,56.82427978515625,91.12265014648438,67.63380432128906,121.88925170898438,-16.596786499023438,-0.5366942286491394,0.0,0.0,0.0,0.0
85,1.7027442580001662,1789352900.4000442,17,0.0050886553,-0.17551954,0.0010775576,0.008705441,-17.152348,-59.92955,-92.868774,-76.71458,-116.051384,14.551653,2.8331132,17.652443,57.932236,92.48123,72.442406,119.27793,-16.38214,-3.1613984,0.0,0.0,0.0,0.0,0.0,0.0,-0.0,0.0,9.500004,5.9000015,-17.279997,-35.459995,3.3000045,-4.3200026,34.379997,13.649998,-10.450001,-4.980006,-16.379997,13.5,-4.2600036,8.519994,0.0,0.0,0.0,0.0,rl_constraint,3.111774640274234e-05,0.0,0.0,0.0,-11.450922966003418,-59.219322204589844,-97.01973724365234,-82.89453125,-116.42582702636719,13.444746971130371,10.69529914855957,18.83941650390625,56.88020324707031,90.82762145996094,66.6050796508789,122.25460052490234,-16.569808959960938,-0.09122315049171448,0.0,0.0,0.0,0.0
86,1.723254929000177,1789352900.420555,17,0.004928891,-0.17551793,0.0010775576,0.008705441,-16.904583,-59.815212,-93.22626,-77.41362,-115.987076,14.458063,3.5289733,17.896797,57.737022,92.38898,72.089676,119.54526,-16.453785,-2.957492,0.0,0.0,0.0,0.0,-0.053833686,0.0,-0.0,0.0,15.0,4.8499947,-18.720003,-34.439995,2.4600036,-4.7399964,34.680008,11.050003,-8.25,-5.2200027,-19.500004,14.4,-3.3000045,10.380007,0.0,0.0,0.0,0.0,rl_constraint,3.111774640274234e-05,0.0,0.0,0.0,-10.449724197387695,-59.218746185302734,-97.47723388671875,-83.07540893554688,-116.72442626953125,13.425436019897461,11.444214820861816,18.784486770629883,56.91556167602539,90.54931640625,65.72329711914062,122.56802368164062,-16.52618980407715,0.3210574984550476,0.0,0.0,0.0,0.0
87,1.7432585040000959,1789352900.4405587,17,0.004337424,-0.17551672,0.0010775576,0.008705441,-16.554508,-59.71938,-93.60659,-78.08382,-115.95045,14.356165,4.2546067,18.099907,57.57802,92.25445,71.66125,119.822235,-16.519138,-2.7216706,0.0,0.0,0.0,0.0,0.0,0.0,-0.0,0.0,20.3,4.7999954,-19.859999,-32.519997,0.9599991,-5.4,35.940002,9.049999,-6.799999,-6.7199936,-23.579998,13.859995,-2.4000046,12.180006,0.0,0.0,0.0,0.0,rl_constraint,3.111774640274234e-05,0.0,0.0,0.0,-9.54168701171875,-59.18267822265625,-97.87162017822266,-83.20440673828125,-117.02733612060547,13.418098449707031,12.137674331665039,18.672021865844727,56.979164123535156,90.20591735839844,64.95240783691406,122.77533721923828,-16.50351333618164,0.6922511458396912,0.0,0.0,0.0,0.0
88,1.763179331000174,1789352900.4604795,17,0.0042592417,-0.17551552,0.0010775576,0.008705441,-16.09901,-59.63442,-93.99945,-78.71282,-115.956604,14.254541,5.0013747,18.261955,57.440025,92.113045,71.15893,120.10442,-16.562769,-2.452629,0.0,0.0,0.0,0.0,0.0,0.0,-0.0,0.0,25.200005,3.9999962,-19.740002,-30.420002,-1.8599991,-5.340001,37.139996,7.749996,-5.8500023,-8.640005,-25.920002,14.220003,-1.3800064,14.639997,0.0,0.0,0.0,0.0,rl_constraint,3.170684794895351e-05,0.0,0.0,0.0,-8.838902473449707,-59.043800354003906,-98.30406951904297,-83.25202178955078,-117.3429183959961,13.452561378479004,12.692343711853027,18.6528377532959,56.9982795715332,89.9474868774414,64.32625579833984,122.98886108398438,-16.541790008544922,0.9998414516448975,0.0,0.0,0.0,0.0
89,1.7831896100001359,1789352900.4804897,17,0.0042286487,-0.17551391,0.0010775576,0.008705441,-15.557888,-59.558247,-94.39655,-79.30919,-116.00291,14.153948,5.7634687,18.389431,57.33806,91.95184,70.604065,120.39007,-16.58503,-2.1604753,0.0,0.0,0.0,0.0,0.0,0.0,-0.0,0.0,29.000004,3.4500046,-20.520002,-28.859999,-3.1199937,-4.8599944,38.64,5.3999977,-5.1000023,-8.820003,-29.159994,14.579997,-0.7200028,14.160004,0.0,0.0,0.0,0.0,rl_constraint,3.170684794895351e-05,0.0,0.0,0.0,-8.404204368591309,-58.88469696044922,-98.66328430175781,-83.29800415039062,-117.60667419433594,13.47896957397461,13.182374000549316,18.69357681274414,57.0113525390625,89.66584014892578,63.851890563964844,123.1131591796875,-16.535655975341797,1.235681414604187,0.0,0.0,0.0,0.0
90,1.8027244929999142,1789352900.5000246,17,0.0042150514,-0.17549698,0.0010775576,0.008705441,-14.95031,-59.49526,-94.81163,-79.851395,-116.08005,14.057611,6.5269775,18.47881,57.248566,91.76998,70.00564,120.67565,-16.595013,-1.850949,0.0,0.0,0.0,0.0,0.0,0.003079701,-0.0,0.0,31.950005,3.199997,-20.7,-25.619993,-4.7999954,-4.2600036,38.7,3.3499947,-3.3499947,-9.540006,-30.360004,14.699995,-0.29999542,16.259998,0.0,0.0,0.0,0.0,rl_constraint,3.220276630599983e-05,0.0,0.0,0.0,-8.190311431884766,-58.641563415527344,-99.04354095458984,-83.26348114013672,-117.92499542236328,13.568153381347656,13.526876449584961,18.789987564086914,56.98783493041992,89.44808959960938,63.547515869140625,123.21031951904297,-16.570571899414062,1.3907651901245117,0.0,0.0,0.0,0.0
91,1.8232398999998622,1789352900.5205402,17,0.0042150514,-0.17538258,0.0010775576,0.008705441,-14.293751,-59.431778,-95.23035,-80.33409,-116.17627,13.968801,7.2819166,18.55291,57.18385,91.57341,69.37653,120.95525,-16.584343,-1.5309722,0.0,0.0,0.0,0.0,0.0,0.006379744,-0.0,0.0,33.500004,3.199997,-20.759998,-23.100004,-5.579997,-4.559999,37.199997,3.7000008,-3.1499977,-10.740001,-31.799995,14.340001,0.7200028,15.479998,0.0,0.0,0.0,0.0,rl_constraint,3.220276630599983e-05,0.0,0.0,0.0,-8.284624099731445,-58.38179016113281,-99.39060974121094,-83.20238494873047,-118.14720916748047,13.673893928527832,13.741740226745605,19.020862579345703,56.92413330078125,89.27385711669922,63.50593948364258,123.25753021240234,-16.595943450927734,1.4775819778442383,0.0,0.0,0.0,0.0
92,1.8431242189999466,1789352900.5404243,17,0.0042184507,-0.17518921,0.0010775576,0.008705441,-13.627922,-59.36348,-95.64818,-80.76822,-116.30933,13.895178,8.019635,18.603355,57.128414,91.353004,68.73926,121.22688,-16.58915,-1.2028519,0.0,0.0,0.0,0.0,0.0,0.016720144,-0.0,0.0,33.149998,3.6500015,-20.7,-20.999996,-7.2,-3.2400055,35.1,1.4500008,-1.5499992,-11.400004,-31.380001,12.959994,-1.5000045,15.419998,0.0,0.0,0.0,0.0,rl_constraint,3.220276630599983e-05,0.0,0.0,0.0,-8.634381294250488,-58.103912353515625,-99.68623352050781,-83.13014221191406,-118.38654327392578,13.829045295715332,13.841849327087402,19.309316635131836,56.891578674316406,89.0902099609375,63.67779541015625,123.19856262207031,-16.654817581176758,1.521918535232544,0.0,0.0,0.0,0.0
93,1.8630729330002396,1789352900.560373,17,0.004235447,-0.17426994,0.0010775576,0.008705441,-12.954506,-59.280933,-96.06573,-81.16037,-116.462975,13.833751,8.741478,18.638924,57.095913,91.135124,68.10547,121.4898,-16.588394,-0.87694246,0.0,0.0,0.0,0.0,0.0,0.08051958,-0.0,0.0,31.950005,4.250004,-20.219994,-17.580006,-9.059999,-2.759999,34.860004,2.050003,-1.1500053,-10.500005,-29.999996,11.759999,1.3800064,16.020002,0.0,0.0,0.0,0.0,rl_constraint,3.259929872001521e-05,0.0,0.0,0.0,-9.293035507202148,-57.80412673950195,-99.99352264404297,-83.00785827636719,-118.6629867553711,14.062658309936523,13.731928825378418,19.73221206665039,56.787445068359375,89.05085754394531,64.08646392822266,123.146484375,-16.788684844970703,1.487652063369751,0.0,0.0,0.0,0.0
94,1.8828337059999285,1789352900.5801337,17,0.004252443,-0.17178613,0.0010775576,0.008705441,-12.356689,-59.1965,-96.46681,-81.46719,-116.63012,13.7968645,9.38974,18.691074,57.082993,90.92137,67.53667,121.71935,-16.58356,-0.5813278,0.0,0.0,0.0,0.0,0.0,0.18369313,-0.0,0.0,28.599998,4.7999954,-20.939997,-14.280002,-9.600004,-1.1399963,31.5,3.0,-0.75,-11.099996,-28.380007,11.039996,-1.0199982,13.859995,0.0,0.0,0.0,0.0,rl_constraint,3.259929872001521e-05,0.0,0.0,0.0,-10.235076904296875,-57.584678649902344,-100.23539733886719,-82.84147644042969,-118.94566345214844,14.358283042907715,13.552279472351074,20.295419692993164,56.65830612182617,89.04576873779297,64.71454620361328,122.99295806884766,-16.896697998046875,1.3965119123458862,0.0,0.0,0.0,0.0
95,1.9031612520002454,1789352900.6004615,17,0.00426604,-0.16757481,0.0010775576,0.008705441,-11.821449,-59.087185,-96.87471,-81.73967,-116.81917,13.775358,9.995677,18.7569,57.04771,90.701645,66.99846,121.92987,-16.602703,-0.29675445,0.0,0.0,0.0,0.0,0.0,0.22965768,-0.0,0.0,24.650002,5.449997,-19.680002,-12.360003,-10.019999,-0.60000455,27.780003,3.1499977,-2.9500008,-11.400004,-24.539997,9.780002,-0.5400055,13.260004,0.0,0.0,0.0,0.0,rl_constraint,3.289022424723953e-05,0.0,0.0,0.0,-11.330524444580078,-57.402225494384766,-100.48393249511719,-82.58732604980469,-119.35005187988281,14.772926330566406,13.201380729675293,20.950218200683594,56.47675323486328,89.12482452392578,65.44644165039062,122.85918426513672,-17.084686279296875,1.2711176872253418,0.0,0.0,0.0,0.0
96,1.9230302000000847,1789352900.6203303,17,0.0053877877,-0.16034706,0.0010775576,0.008705441,-11.382076,-58.96194,-97.26308,-81.962555,-117.02509,13.786743,10.539157,18.843842,56.992825,90.485634,66.5561,122.11206,-16.616396,-0.040470887,0.0,0.0,0.0,0.0,0.10767078,0.5219555,-0.0,0.0,19.049995,6.8499985,-19.620003,-10.380007,-11.340006,2.7,25.379997,6.0,-2.5999947,-10.500005,-19.259995,7.8000045,-0.9,12.360003,0.0,0.0,0.0,0.0,rl_constraint,3.289022424723953e-05,0.0,0.0,0.0,-12.587165832519531,-57.352256774902344,-100.65564727783203,-82.27985382080078,-119.72349548339844,15.267175674438477,12.769635200500488,21.625850677490234,56.2646598815918,89.2138442993164,66.30147552490234,122.7982406616211,-17.270038604736328,1.1357702016830444,0.0,0.0,0.0,0.0
97,1.9430993219998527,1789352900.6403995,17,0.005996251,-0.14660491,0.0010775576,0.008705441,-11.057579,-58.820274,-97.651,-82.13801,-117.24712,13.837514,11.006625,18.978344,56.956673,90.30058,66.20246,122.26355,-16.640785,0.18299103,0.0,0.0,0.0,0.0,0.0,0.8020223,-0.0,0.0,13.350002,7.5,-19.019999,-7.499995,-11.999995,2.1599946,20.460003,7.1500053,-1.4000015,-8.760004,-15.539996,6.8400054,-2.0399964,10.680002,0.0,0.0,0.0,0.0,rl_constraint,3.289022424723953e-05,0.0,0.0,0.0,-13.891801834106445,-57.38605880737305,-100.76304626464844,-81.90193939208984,-120.1053466796875,15.862030982971191,12.323174476623535,22.278976440429688,56.05152893066406,89.33048248291016,67.18522644042969,122.735595703125,-17.435094833374023,1.0129395723342896,0.0,0.0,0.0,0.0
98,1.9630871240001397,1789352900.6603873,17,0.005996251,-0.13136944,0.0010775576,0.008705441,-10.857056,-58.670036,-98.0227,-82.26065,-117.48675,13.9066725,11.390062,19.153233,56.91965,90.14047,65.95702,122.38429,-16.686666,0.36907196,0.0,0.0,0.0,0.0,0.0,0.54086787,-0.0,0.0,6.6000023,7.749996,-17.760004,-4.619998,-13.380002,5.1000047,16.319998,10.250004,-1.9500046,-9.0,-8.459994,5.579997,-2.4000046,8.040001,0.0,0.0,0.0,0.0,rl_constraint,3.3069336495827883e-05,0.0,0.0,0.0,-15.1982421875,-57.51264190673828,-100.81932067871094,-81.44615936279297,-120.4491195678711,16.49860191345215,11.843890190124512,22.884241104125977,55.757450103759766,89.55097198486328,68.08411407470703,122.72664642333984,-17.61273765563965,0.9017253518104553,0.0,0.0,0.0,0.0
99,1.9828734000002441,1789352900.6801734,17,0.0059928517,-0.1262898,0.0010775576,0.008705441,-10.773079,-58.523083,-98.36465,-82.3425,-117.74,14.025243,11.68499,19.374744,56.857407,89.98261,65.82469,122.4806,-16.738508,0.5236496,0.0,0.0,0.0,0.0,0.0,0.021764994,-0.0,0.0,1.300003,7.450001,-16.619993,-2.5800018,-12.180006,7.3199983,12.2400055,11.950001,-4.2000046,-7.020003,-4.019994,3.7199981,-3.1199937,7.2,0.0,0.0,0.0,0.0,rl_constraint,3.3069336495827883e-05,0.0,0.0,0.0,-16.431339263916016,-57.69131088256836,-100.78987884521484,-80.95555114746094,-120.7360610961914,17.12651252746582,11.393322944641113,23.427034378051758,55.486083984375,89.74710083007812,68.91424560546875,122.7562255859375,-17.70546531677246,0.8374788165092468,0.0,0.0,0.0,0.0
100,2.002820450999934,1789352900.7001207,17,0.0059894524,-0.12632562,0.0010775576,0.008705441,-10.810169,-58.382538,-98.68946,-82.3666,-118.006676,14.1875515,11.8932085,19.639206,56.772137,89.84849,65.81707,122.54976,-16.804193,0.6453918,0.0,0.0,0.0,0.0,0.0,0.0,-0.0,0.0,-4.5,7.1500053,-15.240001,0.4800064,-13.260004,9.959999,8.159999,14.100002,-3.4500046,-4.980006,2.5800018,2.9399962,-3.6599991,4.559999,0.0,0.0,0.0,0.0,rl_constraint,3.313041815999895e-05,0.0,0.0,0.0,-17.489849090576172,-57.857093811035156,-100.72872924804688,-80.37628936767578,-120.97210693359375,17.757362365722656,10.969572067260742,23.83576774597168,55.24195098876953,89.97066497802734,69.6486587524414,122.8560791015625,-17.712650299072266,0.8314817547798157,0.0,0.0,0.0,0.0
101,2.022797714000262,1789352900.7200978,17,0.005986053,-0.12634012,0.0010775576,0.008705441,-10.9669075,-58.256252,-98.98934,-82.330086,-118.28308,14.398256,12.019798,19.957924,56.690025,89.767815,65.90043,122.61522,-16.87743,0.7350403,0.0,0.0,0.0,0.0,0.0,0.0,-0.0,0.0,-10.900005,5.499996,-14.940005,3.0599945,-14.579997,11.039996,4.619998,17.150002,-6.0,-3.480002,6.359999,2.8199983,-3.8999953,3.6599991,0.0,0.0,0.0,0.0,rl_constraint,3.313041815999895e-05,0.0,0.0,0.0,-18.46228790283203,-58.01592254638672,-100.63034057617188,-79.73332977294922,-121.0888671875,18.35494041442871,10.591422080993652,24.112525939941406,55.001983642578125,90.24729919433594,70.25521850585938,123.02387237548828,-17.645952224731445,0.8851288557052612,0.0,0.0,0.0,0.0
102,2.0431088599998475,1789352900.7404091,17,0.0059826537,-0.12633891,0.0010775576,0.008705441,-11.244976,-58.15519,-99.256874,-82.24731,-118.564,14.656572,12.077408,20.322567,56.561348,89.71308,66.09042,122.658264,-16.958784,0.8006973,0.0,0.0,0.0,0.0,0.0,0.0,-0.0,0.0,-16.900005,4.300003,-11.999995,5.340001,-13.980006,14.100004,0.5400055,18.899998,-5.6500053,-1.1399963,11.819998,1.3800064,-3.540001,2.9999955,0.0,0.0,0.0,0.0,rl_constraint,3.313041815999895e-05,0.0,0.0,0.0,-19.238048553466797,-58.111026763916016,-100.49099731445312,-79.07585144042969,-121.1419906616211,18.888383865356445,10.30793285369873,24.231712341308594,54.83308029174805,90.46627807617188,70.71468353271484,123.18617248535156,-17.48894691467285,1.0215145349502563,0.0,0.0,0.0,0.0
103,2.062941289000264,1789352900.7602415,17,0.0068596564,-0.1263361,0.0010775576,0.008705441,-11.643459,-58.07436,-99.48299,-82.1054,-118.84323,14.96419,12.051315,20.711414,56.42752,89.71331,66.37517,122.69538,-17.036705,0.83320314,0.0,0.0,0.0,0.0,0.18378645,0.0,-0.0,0.0,-22.649998,3.550003,-10.380007,8.399996,-14.4,15.900004,-2.4000046,19.599998,-6.3499947,0.9599991,16.740005,2.4600036,-3.8999953,1.4400055,0.0,0.0,0.0,0.0,rl_constraint,3.313041815999895e-05,0.0,0.0,0.0,-19.86411476135254,-58.151790618896484,-100.3405990600586,-78.33939361572266,-121.12510681152344,19.375627517700195,10.026582717895508,24.150497436523438,54.70283889770508,90.70358276367188,70.99112701416016,123.4084243774414,-17.263795852661133,1.2028286457061768,0.0,0.0,0.0,0.0
104,2.083157248000134,1789352900.7804575,17,0.014011648,-0.12633328,0.0010775576,0.008705441,-12.16317,-58.023468,-99.679985,-81.89628,-119.115585,15.30688,11.9802475,21.097939,56.282352,89.73085,66.733734,122.745865,-17.107224,0.8735916,0.0,0.0,0.0,0.0,0.35457763,0.0,-0.0,0.0,-29.25,1.8499947,-9.239996,12.2400055,-14.100004,18.0,-5.4,19.099995,-7.7999954,0.9599991,18.84,2.8799973,-2.759999,2.2199936,0.0,0.0,0.0,0.0,rl_constraint,3.313041815999895e-05,0.0,0.0,0.0,-20.295120239257812,-58.12838363647461,-100.16902160644531,-77.54254913330078,-121.03773498535156,19.7723331451416,9.84781265258789,23.84191131591797,54.646270751953125,90.85088348388672,71.06639862060547,123.60419464111328,-16.924942016601562,1.5007034540176392,0.0,0.0,0.0,0.0
105,2.1026783769998474,1789352900.7999785,17,0.015442725,-0.12633087,0.0010775576,0.008705441,-12.803547,-57.994835,-99.83955,-81.633125,-119.37274,15.684219,11.857145,21.471588,56.121895,89.75655,67.12483,122.80741,-17.159092,0.9154083,0.0,0.0,0.0,0.0,0.0,0.0,-0.0,0.0,-34.699997,0.94999695,-6.7199936,14.7599945,-11.819998,19.079998,-6.479997,18.099998,-7.9500046,2.1599946,19.440006,3.0599945,-1.6200027,1.8,0.0,0.0,0.0,0.0,rl_constraint,4.855170482187532e-05,0.0,0.0,0.0,-20.526399612426758,-58.09148025512695,-99.96923828125,-76.67378997802734,-120.88694763183594,20.104969024658203,9.72690200805664,23.345361709594727,54.65953826904297,90.8893051147461,70.95708465576172,123.79267883300781,-16.476280212402344,1.883682370185852,0.0,0.0,0.0,0.0
106,2.123011961999964,1789352900.8203118,17,0.015327152,-0.12632966,0.0010775576,0.008705441,-13.575863,-57.981102,-99.95454,-81.29632,-119.61336,16.095108,11.70092,21.835442,55.95701,89.81665,67.54202,122.865776,-17.197422,0.9553024,0.0,0.0,0.0,0.0,0.0,0.0,-0.0,0.0,-41.100002,0.40000534,-4.7399964,18.119999,-11.159994,20.340006,-8.640005,17.000004,-8.150002,4.019994,20.400005,2.8199983,-1.2599945,2.2800064,0.0,0.0,0.0,0.0,rl_constraint,4.855170482187532e-05,0.0,0.0,0.0,-20.607364654541016,-58.05123519897461,-99.72631072998047,-75.73956298828125,-120.67110443115234,20.353656768798828,9.686168670654297,22.699007034301758,54.72884750366211,90.85966491699219,70.6648178100586,123.97431945800781,-15.995683670043945,2.3137195110321045,0.0,0.0,0.0,0.0
107,2.142873406000035,1789352900.8401735,17,0.015320353,-0.12632926,0.0010775576,0.008705441,-14.435612,-57.983036,-100.035515,-80.92581,-119.81468,16.502605,11.526952,22.137932,55.80478,89.91616,67.94658,122.93492,-17.192024,1.0055923,0.0,0.0,0.0,0.0,0.0,0.0,-0.0,0.0,-46.699997,-0.40000534,-3.0599945,20.400005,-9.0,22.619999,-9.540006,13.649998,-8.200001,5.6999955,20.219994,4.3200026,2.1599946,3.1800065,0.0,0.0,0.0,0.0,rl_constraint,4.855170482187532e-05,0.0,0.0,0.0,-20.47629737854004,-57.968666076660156,-99.49319458007812,-74.7505111694336,-120.45868682861328,20.569305419921875,9.703371047973633,21.90741729736328,54.882320404052734,90.72261810302734,70.16521453857422,124.13145446777344,-15.491398811340332,2.7787702083587646,0.0,0.0,0.0,0.0
108,2.162895110000136,1789352900.8601954,17,0.01533055,-0.12632966,0.0010775576,0.008705441,-15.345348,-57.98094,-100.086494,-80.48941,-119.98665,16.920992,11.338646,22.37424,55.65446,90.010025,68.333755,123.02743,-17.140512,1.0806564,0.0,0.0,0.0,0.0,0.0,0.0,-0.0,0.0,-41.800003,0.40000534,-2.2800064,23.100004,-7.140001,19.500004,-9.419993,9.949997,-7.7999954,4.440001,17.640005,4.619998,3.6599991,5.7599945,0.0,0.0,0.0,0.0,rl_constraint,4.71109633508604e-05,0.0,0.0,0.0,-20.105236053466797,-57.956092834472656,-99.22065734863281,-73.68677520751953,-120.25629425048828,20.759658813476562,9.811053276062012,21.022384643554688,55.077308654785156,90.44586944580078,69.57278442382812,124.3126220703125,-14.98723030090332,3.273922920227051,0.0,0.0,0.0,0.0
109,2.1833421750002344,1789352900.8806424,17,0.0097795995,-0.12637997,0.0010775576,0.008705441,-16.174198,-57.971546,-100.1122,-80.01679,-120.13429,17.348675,11.130442,22.53415,55.51927,90.10909,68.6832,123.12279,-17.053116,1.1982788,0.0,0.0,0.0,0.0,-0.8725225,-0.009673029,-0.0,0.0,-38.95,0.14999771,0.3599945,23.940006,-5.6999955,21.54,-9.840001,4.8499947,-6.0999985,4.980006,15.419998,5.1600037,5.459999,6.7199936,0.0,0.0,0.0,0.0,rl_constraint,4.71109633508604e-05,0.0,0.0,0.0,-19.44550132751465,-57.998111724853516,-98.93052673339844,-72.6144790649414,-120.0605697631836,20.935546875,9.952776908874512,20.07611846923828,55.29696273803711,90.05007934570312,68.85132598876953,124.51588439941406,-14.539180755615234,3.7994275093078613,0.0,0.0,0.0,0.0
110,2.2027581820002524,1789352900.9000583,17,-0.0056121373,-0.1264472,0.0010775576,0.008705441,-16.868958,-57.97712,-100.08354,-79.50486,-120.23082,17.74413,10.948151,22.590603,55.40902,90.17938,68.93979,123.23337,-16.92452,1.3403183,0.0,0.0,0.0,0.0,-0.21348897,-0.0032973432,-0.0,0.0,-31.950005,-0.34999466,1.740001,28.859999,-4.6799974,20.819998,-8.1,0.6000023,-4.300003,2.6400008,11.099996,5.4,7.920003,7.980002,0.0,0.0,0.0,0.0,rl_constraint,5.1059665565844625e-05,0.0,0.0,0.0,-18.577930450439453,-58.15409851074219,-98.56721496582031,-71.52276611328125,-119.8414306640625,21.106557846069336,10.11681079864502,19.079397201538086,55.602256774902344,89.47630310058594,68.09194946289062,124.79254913330078,-14.151066780090332,4.311150074005127,0.0,0.0,0.0,0.0
111,2.2228707360000044,1789352900.9201708,17,-0.0047351345,-0.12646452,0.0010775576,0.008705441,-17.433323,-57.97982,-100.030914,-78.8909,-120.298676,18.136354,10.789027,22.55334,55.317432,90.23864,69.12701,123.35027,-16.754932,1.5199722,0.0,0.0,0.0,0.0,0.0,0.0,-0.0,0.0,-24.500004,-0.34999466,4.019994,32.819992,-1.6200027,20.039997,-7.2599993,-4.549999,-4.1500053,2.8199983,6.7199936,6.359999,10.319994,10.560003,0.0,0.0,0.0,0.0,rl_constraint,5.1059665565844625e-05,0.0,0.0,0.0,-17.689701080322266,-58.33143615722656,-98.20584869384766,-70.38845825195312,-119.61821746826172,21.30201530456543,10.258929252624512,18.135026931762695,55.859920501708984,88.89826965332031,67.41146850585938,125.03767395019531,-13.825478553771973,4.777712821960449,0.0,0.0,0.0,0.0
112,2.243184919000214,1789352900.9404852,17,-0.0047215377,-0.12647498,0.0010775576,0.008705441,-17.868622,-57.99543,-99.93123,-78.20339,-120.31655,18.5114,10.659636,22.411423,55.276978,90.27497,69.22774,123.481834,-16.551685,1.7396164,0.0,0.0,0.0,0.0,0.0,0.0,-0.0,0.0,-19.250004,-0.6000023,5.6399965,35.700005,-0.11999817,18.359995,-5.8199935,-9.600002,-1.0499954,0.7800018,2.6400008,6.9000044,11.280006,12.059995,0.0,0.0,0.0,0.0,rl_constraint,5.1059665565844625e-05,0.0,0.0,0.0,-16.88707160949707,-58.516510009765625,-97.83150482177734,-69.26731872558594,-119.41403198242188,21.50101089477539,10.321969985961914,17.29163360595703,56.09113311767578,88.32459259033203,66.87255859375,125.18816375732422,-13.561432838439941,5.175734996795654,0.0,0.0,0.0,0.0
113,2.263298450000093,1789352900.9605985,17,-0.004731735,-0.12648383,0.0010775576,0.008705441,-18.20018,-58.006508,-99.81381,-77.460754,-120.29642,18.861877,10.551407,22.170822,55.271484,90.25663,69.2208,123.62647,-16.308449,1.9928925,0.0,0.0,0.0,0.0,0.0,0.0,-0.0,0.0,-13.699997,-0.70000076,6.7199936,38.460003,1.5000045,18.119999,-4.2000046,-14.399998,0.40000534,-3.1800065,-2.5800018,7.080002,12.899996,13.380002,0.0,0.0,0.0,0.0,rl_constraint,6.717464566463605e-05,0.0,0.0,0.0,-16.25799560546875,-58.8226318359375,-97.37571716308594,-68.210205078125,-119.18891143798828,21.673437118530273,10.286476135253906,16.573591232299805,56.30572509765625,87.70547485351562,66.56524658203125,125.2723159790039,-13.327054977416992,5.495585918426514,0.0,0.0,0.0,0.0
114,2.2829586020002353,1789352900.9802587,17,-0.004738534,-0.12649068,0.0010775576,0.008705441,-18.411793,-58.03037,-99.66862,-76.670975,-120.26242,19.193459,10.46732,21.839722,55.281933,90.150185,69.15286,123.7769,-16.05299,2.2766557,0.0,0.0,0.0,0.0,0.0,0.0,-0.0,0.0,-7.8499947,-1.9000053,8.040001,39.719997,1.6800019,16.680006,-4.1400056,-18.899998,1.2000046,-7.3799973,-4.9199934,8.1,13.019994,14.880007,0.0,0.0,0.0,0.0,rl_constraint,6.717464566463605e-05,0.0,0.0,0.0,-15.858038902282715,-59.124298095703125,-96.89635467529297,-67.21903991699219,-118.97866821289062,21.830020904541016,10.121411323547363,16.023738861083984,56.446563720703125,87.06122589111328,66.55223083496094,125.26549530029297,-13.116188049316406,5.713099479675293,0.0,0.0,0.0,0.0
115,2.303098507999948,1789352901.0003986,17,-0.004741933,-0.12649511,0.0010775576,0.008705441,-18.505806,-58.07461,-99.481094,-75.83158,-120.20948,19.515234,10.397433,21.408829,55.327812,89.99396,69.00042,123.93522,-15.773085,2.5943527,0.0,0.0,0.0,0.0,0.0,0.0,-0.0,0.0,-1.699997,-2.25,10.019999,41.759995,3.540001,14.519999,-2.8199983,-22.649998,2.3499985,-7.920003,-8.219998,7.6800065,12.959994,16.559994,0.0,0.0,0.0,0.0,rl_constraint,8.040813554544002e-05,0.0,0.0,0.0,-15.724555015563965,-59.540225982666016,-96.30011749267578,-66.35768127441406,-118.71531677246094,21.954511642456055,9.844813346862793,15.683923721313477,56.546382904052734,86.39620208740234,66.85538482666016,125.14891052246094,-12.933793067932129,5.82488489151001,0.0,0.0,0.0,0.0
116,2.3228601920000074,1789352901.0201602,17,-0.004741933,-0.12649792,0.0010775576,0.008705441,-18.479279,-58.13024,-99.27442,-74.99696,-120.119736,19.800838,10.339467,20.940674,55.38833,89.80244,68.823524,124.08381,-15.499347,2.9061997,0.0,0.0,0.0,0.0,0.0,0.0,-0.0,0.0,4.8499947,-3.6500015,11.219994,43.680008,5.6999955,13.859995,-2.759999,-25.049995,4.3500023,-11.400004,-9.959999,6.539996,13.380002,15.719994,0.0,0.0,0.0,0.0,rl_constraint,8.040813554544002e-05,0.0,0.0,0.0,-15.840826988220215,-59.970272064208984,-95.68844604492188,-65.637451171875,-118.40766143798828,22.038515090942383,9.410269737243652,15.577751159667969,56.56486129760742,85.7970199584961,67.51426696777344,124.93939971923828,-12.791877746582031,5.8387227058410645,0.0,0.0,0.0,0.0
117,2.3428215640001326,1789352901.0401216,17,-0.0047487314,-0.12649994,0.0010775576,0.008705441,-18.327232,-58.219345,-99.0326,-74.114716,-120.01477,20.076801,10.280498,20.422016,55.49469,89.55344,68.61865,124.22346,-15.210874,3.2323012,0.0,0.0,0.0,0.0,0.0,0.0,-0.0,0.0,10.150005,-5.3499985,12.839996,44.940002,6.1800017,12.719998,-2.8799973,-26.549995,4.8499947,-13.5,-10.740001,7.499995,13.799995,16.020002,0.0,0.0,0.0,0.0,rl_constraint,8.040813554544002e-05,0.0,0.0,0.0,-16.25050163269043,-60.43767547607422,-95.04180908203125,-65.0687255859375,-118.04764556884766,22.099143981933594,8.810625076293945,15.701815605163574,56.4542121887207,85.27021789550781,68.5314712524414,124.63372039794922,-12.670674324035645,5.731786251068115,0.0,0.0,0.0,0.0
118,2.3629552080001304,1789352901.0602555,17,-0.0053164037,-0.12650034,0.0010775576,0.008705441,-18.06316,-58.338398,-98.75694,-73.20324,-119.877815,20.330887,10.220581,19.88475,55.593475,89.24888,68.42766,124.34116,-14.926519,3.5495179,0.0,0.0,0.0,0.0,0.0,0.0,-0.0,0.0,16.150005,-7.1500053,15.479998,45.660004,6.9000044,12.899996,-3.3000045,-26.449997,6.1499977,-16.559994,-7.920003,5.519998,13.260004,15.539996,0.0,0.0,0.0,0.0,rl_constraint,0.00010346002818550915,0.0,0.0,0.0,-16.95412254333496,-61.09868240356445,-94.26114654541016,-64.6580810546875,-117.57805633544922,22.10106086730957,8.100266456604004,16.02654266357422,56.31680679321289,84.76863098144531,69.87476348876953,124.28897094726562,-12.595110893249512,5.509092807769775,0.0,0.0,0.0,0.0
119,2.3829660989999866,1789352901.0802662,17,-0.005343598,-0.12649913,0.0010775576,0.008705441,-17.769001,-58.491474,-98.42392,-72.29792,-119.72593,20.569565,10.129161,19.363976,55.697548,88.90178,68.30914,124.440865,-14.653372,3.8444047,0.0,0.0,0.0,0.0,0.0,0.0,-0.0,0.0,11.800003,-8.900002,18.179996,45.660004,9.179997,11.219994,-5.2800016,-25.200005,4.250004,-18.119999,-4.1400056,4.1400056,12.659999,14.280002,0.0,0.0,0.0,0.0,rl_constraint,0.00010346002818550915,0.0,0.0,0.0,-18.044721603393555,-61.819541931152344,-93.4404296875,-64.46322631835938,-117.03015899658203,22.04790496826172,7.2310791015625,16.553516387939453,56.05641555786133,84.4277114868164,71.48591613769531,123.99362182617188,-12.566575050354004,5.184031009674072,0.0,0.0,0.0,0.0
120,2.4029491770002096,1789352901.100249,17,-0.002947137,-0.12631918,0.0010775576,0.008705441,-17.546104,-58.69201,-98.04452,-71.37437,-119.53857,20.781464,10.017595,18.878277,55.798508,88.51808,68.25438,124.49372,-14.396566,4.1122103,0.0,0.0,0.0,0.0,0.3582896,0.01912665,-0.0,0.0,9.949997,-10.799995,19.680002,45.9,9.840001,10.2599945,-7.3799973,-22.900005,5.1000023,-20.219994,-0.41999358,2.2199936,13.619998,13.019994,0.0,0.0,0.0,0.0,rl_constraint,0.0001246976462425664,0.0,0.0,0.0,-19.51884651184082,-62.738372802734375,-92.55877685546875,-64.48799133300781,-116.33789825439453,21.881397247314453,6.386446475982666,17.221599578857422,55.77266311645508,84.23186492919922,73.27076721191406,123.7723617553711,-12.56260871887207,4.804683208465576,0.0,0.0,0.0,0.0
121,2.423103724000157,1789352901.120404,17,0.007525907,-0.12591502,0.0010775576,0.008705441,-17.394424,-58.92547,-97.641716,-70.4953,-119.3256,20.969837,9.840001,18.455887,55.88095,88.11116,68.307976,124.52224,-14.151421,4.334395,0.0,0.0,0.0,0.0,0.4511125,0.023083642,-0.0,0.0,4.5,-12.999996,21.66,42.060005,12.2400055,8.640005,-10.319994,-19.300003,3.4500046,-20.999996,5.1000047,0.4800064,11.039996,10.500005,0.0,0.0,0.0,0.0,rl_constraint,0.0001246976462425664,0.0,0.0,0.0,-21.12060546875,-63.70724105834961,-91.78083038330078,-64.68110656738281,-115.61183166503906,21.69607925415039,5.522738933563232,17.970932006835938,55.4047737121582,84.18960571289062,75.04253387451172,123.70213317871094,-12.547910690307617,4.385083198547363,0.0,0.0,0.0,0.0
122,2.442864070000269,1789352901.1401641,17,0.009385289,-0.12544002,0.0010775576,0.008705441,-17.368332,-59.21315,-97.19199,-69.70283,-119.0758,21.131323,9.602669,18.10991,55.942635,87.68875,68.47718,124.50876,-13.93385,4.507155,0.0,0.0,0.0,0.0,-0.025987154,0.030998044,-0.0,0.0,-1.9000053,-15.849998,23.579998,37.68,12.959994,6.6599946,-13.260004,-14.800003,2.2999992,-21.059994,11.099996,-1.5600036,10.079997,7.8000045,0.0,0.0,0.0,0.0,rl_constraint,0.0001246976462425664,0.0,0.0,0.0,-22.677173614501953,-64.69070434570312,-91.11262512207031,-65.02999877929688,-114.87381744384766,21.5035343170166,4.716108798980713,18.683570861816406,54.977134704589844,84.2381362915039,76.63420104980469,123.83651733398438,-12.512531280517578,3.941404342651367,0.0,0.0,0.0,0.0
123,2.4629569500002617,1789352901.160257,17,0.009317304,-0.12468402,0.0010775576,0.008705441,-17.460709,-59.559196,-96.70891,-68.98539,-118.78612,21.258545,9.301313,17.865486,55.965614,87.27793,68.756615,124.47706,-13.73556,4.6218796,0.0,0.0,0.0,0.0,0.0,0.048145797,-0.0,0.0,-7.3500023,-18.899998,25.140001,33.719994,15.000005,5.2200027,-16.2,-9.700001,0.5000038,-20.7,16.319998,-2.0999954,9.179997,4.0800066,0.0,0.0,0.0,0.0,rl_constraint,0.00014999069389887154,0.0,0.0,0.0,-24.150300979614258,-65.80563354492188,-90.43228149414062,-65.54125213623047,-114.02862548828125,21.248046875,4.033407211303711,19.376314163208008,54.59413146972656,84.32514190673828,78.12437438964844,124.06868743896484,-12.393885612487793,3.5426442623138428,0.0,0.0,0.0,0.0
124,2.4829596670001592,1789352901.1802595,17,0.009327501,-0.12355731,0.0010775576,0.008705441,-17.67152,-59.970108,-96.179344,-68.354294,-118.45308,21.356886,8.935964,17.709045,55.959023,86.87678,69.13906,124.42982,-13.555151,4.687825,0.0,0.0,0.0,0.0,0.0,0.016048074,-0.0,0.0,-13.300003,-22.099995,27.600004,29.580002,17.459995,4.2000046,-20.159994,-5.25,-1.300003,-19.8,22.140005,-1.740001,8.820003,1.9199982,0.0,0.0,0.0,0.0,rl_constraint,0.00014999069389887154,0.0,0.0,0.0,-25.455533981323242,-66.89063262939453,-89.87879943847656,-66.13395690917969,-113.07899475097656,20.924657821655273,3.4244377613067627,19.958759307861328,54.16124725341797,84.50178527832031,79.39415740966797,124.41114044189453,-12.173545837402344,3.1732614040374756,0.0,0.0,0.0,0.0
125,2.5032126850001077,1789352901.2005131,17,0.01106791,-0.123487666,0.0010775576,0.008705441,-17.994015,-60.450302,-95.613434,-67.81458,-118.07161,21.418121,8.522946,17.666405,55.9037,86.512474,69.6577,124.396614,-13.389793,4.693414,0.0,0.0,0.0,0.0,0.32487512,0.0,-0.0,0.0,-19.049995,-25.799995,28.859999,23.940006,19.500004,2.1599946,-21.54,0.79999924,-3.7000008,-17.519993,29.340006,-1.5600036,8.279997,-2.2199936,0.0,0.0,0.0,0.0,rl_constraint,0.0001604494173079729,0.0,0.0,0.0,-26.66507911682129,-68.04468536376953,-89.33719635009766,-66.90042114257812,-111.98078918457031,20.450511932373047,2.9669628143310547,20.523889541625977,53.77206802368164,84.67513275146484,80.53062438964844,124.788818359375,-11.840953826904297,2.827615737915039,0.0,0.0,0.0,0.0
126,2.5229518989999633,1789352901.2202523,17,0.021231623,-0.123414,0.0010775576,0.008705441,-18.440987,-61.00383,-95.02254,-67.38245,-117.63891,21.444914,8.062372,17.715672,55.79924,86.196846,70.3101,124.371124,-13.230547,4.6290345,0.0,0.0,0.0,0.0,0.45482448,0.0,-0.0,0.0,-25.200005,-29.349998,30.480001,19.079998,24.000004,0.23999634,-23.34,3.9999962,-6.1499977,-14.579997,36.359993,-0.7200028,7.6800065,-5.0400057,0.0,0.0,0.0,0.0,rl_constraint,0.0001604494173079729,0.0,0.0,0.0,-27.639490127563477,-69.02784729003906,-88.9474868774414,-67.75933837890625,-110.82455444335938,19.84726905822754,2.621519088745117,20.927583694458008,53.425270080566406,84.86436462402344,81.47673797607422,125.1814193725586,-11.400721549987793,2.502572536468506,0.0,0.0,0.0,0.0
127,2.5426924210000834,1789352901.2399926,17,0.022564122,-0.12339508,0.0010775576,0.008705441,-19.008556,-61.622726,-94.421364,-67.05861,-117.14684,21.41429,7.5691404,17.836761,55.66127,85.924934,71.09419,124.3625,-13.074911,4.5224395,0.0,0.0,0.0,0.0,-0.05568967,0.0,-0.0,0.0,-31.45,-32.499996,30.180006,12.360003,26.580006,-2.2800064,-24.659994,8.349998,-8.349998,-12.719998,41.759995,0.11999817,7.6800065,-5.7599945,0.0,0.0,0.0,0.0,rl_constraint,0.0001604494173079729,0.0,0.0,0.0,-28.396574020385742,-69.79299926757812,-88.76997375488281,-68.72186279296875,-109.66690826416016,19.03905487060547,2.392115354537964,21.187610626220703,53.18197250366211,85.03443145751953,82.24304962158203,125.57808685302734,-10.886956214904785,2.257187843322754,0.0,0.0,0.0,0.0
128,2.563508490000004,1789352901.2608085,17,0.02230918,-0.123376966,0.0010775576,0.008705441,-19.734627,-62.33598,-93.7897,-66.84387,-116.56072,21.343071,7.0350404,18.0554,55.48596,85.68426,72.0334,124.39466,-12.903936,4.37926,0.0,0.0,0.0,0.0,0.0,0.0,-0.0,0.0,-38.100002,-35.449997,30.300005,6.7800064,29.759998,-4.619998,-26.339996,11.900002,-9.550003,-10.500005,48.240005,1.8,7.8000045,-7.6199937,0.0,0.0,0.0,0.0,rl_constraint,0.00017453667533118278,0.0,0.0,0.0,-28.995933532714844,-70.43759155273438,-88.6493911743164,-69.79041290283203,-108.45021057128906,17.99036979675293,2.325176954269409,21.306501388549805,53.21577072143555,84.99864959716797,82.82453155517578,125.86099243164062,-10.250137329101562,2.174475908279419,0.0,0.0,0.0,0.0
129,2.582907218999935,1789352901.2802074,17,0.0222174,-0.12335483,0.0010775576,0.008705441,-20.504093,-63.032925,-93.224884,-66.756584,-115.97142,21.226986,6.5491424,18.29203,55.298813,85.50872,72.99141,124.43975,-12.731959,4.2217436,0.0,0.0,0.0,0.0,0.0,0.0,-0.0,0.0,-42.949997,-37.849995,29.340006,1.5000045,32.280003,-8.700005,-24.659994,13.350002,-10.699997,-8.339996,52.680008,3.0599945,9.119998,-9.540006,0.0,0.0,0.0,0.0,rl_constraint,0.00017453667533118278,0.0,0.0,0.0,-29.243213653564453,-70.76346588134766,-88.80302429199219,-70.91809844970703,-107.3641357421875,16.772308349609375,2.429887533187866,21.242589950561523,53.433780670166016,84.85769653320312,83.08406829833984,126.06034088134766,-9.535513877868652,2.228705406188965,0.0,0.0,0.0,0.0
130,2.6025297209998826,1789352901.2998297,17,0.022098428,-0.123341545,0.0010775576,0.008705441,-21.430664,-63.79849,-92.64911,-66.79097,-115.28823,21.03349,6.0467515,18.578087,55.084007,85.37005,74.116066,124.506874,-12.525307,4.0364594,0.0,0.0,0.0,0.0,-0.053833686,0.0,-0.0,0.0,-49.45,-38.399998,27.9,-3.6,36.660004,-11.400004,-23.040005,15.700001,-10.5,-5.6399965,60.120003,4.980006,10.8,-9.239996,0.0,0.0,0.0,0.0,rl_constraint,0.0001847819657996297,0.0,0.0,0.0,-29.284894943237305,-70.97606658935547,-89.04176330566406,-72.20408630371094,-106.31453704833984,15.272588729858398,2.750401258468628,21.062402725219727,53.95054626464844,84.47947692871094,83.14344787597656,126.16060638427734,-8.69821834564209,2.4454867839813232,0.0,0.0,0.0,0.0
131,2.6229557560000103,1789352901.3202558,17,0.019219276,-0.12332464,0.0010775576,0.008705441,-22.404453,-64.570496,-92.11655,-66.93328,-114.54505,20.753984,5.577498,18.886906,54.871742,85.26256,75.3378,124.6195,-12.280477,3.8419602,0.0,0.0,0.0,0.0,-0.50123423,0.0,-0.0,0.0,-45.7,-38.449997,24.780006,-11.7,39.54,-16.439997,-23.220003,15.650002,-9.999996,-4.9199934,55.74,6.3,13.019994,-9.480006,0.0,0.0,0.0,0.0,rl_constraint,0.0001847819657996297,0.0,0.0,0.0,-28.850751876831055,-70.83409118652344,-89.56214904785156,-73.4967269897461,-105.54376983642578,13.655953407287598,3.3159844875335693,20.709392547607422,54.598384857177734,83.97189331054688,82.82252502441406,126.24529266357422,-7.789289951324463,2.8564162254333496,0.0,0.0,0.0,0.0
132,2.6431487580002795,1789352901.340449,17,-0.004636557,-0.123319805,0.0010775576,0.008705441,-23.302483,-65.324265,-91.658485,-67.250854,-113.757645,20.371592,5.142192,19.197052,54.688248,85.175575,76.39898,124.747116,-12.002838,3.6398392,0.0,0.0,0.0,0.0,-1.113858,0.0,-0.0,0.0,-44.000004,-37.099995,21.839996,-19.560003,41.639996,-22.080006,-19.139996,15.099998,-8.150002,-5.2200027,52.619995,7.080002,14.639997,-8.519994,0.0,0.0,0.0,0.0,rl_constraint,0.0001847819657996297,0.0,0.0,0.0,-27.93529510498047,-70.47843170166016,-90.3200454711914,-74.75418853759766,-105.0979995727539,11.998159408569336,4.039653301239014,20.37575340270996,55.30226135253906,83.31305694580078,81.90888977050781,126.32186889648438,-6.902477264404297,3.2821812629699707,0.0,0.0,0.0,0.0
133,2.662983565000104,1789352901.3602839,17,-0.00813437,-0.12334718,0.0010775576,0.008705441,-24.131493,-66.05229,-91.24588,-67.701355,-112.93841,19.893755,4.775235,19.463505,54.544647,85.065186,77.393974,124.88956,-11.654516,3.4755936,0.0,0.0,0.0,0.0,0.025987154,0.0,-0.0,0.0,-38.3,-34.749996,18.0,-25.080002,40.320004,-26.16,-17.1,11.549995,-6.1499977,-4.3200026,47.280006,7.140001,18.600004,-6.960004,0.0,0.0,0.0,0.0,rl_constraint,0.0002155178226530552,0.0,0.0,0.0,-26.62255859375,-70.13631439208984,-91.01010131835938,-75.929931640625,-104.98866271972656,10.382286071777344,4.91028356552124,20.062488555908203,56.152774810791016,82.26509857177734,80.7057876586914,126.20429229736328,-5.968766689300537,3.799532890319824,0.0,0.0,0.0,0.0
134,2.682349449999947,1789352901.3796492,17,-0.021411782,-0.12336408,0.0010775576,0.008705441,-24.825485,-66.71047,-90.934074,-68.241615,-112.10714,19.291992,4.4947267,19.661877,54.45265,84.96211,78.29398,125.03911,-11.2551775,3.3588638,0.0,0.0,0.0,0.0,-1.6392301,0.0,-0.0,0.0,-31.049995,-31.150005,13.559999,-28.859999,41.22,-33.18,-11.939997,8.150002,-1.8499947,-7.6800065,42.479996,6.9000044,21.240005,-4.6799974,0.0,0.0,0.0,0.0,rl_constraint,0.0002155178226530552,0.0,0.0,0.0,-24.638763427734375,-69.69757843017578,-91.8211898803711,-76.94505310058594,-105.20044708251953,8.89334774017334,5.858875274658203,19.726966857910156,56.94960021972656,81.07869720458984,79.2437973022461,125.99314880371094,-5.074966907501221,4.353306293487549,0.0,0.0,0.0,0.0
135,2.702618887999961,1789352901.3999188,17,-0.05120268,-0.123405546,0.0010775576,0.008705441,-25.381622,-67.293755,-90.70261,-68.86893,-111.281876,18.579885,4.320346,19.824131,54.458874,84.78626,79.08453,125.180916,-10.797666,3.2860932,0.0,0.0,0.0,0.0,-0.6237596,-0.0032972004,-0.0,0.0,-24.949997,-26.850002,8.640005,-33.479996,41.819992,-39.420002,-5.6399965,7.2000046,2.4999962,-9.9,36.540005,7.499995,25.259998,-1.8,0.0,0.0,0.0,0.0,rl_constraint,0.00021381027181632817,0.0,0.0,0.0,-22.188364028930664,-69.73951721191406,-92.34559631347656,-77.99022674560547,-105.6423568725586,7.546304225921631,6.928973197937012,19.439599990844727,57.84499740600586,79.67196655273438,77.72330474853516,125.69554138183594,-4.262696266174316,4.9608235359191895,0.0,0.0,0.0,0.0
136,2.7228982649999125,1789352901.4201984,17,-0.049397685,-0.123428494,0.0010775576,0.008705441,-25.835415,-67.79091,-90.57986,-69.59506,-110.504234,17.754936,4.262778,19.945759,54.535046,84.5481,79.76069,125.30889,-10.290001,3.279213,0.0,0.0,0.0,0.0,0.45296848,-0.0030774148,-0.0,0.0,-19.849995,-22.400002,3.9599946,-37.259995,38.280006,-42.479996,-0.17999725,4.4000015,5.449997,-14.220003,30.719997,5.9400053,27.660004,2.0999954,0.0,0.0,0.0,0.0,rl_constraint,0.00021381027181632817,0.0,0.0,0.0,-19.35780906677246,-69.92509460449219,-92.7371826171875,-78.89315795898438,-106.18289184570312,6.456587791442871,8.097539901733398,19.043712615966797,58.67950439453125,78.33065795898438,76.15286254882812,125.43584442138672,-3.5272583961486816,5.635873317718506,0.0,0.0,0.0,0.0
137,2.74304681600006,1789352901.440347,17,-0.042252492,-0.12343413,0.0010775576,0.008705441,-26.17575,-68.19839,-90.544815,-70.37102,-109.800644,16.847273,4.3190827,20.002556,54.700893,84.223854,80.31042,125.412865,-9.733461,3.3341994,0.0,0.0,0.0,0.0,-0.025987154,0.0,-0.0,0.0,-13.799995,-18.149998,-0.9599991,-41.160004,32.280003,-46.979996,5.4,1.699997,10.400002,-18.359995,23.579998,4.3200026,29.400005,3.6,0.0,0.0,0.0,0.0,rl_constraint,0.00021381027181632817,0.0,0.0,0.0,-16.33329963684082,-70.2801284790039,-92.95320129394531,-79.72633361816406,-106.71436309814453,5.608410835266113,9.33639144897461,18.58249855041504,59.43779373168945,77.16104888916016,74.63646697998047,125.24568939208984,-2.853851318359375,6.282774925231934,0.0,0.0,0.0,0.0
138,2.762974419999864,1789352901.4602747,17,-0.044387214,-0.12343977,0.0010775576,0.008705441,-26.398167,-68.52546,-90.61894,-71.2082,-109.18448,15.858202,4.4774504,20.016117,54.949825,83.80649,80.73193,125.48573,-9.13461,3.4340653,0.0,0.0,0.0,0.0,0.0,0.0,-0.0,0.0,-7.8499947,-14.650005,-5.519998,-42.479996,27.780003,-51.539997,10.500005,-0.79999924,14.700005,-23.040005,18.239996,2.8799973,29.7,6.5999956,0.0,0.0,0.0,0.0,rl_constraint,0.0002684517821762711,0.0,0.0,0.0,-13.31434440612793,-70.88053131103516,-92.78884887695312,-80.4545669555664,-107.2669906616211,4.911931037902832,10.586631774902344,18.078229904174805,60.22923278808594,76.09593200683594,73.26285552978516,124.80596160888672,-2.15323543548584,6.904640197753906,0.0,0.0,0.0,0.0
139,2.782925066000189,1789352901.480225,17,-0.04012117,-0.1234454,0.0010775576,0.0087020425,-26.49805,-68.80584,-90.76341,-72.11052,-108.66095,14.793215,4.761447,19.96962,55.283844,83.28809,81.05069,125.52939,-8.492212,3.6109862,0.0,0.0,0.0,0.0,0.7314338,0.0,-0.0,0.0,-2.1500015,-13.049995,-7.920003,-45.059998,21.959995,-53.459995,16.020002,-3.7000008,18.249996,-27.359995,12.360003,0.9,33.18,10.8,0.0,0.0,0.0,0.0,rl_constraint,0.0002684517821762711,0.0,0.0,0.0,-10.35347843170166,-71.40188598632812,-92.54766845703125,-81.14043426513672,-107.7644271850586,4.363956928253174,11.82645320892334,17.569374084472656,60.83672332763672,75.2655258178711,72.14396667480469,124.25416564941406,-1.473573923110962,7.499760627746582,0.0,0.0,0.0,0.0
140,2.8026110490000065,1789352901.499911,17,-0.022961834,-0.12346835,0.0010775576,0.0087020425,-26.47927,-69.053185,-90.92254,-72.98242,-108.26705,13.755857,5.1509676,19.8723,55.6719,82.71156,81.23176,125.52645,-7.853261,3.8371537,0.0,0.0,0.0,0.0,0.5160889,0.0,-0.0,0.0,4.250004,-12.149998,-8.339996,-44.219997,17.04,-52.32,22.200005,-5.6500053,21.400005,-32.160004,6.7800064,-1.9199982,33.599995,13.559999,0.0,0.0,0.0,0.0,rl_constraint,0.0002889423631131649,0.0,0.0,0.0,-7.865906715393066,-72.15018463134766,-91.92552947998047,-81.8388900756836,-108.1677017211914,3.791520595550537,13.166508674621582,17.212602615356445,61.34803009033203,74.5443344116211,71.34077453613281,123.50261688232422,-0.7732132077217102,8.04189395904541,0.0,0.0,0.0,0.0
141,2.8231944260001,1789352901.5204947,17,-0.022397561,-0.123482436,0.0010775576,0.0087020425,-26.3298,-69.29782,-91.097725,-73.879524,-107.96941,12.699591,5.6606646,19.73386,56.125614,82.038925,81.30181,125.47841,-7.1813917,4.1236496,0.0,0.0,0.0,0.0,-0.025987154,0.0,-0.0,0.0,10.099995,-12.349995,-8.399996,-45.059998,12.6,-51.659996,27.419994,-8.100002,23.95,-34.740005,-0.059999086,-3.2400055,34.740005,16.259998,0.0,0.0,0.0,0.0,rl_constraint,0.0002889423631131649,0.0,0.0,0.0,-5.578792572021484,-72.69776916503906,-91.26913452148438,-82.52395629882812,-108.48542785644531,3.2906038761138916,14.43940544128418,16.87498664855957,61.694950103759766,73.95744323730469,70.75961303710938,122.65603637695312,-0.031200729310512543,8.519128799438477,0.0,0.0,0.0,0.0
142,2.84352965700009,1789352901.5408297,17,-0.022264991,-0.12349209,0.0010775576,0.0087020425,-26.068954,-69.55586,-91.258896,-74.76598,-107.772995,11.659749,6.2731657,19.549416,56.62832,81.31567,81.239174,125.38192,-6.502986,4.4626875,0.0,0.0,0.0,0.0,0.07982424,0.0,-0.0,0.0,16.45,-12.899998,-7.2,-43.439995,7.080002,-51.900005,33.060005,-10.900005,26.2,-37.380005,-5.2200027,-6.000005,33.960003,18.299995,0.0,0.0,0.0,0.0,rl_constraint,0.0002889423631131649,0.0,0.0,0.0,-3.765742540359497,-73.10313415527344,-90.63194274902344,-83.26758575439453,-108.63697052001953,2.7812767028808594,15.658129692077637,16.708478927612305,61.863731384277344,73.5517349243164,70.40836334228516,121.82078552246094,0.6956090331077576,8.852290153503418,0.0,0.0,0.0,0.0
143,2.8628144419999444,1789352901.5601144,17,-0.013896073,-0.12350417,0.0010775576,0.0087020425,-25.686298,-69.82937,-91.381035,-75.64394,-107.66049,10.648402,6.978667,19.32162,57.154186,80.55099,81.07675,125.22461,-5.8092546,4.8235884,0.0,0.0,0.0,0.0,0.89665705,0.0,-0.0,0.0,21.899998,-14.200001,-5.519998,-44.1,2.6400008,-50.4,38.400005,-12.0,26.549995,-38.879997,-11.580002,-9.9,34.2,18.239996,0.0,0.0,0.0,0.0,rl_constraint,0.0002919305698014796,0.0,0.0,0.0,-2.365692138671875,-73.53670501708984,-89.80282592773438,-84.00896453857422,-108.69606018066406,2.239659070968628,16.859670639038086,16.610145568847656,62.035011291503906,73.14805603027344,70.3906021118164,120.9205322265625,1.464164137840271,9.14618968963623,0.0,0.0,0.0,0.0
144,2.8828728560001764,1789352901.5801728,17,0.0016724237,-0.12351102,0.0010775576,0.0087020425,-25.171612,-70.13793,-91.4619,-76.529625,-107.62825,9.654648,7.7927947,19.064518,57.69604,79.75942,80.77986,124.992775,-5.092012,5.229135,0.0,0.0,0.0,0.0,0.38056818,0.0,-0.0,0.0,28.55,-15.799999,-1.1399963,-42.659996,0.4800064,-46.319992,41.34,-12.650002,26.499996,-38.7,-17.04,-12.839996,34.14,19.740002,0.0,0.0,0.0,0.0,rl_constraint,0.0002919305698014796,0.0,0.0,0.0,-1.3008350133895874,-73.72966003417969,-89.08025360107422,-84.79808044433594,-108.64210510253906,1.7052522897720337,17.94279670715332,16.667394638061523,62.095542907714844,72.88725280761719,70.65670013427734,120.10115051269531,2.220468759536743,9.290992736816406,0.0,0.0,0.0,0.0
145,2.903040350000083,1789352901.6003408,17,0.004204854,-0.12351464,0.0010775576,0.0087020425,-24.559216,-70.45539,-91.43958,-77.36177,-107.65218,8.7558565,8.630297,18.817085,58.20559,79.01261,80.38102,124.707085,-4.4053116,5.6263046,0.0,0.0,0.0,0.0,0.027843136,0.0,-0.0,0.0,34.45,-16.649998,2.7,-42.3,-2.5200028,-43.800003,45.059998,-12.400005,25.45,-37.68,-23.519999,-15.659994,34.559994,20.400005,0.0,0.0,0.0,0.0,rl_constraint,0.0003222395316697657,0.0,0.0,0.0,-0.6223070621490479,-73.96582794189453,-88.20128631591797,-85.6578140258789,-108.51675415039062,1.0732992887496948,18.988874435424805,16.922483444213867,62.157806396484375,72.66475677490234,71.24478912353516,119.35237121582031,2.9338786602020264,9.343448638916016,0.0,0.0,0.0,0.0
146,2.9230921620001027,1789352901.620392,17,0.010024345,-0.123515844,0.0010775576,0.0087020425,-23.81163,-70.793015,-91.366646,-78.1995,-107.70615,7.878447,9.550937,18.5667,58.70677,78.2645,79.85782,124.34776,-3.693068,6.0331697,0.0,0.0,0.0,0.0,0.89665705,0.0,-0.0,0.0,40.55,-17.25,5.2800016,-41.280003,-2.4600036,-43.980003,46.500004,-12.600002,23.850002,-36.540005,-28.979998,-19.259995,36.059998,20.7,0.0,0.0,0.0,0.0,rl_constraint,0.0003222395316697657,0.0,0.0,0.0,-0.1825675368309021,-73.9170150756836,-87.49492645263672,-86.5709457397461,-108.35255432128906,0.4018157422542572,19.86308479309082,17.368806838989258,62.26713562011719,72.5141372680664,72.05941009521484,118.739501953125,3.5772602558135986,9.285896301269531,0.0,0.0,0.0,0.0
147,2.942836873000033,1789352901.640137,17,0.024780424,-0.12351383,0.0010775576,0.0087020425,-22.947052,-71.14272,-91.19744,-79.020935,-107.76143,7.0389404,10.516937,18.32452,59.175865,77.55418,79.21288,123.929245,-2.9844222,6.431424,0.0,0.0,0.0,0.0,0.025987154,0.0030774185,-0.0,0.0,46.300003,-17.25,10.380007,-41.040005,-2.8199983,-42.000004,49.019993,-11.599995,22.300003,-34.499996,-35.339996,-22.56,35.88,19.859999,0.0,0.0,0.0,0.0,rl_constraint,0.0003222395316697657,0.0,0.0,0.0,-0.019978301599621773,-73.71171569824219,-86.94857788085938,-87.58455657958984,-108.12801361083984,-0.330176442861557,20.55177116394043,18.074886322021484,62.408992767333984,72.50184631347656,73.11540985107422,118.33280181884766,4.058806896209717,9.116348266601562,0.0,0.0,0.0,0.0
148,2.962766745999943,1789352901.6600668,17,0.01666645,-0.12348606,0.0010775576,0.0087020425,-21.962334,-71.47647,-90.96443,-79.848526,-107.833405,6.23584,11.504567,18.111729,59.605614,76.88679,78.432396,123.46452,-2.2644196,6.8072114,0.0,0.0,0.0,0.0,-0.43254927,0.0030774174,-0.0,0.0,52.4,-16.350002,13.260004,-41.160004,-3.480002,-39.059994,49.559998,-9.149998,20.750004,-32.4,-42.42,-23.4,35.16,18.06,0.0,0.0,0.0,0.0,rl_constraint,0.0003211722942069173,0.0,0.0,0.0,-0.1063409149646759,-73.57660675048828,-86.35770416259766,-88.64624786376953,-107.95225524902344,-1.087264895439148,21.104433059692383,18.858997344970703,62.83552551269531,72.36309814453125,74.33444213867188,117.97017669677734,4.424499034881592,8.874100685119629,0.0,0.0,0.0,0.0
149,2.983432460000131,1789352901.6807327,17,0.013498363,-0.12345828,0.0010775576,0.0087020425,-20.828316,-71.799866,-90.657394,-80.69575,-107.90262,5.4402785,12.523082,17.958,60.012108,76.25579,77.51198,122.95445,-1.5393906,7.1579084,0.0,0.0,0.0,0.0,0.025987154,0.0,-0.0,0.0,57.8,-15.299995,16.379997,-41.819992,-2.2199936,-37.139996,48.78,-5.7000046,18.899998,-29.099995,-47.879997,-24.599995,33.900005,16.800005,0.0,0.0,0.0,0.0,rl_constraint,0.0003211722942069173,0.0,0.0,0.0,-0.466696560382843,-73.3470458984375,-85.96648406982422,-89.84636688232422,-107.78590393066406,-1.8239212036132812,21.447145462036133,19.81118392944336,63.441307067871094,72.22297668457031,75.71427917480469,117.79303741455078,4.575303554534912,8.50356388092041,0.0,0.0,0.0,0.0
150,3.002817685000082,1789352901.7001178,17,0.013579944,-0.12342809,0.0010775576,0.0087020425,-19.636906,-72.081726,-90.30243,-81.5188,-107.9433,4.7082047,13.486171,17.880283,60.36865,75.71376,76.51394,122.452614,-0.86267394,7.4489503,0.0,0.0,0.0,0.0,0.0,0.0,-0.0,0.0,64.15001,-13.400002,19.440006,-42.659996,-1.740001,-36.12,47.939995,-1.9000053,17.650005,-26.94,-54.059998,-25.619993,33.18,13.5,0.0,0.0,0.0,0.0,rl_constraint,0.00036364755942486227,0.0,0.0,0.0,-1.3090158700942993,-73.40657043457031,-85.47261810302734,-91.21107482910156,-107.64595031738281,-2.578394651412964,21.70854377746582,21.008079528808594,64.34264373779297,71.98651885986328,77.3162841796875,117.65311431884766,4.546278953552246,8.044772148132324,0.0,0.0,0.0,0.0
151,3.0230133170002773,1789352901.7203135,17,0.0016418305,-0.12342366,0.0010775576,0.0087020425,-18.292362,-72.33029,-89.89107,-82.38168,-107.97366,3.9684403,14.446596,17.89951,60.699417,75.24066,75.378746,121.93411,-0.19864655,7.6785645,0.0,0.0,0.0,0.0,-1.1918297,0.0,-0.0,0.0,70.200005,-11.900002,21.420002,-44.580006,-1.3199936,-35.760002,45.96,4.0499954,13.799995,-19.859999,-59.46,-24.780006,31.919994,8.459994,0.0,0.0,0.0,0.0,rl_constraint,0.00036364755942486227,0.0,0.0,0.0,-2.2693865299224854,-73.47411346435547,-85.04967498779297,-92.65733337402344,-107.59618377685547,-3.1979758739471436,21.799917221069336,22.304473876953125,65.57562255859375,71.59099578857422,78.84004211425781,117.71875762939453,4.306884288787842,7.462075233459473,0.0,0.0,0.0,0.0
152,3.0434733249999226,1789352901.7407734,17,-0.016873803,-0.123449825,0.0010775576,0.008698643,-16.789776,-72.5437,-89.44102,-83.30158,-107.99341,3.220862,15.385213,17.990868,61.071075,74.74373,74.28567,121.4158,0.44303742,7.8775816,0.0,0.0,0.0,0.0,-0.24319148,0.0,-0.0,0.0,76.65,-8.650005,22.56,-45.72,-0.4800064,-37.319992,44.28,7.2000046,17.800003,-20.340006,-47.939995,-25.319998,31.260004,8.1,0.0,0.0,0.0,0.0,rl_constraint,0.00036364755942486227,0.0,0.0,0.0,-3.5523171424865723,-73.74182891845703,-84.76002502441406,-94.20050048828125,-107.37553405761719,-3.6336262226104736,21.746652603149414,23.825918197631836,66.95127868652344,71.00194549560547,80.41377258300781,118.12885284423828,3.9865574836730957,6.824249744415283,0.0,0.0,0.0,0.0
153,3.0630119689999447,1789352901.760312,17,-0.028794922,-0.123460695,0.0010775576,0.008698643,-15.242271,-72.70031,-89.02598,-84.255196,-107.98661,2.5137818,16.21004,18.173504,61.435776,74.371506,73.35997,120.951454,1.0003875,7.9923615,0.0,0.0,0.0,0.0,-1.5891085,-0.0030774162,-0.0,0.0,82.049995,-7.4000015,21.119993,-51.539997,1.9199982,-34.920002,41.880005,11.900002,21.099998,-19.560003,-46.079998,-23.280003,25.680006,4.2600036,0.0,0.0,0.0,0.0,rl_constraint,0.0003826440079137683,0.0,0.0,0.0,-5.217158794403076,-74.4810791015625,-84.2166519165039,-95.72080993652344,-106.96499633789062,-3.8682329654693604,21.625328063964844,25.427104949951172,68.30911254882812,70.29318237304688,82.07666778564453,118.59673309326172,3.7658023834228516,6.181777477264404,0.0,0.0,0.0,0.0
154,3.082380390000253,1789352901.7796803,17,-0.055703267,-0.123571396,0.0010775576,0.008698643,-13.539906,-72.80351,-88.65184,-85.34382,-107.955475,1.8178803,16.952948,18.493893,61.893482,73.954414,72.46723,120.52451,1.4960632,8.023494,0.0,0.0,0.0,0.0,-0.3675729,-0.022423511,-0.0,0.0,88.15001,-2.2000008,16.680006,-57.059994,2.3400054,-34.980003,34.439995,19.400002,24.299995,-20.999996,-43.32,-19.380007,22.619999,-0.059999086,0.0,0.0,0.0,0.0,rl_constraint,0.0003826440079137683,0.0,0.0,0.0,-7.008572578430176,-75.44634246826172,-83.62748718261719,-97.21784973144531,-106.38397979736328,-3.8133208751678467,21.31734275817871,27.16886329650879,69.29190826416016,69.6779556274414,83.53836822509766,119.23909759521484,3.64618182182312,5.505679130554199,0.0,0.0,0.0,0.0
155,3.1033531680000124,1789352901.8006532,17,-0.055016622,-0.12545289,0.0010775576,0.008698643,-11.686729,-72.85199,-88.27182,-86.577484,-107.89575,1.1425781,17.600866,18.962757,62.423824,73.54101,71.64344,120.15323,1.9294052,7.9740143,0.0,0.0,0.0,0.0,-0.053833686,-0.18994738,-0.0,0.0,92.200005,-5.5999947,25.499996,-62.339996,3.4200027,-33.120003,28.979998,25.649998,27.05,-19.859999,-36.72,-15.539996,19.440006,-3.1800065,0.0,0.0,0.0,0.0,rl_constraint,0.00039246241794899106,0.0,0.0,0.0,-9.166056632995605,-76.90901184082031,-82.66484832763672,-98.67232513427734,-105.72348022460938,-3.604947090148926,20.86758804321289,28.995634078979492,69.98621368408203,69.1484603881836,84.74801635742188,119.91336059570312,3.6554014682769775,4.8513875007629395,0.0,0.0,0.0,0.0
156,3.1232995800000936,1789352901.8205998,17,-0.0564477,-0.13456322,0.0010775576,0.008698643,-9.819248,-72.9857,-87.79978,-87.87328,-107.80935,0.4826294,18.228254,19.526676,62.993443,73.16473,70.973,119.87026,2.2864609,7.867831,0.0,0.0,0.0,0.0,0.34158236,-0.7856138,-0.0,0.0,94.90001,-8.25,21.119993,-68.04001,6.1200027,-31.140005,30.959995,30.849998,30.0,-18.179996,-31.859995,-11.460004,15.539996,-6.2400007,0.0,0.0,0.0,0.0,rl_constraint,0.00039246241794899106,0.0,0.0,0.0,-11.51601505279541,-78.51634216308594,-81.56194305419922,-99.84861755371094,-105.11550903320312,-3.472472667694092,20.498252868652344,30.52244758605957,70.12296295166016,68.9491958618164,85.69573974609375,120.55429077148438,3.839313268661499,4.26255989074707,0.0,0.0,0.0,0.0
157,3.14308595600005,1789352901.8403862,17,-0.030572722,-0.15822579,0.0010775576,0.008698643,-7.9313965,-73.210915,-87.3261,-89.24589,-107.67417,-0.0951828,18.763454,20.180225,63.62123,72.78165,70.406395,119.67932,2.578354,7.703064,0.0,0.0,0.0,0.0,1.3236384,-1.6337837,-0.0,0.0,95.6,-15.450005,28.440006,-64.92,7.499995,-28.740002,22.320004,36.85,34.049995,-21.180006,-25.259998,-7.4399962,13.260004,-10.199995,0.0,0.0,0.0,0.0,rl_constraint,0.00039246241794899106,0.0,0.0,0.0,-13.935101509094238,-80.21220397949219,-80.60164642333984,-100.83014678955078,-104.49092864990234,-3.355109214782715,20.06780433654785,31.825082778930664,69.60060119628906,69.11942291259766,86.33952331542969,121.22471618652344,4.1826324462890625,3.723111152648926,0.0,0.0,0.0,0.0
158,3.1627619310002046,1789352901.860062,17,-0.015337349,-0.20308961,0.0010775576,0.008698643,-6.0969887,-73.599144,-86.77719,-90.458435,-107.50311,-0.60680234,19.160458,20.996029,64.306885,72.35387,69.98995,119.570114,2.8190231,7.4649353,0.0,0.0,0.0,0.0,0.7964102,-2.6586902,-0.0,0.0,88.950005,-22.55,27.359995,-57.899994,9.540006,-24.599995,18.119999,44.15,34.250004,-20.580002,-17.519993,-2.759999,11.819998,-12.360003,0.0,0.0,0.0,0.0,rl_constraint,0.0004059093480464071,0.0,0.0,0.0,-16.378896713256836,-81.97730255126953,-79.41175079345703,-101.30906677246094,-103.8155288696289,-3.306015968322754,19.48196029663086,32.73167419433594,68.98789978027344,69.19408416748047,86.80747985839844,121.55403900146484,4.709142208099365,3.360503673553467,0.0,0.0,0.0,0.0
159,3.1821733830001904,1789352901.8794732,17,-0.0056869206,-0.26226375,0.0010775576,0.008698643,-4.3485947,-74.0917,-86.15784,-91.57927,-107.28263,-1.0576675,19.486258,21.917622,64.988655,71.93041,69.70058,119.56141,3.0198395,7.174182,0.0,0.0,0.0,0.0,-0.13180535,-3.107221,-0.0,0.0,84.75,-26.3,32.160004,-56.039997,12.300005,-22.619999,13.260004,48.999996,32.9,-21.119993,-10.500005,2.2199936,9.119998,-15.659994,0.0,0.0,0.0,0.0,rl_constraint,0.0004059093480464071,0.0,0.0,0.0,-18.799406051635742,-83.37322235107422,-78.31732177734375,-101.34508514404297,-102.94024658203125,-3.4058172702789307,18.997509002685547,33.241355895996094,67.80579376220703,69.57611083984375,87.148193359375,121.85147094726562,5.327993869781494,3.017683744430542,0.0,0.0,0.0,0.0
160,3.2019644100000733,1789352901.8992643,17,-0.005986053,-0.32437402,0.0010809568,0.008698643,-2.7654762,-74.64896,-85.52482,-92.63095,-107.01775,-1.4418595,19.714237,22.938984,65.58657,71.55797,69.53839,119.62068,3.2105758,6.846652,0.0,0.0,0.0,0.0,0.16150786,-3.118585,-0.0,0.0,78.0,-31.350002,32.280003,-52.559994,15.840006,-18.96,8.279997,54.999996,28.5,-17.219997,-5.6399965,3.9599946,10.919998,-16.559994,0.0,0.0,0.0,0.0,rl_constraint,0.0004308822099119425,0.0,0.0,0.0,-21.287277221679688,-84.7503433227539,-77.00678253173828,-101.2516860961914,-101.94766235351562,-3.682734489440918,18.514619827270508,33.348453521728516,66.51980590820312,69.96493530273438,87.31177520751953,121.99552917480469,6.025895118713379,2.8465609550476074,0.0,0.0,0.0,0.0
161,3.222169455999847,1789352901.9194694,17,0.014144218,-0.3793377,0.0010809568,0.008698643,-1.2356415,-75.360214,-84.856766,-93.679596,-106.678154,-1.79691,19.846252,24.092445,66.11584,71.22413,69.452255,119.7324,3.4206758,6.480176,0.0,0.0,0.0,0.0,1.4164579,-2.0769465,-0.0,0.0,70.90001,-37.849995,33.840004,-49.260002,19.500004,-16.499996,3.7799973,55.55,23.100002,-14.819994,-0.8400009,7.3199983,10.919998,-19.440006,0.0,0.0,0.0,0.0,rl_constraint,0.0004308822099119425,0.0,0.0,0.0,-23.657634735107422,-85.71229553222656,-75.81468200683594,-101.03582763671875,-100.82066345214844,-4.085428714752197,17.996551513671875,33.04875946044922,65.2132339477539,70.39362335205078,87.24099731445312,122.04014587402344,6.798649787902832,2.7628135681152344,0.0,0.0,0.0,0.0
162,3.243038285000239,1789352901.9403384,17,0.037462972,-0.41339287,0.0010809568,0.008695244,0.12751007,-76.17615,-84.12647,-94.6118,-106.28528,-2.0951066,19.88351,25.2029,66.518684,70.961655,69.5232,119.89227,3.6451263,6.09516,0.0,0.0,0.0,0.0,0.9356429,-1.0245218,-0.0,0.0,65.4,-43.4,39.420002,-44.28,22.56,-13.200005,-0.11999817,56.100002,17.050003,-11.159994,7.4399962,9.299995,12.300005,-19.079998,0.0,0.0,0.0,0.0,rl_constraint,0.0004308822099119425,0.0,0.0,0.0,-25.93098258972168,-86.23556518554688,-74.7992935180664,-100.61394500732422,-99.50503540039062,-4.569723129272461,17.40793228149414,32.39157485961914,63.938167572021484,70.8841552734375,87.06546783447266,122.31449127197266,7.452516555786133,2.686009407043457,0.0,0.0,0.0,0.0
163,3.2630201890001445,1789352901.9603205,17,0.052378815,-0.42026323,0.0010809568,0.008695244,1.3859482,-77.076805,-83.31403,-95.45008,-105.826546,-2.3642852,19.834263,26.26878,66.80161,70.75846,69.74063,120.08231,3.9007232,5.7069855,0.0,0.0,0.0,0.0,0.38056818,0.126284,-0.0,0.0,60.249996,-46.4,40.859993,-38.64,25.740005,-13.440001,-3.8999953,50.25,11.750004,-9.419993,12.659999,9.600004,12.719998,-18.239996,0.0,0.0,0.0,0.0,rl_constraint,0.00042405203566886485,0.0,0.0,0.0,-28.18286895751953,-86.56224060058594,-73.70062255859375,-100.11296081542969,-97.9813003540039,-5.172371864318848,16.707700729370117,31.426210403442383,63.16664505004883,71.05815887451172,86.7625732421875,122.51555633544922,8.077661514282227,2.7584102153778076,0.0,0.0,0.0,0.0
164,3.283500722000099,1789352901.9808013,17,0.055135597,-0.4148711,0.0010809568,0.008695244,2.5525475,-78.04625,-82.45011,-96.187256,-105.28109,-2.6290696,19.72245,27.246346,66.97311,70.603676,70.090454,120.30057,4.198714,5.316504,0.0,0.0,0.0,0.0,-0.025987154,0.46889266,-0.0,0.0,53.700005,-48.1,44.28,-33.18,28.740002,-13.200005,-6.5999956,44.100002,5.8500023,-4.980006,20.099995,10.919998,15.000005,-17.640005,0.0,0.0,0.0,0.0,rl_constraint,0.00042405203566886485,0.0,0.0,0.0,-30.248502731323242,-86.4480972290039,-72.96569061279297,-99.42524719238281,-96.23564910888672,-5.831254959106445,15.944879531860352,30.146482467651367,62.49602127075195,71.22543334960938,86.3005142211914,122.85488891601562,8.669815063476562,2.856015920639038,0.0,0.0,0.0,0.0
165,3.303027922000183,1789352902.0003278,17,0.05498603,-0.3983056,0.0010809568,0.008695244,3.5451279,-78.98909,-81.589966,-96.78874,-104.67889,-2.8853393,19.545584,28.04337,67.00565,70.50706,70.51388,120.52164,4.523305,4.9809813,0.0,0.0,0.0,0.0,0.0,1.1931403,-0.0,0.0,47.800003,-47.95,44.640007,-28.199995,32.280003,-12.719998,-10.079997,38.2,-2.050003,-3.4200027,24.180002,11.580002,17.580006,-16.2,0.0,0.0,0.0,0.0,rl_constraint,0.0004574559279717505,0.0,0.0,0.0,-32.42814636230469,-86.18321228027344,-72.39114379882812,-98.72428131103516,-94.29915618896484,-6.553601264953613,15.13282299041748,28.64497184753418,62.206687927246094,71.12105560302734,85.6697769165039,123.31640625,9.371034622192383,3.1512134075164795,0.0,0.0,0.0,0.0
166,3.3230582300002425,1789352902.0203583,17,0.05496903,-0.36989486,0.0010809568,0.008695244,4.439312,-79.91446,-80.68756,-97.298615,-103.96627,-3.1607666,19.296413,28.744457,66.927315,70.47798,71.048256,120.76127,4.8912096,4.668022,0.0,0.0,0.0,0.0,0.0,1.7700074,-0.0,0.0,41.15,-45.0,45.359993,-23.100004,39.240005,-14.040006,-15.359999,31.45,-5.6500053,0.29999542,28.680002,11.819998,19.919998,-14.519999,0.0,0.0,0.0,0.0,rl_constraint,0.0004574559279717505,0.0,0.0,0.0,-34.233985900878906,-85.54977416992188,-72.21438598632812,-98.0504150390625,-92.27335357666016,-7.22259521484375,14.27453327178955,27.126981735229492,62.070858001708984,70.93716430664062,84.96295928955078,123.75743103027344,10.127185821533203,3.4682884216308594,0.0,0.0,0.0,0.0
167,3.342411629000253,1789352902.0397117,17,0.0497818,-0.3191859,0.0010809568,0.008695244,5.208229,-80.7818,-79.767265,-97.69922,-103.14506,-3.45943,18.980818,29.3115,66.735054,70.49699,71.668625,121.017494,5.309363,4.406163,0.0,0.0,0.0,0.0,-0.78155893,3.0233366,-0.0,0.0,35.549995,-41.100002,46.440006,-17.04,43.26,-15.659994,-16.379997,25.849995,-12.999996,0.17999725,34.32,14.340001,21.240005,-12.659999,0.0,0.0,0.0,0.0,rl_constraint,0.0004574559279717505,0.0,0.0,0.0,-35.58540344238281,-84.69580841064453,-72.31814575195312,-97.42086791992188,-90.51384735107422,-7.8614420890808105,13.353522300720215,25.552867889404297,62.059444427490234,70.7079849243164,84.5806884765625,124.18531799316406,10.797764778137207,3.8223371505737305,0.0,0.0,0.0,0.0
168,3.363358337000136,1789352902.0606585,17,0.035120897,-0.24949442,0.0010809568,0.008695244,5.87772,-81.579185,-78.85091,-97.99302,-102.18789,-3.7972457,18.583237,29.793274,66.39843,70.506424,72.45078,121.29347,5.769264,4.1811495,0.0,0.0,0.0,0.0,-0.18564244,3.6918216,-0.0,0.0,29.449997,-36.600002,43.32,-11.7,48.480003,-17.1,-20.7,20.100002,-19.150005,0.66000366,41.940006,14.220003,22.619999,-9.540006,0.0,0.0,0.0,0.0,rl_constraint,0.0004635390650946647,0.0,0.0,0.0,-36.58503723144531,-83.87732696533203,-72.40643310546875,-96.84982299804688,-88.96605682373047,-8.507226943969727,12.372931480407715,23.93903350830078,62.23246765136719,70.20022583007812,84.56536102294922,124.49906921386719,11.509801864624023,4.310795783996582,0.0,0.0,0.0,0.0
169,3.3827573620001203,1789352902.0800574,17,0.035807543,-0.17514248,0.0010809568,0.008695244,6.3998566,-82.247154,-78.03007,-98.17313,-101.175606,-4.147311,18.139925,30.11903,65.970215,70.52296,73.31,121.57009,6.240523,4.0262423,0.0,0.0,0.0,0.0,0.0,3.789762,-0.0,0.0,23.95,-30.899998,40.62,-7.3799973,53.399994,-20.039997,-22.320004,13.549999,-25.049995,0.8400009,47.280006,14.699995,25.080002,-6.960004,0.0,0.0,0.0,0.0,rl_constraint,0.0004635390650946647,0.0,0.0,0.0,-37.22220993041992,-82.9277572631836,-72.69181060791016,-96.24287414550781,-87.67132568359375,-9.067219734191895,11.364838600158691,22.33775520324707,62.4018669128418,69.6715087890625,84.97045135498047,124.80313873291016,12.169431686401367,4.864013671875,0.0,0.0,0.0,0.0
170,3.402877715000159,1789352902.1001778,17,0.035698768,-0.10917441,0.0010809568,0.0086918445,6.8146133,-82.80492,-77.25308,-98.27445,-100.04897,-4.5507293,17.656128,30.340427,65.40833,70.53276,74.32412,121.86641,6.7562895,3.9191391,0.0,0.0,0.0,0.0,-0.025987154,2.6599665,-0.0,0.0,17.499996,-25.150005,36.84,-3.6,58.440002,-21.240005,-27.84,8.100002,-30.949997,-0.11999817,53.219997,15.780006,27.359995,-3.3600037,0.0,0.0,0.0,0.0,rl_constraint,0.0004793338885065168,0.0,0.0,0.0,-37.62736511230469,-82.24116516113281,-72.83261108398438,-95.75406646728516,-86.53162384033203,-9.68268871307373,10.44129467010498,20.893558502197266,62.65285110473633,69.01346588134766,85.80876159667969,125.0875015258789,12.823036193847656,5.472990989685059,0.0,0.0,0.0,0.0
171,3.4230477219998647,1789352902.120348,17,0.035454024,-0.07128799,0.0010809568,0.0086918445,7.1156273,-83.252495,-76.5525,-98.31454,-98.85193,-4.9790177,17.090332,30.448174,64.87754,70.51915,75.44305,122.17032,7.296048,3.8800004,0.0,0.0,0.0,0.0,0.0,0.8171984,-0.0,0.0,12.049999,-19.5,31.980007,0.0,62.580006,-22.44,-30.480001,2.5999947,-23.549995,0.17999725,58.980007,14.579997,27.0,-0.23999634,0.0,0.0,0.0,0.0,rl_constraint,0.0004793338885065168,0.0,0.0,0.0,-37.70625305175781,-81.48846435546875,-73.02056121826172,-95.19375610351562,-85.62320709228516,-10.239806175231934,9.439841270446777,19.468568801879883,63.03736877441406,68.25289154052734,86.8497085571289,125.26970672607422,13.453545570373535,6.154828071594238,0.0,0.0,0.0,0.0
172,3.443180120999841,1789352902.1404803,17,0.0111732865,-0.07162587,0.0010809568,0.0086918445,7.29142,-83.5726,-75.953804,-98.25679,-97.60457,-5.43907,16.477268,30.436066,64.442665,70.52533,76.68014,122.4767,7.870784,3.91241,0.0,0.0,0.0,0.0,-2.3186862,-0.4470449,-0.0,0.0,5.1500015,-12.949997,27.780003,5.0400057,64.14,-24.479998,-33.000004,-3.949997,-19.150005,-2.759999,65.28001,15.840006,29.099995,3.1199937,0.0,0.0,0.0,0.0,rl_constraint,0.0004793338885065168,0.0,0.0,0.0,-37.62760543823242,-80.83403778076172,-73.26618957519531,-94.58039855957031,-84.88268280029297,-10.769757270812988,8.396016120910645,18.129058837890625,63.36756896972656,67.5457534790039,88.10142517089844,125.3823471069336,14.09679126739502,6.90739631652832,0.0,0.0,0.0,0.0
173,3.462906630999896,1789352902.1602068,17,-0.019786948,-0.08649032,0.0010809568,0.0086918445,7.337162,-83.78142,-75.42732,-98.11586,-96.33414,-5.9164534,15.8097515,30.303143,64.113594,70.41991,78.034035,122.784454,8.456108,4.012193,0.0,0.0,0.0,0.0,-0.8149734,-1.0428128,-0.0,0.0,-0.40000534,-7.5999985,25.259998,8.219998,63.9,-23.699995,-35.339996,-9.849998,-14.050003,-6.8400054,70.8,15.060003,29.939997,7.2599993,0.0,0.0,0.0,0.0,rl_constraint,0.0004741045122500509,0.0,0.0,0.0,-37.51853942871094,-80.46730041503906,-73.31673431396484,-93.89149475097656,-84.35328674316406,-11.253058433532715,7.36486291885376,16.83942413330078,63.78828048706055,66.64735412597656,89.43396759033203,125.28778076171875,14.845039367675781,7.754183769226074,0.0,0.0,0.0,0.0
174,3.4829914739998458,1789352902.1802917,17,-0.036392212,-0.115562506,0.0010809568,0.0086918445,7.261402,-83.87386,-74.97989,-97.90604,-95.0629,-6.411635,15.092386,30.038406,63.877052,70.23227,79.51984,123.08644,9.052885,4.1754365,0.0,0.0,0.0,0.0,-0.76113635,-2.1218803,-0.0,0.0,-6.700001,-1.300003,20.400005,13.260004,62.88,-25.619993,-36.419994,-16.250004,-9.899998,-10.440005,77.81999,14.519999,30.360004,10.560003,0.0,0.0,0.0,0.0,rl_constraint,0.0004741045122500509,0.0,0.0,0.0,-37.29378890991211,-80.17446899414062,-73.35728454589844,-93.10599517822266,-84.07597351074219,-11.69755744934082,6.316378593444824,15.52164363861084,64.11302185058594,65.75234985351562,90.86200714111328,125.04833984375,15.654065132141113,8.645050048828125,0.0,0.0,0.0,0.0
175,3.5026517040000726,1789352902.1999516,17,-0.034556624,-0.17529355,0.0010809568,0.0086918445,7.07777,-83.83662,-74.61306,-97.58809,-93.814575,-6.916017,14.328259,29.658943,63.712223,69.994705,81.12404,123.36881,9.663038,4.4147735,0.0,0.0,0.0,0.0,0.7667077,-3.8500512,-0.0,0.0,-12.049999,4.699997,16.379997,19.019999,60.539997,-26.399996,-39.839996,-21.75,-6.3499947,-13.380002,83.76,13.679997,29.939997,13.559999,0.0,0.0,0.0,0.0,rl_constraint,0.0004862707864958793,0.0,0.0,0.0,-37.0872802734375,-80.23056030273438,-73.19652557373047,-92.32093811035156,-84.1701889038086,-12.151570320129395,5.33729887008667,14.266478538513184,64.45614624023438,64.87580108642578,92.2851333618164,124.68119049072266,16.51643943786621,9.624488830566406,0.0,0.0,0.0,0.0
176,3.5231229169999096,1789352902.2204232,17,-0.020147268,-0.27216762,0.0010809568,0.008688445,6.7811737,-83.68079,-74.32641,-97.15931,-92.61339,-7.4290237,13.529498,29.163918,63.614983,69.688576,82.85688,123.622025,10.288134,4.721196,0.0,0.0,0.0,0.0,0.6813087,-5.491172,-0.0,0.0,-17.900002,11.050003,12.2400055,21.719997,58.980007,-25.559994,-39.899994,-27.550003,-2.8500023,-16.860004,90.119995,11.340006,31.799995,17.04,0.0,0.0,0.0,0.0,rl_constraint,0.0004862707864958793,0.0,0.0,0.0,-36.85129165649414,-80.34061431884766,-73.00865173339844,-91.32972717285156,-84.61321258544922,-12.506877899169922,4.366693496704102,13.175902366638184,64.73979949951172,64.05972290039062,93.57584381103516,124.19304656982422,17.42936134338379,10.621227264404297,0.0,0.0,0.0,0.0
177,3.5435220110002774,1789352902.2408223,17,-0.0010605614,-0.39582875,0.0010809568,0.008688445,6.3559456,-83.394905,-74.097565,-96.68116,-91.47656,-7.962245,12.687149,28.536907,63.589645,69.31681,84.740326,123.836136,10.949977,5.107283,0.0,0.0,0.0,0.0,0.95049417,-6.4719944,-0.0,0.0,-23.549995,16.749996,10.079997,25.559994,53.88,-26.219997,-41.100006,-33.550003,0.34999466,-19.620003,88.38,9.660004,31.619999,19.560003,0.0,0.0,0.0,0.0,rl_constraint,0.0004862707864958793,0.0,0.0,0.0,-36.7010498046875,-80.53886413574219,-72.84042358398438,-90.27587127685547,-85.35100555419922,-12.79863452911377,3.4391632080078125,12.27332878112793,64.99758911132812,63.32442855834961,94.77483367919922,123.57877349853516,18.364675521850586,11.613048553466797,0.0,0.0,0.0,0.0
178,3.5630539029998545,1789352902.2603543,17,0.0012033293,-0.52367795,0.001084356,0.008688445,5.8250656,-83.00862,-73.903175,-96.135315,-90.49655,-8.461904,11.847176,27.827969,63.62439,68.891106,86.377365,123.98684,11.587651,5.532056,0.0,0.0,0.0,0.0,-0.6237596,-6.691979,-0.0,0.0,-31.400002,22.5,9.419993,30.300005,46.74,-24.599995,-43.559994,-38.850002,2.5999947,-24.659994,81.78,6.5999956,34.14,25.020002,0.0,0.0,0.0,0.0,rl_constraint,0.0005060143303126097,0.0,0.0,0.0,-36.56325149536133,-80.99976348876953,-72.42218780517578,-89.17122650146484,-86.41863250732422,-13.06594467163086,2.4818294048309326,11.483977317810059,65.43447875976562,62.576393127441406,95.58067321777344,122.86129760742188,19.26801300048828,12.581751823425293,0.0,0.0,0.0,0.0
179,3.5833211210001537,1789352902.2806213,17,-0.0052824114,-0.65656745,0.001084356,0.008688445,5.1194344,-82.53645,-73.71914,-95.46548,-89.567635,-8.97138,10.933031,26.951088,63.68762,68.366806,88.008095,124.086075,12.29127,6.0677767,0.0,0.0,0.0,0.0,0.5402201,-6.0429125,-0.0,0.0,-36.949997,19.649998,7.6199937,32.280003,43.2,-23.880007,-43.920002,-46.200005,3.3499947,-26.339996,77.81999,2.2199936,34.740005,26.399996,0.0,0.0,0.0,0.0,rl_constraint,0.0005060143303126097,0.0,0.0,0.0,-36.51546859741211,-81.57974243164062,-72.02238464355469,-87.9688949584961,-87.66443634033203,-13.257111549377441,1.5033552646636963,10.764206886291504,65.94609069824219,61.85866165161133,96.27820587158203,122.0539321899414,20.191207885742188,13.492483139038086,0.0,0.0,0.0,0.0
180,3.60273413799996,1789352902.300034,17,0.005979255,-0.7611545,0.001084356,0.008688445,4.3549805,-82.182304,-73.60524,-94.855736,-88.79935,-9.456207,10.068118,25.98936,63.784824,67.843155,89.496635,124.10784,12.985441,6.6338606,0.0,0.0,0.0,0.0,-0.13551731,-4.619049,-0.0,0.0,-41.449997,16.250004,4.380002,32.4,36.480007,-25.2,-45.780003,-52.6,6.75,-27.419994,73.86,-0.66000366,35.820004,29.819998,0.0,0.0,0.0,0.0,rl_constraint,0.000519994820933789,0.0,0.0,0.0,-36.547306060791016,-82.35928344726562,-71.53362274169922,-86.83306121826172,-89.07474517822266,-13.466211318969727,0.680571973323822,10.202279090881348,66.57218170166016,61.147891998291016,96.82699584960938,121.26388549804688,21.13283920288086,14.38656997680664,0.0,0.0,0.0,0.0
181,3.6232536739998977,1789352902.320554,17,0.0006968432,-0.8322534,0.001084356,0.008685046,3.4636688,-81.91598,-73.48314,-94.17901,-88.1264,-9.933001,9.150938,24.887157,63.92824,67.29054,90.92045,124.042,13.728159,7.261688,0.0,0.0,0.0,0.0,-0.025987154,-2.6360643,-0.0,0.0,-48.0,9.75,8.940001,35.519993,30.360004,-22.980007,-46.139996,-57.600002,8.800003,-28.8,67.85999,-4.559999,38.879997,33.060005,0.0,0.0,0.0,0.0,rl_constraint,0.000519994820933789,0.0,0.0,0.0,-36.63749313354492,-83.02830505371094,-71.06808471679688,-85.51513671875,-90.42298126220703,-13.63864517211914,-0.11336832493543625,9.733978271484375,67.23948669433594,60.50375747680664,97.33485412597656,120.40242767333984,22.054189682006836,15.235607147216797,0.0,0.0,0.0,0.0
182,3.642839849000211,1789352902.3401399,17,0.009426079,-0.86420685,0.001084356,0.008685046,2.4304848,-81.77824,-73.29709,-93.43772,-87.571045,-10.380336,8.231191,23.677025,64.13566,66.667816,92.22382,123.920235,14.483441,7.9469194,0.0,0.0,0.0,0.0,0.9226476,-0.8534702,-0.0,0.0,-54.899998,4.7999954,9.660004,37.74,23.699995,-21.300005,-45.660004,-63.149998,11.599995,-32.280003,64.02,-8.339996,37.139996,35.640007,0.0,0.0,0.0,0.0,rl_constraint,0.000519994820933789,0.0,0.0,0.0,-36.96987533569336,-83.5942153930664,-70.69393920898438,-84.057861328125,-91.65052795410156,-13.774847984313965,-0.8532229065895081,9.47314453125,67.98074340820312,59.918792724609375,97.797119140625,119.50625610351562,22.87712287902832,16.09398078918457,0.0,0.0,0.0,0.0
183,3.663184169000033,1789352902.3604844,17,0.027129296,-0.86910444,0.001084356,0.008678247,1.2746086,-81.72977,-73.09553,-92.65941,-87.134834,-10.794314,7.30448,22.34475,64.38171,66.01837,93.42269,123.71052,15.259763,8.665219,0.0,0.0,0.0,0.0,0.8186854,0.21221603,-0.0,0.0,-60.8,0.24999619,10.2599945,40.38,18.359995,-20.159994,-47.219994,-69.55,12.949997,-31.799995,56.460003,-13.440001,40.200005,36.359993,0.0,0.0,0.0,0.0,rl_constraint,0.000520955363754183,0.0,0.0,0.0,-37.40639114379883,-84.159912109375,-70.31160736083984,-82.47114562988281,-92.77046203613281,-13.926815032958984,-1.4929776191711426,9.471440315246582,68.87279510498047,59.31864547729492,98.24800109863281,118.52915954589844,23.695938110351562,16.934955596923828,0.0,0.0,0.0,0.0
184,3.6829160090001096,1789352902.3802161,17,0.04115114,-0.8604858,0.001084356,0.008664651,0.018951416,-81.76668,-72.88404,-91.82439,-86.81769,-11.180951,6.3868055,20.883076,64.67017,65.37034,94.479645,123.42089,16.054005,9.415668,0.0,0.0,0.0,0.0,0.48824236,0.68944895,-0.0,0.0,-65.5,-3.4000053,10.859999,44.339996,13.440001,-19.740002,-44.219997,-76.049995,15.949997,-32.519997,48.719997,-16.800005,40.559998,39.899994,0.0,0.0,0.0,0.0,rl_constraint,0.000520955363754183,0.0,0.0,0.0,-37.93207550048828,-84.65951538085938,-70.0971450805664,-80.73479461669922,-93.84705352783203,-14.060114860534668,-2.0890820026397705,9.614346504211426,69.83211517333984,58.79796600341797,98.61420440673828,117.46356201171875,24.46992301940918,17.70285987854004,0.0,0.0,0.0,0.0
185,3.703089568999985,1789352902.40039,17,0.04639276,-0.8320915,0.001084356,0.0086510535,-1.3535843,-81.86059,-72.666664,-90.90404,-86.62448,-11.5468235,5.491145,19.296055,65.016426,64.70446,95.383026,123.05474,16.863245,10.198883,0.0,0.0,0.0,0.0,-0.025987154,2.2411714,-0.0,0.0,-71.5,-6.3499947,10.979998,47.58,6.1200027,-16.860004,-43.980003,-82.200005,18.650002,-33.42,42.42,-19.740002,39.719997,40.799995,0.0,0.0,0.0,0.0,rl_constraint,0.0005160461296327412,0.0,0.0,0.0,-38.51164627075195,-85.16302490234375,-69.92115783691406,-78.87431335449219,-94.92839050292969,-14.275835990905762,-2.5698046684265137,10.029426574707031,70.91886138916016,58.26398468017578,98.9761962890625,116.27079772949219,25.219501495361328,18.440900802612305,0.0,0.0,0.0,0.0
186,3.7227803330001734,1789352902.4200804,17,0.046120822,-0.77003324,0.001084356,0.008637456,-2.8629227,-82.03275,-72.42958,-89.91499,-86.54944,-11.885861,4.609726,17.602455,65.42362,64.12603,96.17238,122.59837,17.673595,10.932976,0.0,0.0,0.0,0.0,0.0,3.9171236,-0.0,0.0,-78.75,-10.450001,12.540001,50.940006,1.4400055,-15.599996,-44.459995,-86.4,21.949997,-24.659994,36.84,-24.000004,42.120003,41.579998,0.0,0.0,0.0,0.0,rl_constraint,0.0005160461296327412,0.0,0.0,0.0,-39.14729690551758,-85.47847747802734,-69.89714813232422,-76.86666107177734,-96.07151794433594,-14.514286041259766,-3.0467529296875,10.61209774017334,72.03124237060547,57.8575439453125,99.29621887207031,114.9019546508789,25.87275505065918,19.005762100219727,0.0,0.0,0.0,0.0
187,3.7429604070002824,1789352902.4402606,17,0.043962307,-0.6793273,0.001084356,0.008627259,-4.493637,-82.26633,-72.17537,-88.85819,-86.59777,-12.201856,3.7543716,15.876766,65.8921,63.463924,96.854614,122.07443,18.500015,11.773787,0.0,0.0,0.0,0.0,-0.34343833,5.4829187,-0.0,0.0,-84.55,-12.899998,13.320003,54.9,-6.359999,-14.880007,-42.599995,-84.8,24.199997,-38.280006,30.899996,-29.7,42.24,42.659996,0.0,0.0,0.0,0.0,rl_constraint,0.0005160461296327412,0.0,0.0,0.0,-39.70729446411133,-85.6890640258789,-70.0143814086914,-74.783447265625,-97.26483154296875,-14.83145809173584,-3.4703831672668457,11.546582221984863,73.22712707519531,57.41323471069336,99.68570709228516,113.43000030517578,26.4172306060791,19.66412353515625,0.0,0.0,0.0,0.0
188,3.7629099989999304,1789352902.4602098,17,0.019518409,-0.55490303,0.001084356,0.0086204605,-6.240795,-82.54302,-71.91299,-87.71577,-86.76935,-12.491867,2.9317155,14.2191925,66.39463,62.76779,97.40525,121.46814,19.330677,12.597583,0.0,0.0,0.0,0.0,-1.7951701,6.9462843,-0.0,0.0,-90.35,-14.950001,12.300005,59.519997,-11.640001,-13.799995,-39.719997,-81.1,27.500004,-30.300005,25.020002,-33.659996,39.839996,38.159996,0.0,0.0,0.0,0.0,rl_constraint,0.0005223427433520555,0.0,0.0,0.0,-40.36289978027344,-85.88338470458984,-70.11943054199219,-72.75772857666016,-98.41126251220703,-15.210807800292969,-3.8399977684020996,12.787069320678711,74.42610931396484,56.899200439453125,100.10358428955078,111.84681701660156,26.870187759399414,20.15440559387207,0.0,0.0,0.0,0.0
189,3.783060452999962,1789352902.4803607,17,-0.008409708,-0.4076383,0.001084356,0.008610263,-8.112019,-82.854904,-71.6541,-86.48594,-87.053085,-12.766978,2.1418946,12.627502,67.00515,62.15176,97.84354,120.77312,20.13018,13.39107,0.0,0.0,0.0,0.0,-0.32487512,7.6630826,-0.0,0.0,-96.9,-16.300003,13.140005,63.660004,-18.359995,-13.200005,-38.999996,-76.799995,32.15,-31.619999,20.159994,-37.74,39.6,38.76,0.0,0.0,0.0,0.0,rl_constraint,0.0005223427433520555,0.0,0.0,0.0,-41.05765151977539,-86.0042724609375,-70.2778549194336,-70.78334045410156,-99.48545837402344,-15.630280494689941,-4.153633117675781,14.269783973693848,75.59370422363281,56.5330696105957,100.6227035522461,110.23726654052734,27.139680862426758,20.42984390258789,0.0,0.0,0.0,0.0
190,3.8032955690000563,1789352902.5005958,17,-0.003582794,-0.25741822,0.001084356,0.008603464,-10.098347,-83.17806,-71.41616,-85.16658,-87.46092,-13.037626,1.3956482,11.177067,67.662415,61.528973,98.169586,119.98605,20.921745,14.17294,0.0,0.0,0.0,0.0,0.627475,7.2391076,-0.0,0.0,-101.8,-16.45,11.219994,68.7,-23.699995,-13.980006,-36.9,-69.450005,33.75,-30.839996,13.440001,-42.659996,38.999996,37.560005,0.0,0.0,0.0,0.0,rl_constraint,0.0004804344498552382,0.0,0.0,0.0,-41.750633239746094,-86.12864685058594,-70.39034271240234,-68.89221954345703,-100.49530029296875,-16.110218048095703,-4.345668315887451,16.046112060546875,76.76469421386719,56.09233474731445,101.25740051269531,108.64205932617188,27.28717613220215,20.56793975830078,0.0,0.0,0.0,0.0
191,3.8231934430000365,1789352902.5204935,17,-0.00086340576,-0.113148786,0.001084356,0.008596666,-12.246986,-83.513504,-71.21062,-83.71493,-88.00156,-13.320099,0.67343444,9.821091,68.39316,60.921276,98.383286,119.08702,21.697903,14.946693,0.0,0.0,0.0,0.0,-0.051977705,6.727006,-0.0,0.0,-108.1,-16.350002,9.0,73.14,-29.580002,-14.819994,-34.800003,-62.9,37.950005,-28.680002,8.279997,-47.340004,36.239998,35.519993,0.0,0.0,0.0,0.0,rl_constraint,0.0004804344498552382,0.0,0.0,0.0,-42.26652145385742,-86.18547058105469,-70.52213287353516,-67.08768463134766,-101.49553680419922,-16.605762481689453,-4.433633327484131,18.13642692565918,77.9637680053711,55.687923431396484,102.08806610107422,107.05511474609375,27.240921020507812,20.50187873840332,0.0,0.0,0.0,0.0
192,3.843117773999893,1789352902.5404181,17,-0.0020225449,0.004614906,0.001084356,0.0085898675,-14.414188,-83.82339,-71.04766,-82.25836,-88.6323,-13.598561,0.035554506,8.656952,69.17433,60.371426,98.470116,118.152466,22.39405,15.638791,0.0,0.0,0.0,0.0,0.0,5.345345,-0.0,0.0,-114.55,-15.75,7.8000045,76.200005,-36.540005,-15.3,-30.959995,-56.700005,41.2,-27.96,1.5600036,-50.579998,35.820004,33.36,0.0,0.0,0.0,0.0,rl_constraint,0.0004804344498552382,0.0,0.0,0.0,-42.446956634521484,-86.18984985351562,-70.5970458984375,-65.54755401611328,-102.44840240478516,-17.15765953063965,-4.358229160308838,20.602052688598633,79.148681640625,55.39947509765625,103.03278350830078,105.63068389892578,26.975534439086914,20.281906127929688,0.0,0.0,0.0,0.0
193,3.862689025000236,1789352902.5599892,17,-0.0019341648,0.09376614,0.001084356,0.008583069,-16.75732,-84.12972,-70.91706,-80.7056,-89.39814,-13.897609,-0.5671692,7.5645103,70.02335,59.79923,98.42941,117.11409,23.047256,16.297573,0.0,0.0,0.0,0.0,0.0,3.3678794,-0.0,0.0,-120.40001,-15.199997,5.6399965,79.26,-40.140007,-14.940005,-28.919998,-51.8,43.4,-27.660004,-4.5,-54.12,30.360004,30.480001,0.0,0.0,0.0,0.0,rl_constraint,0.0004508125130087137,0.0,0.0,0.0,-42.64766311645508,-86.15483093261719,-70.59288024902344,-64.14910888671875,-103.51885986328125,-17.650184631347656,-4.085162162780762,23.231081008911133,80.2529067993164,55.23102951049805,103.8482894897461,104.30084991455078,26.699420928955078,19.977540969848633,0.0,0.0,0.0,0.0
194,3.8821489199999633,1789352902.579449,17,-0.0028689546,0.14733379,0.001084356,0.00857627,-19.14339,-84.41192,-70.80094,-79.15269,-90.25928,-14.1963825,-1.09888,6.610279,70.89264,59.277393,98.45005,116.03169,23.626442,16.884531,0.0,0.0,0.0,0.0,-0.31002384,1.8266549,-0.0,0.0,-125.549995,-13.900005,5.519998,79.8,-47.999996,-15.060003,-25.080002,-46.699997,45.299995,-26.279997,4.7399964,-55.440006,29.460003,30.360004,0.0,0.0,0.0,0.0,rl_constraint,0.0004508125130087137,0.0,0.0,0.0,-42.579708099365234,-85.91316986083984,-70.61697387695312,-62.98562240600586,-104.61547088623047,-17.95014190673828,-3.576763153076172,26.154714584350586,81.14366912841797,55.30736541748047,104.5421142578125,103.26795959472656,26.436838150024414,19.568286895751953,0.0,0.0,0.0,0.0
195,3.9032912990001023,1789352902.6005917,17,-0.026072133,0.1744804,0.001084356,0.008569472,-21.840694,-84.68248,-70.71997,-77.468956,-91.31249,-14.544662,-1.6037155,5.7026825,71.86603,58.754513,98.57988,114.812965,24.172901,17.436333,0.0,0.0,0.0,0.0,-1.4238852,0.85616916,-0.0,0.0,-130.05,-11.650005,2.5200028,80.45999,-52.800003,-17.279997,-21.119993,-38.399998,48.199997,-23.880007,10.500005,-60.900005,22.980007,22.679996,0.0,0.0,0.0,0.0,rl_constraint,0.00044023370719514787,0.0,0.0,0.0,-42.426795959472656,-85.5750732421875,-70.59412384033203,-62.0033073425293,-105.82160949707031,-18.185487747192383,-2.846859931945801,29.28087615966797,81.9817886352539,55.31044387817383,104.74394989013672,102.32706451416016,26.375165939331055,19.154186248779297,0.0,0.0,0.0,0.0
196,3.9232531339998786,1789352902.6205533,17,-0.05119928,0.18053685,0.0010877553,0.008562674,-24.412525,-84.90037,-70.66693,-75.87919,-92.41444,-14.878688,-1.9643692,5.011551,72.82559,58.296547,98.80796,113.64333,24.594475,17.857632,0.0,0.0,0.0,0.0,-0.59405714,-0.07420513,-0.0,0.0,-133.5,-10.5,2.9999955,80.399994,-59.34,-17.399996,-17.640005,-32.95,49.300003,-22.679996,13.260004,-61.920002,20.039997,19.859999,0.0,0.0,0.0,0.0,rl_constraint,0.00044023370719514787,0.0,0.0,0.0,-41.72801971435547,-85.14794158935547,-70.6023941040039,-61.33122253417969,-106.90021514892578,-18.356046676635742,-1.8587839603424072,32.6795768737793,82.70320129394531,55.248008728027344,104.37422943115234,101.64263153076172,26.421865463256836,18.536392211914062,0.0,0.0,0.0,0.0
