sample_index,elapsed_time_s,wall_time_s,op_state,q_Joint_L0_deg,q_Joint_L1_deg,q_Joint_L2_U_deg,q_Joint_L3_U_deg,q_Joint_L2_L_deg,q_Joint_L3_L_deg,q_Joint_L4_L_deg,q_Joint_L5_L_deg,q_Joint_L6_L_deg,q_Joint_L7_L_deg,q_Joint_L8_L_deg,q_Joint_L2_R_deg,q_Joint_L3_R_deg,q_Joint_L4_R_deg,q_Joint_L5_R_deg,q_Joint_L6_R_deg,q_Joint_L7_R_deg,q_Joint_L8_R_deg,q_Dummy_0_deg,q_Dummy_1_deg,q_Dummy_2_deg,q_Dummy_3_deg,qdot_Joint_L0_deg_s,qdot_Joint_L1_deg_s,qdot_Joint_L2_U_deg_s,qdot_Joint_L3_U_deg_s,qdot_Joint_L2_L_deg_s,qdot_Joint_L3_L_deg_s,qdot_Joint_L4_L_deg_s,qdot_Joint_L5_L_deg_s,qdot_Joint_L6_L_deg_s,qdot_Joint_L7_L_deg_s,qdot_Joint_L8_L_deg_s,qdot_Joint_L2_R_deg_s,qdot_Joint_L3_R_deg_s,qdot_Joint_L4_R_deg_s,qdot_Joint_L5_R_deg_s,qdot_Joint_L6_R_deg_s,qdot_Joint_L7_R_deg_s,qdot_Joint_L8_R_deg_s,qdot_Dummy_0_deg_s,qdot_Dummy_1_deg_s,qdot_Dummy_2_deg_s,qdot_Dummy_3_deg_s,ik_mode,command_Joint_L0_deg,command_Joint_L1_deg,command_Joint_L2_U_deg,command_Joint_L3_U_deg,command_Joint_L2_L_deg,command_Joint_L3_L_deg,command_Joint_L4_L_deg,command_Joint_L5_L_deg,command_Joint_L6_L_deg,command_Joint_L7_L_deg,command_Joint_L8_L_deg,command_Joint_L2_R_deg,command_Joint_L3_R_deg,command_Joint_L4_R_deg,command_Joint_L5_R_deg,command_Joint_L6_R_deg,command_Joint_L7_R_deg,command_Joint_L8_R_deg,command_Dummy_0_deg,command_Dummy_1_deg,command_Dummy_2_deg,command_Dummy_3_deg
0,0.002432662000046548,1789352872.7208722,17,0.00072743633,-0.2431824,0.00035691969,0.008232947,-0.005722046,-79.98074,-96.14324,-100.125374,-90.00491,-0.022288512,0.011590576,0.008617401,79.98426,96.12622,100.08605,90.00067,0.013156128,0.007676697,0.0,0.0,0.0,0.0,0.0,0.0,-0.0,0.0,0.0,0.0,-0.059999086,0.0,-0.059999086,-0.0,0.0,0.0,0.0,0.0,0.0,0.0,-0.0,-0.0,0.0,0.0,0.0,0.0,rl_constraint,0.0,0.0,0.0,0.0,-0.7670544385910034,-77.22889709472656,-92.93489074707031,-100.76438903808594,-99.88856506347656,-2.2463245391845703,3.748701810836792,2.9526124000549316,75.80213165283203,93.7666244506836,96.41228485107422,92.58690643310547,1.1935749053955078,-0.09842723608016968,0.0,0.0,0.0,0.0
1,0.022616896999807068,1789352872.7410567,17,0.00072743633,-0.24319167,0.00035691969,0.008232947,-0.0064086914,-79.97852,-96.141945,-100.12577,-90.013855,-0.0238266,0.015284729,0.012428284,79.98157,96.126045,100.08476,90.00225,0.014213562,0.007635498,0.0,0.0,0.0,0.0,0.0,0.0,-0.0,0.0,-0.14999771,0.5000038,0.29999542,-0.059999086,-1.9199982,-0.3599945,0.9599991,0.8499985,-0.70000076,-0.059999086,-0.17999725,0.41999358,0.29999542,-0.059999086,0.0,0.0,0.0,0.0,rl_constraint,0.0,0.0,0.0,0.0,-0.7651176452636719,-77.20960235595703,-92.95742797851562,-100.7568130493164,-99.9010238647461,-2.231396436691284,3.7276370525360107,2.9501779079437256,75.79891967773438,93.77424621582031,96.41513061523438,92.591064453125,1.1815370321273804,-0.09108075499534607,0.0,0.0,0.0,0.0
2,0.04300872499970865,1789352872.7614486,17,0.00072743633,-0.24319127,0.00035691969,0.008232947,-0.016834259,-79.93671,-96.10383,-100.13416,-90.14359,-0.052720644,0.08319397,0.064567566,79.91603,96.10234,100.04176,90.042656,0.032437135,0.0075942995,0.0,0.0,0.0,0.0,0.0,0.0,-0.0,0.0,-0.9999962,3.9999962,4.559999,-0.7200028,-10.8,-2.4600036,5.8199935,4.8499947,-6.4500046,-3.1800065,-4.7399964,3.8399963,1.8,-0.0,0.0,0.0,0.0,0.0,rl_constraint,0.0,0.0,0.0,0.0,-0.7691513299942017,-77.10543823242188,-92.99531555175781,-100.75366973876953,-99.95909881591797,-2.210472822189331,3.730490207672119,2.960963487625122,75.76055145263672,93.78609466552734,96.39647674560547,92.63087463378906,1.1530812978744507,-0.06725429743528366,0.0,0.0,0.0,0.0
3,0.0626329749998149,1789352872.7810729,17,0.00072743633,-0.24297716,0.00035691969,0.008232947,-0.05224228,-79.79748,-95.94966,-100.15212,-90.41949,-0.14765625,0.2632187,0.19979095,79.70729,95.991844,99.879425,90.16478,0.08061218,0.007305908,0.0,0.0,0.0,0.0,0.0,0.012331896,-0.0,0.0,-2.3499985,9.099998,10.620003,-1.2599945,-17.399996,-6.8400054,10.620003,8.750004,-13.799995,-7.6800065,-11.879997,8.459994,2.5200028,-0.059999086,0.0,0.0,0.0,0.0,rl_constraint,6.108421501949124e-08,0.0,0.0,0.0,-0.797835648059845,-76.9503173828125,-92.88441467285156,-100.7713394165039,-100.00028991699219,-2.3040354251861572,3.8633532524108887,3.0028717517852783,75.6644058227539,93.72216796875,96.27264404296875,92.73818969726562,1.1631187200546265,-0.06020570546388626,0.0,0.0,0.0,0.0
4,0.08309710399998949,1789352872.801537,17,0.00072743633,-0.2425082,0.00035691969,0.008232947,-0.10938263,-79.58857,-95.71086,-100.1846,-90.81316,-0.29998168,0.52171326,0.41281128,79.39418,95.81086,99.60418,90.358925,0.16572876,0.0067840577,0.0,0.0,0.0,0.0,0.0,0.037656326,-0.0,0.0,-3.0999985,11.100002,12.839996,-1.6800019,-22.799995,-8.339996,14.940005,11.800003,-16.699997,-9.119998,-15.180002,11.280006,5.519998,-0.059999086,0.0,0.0,0.0,0.0,rl_constraint,6.108421501949124e-08,0.0,0.0,0.0,-0.8512046933174133,-76.80973052978516,-92.6174545288086,-100.83001708984375,-99.96607971191406,-2.550852060317993,4.087729454040527,3.0576388835906982,75.56670379638672,93.5604476928711,96.04474639892578,92.883544921875,1.2639511823654175,-0.07894325256347656,0.0,0.0,0.0,0.0
5,0.10273222599971632,1789352872.8211722,17,0.00072743633,-0.24173039,0.00035691969,0.008232947,-0.17245102,-79.35354,-95.44404,-100.23062,-91.324165,-0.48293152,0.8251007,0.6632767,79.04338,95.61462,99.28805,90.57942,0.26054078,0.005534363,0.0,0.0,0.0,0.0,0.0,0.0451433,-0.0,0.0,-3.2999954,12.450005,13.980006,-2.9399962,-29.640001,-10.319994,14.880007,12.999996,-17.599995,-9.600004,-16.379997,12.360003,4.2600036,-0.0,0.0,0.0,0.0,0.0,rl_constraint,2.401955612185702e-07,0.0,0.0,0.0,-0.9383394718170166,-76.66727447509766,-92.29976654052734,-100.89472961425781,-99.88882446289062,-2.8710381984710693,4.347237586975098,3.103070020675659,75.53282928466797,93.3594741821289,95.76325225830078,93.05220031738281,1.3762120008468628,-0.11228739470243454,0.0,0.0,0.0,0.0
6,0.12266370599991205,1789352872.8411033,17,0.00072743633,-0.24053727,0.00035691969,0.008232947,-0.24391937,-79.10268,-95.16004,-100.298485,-91.95114,-0.6846405,1.155803,0.923172,78.67985,95.40242,98.955315,90.81795,0.36175233,0.00410614,0.0,0.0,0.0,0.0,0.0,0.07509078,-0.0,0.0,-3.7000008,12.899998,14.220003,-3.9599946,-35.580006,-9.9,16.379997,12.999996,-18.550003,-11.039996,-16.619993,12.480001,5.340001,-0.0,0.0,0.0,0.0,0.0,rl_constraint,2.401955612185702e-07,0.0,0.0,0.0,-1.0132869482040405,-76.5056381225586,-91.95635986328125,-100.99928283691406,-99.75157165527344,-3.236968994140625,4.636590003967285,3.105203151702881,75.57262420654297,93.1196517944336,95.49266815185547,93.20293426513672,1.498212218284607,-0.15755662322044373,0.0,0.0,0.0,0.0
7,0.1430206349996297,1789352872.8614604,17,0.00072743633,-0.23851478,0.00035691969,0.008168362,-0.3088417,-78.83867,-94.86308,-100.36967,-92.69875,-0.9028015,1.5017898,1.1782379,78.31255,95.1782,98.61376,91.06117,0.46863556,-0.00032958985,0.0,0.0,0.0,0.0,0.0,0.100191526,-0.0,0.0,-3.0,13.549999,14.699995,-3.2400055,-40.440002,-10.740001,16.499996,12.999996,-18.299995,-11.759999,-17.16,11.580002,4.440001,-0.17999725,0.0,0.0,0.0,0.0,rl_constraint,2.401955612185702e-07,0.0,0.0,0.0,-1.0472309589385986,-76.33314514160156,-91.58053588867188,-101.10777282714844,-99.55435180664062,-3.6429152488708496,4.942556381225586,3.0393030643463135,75.6391372680664,92.85748291015625,95.2278060913086,93.3341064453125,1.6345869302749634,-0.21881525218486786,0.0,0.0,0.0,0.0
8,0.1630167159996745,1789352872.8814566,17,0.00072743633,-0.2367871,0.00035691969,0.008069784,-0.38280487,-78.56993,-94.55879,-100.425064,-93.56539,-1.1336517,1.8495896,1.4223862,77.954216,94.95051,98.26155,91.30449,0.58062744,-0.006687927,0.0,0.0,0.0,0.0,0.0,0.08103221,-0.0,0.0,-4.1500053,13.150005,15.359999,-2.2800064,-45.9,-11.039996,17.16,11.950001,-17.549995,-11.7,-17.760004,12.2400055,5.6399965,-0.41999358,0.0,0.0,0.0,0.0,rl_constraint,5.31122054781008e-07,0.0,0.0,0.0,-1.0790849924087524,-76.12042236328125,-91.20443725585938,-101.13337707519531,-99.33463287353516,-4.0454864501953125,5.236566543579102,2.9633116722106934,75.69886016845703,92.61106872558594,94.91488647460938,93.49474334716797,1.7442725896835327,-0.2912014126777649,0.0,0.0,0.0,0.0
9,0.18286805199977607,1789352872.9013078,17,0.00072743633,-0.2345208,0.00035691969,0.008011998,-0.4621582,-78.30857,-94.241425,-100.47665,-94.55143,-1.3733047,2.1995728,1.6538315,77.622505,94.72427,97.9128,91.5452,0.68869174,-0.01774292,0.0,0.0,0.0,0.0,0.0,0.17196769,-0.0,0.0,-3.199997,12.700001,15.719994,-3.7199981,-52.619995,-12.2400055,18.179996,10.699997,-16.049995,-11.460004,-16.860004,12.180006,5.459999,-0.7800018,0.0,0.0,0.0,0.0,rl_constraint,5.31122054781008e-07,0.0,0.0,0.0,-1.0971438884735107,-75.88150024414062,-90.82501983642578,-101.15222930908203,-99.03439331054688,-4.442959785461426,5.550045013427734,2.863924264907837,75.79563903808594,92.38237762451172,94.62724304199219,93.62688446044922,1.836226463317871,-0.38048604130744934,0.0,0.0,0.0,0.0
10,0.20255416200006948,1789352872.920994,17,0.00072743633,-0.22944213,0.00035691969,0.007961009,-0.53110886,-78.05344,-93.92006,-100.56095,-95.64369,-1.6285721,2.5459855,1.8592758,77.327126,94.49955,97.57319,91.7786,0.8059433,-0.039001465,0.0,0.0,0.0,0.0,0.0,0.28380287,-0.0,0.0,-3.550003,12.550003,15.659994,-4.1400056,-52.920002,-13.320003,17.880001,9.600002,-13.900005,-11.460004,-16.559994,11.7,5.519998,-1.2599945,0.0,0.0,0.0,0.0,rl_constraint,9.276517971557041e-07,0.0,0.0,0.0,-1.1230770349502563,-75.58907318115234,-90.4588394165039,-101.11172485351562,-98.70817565917969,-4.79345178604126,5.862262725830078,2.7415239810943604,75.89449310302734,92.18868255615234,94.30818939208984,93.80046844482422,1.8982584476470947,-0.4850587248802185,0.0,0.0,0.0,0.0
11,0.22302855899988572,1789352872.9414685,17,0.00072743633,-0.22436224,0.00035691969,0.007916818,-0.60373306,-77.803314,-93.59078,-100.626045,-96.63032,-1.9010055,2.8813705,2.0373344,77.06891,94.275154,97.238655,92.00315,0.92059934,-0.06876068,0.0,0.0,0.0,0.0,0.0,0.22566085,-0.0,0.0,-3.1499977,12.349995,16.559994,-2.8799973,-46.199997,-14.7599945,17.459995,8.25,-11.499996,-11.819998,-16.619993,11.400004,5.579997,-1.6200027,0.0,0.0,0.0,0.0,rl_constraint,9.276517971557041e-07,0.0,0.0,0.0,-1.1424498558044434,-75.34992980957031,-90.11038970947266,-101.01810455322266,-98.26859283447266,-5.130369186401367,6.124201774597168,2.6257903575897217,75.98338317871094,92.02269744873047,94.05281066894531,93.94688415527344,1.9610483646392822,-0.6038091778755188,0.0,0.0,0.0,0.0
12,0.24297612400005164,1789352872.961416,17,0.00072743633,-0.21801943,0.00035691969,0.007838637,-0.67038345,-77.55613,-93.262634,-100.69641,-97.47385,-2.1894927,3.2173736,2.1881447,76.85137,94.04456,96.913734,92.220406,1.0318222,-0.104067996,0.0,0.0,0.0,0.0,0.0,0.45744514,-0.0,-0.025987154,-3.2999954,12.450005,16.800005,-4.019994,-39.360004,-15.599996,17.640005,6.75,-9.799999,-11.099996,-15.780006,11.520002,5.4,-1.9199982,0.0,0.0,0.0,0.0,rl_constraint,9.276517971557041e-07,0.0,0.0,0.0,-1.1838915348052979,-75.20746612548828,-89.80350494384766,-100.93355560302734,-97.80865478515625,-5.453275680541992,6.370611667633057,2.5571842193603516,76.05216979980469,91.8763198852539,93.88135528564453,94.04344940185547,2.0334761142730713,-0.7384738922119141,0.0,0.0,0.0,0.0
13,0.2627505209998162,1789352872.9811902,17,0.00072743633,-0.2054077,0.00035691969,0.0077808495,-0.7354088,-77.31133,-92.92643,-100.7652,-98.195625,-2.4903398,3.5518386,2.3045883,76.67163,93.822174,96.59379,92.4275,1.1449264,-0.13912812,0.0,0.0,0.0,0.0,0.0,0.8453947,-0.0,0.0,-3.0,12.199997,16.920002,-2.5800018,-34.020004,-14.699995,17.1,5.050003,-8.399998,-10.740001,-16.2,10.139997,5.2800016,-1.6800019,0.0,0.0,0.0,0.0,rl_constraint,1.4235727121558739e-06,0.0,0.0,0.0,-1.2476450204849243,-75.09728240966797,-89.53948211669922,-100.79034423828125,-97.46617126464844,-5.713176250457764,6.587375640869141,2.5491201877593994,76.06448364257812,91.77713775634766,93.7186279296875,94.15979766845703,2.0809438228607178,-0.8696912527084351,0.0,0.0,0.0,0.0
14,0.28274002299986023,1789352873.0011797,17,0.00072743633,-0.18719679,0.00035691969,0.007736659,-0.7924118,-77.06921,-92.5872,-100.800865,-98.793625,-2.802269,3.873326,2.3985672,76.53033,93.59665,96.27553,92.62875,1.2536087,-0.19090119,0.0,0.0,0.0,0.0,0.0,0.8541963,-0.0,0.0,-2.8500023,11.900002,17.279997,-1.3199936,-26.16,-16.2,15.840006,3.75,-6.0999985,-10.8,-15.900004,9.660004,5.2800016,-3.3600037,0.0,0.0,0.0,0.0,rl_constraint,1.4235727121558739e-06,0.0,0.0,0.0,-1.3169784545898438,-75.06564331054688,-89.2938003540039,-100.65170288085938,-97.19676971435547,-5.945379257202148,6.75341796875,2.5667781829833984,76.05101013183594,91.7004623413086,93.6518325805664,94.21756744384766,2.1466386318206787,-1.0397406816482544,0.0,0.0,0.0,0.0
15,0.30284710399973847,1789352873.021287,17,0.00072743633,-0.176349,0.00035691969,0.0076992675,-0.85063934,-76.83275,-92.245705,-100.8249,-99.27043,-3.117096,4.192369,2.4537163,76.41462,93.37254,95.96835,92.81775,1.3532684,-0.25477296,0.0,0.0,0.0,0.0,0.0,0.3275891,-0.0,0.0,-2.8500023,11.299999,17.1,-0.9599991,-21.360004,-15.419998,15.120003,2.2999992,-4.1500053,-11.520002,-14.340001,8.940001,4.9199934,-3.7199981,0.0,0.0,0.0,0.0,rl_constraint,2.012673121498665e-06,0.0,0.0,0.0,-1.4409607648849487,-74.98857116699219,-89.11918640136719,-100.44940948486328,-97.09821319580078,-6.099514961242676,6.895708084106445,2.617619514465332,75.98049926757812,91.66897583007812,93.58418273925781,94.31199645996094,2.16554856300354,-1.2323815822601318,0.0,0.0,0.0,0.0
16,0.3231547129998944,1789352873.0415943,17,0.00072743633,-0.17131242,0.00035691969,0.007665275,-0.89907074,-76.60825,-91.907745,-100.84155,-99.6261,-3.4317582,4.4994917,2.4961166,76.32232,93.161835,95.67404,92.99813,1.452214,-0.32095185,0.0,0.0,0.0,0.0,0.0,0.26156843,-0.0,0.0,-2.25,10.649998,16.680006,-0.66000366,-13.980006,-15.719994,15.719994,1.9500046,-4.699997,-10.560003,-14.880007,9.119998,4.6799974,-3.2400055,0.0,0.0,0.0,0.0,rl_constraint,2.012673121498665e-06,0.0,0.0,0.0,-1.524992823600769,-74.90276336669922,-89.00819396972656,-100.34153747558594,-97.0739974975586,-6.228034019470215,7.0227861404418945,2.68678879737854,75.86502075195312,91.66112518310547,93.61575317382812,94.37852478027344,2.212340831756592,-1.4016926288604736,0.0,0.0,0.0,0.0
17,0.34295534900002167,1789352873.0613952,17,0.00072743633,-0.16594149,0.00035691969,0.0075904923,-0.9477539,-76.39842,-91.57691,-100.84934,-99.86219,-3.7409408,4.793349,2.532566,76.26145,92.96135,95.389755,93.16575,1.5399536,-0.395137,0.0,0.0,0.0,0.0,0.0,0.30686274,-0.0,0.0,-2.7500038,10.350002,16.439997,-0.059999086,-9.119998,-15.000005,14.819994,1.4500008,-2.1000023,-9.119998,-13.559999,8.459994,3.7199981,-4.8599944,0.0,0.0,0.0,0.0,rl_constraint,2.012673121498665e-06,0.0,0.0,0.0,-1.6327965259552002,-74.81858825683594,-88.94966888427734,-100.32080841064453,-97.09861755371094,-6.340729713439941,7.139724254608154,2.7711734771728516,75.72229766845703,91.67363739013672,93.72997283935547,94.40296173095703,2.266425609588623,-1.5603060722351074,0.0,0.0,0.0,0.0
18,0.36282016399991335,1789352873.0812597,17,0.00072743633,-0.15579692,0.00035691969,0.007515709,-1.0093117,-76.20144,-91.25982,-100.84665,-99.9763,-4.044548,5.0752993,2.5565872,76.21556,92.789856,95.14156,93.32383,1.6342026,-0.48736724,0.0,0.0,0.0,0.0,0.0,0.7040332,-0.0,0.0,-3.4500046,9.400005,15.359999,0.41999358,-2.4600036,-15.120003,14.519999,1.2500038,-3.2499962,-8.399996,-11.340006,7.2,4.1400056,-4.619998,0.0,0.0,0.0,0.0,rl_constraint,2.6887405510933604e-06,0.0,0.0,0.0,-1.8021222352981567,-74.60424041748047,-88.98552703857422,-100.27655029296875,-97.25428771972656,-6.389572620391846,7.233297824859619,2.8914737701416016,75.50345611572266,91.73759460449219,93.84427642822266,94.50595092773438,2.28633451461792,-1.7120579481124878,0.0,0.0,0.0,0.0
19,0.3826584799999182,1789352873.1010983,17,0.00072743633,-0.13810018,0.00035691969,0.0074647204,-1.0717506,-76.01634,-90.95942,-100.832825,-99.97928,-4.333516,5.340509,2.5760307,76.14207,92.61348,94.92632,93.47044,1.7043778,-0.57906187,0.0,0.0,0.0,0.0,0.0,0.89845484,-0.0,0.0,-3.0999985,8.900002,14.340001,1.0199982,1.8599991,-13.859995,12.659999,0.75,-3.2999954,-8.339996,-9.840001,6.5999956,3.2400055,-5.2200027,0.0,0.0,0.0,0.0,rl_constraint,2.6887405510933604e-06,0.0,0.0,0.0,-1.9530656337738037,-74.37115478515625,-89.05679321289062,-100.31794738769531,-97.44752502441406,-6.430685997009277,7.318080902099609,3.038478374481201,75.26660919189453,91.7864761352539,94.05763244628906,94.6307601928711,2.290400266647339,-1.810457706451416,0.0,0.0,0.0,0.0
20,0.40279799799964167,1789352873.1212378,17,0.00072743633,-0.124093086,0.00035691969,0.00742393,-1.1372795,-75.84556,-90.684326,-100.79616,-99.86045,-4.6063614,5.586383,2.5986671,76.094696,92.468185,94.731606,93.60345,1.7852371,-0.6922485,0.0,0.0,0.0,0.0,0.0,0.47376013,-0.0,0.0,-3.4000053,8.449997,12.779997,2.8799973,9.540006,-13.140005,12.119993,1.699997,-2.050003,-6.0600038,-8.399996,6.7199936,4.6799974,-4.980006,0.0,0.0,0.0,0.0,rl_constraint,3.4455636068742024e-06,0.0,0.0,0.0,-2.165132761001587,-74.03007507324219,-89.19976043701172,-100.26903533935547,-97.79916381835938,-6.390320301055908,7.362495422363281,3.227376937866211,74.98500061035156,91.8808822631836,94.18040466308594,94.87301635742188,2.2393486499786377,-1.9085540771484375,0.0,0.0,0.0,0.0
21,0.4233341459998883,1789352873.1417742,17,0.00072743633,-0.11854143,0.00035691969,0.007386538,-1.2067909,-75.6784,-90.43528,-100.73613,-99.6033,-4.854323,5.8160796,2.6332626,76.0412,92.362816,94.56798,93.72861,1.8571289,-0.8038284,0.0,0.0,0.0,0.0,0.0,0.15079974,-0.0,0.0,-3.4000053,8.349998,11.580002,2.4600036,15.900004,-11.039996,10.8,1.699997,-4.0499954,-6.1200027,-6.7800064,6.3,2.8799973,-6.1800017,0.0,0.0,0.0,0.0,rl_constraint,3.4455636068742024e-06,0.0,0.0,0.0,-2.3154544830322266,-73.64048767089844,-89.40757751464844,-100.29205322265625,-98.18655395507812,-6.324878215789795,7.392735004425049,3.4166228771209717,74.68718719482422,91.99457550048828,94.38994598388672,95.12213134765625,2.1835439205169678,-1.9487438201904297,0.0,0.0,0.0,0.0
22,0.4429415639997387,1789352873.1613817,17,0.00072743633,-0.11537011,0.00035691969,0.0073559447,-1.2834778,-75.512665,-90.21844,-100.69648,-99.231346,-5.078911,6.027896,2.674633,75.95009,92.244934,94.43925,93.85775,1.9102204,-0.9198578,0.0,0.0,0.0,0.0,0.0,0.18354541,-0.0,0.0,-4.0499954,8.850002,9.959999,1.740001,20.759998,-10.2599945,9.9,2.4999962,-4.0499954,-4.2000046,-6.000005,5.7599945,3.2400055,-5.459999,0.0,0.0,0.0,0.0,rl_constraint,3.4455636068742024e-06,0.0,0.0,0.0,-2.424264430999756,-73.26363372802734,-89.64476776123047,-100.38350677490234,-98.61571502685547,-6.259389877319336,7.412664890289307,3.6061151027679443,74.4215316772461,92.04041290283203,94.63066864013672,95.39708709716797,2.1260898113250732,-1.9571782350540161,0.0,0.0,0.0,0.0
23,0.4627415149998342,1789352873.1811814,17,0.00072743633,-0.11072992,0.00035691969,0.0073253517,-1.3759003,-75.33638,-90.03686,-100.65087,-98.74479,-5.279123,6.219429,2.7235336,75.86188,92.17698,94.3612,93.98055,1.972348,-1.0366013,0.0,0.0,0.0,0.0,0.0,0.28969675,-0.0,0.0,-4.749996,9.400005,8.219998,2.8199983,28.319994,-9.299995,8.459994,2.8500023,-5.3999977,-3.1199937,-2.6400008,6.8400054,3.3000045,-5.459999,0.0,0.0,0.0,0.0,rl_constraint,4.276929757907055e-06,0.0,0.0,0.0,-2.5705368518829346,-72.76339721679688,-89.96336364746094,-100.35669708251953,-99.19917297363281,-6.102360248565674,7.368474960327148,3.8285560607910156,74.1243896484375,92.10538482666016,94.7546615600586,95.81275177001953,2.0289499759674072,-1.9249521493911743,0.0,0.0,0.0,0.0
24,0.482625774999633,1789352873.2010655,17,0.00072743633,-0.10322754,0.00035691969,0.0073015573,-1.4817581,-75.14549,-89.90406,-100.59042,-98.172485,-5.4507017,6.3890443,2.7819214,75.744225,92.10852,94.3172,94.111946,2.014975,-1.1520126,0.0,0.0,0.0,0.0,0.0,0.49186078,-0.0,0.0,-5.299999,9.799999,5.7599945,3.0599945,27.0,-7.980002,7.2599993,3.550003,-5.750004,-2.7,-2.1599946,6.479997,1.0199982,-5.2200027,0.0,0.0,0.0,0.0,rl_constraint,4.276929757907055e-06,0.0,0.0,0.0,-2.7232468128204346,-72.29428100585938,-90.29470825195312,-100.31271362304688,-99.80368041992188,-5.918095588684082,7.285703659057617,4.116731643676758,73.85247802734375,92.11333465576172,94.88887023925781,96.275634765625,1.9319156408309937,-1.865584373474121,0.0,0.0,0.0,0.0
25,0.5029973880000398,1789352873.2214372,17,0.00072743633,-0.09160691,0.00035691969,0.0072777625,-1.5891037,-74.93612,-89.80518,-100.55168,-97.72494,-5.592041,6.542482,2.8660011,75.61015,92.077705,94.28813,94.26314,2.036508,-1.2653366,0.0,0.0,0.0,0.0,0.0,0.64142287,-0.0,0.0,-5.449997,10.950005,3.3000045,1.1999954,19.440006,-6.539996,7.3799973,4.5,-6.8499985,-0.41999358,-0.29999542,7.2,1.1399963,-5.2200027,0.0,0.0,0.0,0.0,rl_constraint,5.176628292247187e-06,0.0,0.0,0.0,-2.934399366378784,-71.66297149658203,-90.65977478027344,-100.14069366455078,-100.57324981689453,-5.640679359436035,7.167120933532715,4.429232120513916,73.54387664794922,92.15138244628906,94.82096099853516,96.87144470214844,1.7397997379302979,-1.815914511680603,0.0,0.0,0.0,0.0
26,0.5231362409999747,1789352873.241576,17,0.00072743633,-0.079348154,0.00035691969,0.00724377,-1.7001572,-74.69734,-89.762024,-100.532486,-97.40848,-5.7002425,6.679866,2.9678993,75.454735,92.07554,94.2863,94.43515,2.050969,-1.360849,0.0,0.0,0.0,0.0,0.0,0.43105567,-0.0,0.0,-5.7000046,12.0,0.9,0.66000366,12.119993,-4.5,5.9400053,5.449997,-8.299999,-0.23999634,0.059999086,8.580007,0.4800064,-4.3200026,0.0,0.0,0.0,0.0,rl_constraint,5.176628292247187e-06,0.0,0.0,0.0,-3.0537381172180176,-70.9913330078125,-91.0044174194336,-100.0398178100586,-101.24454498291016,-5.371678829193115,7.059922695159912,4.649000644683838,73.24539947509766,92.17800903320312,94.74851989746094,97.44000244140625,1.5764424800872803,-1.7251451015472412,0.0,0.0,0.0,0.0
27,0.5426675700000487,1789352873.2611072,17,0.00072743633,-0.074050635,0.00035691969,0.0071995803,-1.8161659,-74.44279,-89.758835,-100.509834,-97.22763,-5.7770643,6.7840853,3.0804863,75.28761,92.07267,94.294815,94.622635,2.0531662,-1.4460068,0.0,0.0,0.0,0.0,0.0,0.09007089,-0.0,0.0,-5.8500023,13.849995,-0.29999542,1.740001,6.000005,-3.6,4.5,5.9000015,-9.099998,-0.17999725,0.9,10.560003,-0.0,-3.9599946,0.0,0.0,0.0,0.0,rl_constraint,5.176628292247187e-06,0.0,0.0,0.0,-3.1286861896514893,-70.31722259521484,-91.26172637939453,-99.90946960449219,-101.79566955566406,-5.155027389526367,6.920795440673828,4.767561435699463,73.01589965820312,92.1435317993164,94.59789276123047,97.98297882080078,1.4270050525665283,-1.628980040550232,0.0,0.0,0.0,0.0
28,0.5628421119999985,1789352873.2812817,17,0.00072743633,-0.073595285,0.00035691969,0.0071587893,-1.943264,-74.14391,-89.78718,-100.4728,-97.166794,-5.8145003,6.871152,3.2086601,75.09644,92.07194,94.32139,94.85074,2.0510375,-1.513202,0.0,0.0,0.0,0.0,0.0,0.006590127,-0.0,0.0,-6.4500046,15.75,-2.759999,2.0399964,0.4800064,-1.0199982,3.540001,6.999996,-9.799999,-0.11999817,1.740001,12.480001,-0.23999634,-3.0599945,0.0,0.0,0.0,0.0,rl_constraint,6.138446224213112e-06,0.0,0.0,0.0,-3.2196576595306396,-69.50881958007812,-91.51859283447266,-99.61225128173828,-102.36264038085938,-4.8666887283325195,6.756073951721191,4.8605194091796875,72.75170135498047,92.09822845458984,94.27765655517578,98.62583923339844,1.2281612157821655,-1.5254943370819092,0.0,0.0,0.0,0.0
29,0.5826685679999173,1789352873.3011086,17,0.00072743633,-0.07317332,0.00035691969,0.0071281963,-2.0726051,-73.811295,-89.861534,-100.41626,-97.20515,-5.819815,6.927388,3.3569527,74.89586,92.071045,94.36866,95.11533,2.0338852,-1.5572159,0.0,0.0,0.0,0.0,0.0,0.021748535,-0.0,0.0,-6.8499985,17.449997,-4.440001,3.6,-5.459999,0.059999086,2.2199936,7.5999985,-9.849998,0.0,2.9999955,13.380002,-1.5000045,-1.9799973,0.0,0.0,0.0,0.0,rl_constraint,6.138446224213112e-06,0.0,0.0,0.0,-3.243621587753296,-68.80057525634766,-91.67310333251953,-99.27751922607422,-102.8060073852539,-4.610673904418945,6.572441577911377,4.968408107757568,72.53014373779297,92.00987243652344,93.91963958740234,99.22714233398438,1.0603076219558716,-1.3853607177734375,0.0,0.0,0.0,0.0
30,0.6029200519997175,1789352873.3213599,17,0.00072743633,-0.07209288,0.00035691969,0.007101002,-2.2002296,-73.43826,-89.97777,-100.34909,-97.39362,-5.8059034,6.9636154,3.512661,74.68334,92.0719,94.42641,95.41471,1.9871658,-1.5987991,0.0,0.0,0.0,0.0,0.0,0.08347799,-0.0,0.0,-6.4500046,19.799995,-7.499995,2.8799973,-12.959994,1.6800019,1.2599945,8.100002,-10.900005,0.059999086,2.0399964,16.080002,-2.8199983,-1.2599945,0.0,0.0,0.0,0.0,rl_constraint,7.15617125024437e-06,0.0,0.0,0.0,-3.299837589263916,-68.04183959960938,-91.8049545288086,-98.74840545654297,-103.3244400024414,-4.288559436798096,6.357848167419434,5.065844535827637,72.26490020751953,91.9421615600586,93.36139678955078,99.89347839355469,0.8007805943489075,-1.2751972675323486,0.0,0.0,0.0,0.0
31,0.6225947789998827,1789352873.3410344,17,0.00072743633,-0.06874708,0.00035691969,0.0070738085,-2.324913,-73.02179,-90.13139,-100.28899,-97.706184,-5.7518234,6.977211,3.6795845,74.457664,92.07254,94.444214,95.75227,1.9206985,-1.6147156,0.0,0.0,0.0,0.0,0.0,0.21549512,-0.0,0.0,-6.0999985,21.849998,-7.8600035,3.3000045,-17.339996,3.540001,0.0,8.050003,-11.599995,0.0,-0.11999817,17.580006,-4.440001,-0.3599945,0.0,0.0,0.0,0.0,rl_constraint,7.15617125024437e-06,0.0,0.0,0.0,-3.226255416870117,-67.35167694091797,-91.89017486572266,-98.23528289794922,-103.74922943115234,-3.948390483856201,6.152850151062012,5.110098838806152,72.0046615600586,91.88178253173828,92.79400634765625,100.46466827392578,0.5466265082359314,-1.1396111249923706,0.0,0.0,0.0,0.0
32,0.64293450499963,1789352873.3613744,17,0.00072743633,-0.06283943,0.00035691969,0.007053413,-2.4448128,-72.56071,-90.29935,-100.20071,-98.12994,-5.641988,6.9728026,3.8409576,74.227066,92.07307,94.43297,96.12766,1.8203933,-1.6166931,0.0,0.0,0.0,0.0,0.0,0.37208796,-0.0,0.0,-5.6500053,23.95,-8.159999,5.2800016,-24.900005,6.1200027,-0.7200028,7.8499947,-11.449997,-0.059999086,-1.1399963,19.199995,-4.7999954,-0.0,0.0,0.0,0.0,0.0,rl_constraint,7.15617125024437e-06,0.0,0.0,0.0,-3.102600336074829,-66.77841186523438,-91.87226867675781,-97.65458679199219,-104.10472869873047,-3.575252056121826,5.948992729187012,5.106198310852051,71.80511474609375,91.81614685058594,92.18667602539062,100.94212341308594,0.2784011662006378,-1.01578950881958,0.0,0.0,0.0,0.0
33,0.662838703000034,1789352873.3812785,17,0.00072743633,-0.052700892,0.00035691969,0.0070330175,-2.5604668,-72.06443,-90.475914,-100.07662,-98.669174,-5.5074053,6.9445543,3.9911957,73.997375,92.07037,94.38893,96.5382,1.7172318,-1.6136032,0.0,0.0,0.0,0.0,0.0,0.7280367,-0.0,0.0,-5.3499985,25.649998,-8.159999,7.140001,-28.8,7.7400055,-2.2800064,7.4000015,-11.750004,-0.059999086,-3.1800065,20.759998,-6.000005,0.3599945,0.0,0.0,0.0,0.0,rl_constraint,8.223590157285798e-06,0.0,0.0,0.0,-3.0426650047302246,-66.17221069335938,-91.8775405883789,-96.85041809082031,-104.53914642333984,-3.0819528102874756,5.694211006164551,5.103785991668701,71.54548645019531,91.80724334716797,91.41848754882812,101.45706939697266,-0.019435836002230644,-0.9228610396385193,0.0,0.0,0.0,0.0
34,0.6829778209998949,1789352873.4014177,17,0.00072743633,-0.03498347,0.00035691969,0.0070160213,-2.6598701,-71.538666,-90.64215,-99.9068,-99.32557,-5.348859,6.8753266,4.1385956,73.7619,92.06723,94.28221,96.974174,1.5887191,-1.5961761,0.0,0.0,0.0,0.0,0.0,0.9636651,-0.0,0.0,-4.5999985,26.95,-8.219998,8.940001,-37.139996,8.279997,-4.619998,7.250004,-12.049999,-0.29999542,-8.1,21.180006,-6.0600038,1.3199936,0.0,0.0,0.0,0.0,rl_constraint,8.223590157285798e-06,0.0,0.0,0.0,-2.9323689937591553,-65.7199478149414,-91.77152252197266,-95.99080657958984,-104.91572570800781,-2.627037763595581,5.37137508392334,5.089521884918213,71.32637023925781,91.8017807006836,90.63678741455078,101.8776626586914,-0.295899361371994,-0.8342012166976929,0.0,0.0,0.0,0.0
35,0.7032876339999348,1789352873.4217274,17,0.00072743633,-0.019512119,0.00035691969,0.006999025,-2.7394524,-70.97387,-90.80638,-99.69044,-100.12598,-5.1591935,6.783577,4.28191,73.51384,92.05161,94.09139,97.439926,1.4473388,-1.5527802,0.0,0.0,0.0,0.0,0.0,0.45900652,-0.0,0.0,-3.6500015,27.849998,-7.7400055,11.939997,-41.819992,10.500005,-4.8599944,6.249996,-11.950001,-0.9,-10.979998,23.46,-7.3199983,2.759999,0.0,0.0,0.0,0.0,rl_constraint,9.334496098745149e-06,0.0,0.0,0.0,-2.9314916133880615,-65.238525390625,-91.70317077636719,-94.91809844970703,-105.40191650390625,-2.0682313442230225,4.966181755065918,5.1616034507751465,71.05768585205078,91.83889770507812,89.69971466064453,102.35755157470703,-0.6223346590995789,-0.7496656775474548,0.0,0.0,0.0,0.0
36,0.7227128949998587,1789352873.4411526,17,0.00072743633,-0.0142516615,0.00035691969,0.006982029,-2.803917,-70.42494,-90.95052,-99.42634,-100.96964,-4.9529524,6.6703215,4.3977585,73.27299,92.02706,93.851395,97.90024,1.2974579,-1.4843216,0.0,0.0,0.0,0.0,0.0,0.117212415,-0.0,0.0,-3.0499992,28.599998,-6.7199936,15.120003,-40.440002,10.979998,-5.7599945,5.750004,-12.149998,-1.8,-14.220003,24.900005,-8.820003,3.6,0.0,0.0,0.0,0.0,rl_constraint,9.334496098745149e-06,0.0,0.0,0.0,-2.926205635070801,-64.92930603027344,-91.55914306640625,-93.8631820678711,-105.76566314697266,-1.5628161430358887,4.53879451751709,5.2437310218811035,70.8050308227539,91.88099670410156,88.84993743896484,102.74089050292969,-0.902148962020874,-0.6309564113616943,0.0,0.0,0.0,0.0
37,0.7429821030000312,1789352873.461422,17,0.00072743633,-0.013180567,0.00035691969,0.006968432,-2.8510208,-69.85641,-91.08233,-99.082535,-101.7127,-4.7071333,6.5425367,4.5078278,73.03329,91.98803,93.54342,98.37952,1.1265656,-1.4099166,0.0,0.0,0.0,0.0,0.0,0.016461777,-0.0,0.0,-1.6499977,28.200005,-5.8800063,18.540005,-32.699997,13.859995,-7.3799973,5.000004,-12.0,-2.1599946,-16.499996,23.100004,-9.780002,4.2000046,0.0,0.0,0.0,0.0,rl_constraint,9.334496098745149e-06,0.0,0.0,0.0,-2.990288019180298,-64.77011108398438,-91.37456512451172,-92.76329803466797,-106.08821868896484,-1.0661399364471436,4.081121444702148,5.374289512634277,70.63774108886719,91.88701629638672,88.06127166748047,103.04421997070312,-1.161665678024292,-0.5628378391265869,0.0,0.0,0.0,0.0
38,0.7628631309999037,1789352873.4813027,17,0.00072743633,-0.013028646,0.00035691969,0.0069548353,-2.8832932,-69.29109,-91.189186,-98.676285,-102.31873,-4.4327226,6.385652,4.6028824,72.789566,91.94498,93.17874,98.86097,0.93707883,-1.3327652,0.0,0.0,0.0,0.0,0.0,0.038411535,-0.0,0.0,-1.5499992,27.75,-5.2200027,21.6,-26.519993,14.940005,-8.219998,4.549999,-12.299995,-1.8599991,-19.979998,25.2,-9.600004,4.2600036,0.0,0.0,0.0,0.0,rl_constraint,1.0482672223588452e-05,0.0,0.0,0.0,-3.184427499771118,-64.61909484863281,-91.34234619140625,-91.54776763916016,-106.60286712646484,-0.41141942143440247,3.5163347721099854,5.678278923034668,70.41304779052734,91.95671081542969,87.26874542236328,103.42455291748047,-1.5188133716583252,-0.55860435962677,0.0,0.0,0.0,0.0
39,0.7828033089999735,1789352873.501243,17,0.00072743633,-0.011855888,0.00035691969,0.0069412384,-2.9096718,-68.74271,-91.27223,-98.19954,-102.79774,-4.1241713,6.20181,4.6946297,72.54998,91.91804,92.74842,99.33905,0.734285,-1.2504638,0.0,0.0,0.0,0.0,0.0,0.06913945,-0.0,0.0,-0.94999695,26.95,-3.1800065,25.800005,-21.480001,15.780006,-10.019999,4.7999954,-11.850002,-0.3599945,-22.739996,22.679996,-11.280006,3.8399963,0.0,0.0,0.0,0.0,rl_constraint,1.0482672223588452e-05,0.0,0.0,0.0,-3.4561541080474854,-64.60367584228516,-91.32817840576172,-90.38170623779297,-107.21598815917969,0.2615582346916199,2.912532329559326,6.1013503074646,70.25186920166016,92.02393341064453,86.60648345947266,103.75361633300781,-1.8830167055130005,-0.6014128923416138,0.0,0.0,0.0,0.0
40,0.8035020209999857,1789352873.5219417,17,0.00072743633,-0.010065843,0.00035691969,0.006927641,-2.9327774,-68.20477,-91.32131,-97.63267,-103.183525,-3.7786376,5.973775,4.7961617,72.30727,91.91577,92.24751,99.823,0.5072662,-1.1700714,0.0,0.0,0.0,0.0,0.0,0.10271929,-0.0,0.0,-1.4500008,25.400002,-1.8599991,29.219994,-18.600004,17.16,-12.420003,4.6499977,-12.0,0.0,-26.279997,24.240002,-11.520002,3.1199937,0.0,0.0,0.0,0.0,rl_constraint,1.1661908501992002e-05,0.0,0.0,0.0,-3.9046192169189453,-64.56417846679688,-91.44854736328125,-89.08802795410156,-108.1099624633789,1.085046410560608,2.172947645187378,6.717720985412598,70.03813934326172,92.18389892578125,85.93748474121094,104.1871337890625,-2.3681681156158447,-0.7222757339477539,0.0,0.0,0.0,0.0
41,0.8226697069999318,1789352873.5411096,17,0.00072743633,-0.008031501,0.00035691969,0.0069174436,-2.963356,-67.72707,-91.36247,-97.017944,-103.576385,-3.416336,5.725072,4.8941116,72.07356,91.91586,91.72427,100.27371,0.28447723,-1.0963256,0.0,0.0,0.0,0.0,0.0,0.09262031,-0.0,0.0,-1.5499992,23.349998,-2.2199936,33.42,-20.819998,19.979998,-13.320003,5.8500023,-11.399998,-0.059999086,-26.94,23.4,-12.480001,3.6,0.0,0.0,0.0,0.0,rl_constraint,1.1661908501992002e-05,0.0,0.0,0.0,-4.452183723449707,-64.55913543701172,-91.5954360961914,-87.94587707519531,-109.01455688476562,1.8786746263504028,1.4520225524902344,7.309401035308838,69.79129028320312,92.38080596923828,85.48360443115234,104.54505157470703,-2.8051466941833496,-0.8607160449028015,0.0,0.0,0.0,0.0
42,0.8429730579996431,1789352873.5614128,17,0.00072743633,-0.0070103337,0.00035691969,0.0069004474,-3.0014992,-67.28098,-91.403915,-96.31214,-104.011795,-3.0094025,5.4337006,5.019745,71.83982,91.91665,91.16016,100.723724,0.032711793,-1.0272766,0.0,0.0,0.0,0.0,0.0,0.026776025,-0.0,0.0,-2.4999962,21.249996,-1.5000045,37.079998,-21.300005,22.140005,-15.000005,7.4000015,-11.599995,0.11999817,-29.039997,22.56,-12.420003,2.9399962,0.0,0.0,0.0,0.0,rl_constraint,1.1661908501992002e-05,0.0,0.0,0.0,-5.134889125823975,-64.55387115478516,-91.7158432006836,-86.83712005615234,-109.89923095703125,2.6451222896575928,0.717486560344696,7.902560234069824,69.59832000732422,92.56841278076172,85.14588928222656,104.84424591064453,-3.229851484298706,-1.0219789743423462,0.0,0.0,0.0,0.0
43,0.8630855930000507,1789352873.5815256,17,0.00072743633,-0.0068254718,0.00035691969,0.0068732537,-3.0791473,-66.8705,-91.42225,-95.51826,-104.49341,-2.5523026,5.0852966,5.187092,71.6033,91.923416,90.55161,101.17313,-0.24154815,-0.9759979,0.0,0.0,0.0,0.0,0.0,0.0,-0.0,0.0,-5.200001,18.7,-0.66000366,40.320004,-25.680006,23.519999,-17.399996,9.349995,-11.549995,0.41999358,-30.180006,22.380001,-13.260004,1.6200027,0.0,0.0,0.0,0.0,rl_constraint,1.2865992175647989e-05,0.0,0.0,0.0,-6.078153610229492,-64.38329315185547,-91.946533203125,-85.64136505126953,-110.8106918334961,3.5281894207000732,-0.11612217128276825,8.601563453674316,69.33403015136719,92.81367492675781,84.79544830322266,105.24565124511719,-3.7502381801605225,-1.2101391553878784,0.0,0.0,0.0,0.0
44,0.8827223169996614,1789352873.601162,17,0.00072743633,-0.0068254718,0.00035691969,0.0068528582,-3.198967,-66.5208,-91.43799,-94.698135,-104.986435,-2.0805497,4.7123656,5.3875237,71.38432,91.93704,89.95758,101.59379,-0.52174073,-0.94111633,0.0,0.0,0.0,0.0,0.0,0.0,-0.0,0.0,-7.2000046,16.599998,-1.2599945,43.14,-26.459995,24.539997,-20.819998,11.650005,-10.900005,0.9599991,-29.7,20.580002,-14.940005,2.2800064,0.0,0.0,0.0,0.0,rl_constraint,1.2865992175647989e-05,0.0,0.0,0.0,-7.181971549987793,-64.24353790283203,-92.0851821899414,-84.56534576416016,-111.58888244628906,4.297022819519043,-0.8401597738265991,9.290913581848145,69.11090087890625,93.02439880371094,84.57051849365234,105.5837173461914,-4.225526809692383,-1.4187544584274292,0.0,0.0,0.0,0.0
45,0.9029201049997937,1789352873.62136,17,0.00072743633,-0.006824266,0.00035691969,0.0068290634,-3.371235,-66.205826,-91.462036,-93.81131,-105.5342,-1.5526428,4.282567,5.6346703,71.1591,91.97507,89.36523,102.015335,-0.82989347,-0.9111374,0.0,0.0,0.0,0.0,0.0,0.0,-0.0,0.0,-10.049995,15.099998,-1.1399963,45.299995,-27.419994,28.500004,-22.859995,13.400002,-11.399998,3.2400055,-29.099995,21.360004,-15.840006,0.41999358,0.0,0.0,0.0,0.0,rl_constraint,1.40887095767539e-05,0.0,0.0,0.0,-8.428770065307617,-64.01851654052734,-92.26014709472656,-83.38204956054688,-112.4066162109375,5.146137237548828,-1.590235710144043,10.057045936584473,68.85848236083984,93.27173614501953,84.25655364990234,106.03858947753906,-4.779602527618408,-1.6164743900299072,0.0,0.0,0.0,0.0
46,0.9227002529996753,1789352873.64114,17,0.00072743633,-0.006824266,0.00035691969,0.0068120672,-3.6124191,-65.92499,-91.49127,-92.87981,-106.1195,-0.98751986,3.8115966,5.926506,70.937965,92.063385,88.78438,102.42559,-1.1614746,-0.9101486,0.0,0.0,0.0,0.0,0.0,0.0,-0.0,0.0,-13.900005,13.400002,-1.9199982,47.64,-31.320004,30.480001,-25.080002,15.700001,-11.000004,5.6399965,-28.380007,19.979998,-16.499996,-0.059999086,0.0,0.0,0.0,0.0,rl_constraint,1.40887095767539e-05,0.0,0.0,0.0,-9.70390510559082,-63.838714599609375,-92.37200164794922,-82.30909729003906,-113.05404663085938,5.959208011627197,-2.2998697757720947,10.757641792297363,68.5453109741211,93.58393859863281,84.04412078857422,106.45431518554688,-5.355107307434082,-1.822449803352356,0.0,0.0,0.0,0.0
47,0.9427352249999785,1789352873.661175,17,0.00072743633,-0.006824266,0.00035691969,0.006795071,-3.934433,-65.67105,-91.54128,-91.91045,-106.738594,-0.3868149,3.3016114,6.267826,70.71593,92.17323,88.22348,102.83107,-1.5104691,-0.91896516,0.0,0.0,0.0,0.0,0.0,0.0,-0.0,0.0,-18.349995,12.149998,-3.2400055,49.559998,-32.519997,30.240005,-26.880001,18.349995,-11.200001,5.2200027,-27.299995,19.380007,-17.580006,-1.0799973,0.0,0.0,0.0,0.0,rl_constraint,1.40887095767539e-05,0.0,0.0,0.0,-10.933958053588867,-63.71538162231445,-92.3745346069336,-81.30623626708984,-113.59244537353516,6.693699359893799,-2.9286773204803467,11.379304885864258,68.27182006835938,93.85826873779297,83.87718963623047,106.81807708740234,-5.926296234130859,-2.008383274078369,0.0,0.0,0.0,0.0
48,0.9630033459998231,1789352873.681443,17,0.00072743633,-0.0068234624,0.00035691969,0.006778075,-4.363529,-65.430885,-91.62079,-90.88425,-107.40281,0.26203766,2.7427094,6.6688385,70.47615,92.296295,87.67569,103.24351,-1.8907197,-0.9601501,0.0,0.0,0.0,0.0,0.0,0.0,-0.0,0.0,-23.650005,11.050003,-4.019994,50.699997,-32.100006,32.4,-28.440006,20.599995,-12.249996,6.479997,-25.860004,21.059994,-18.660004,-3.480002,0.0,0.0,0.0,0.0,rl_constraint,1.5323854313464835e-05,0.0,0.0,0.0,-12.262755393981934,-63.52473068237305,-92.46643829345703,-80.21062469482422,-114.1392593383789,7.550683975219727,-3.5938379764556885,12.025259971618652,67.89331817626953,94.16038513183594,83.57611846923828,107.32820892333984,-6.562232971191406,-2.2071075439453125,0.0,0.0,0.0,0.0
49,0.981960534999871,1789352873.7004,17,0.00072743633,-0.006821855,0.00035691969,0.006764478,-4.855213,-65.22035,-91.68731,-89.91034,-108.03355,0.887503,2.1954803,7.086811,70.24995,92.41463,87.2028,103.6236,-2.2667816,-1.0464615,0.0,0.0,0.0,0.0,0.0,0.0,-0.0,0.0,-28.250004,10.649998,-2.9999955,52.2,-34.439995,32.579998,-30.180006,23.100002,-11.549995,7.2599993,-24.000004,19.380007,-20.219994,-4.559999,0.0,0.0,0.0,0.0,rl_constraint,1.5323854313464835e-05,0.0,0.0,0.0,-13.49241828918457,-63.440452575683594,-92.40974426269531,-79.24430847167969,-114.53741455078125,8.27694034576416,-4.1056389808654785,12.5532808303833,67.54048919677734,94.39732360839844,83.29849243164062,107.786865234375,-7.103882789611816,-2.45849871635437,0.0,0.0,0.0,0.0
50,1.0017559529997015,1789352873.7201955,17,0.00072743633,-0.006819042,0.00035691969,0.006750881,-5.4607773,-65.01342,-91.76307,-88.87242,-108.70192,1.5706466,1.6000351,7.559475,70.01199,92.57036,86.73665,104.023445,-2.6871185,-1.1441574,0.0,0.0,0.0,0.0,0.0,0.0,-0.0,0.0,-32.3,10.200005,-4.440001,52.499996,-33.960003,33.659996,-29.280006,24.099998,-12.049999,7.3199983,-22.200005,20.400005,-21.180006,-4.980006,0.0,0.0,0.0,0.0,rl_constraint,1.6565209079999477e-05,0.0,0.0,0.0,-14.65195369720459,-63.286048889160156,-92.38917541503906,-78.14958953857422,-115.0203628540039,9.059475898742676,-4.573331832885742,13.089917182922363,67.14278411865234,94.66230773925781,82.8166275024414,108.38916778564453,-7.672155380249023,-2.671379804611206,0.0,0.0,0.0,0.0
51,1.0221391989998665,1789352873.740579,17,0.00072743633,-0.006816229,0.00035691969,0.006740683,-6.1734924,-64.81503,-91.85176,-87.801125,-109.38977,2.2929153,0.9731415,8.0639305,69.7594,92.73453,86.287415,104.437065,-3.1371186,-1.261409,0.0,0.0,0.0,0.0,0.0,0.0,-0.0,0.0,-37.45,9.799999,-3.480002,52.14,-33.960003,35.04,-29.999996,25.45,-12.500004,8.339996,-20.819998,20.999996,-21.839996,-5.340001,0.0,0.0,0.0,0.0,rl_constraint,1.6565209079999477e-05,0.0,0.0,0.0,-15.6749267578125,-63.20659255981445,-92.29804992675781,-77.16565704345703,-115.38427734375,9.776185989379883,-4.9233222007751465,13.466229438781738,66.6850357055664,94.9000015258789,82.37610626220703,108.99779510498047,-8.18458080291748,-2.829467535018921,0.0,0.0,0.0,0.0
52,1.0423263709999446,1789352873.760766,17,0.0007240371,-0.006813416,0.00035691969,0.0067270864,-6.9527664,-64.62464,-91.921234,-86.74264,-110.04646,3.0095947,0.35579222,8.585266,69.49957,92.9157,85.87529,104.84771,-3.599437,-1.3854996,0.0,0.0,0.0,0.0,0.0,0.0,-0.0,0.0,-40.45,9.249996,-3.3600037,52.980003,-32.160004,38.039997,-29.819998,27.05,-13.599998,9.780002,-20.340006,20.039997,-24.599995,-7.140001,0.0,0.0,0.0,0.0,rl_constraint,1.6565209079999477e-05,0.0,0.0,0.0,-16.455257415771484,-63.17147445678711,-92.08087158203125,-76.24434661865234,-115.66678619384766,10.374907493591309,-5.1658453941345215,13.662215232849121,66.3058090209961,95.0589599609375,81.9040756225586,109.54126739501953,-8.656774520874023,-2.93745493888855,0.0,0.0,0.0,0.0
53,1.0623582369998985,1789352873.7807977,17,0.0007240371,-0.0068049766,0.00035691969,0.006716889,-7.795143,-64.449524,-91.9933,-85.68301,-110.68503,3.7415862,-0.25168306,9.1239395,69.22275,93.10851,85.4758,105.27405,-4.079375,-1.5257126,0.0,0.0,0.0,0.0,0.0,0.0,-0.0,0.0,-43.55,8.499996,-3.480002,52.740005,-32.819992,37.560005,-29.099995,26.850002,-13.900005,9.720003,-19.979998,22.44,-23.46,-7.080002,0.0,0.0,0.0,0.0,rl_constraint,1.7806563846534118e-05,0.0,0.0,0.0,-17.097383499145508,-63.03717803955078,-91.98474884033203,-75.27375793457031,-116.01554870605469,11.03835678100586,-5.362051963806152,13.830570220947266,65.85986328125,95.21246337890625,81.26327514648438,110.20880126953125,-9.158647537231445,-3.005049228668213,0.0,0.0,0.0,0.0
54,1.0825417329997435,1789352873.8009813,17,0.0007240371,-0.0067864903,0.00035691969,0.006706691,-8.683559,-64.28318,-92.04298,-84.62586,-111.29991,4.4728637,-0.8480209,9.647152,68.935196,93.3119,85.07835,105.7117,-4.5692825,-1.6694,0.0,0.0,0.0,0.0,0.0,0.0,-0.0,0.0,-45.500004,8.000004,-1.740001,52.619995,-31.260004,37.440006,-30.420002,25.749996,-14.850002,10.620003,-20.099995,22.679996,-24.960003,-7.5599947,0.0,0.0,0.0,0.0,rl_constraint,1.7806563846534118e-05,0.0,0.0,0.0,-17.501819610595703,-62.94265365600586,-91.79529571533203,-74.3804931640625,-116.30484771728516,11.582453727722168,-5.444859027862549,13.871698379516602,65.46424102783203,95.26387786865234,80.56500244140625,110.84696960449219,-9.623322486877441,-3.0330405235290527,0.0,0.0,0.0,0.0
55,1.1022010009996848,1789352873.8206406,17,0.0007240371,-0.0067712194,0.00035691969,0.0066964934,-9.574093,-64.12758,-92.07032,-83.60086,-111.870346,5.1884446,-1.4010178,10.150875,68.63697,93.51465,84.683784,106.154144,-5.0491104,-1.8154907,0.0,0.0,0.0,0.0,0.0,0.0,-0.0,0.0,-45.85,7.549999,-1.0199982,52.020004,-29.159994,37.019997,-28.500004,25.45,-15.949997,10.740001,-20.219994,22.260004,-24.120003,-7.499995,0.0,0.0,0.0,0.0,rl_constraint,1.9041708583245054e-05,0.0,0.0,0.0,-17.723093032836914,-62.76760482788086,-91.6966552734375,-73.45716857910156,-116.68576049804688,12.146768569946289,-5.492030143737793,13.8744535446167,65.07361602783203,95.25371551513672,79.66897583007812,111.5938491821289,-10.094427108764648,-3.044286012649536,0.0,0.0,0.0,0.0
56,1.1220533579999028,1789352873.8404927,17,0.0007240371,-0.0065887696,0.00035691969,0.0066862954,-10.4831085,-63.982086,-92.0857,-82.562706,-112.42804,5.916632,-1.9350494,10.639423,68.31702,93.72501,84.28012,106.62738,-5.5505676,-1.9612793,0.0,0.0,0.0,0.0,0.0,0.0030723042,-0.0,0.0,-45.0,7.0999947,-0.4800064,52.439995,-27.9,35.760002,-24.659994,23.2,-16.649998,10.560003,-20.759998,25.259998,-24.479998,-6.960004,0.0,0.0,0.0,0.0,rl_constraint,1.9041708583245054e-05,0.0,0.0,0.0,-17.71070671081543,-62.6053466796875,-91.58318328857422,-72.6456527709961,-116.94668579101562,12.627378463745117,-5.412526607513428,13.765562057495117,64.63990020751953,95.19841003417969,78.77383422851562,112.34646606445312,-10.538745880126953,-2.996537446975708,0.0,0.0,0.0,0.0
57,1.1420887199997196,1789352873.8605285,17,0.0007240371,-0.006516433,0.00035691969,0.006676098,-11.369305,-63.84075,-92.08926,-81.53546,-112.956856,6.6322403,-2.4281433,11.083282,67.989136,93.92514,83.84774,107.122025,-6.05186,-2.1044312,0.0,0.0,0.0,0.0,0.0,0.006364425,-0.0,0.0,-43.45,7.1500053,0.059999086,51.3,-24.539997,34.439995,-24.359999,21.099998,-17.100002,10.019999,-22.619999,26.04,-24.359999,-6.1200027,0.0,0.0,0.0,0.0,rl_constraint,1.9041708583245054e-05,0.0,0.0,0.0,-17.427841186523438,-62.51478576660156,-91.36677551269531,-71.92346954345703,-117.12899780273438,12.989263534545898,-5.1896185874938965,13.494800567626953,64.28604125976562,95.02125549316406,77.85469818115234,113.05728912353516,-10.939643859863281,-2.934763193130493,0.0,0.0,0.0,0.0
58,1.1624063330000354,1789352873.8808458,17,0.0007240371,-0.006241956,0.00035691969,0.0066659003,-12.228355,-63.698307,-92.077805,-80.49226,-113.46647,7.351007,-2.8848724,11.5006485,67.63794,94.11572,83.363174,107.65331,-6.563301,-2.2342072,0.0,0.0,0.0,0.0,0.0,0.019094005,-0.0,0.0,-39.949997,6.75,1.0199982,51.000004,-23.34,34.680008,-20.939997,19.300003,-17.750004,8.580007,-24.180002,26.339996,-23.880007,-6.5999956,0.0,0.0,0.0,0.0,rl_constraint,2.026442962232977e-05,0.0,0.0,0.0,-17.074111938476562,-62.3414421081543,-91.25574493408203,-71.22432708740234,-117.30802917480469,13.367376327514648,-4.926640033721924,13.195659637451172,63.83512878417969,94.85099029541016,76.85486602783203,113.86445617675781,-11.359989166259766,-2.847791910171509,0.0,0.0,0.0,0.0
59,1.1824643779996222,1789352873.900904,17,0.0007240371,-0.005593342,0.00035691969,0.0066557024,-12.994171,-63.564434,-92.043236,-79.49573,-113.93863,8.026886,-3.2741592,11.85498,67.281006,94.27361,82.85583,108.19605,-7.0618334,-2.348877,0.0,0.0,0.0,0.0,0.0,0.0410409,-0.0,0.0,-36.1,6.75,2.3400054,49.200005,-23.759995,33.060005,-18.299995,15.849998,-18.199997,7.8600035,-26.640005,28.859999,-23.639996,-4.7399964,0.0,0.0,0.0,0.0,rl_constraint,2.026442962232977e-05,0.0,0.0,0.0,-16.567251205444336,-62.206642150878906,-91.07759094238281,-70.65312957763672,-117.40837860107422,13.621400833129883,-4.583969593048096,12.90661334991455,63.4716682434082,94.58609008789062,75.90823364257812,114.57630920410156,-11.751557350158691,-2.7685210704803467,0.0,0.0,0.0,0.0
60,1.2023806889997104,1789352873.9208205,17,0.0007240371,-0.005023499,0.00035691969,0.006604714,-13.670025,-63.421955,-91.98207,-78.521774,-114.379486,8.677345,-3.596759,12.139973,66.918,94.40617,82.30274,108.76599,-7.551329,-2.4477127,0.0,0.0,0.0,0.0,0.0,0.012728983,-0.0,0.0,-30.999996,6.550003,3.0599945,48.180008,-20.939997,32.4,-15.659994,12.149998,-17.95,6.0600038,-29.099995,30.300005,-24.960003,-4.440001,0.0,0.0,0.0,0.0,rl_constraint,2.1468511476996355e-05,0.0,0.0,0.0,-16.09442901611328,-62.00882339477539,-90.97282409667969,-70.08585357666016,-117.60667419433594,13.891352653503418,-4.234168529510498,12.683252334594727,63.0758171081543,94.35044860839844,74.94747924804688,115.29585266113281,-12.159526824951172,-2.721311569213867,0.0,0.0,0.0,0.0
61,1.2229120169999987,1789352873.9413517,17,0.0007240371,-0.0049230335,0.00035691969,0.006567322,-14.236919,-63.29075,-91.91695,-77.582565,-114.78706,9.301575,-3.856627,12.362812,66.55114,94.50766,81.70447,109.356415,-8.035208,-2.5241776,0.0,0.0,0.0,0.0,0.0,0.0030722315,-0.0,0.0,-25.699997,6.3499947,4.0800066,46.079998,-20.280006,31.019993,-10.620003,9.600002,-18.299995,3.7799973,-31.019993,28.979998,-23.940006,-3.4200027,0.0,0.0,0.0,0.0,rl_constraint,2.1468511476996355e-05,0.0,0.0,0.0,-15.61351490020752,-61.8474006652832,-90.87081909179688,-69.67202758789062,-117.68860626220703,14.100525856018066,-3.859591484069824,12.495747566223145,62.65597152709961,94.1054916381836,74.15943145751953,115.90965270996094,-12.549827575683594,-2.6766655445098877,0.0,0.0,0.0,0.0
62,1.2424741479999284,1789352873.960914,17,0.0007240371,-0.0048860624,0.00035691969,0.006543528,-14.696926,-63.15533,-91.82356,-76.674614,-115.16188,9.887929,-4.0491076,12.5322075,66.17875,94.567085,81.05742,109.96813,-8.507799,-2.5890243,0.0,0.0,0.0,0.0,0.0,0.00307223,-0.0,0.0,-19.950005,7.0499954,5.1600037,43.740005,-17.580006,27.96,-8.399996,7.250004,-18.8,2.2800064,-33.42,29.999996,-23.519999,-3.7799973,0.0,0.0,0.0,0.0,rl_constraint,2.1468511476996355e-05,0.0,0.0,0.0,-15.142668724060059,-61.71630859375,-90.6733627319336,-69.35397338867188,-117.7303695678711,14.217382431030273,-3.4531450271606445,12.3125,62.31590270996094,93.77499389648438,73.47569274902344,116.38435363769531,-12.889766693115234,-2.661137580871582,0.0,0.0,0.0,0.0
63,1.2630220009996265,1789352873.9814618,17,0.0007240371,-0.004829802,0.00035691969,0.0065231323,-15.042549,-63.01807,-91.73698,-75.80999,-115.50668,10.439992,-4.176384,12.643513,65.79897,94.60468,80.371925,110.595245,-8.969938,-2.634961,0.0,0.0,0.0,0.0,0.0,0.0,-0.0,0.0,-14.200001,7.0999947,4.2600036,42.599995,-16.920002,27.239996,-4.019994,3.75,-19.099995,1.3199936,-34.800003,30.779997,-22.56,-1.6800019,0.0,0.0,0.0,0.0,rl_constraint,2.2647747755399905e-05,0.0,0.0,0.0,-14.849834442138672,-61.517364501953125,-90.64095306396484,-69.11990356445312,-117.78838348388672,14.402297019958496,-3.123582124710083,12.264628410339355,61.910953521728516,93.52792358398438,72.89274597167969,116.8871078491211,-13.311293601989746,-2.6931674480438232,0.0,0.0,0.0,0.0
64,1.282799686999624,1789352874.0012395,17,0.0007240371,-0.004818148,0.00035691969,0.006506136,-15.28323,-62.87899,-91.63413,-74.98969,-115.821594,10.945623,-4.2384977,12.703548,65.421196,94.60957,79.663734,111.233154,-9.428274,-2.6640747,0.0,0.0,0.0,0.0,0.0,0.0,-0.0,0.0,-9.600002,7.549999,5.8199935,39.78,-14.220003,24.539997,-1.8,2.1000023,-18.75,-0.3599945,-36.179996,32.940006,-21.899996,-0.9599991,0.0,0.0,0.0,0.0,rl_constraint,2.2647747755399905e-05,0.0,0.0,0.0,-14.676499366760254,-61.386512756347656,-90.55192565917969,-69.09236145019531,-117.7475357055664,14.509963035583496,-2.751701593399048,12.36573314666748,61.53920364379883,93.25911712646484,72.47248840332031,117.26297760009766,-13.708030700683594,-2.7493512630462646,0.0,0.0,0.0,0.0
65,1.302590386999782,1789352874.0210302,17,0.0007240371,-0.004814531,0.00035691969,0.00648914,-15.423466,-62.736374,-91.53218,-74.221146,-116.106606,11.41382,-4.2456803,12.72892,65.04059,94.58682,78.93026,111.86679,-9.873784,-2.6807876,0.0,0.0,0.0,0.0,0.0,0.0,-0.0,0.0,-5.1000023,7.1500053,4.6799974,36.9,-12.899996,21.6,0.41999358,0.14999771,-19.099995,-2.3400054,-36.780003,31.5,-20.879997,-0.41999358,0.0,0.0,0.0,0.0,rl_constraint,2.3795921151759103e-05,0.0,0.0,0.0,-14.66836166381836,-61.19368362426758,-90.57410430908203,-69.11903381347656,-117.79336547851562,14.692649841308594,-2.4553401470184326,12.593266487121582,61.12442398071289,93.06715393066406,72.10137176513672,117.64096069335938,-14.15782642364502,-2.8582732677459717,0.0,0.0,0.0,0.0
66,1.3227762950000397,1789352874.0412164,17,0.0007240371,-0.0048137275,0.00035691969,0.006475543,-15.484486,-62.59156,-91.422966,-73.51017,-116.35888,11.842356,-4.21176,12.7272835,64.656296,94.5045,78.19788,112.492004,-10.30865,-2.6926665,0.0,0.0,0.0,0.0,0.0,0.0,-0.0,0.0,-1.5,7.450001,5.1000047,33.780006,-12.180006,21.059994,3.8399963,-0.14999771,-19.55,-5.8800063,-36.299995,30.360004,-21.779997,-0.7200028,0.0,0.0,0.0,0.0,rl_constraint,2.3795921151759103e-05,0.0,0.0,0.0,-14.790196418762207,-61.020442962646484,-90.58936309814453,-69.35748291015625,-117.68859100341797,14.836186408996582,-2.1943752765655518,12.938581466674805,60.70981979370117,92.84979248046875,71.97578430175781,117.91826629638672,-14.579111099243164,-3.0092084407806396,0.0,0.0,0.0,0.0
67,1.3431055259998175,1789352874.0615454,17,0.0007240371,-0.004815737,0.00035691969,0.0064619463,-15.492153,-62.444836,-91.32476,-72.86782,-116.577576,12.23513,-4.093918,12.72258,64.266945,94.38275,77.47656,113.10238,-10.741223,-2.706056,0.0,0.0,0.0,0.0,0.0,0.0,-0.0,0.0,0.24999619,7.300003,5.2200027,30.420002,-10.2599945,19.560003,6.5999956,-0.24999619,-19.45,-5.9400053,-35.519993,30.480001,-22.5,-0.60000455,0.0,0.0,0.0,0.0,rl_constraint,2.3795921151759103e-05,0.0,0.0,0.0,-15.056160926818848,-60.8856201171875,-90.57233428955078,-69.79034423828125,-117.51892852783203,14.939517974853516,-1.800078272819519,13.325226783752441,60.348018646240234,92.58894348144531,72.03099822998047,118.06798553466797,-14.940420150756836,-3.1912221908569336,0.0,0.0,0.0,0.0
68,1.3629495599998336,1789352874.0813894,17,0.0007240371,-0.0048193536,0.00035691969,0.0064517483,-15.47707,-62.295696,-91.21613,-72.29824,-116.76843,12.589989,-3.9460692,12.717567,63.880714,94.24277,76.78265,113.689995,-11.169594,-2.7215743,0.0,0.0,0.0,0.0,0.0,0.0,-0.0,0.0,1.5,8.000004,4.980006,26.580006,-7.8000045,16.020002,8.700005,-0.049999237,-19.099995,-6.6599946,-33.599995,27.480007,-20.580002,-0.8400009,0.0,0.0,0.0,0.0,rl_constraint,2.4906828912207857e-05,0.0,0.0,0.0,-15.475679397583008,-60.684574127197266,-90.68049621582031,-70.30774688720703,-117.39636993408203,15.095606803894043,-1.481785774230957,13.820645332336426,59.952598571777344,92.42776489257812,72.18463897705078,118.24122619628906,-15.360445976257324,-3.4084599018096924,0.0,0.0,0.0,0.0
69,1.3825318819999666,1789352874.1009717,17,0.0007240371,-0.0048728012,0.00035691969,0.006441551,-15.432976,-62.141224,-91.1289,-71.81366,-116.92764,12.915459,-3.767569,12.72068,63.49529,94.09367,76.14246,114.250824,-11.597855,-2.7437394,0.0,0.0,0.0,0.0,0.0,-0.0063642766,-0.0,0.0,2.449997,7.749996,4.0800066,21.54,-6.7199936,15.719994,10.2599945,0.40000534,-19.45,-8.159999,-30.480001,26.219997,-21.779997,-1.3800064,0.0,0.0,0.0,0.0,rl_constraint,2.4906828912207857e-05,0.0,0.0,0.0,-16.007959365844727,-60.55003356933594,-90.77627563476562,-71.01531982421875,-117.19247436523438,15.197613716125488,-1.124350666999817,14.421250343322754,59.614810943603516,92.26424407958984,72.48916625976562,118.30511474609375,-15.730324745178223,-3.627319812774658,0.0,0.0,0.0,0.0
70,1.4024668209999618,1789352874.1209066,17,0.0007240371,-0.004919015,0.00035691969,0.006431353,-15.391731,-61.987106,-91.050735,-71.432076,-117.05241,13.213023,-3.570186,12.740959,63.105354,93.94015,75.55971,114.776886,-12.016749,-2.7939467,0.0,0.0,0.0,0.0,0.0,-0.0030722313,-0.0,0.0,1.2000046,8.150002,3.7799973,16.559994,-5.6999955,13.739996,10.139997,1.7999954,-19.699997,-8.519994,-27.419994,26.16,-20.099995,-3.3600037,0.0,0.0,0.0,0.0,rl_constraint,2.5974248273996636e-05,0.0,0.0,0.0,-16.636276245117188,-60.40615463256836,-90.97447204589844,-71.75324249267578,-117.08956909179688,15.361820220947266,-0.8077959418296814,15.123178482055664,59.2168083190918,92.24607849121094,72.80331420898438,118.41007995605469,-16.116670608520508,-3.8878233432769775,0.0,0.0,0.0,0.0
71,1.4219530400000622,1789352874.1403928,17,0.0007240371,-0.004935893,0.00035691969,0.0064211553,-15.377621,-61.835724,-90.988785,-71.14923,-117.13709,13.479113,-3.3524919,12.806545,62.725857,93.78187,75.05707,115.24888,-12.421074,-2.8437972,0.0,0.0,0.0,0.0,0.0,0.0,-0.0,0.0,0.0,8.050003,2.4600036,12.119993,-3.6,12.779997,11.099996,5.050003,-18.650002,-8.459994,-24.240002,22.799995,-20.819998,-2.759999,0.0,0.0,0.0,0.0,rl_constraint,2.5974248273996636e-05,0.0,0.0,0.0,-17.294723510742188,-60.336978912353516,-91.18419647216797,-72.64002227783203,-116.86280822753906,15.461320877075195,-0.44015806913375854,15.894145011901855,58.79774856567383,92.28169250488281,73.23873901367188,118.44548797607422,-16.44149398803711,-4.086588382720947,0.0,0.0,0.0,0.0
72,1.4417832949998228,1789352874.160223,17,0.0006832463,-0.00496322,0.00035691969,0.0064143566,-15.392223,-61.677567,-90.94463,-70.97099,-117.19605,13.725385,-3.1143494,12.943806,62.342205,93.6008,74.60604,115.69105,-12.837112,-2.9113083,0.0,0.0,0.0,0.0,-0.053833686,0.0,-0.0,0.0,-1.7999954,8.200001,2.1599946,6.359999,-2.8799973,11.099996,11.879997,7.9500046,-19.55,-8.940001,-20.819998,20.759998,-20.640001,-4.0800066,0.0,0.0,0.0,0.0,rl_constraint,2.5974248273996636e-05,0.0,0.0,0.0,-17.912879943847656,-60.30952835083008,-91.35576629638672,-73.6153793334961,-116.5914077758789,15.464688301086426,-0.0013931450666859746,16.640933990478516,58.426963806152344,92.29996490478516,73.65654754638672,118.43058013916016,-16.688291549682617,-4.2175493240356445,0.0,0.0,0.0,0.0
73,1.4622608509998827,1789352874.1807003,17,0.00040110975,-0.0050423867,0.00035691969,0.0064075585,-15.460098,-61.518986,-90.90814,-70.90595,-117.23231,13.9624,-2.8484254,13.138584,61.94561,93.42731,74.23805,116.100975,-13.254552,-3.0056121,0.0,0.0,0.0,0.0,0.0,-0.0030722367,-0.0,0.0,-4.6499977,7.9000053,1.1399963,0.17999725,-0.60000455,11.520002,13.260004,11.050003,-19.649998,-7.920003,-15.719994,17.580006,-19.319994,-4.7399964,0.0,0.0,0.0,0.0,rl_constraint,2.699197648325935e-05,0.0,0.0,0.0,-18.487163543701172,-60.229915618896484,-91.6443862915039,-74.61984252929688,-116.3420639038086,15.465500831604004,0.4583697021007538,17.364459991455078,58.01496887207031,92.42382049560547,73.99555969238281,118.56367492675781,-16.91515350341797,-4.301188945770264,0.0,0.0,0.0,0.0
74,1.4817920699997558,1789352874.2002318,17,0.00037391586,-0.005065695,0.00035691969,0.00640076,-15.590801,-61.372936,-90.90114,-70.93,-117.235054,14.16746,-2.580661,13.381657,61.56705,93.26876,73.984955,116.44622,-13.645226,-3.1075928,0.0,0.0,0.0,0.0,0.0,-0.0030722378,-0.0,0.0,-8.549995,7.450001,-0.059999086,-2.9999955,0.11999817,9.9,14.579997,13.5,-19.45,-7.499995,-10.139997,16.439997,-18.660004,-5.1000047,0.0,0.0,0.0,0.0,rl_constraint,2.699197648325935e-05,0.0,0.0,0.0,-18.962491989135742,-60.158409118652344,-91.94003295898438,-75.6585922241211,-116.03529357910156,15.3834228515625,1.044344425201416,18.037246704101562,57.6733283996582,92.51602935791016,74.26618957519531,118.67494201660156,-17.039518356323242,-4.308563232421875,0.0,0.0,0.0,0.0
75,1.502052127999832,1789352874.220492,17,0.00037391586,-0.0050829747,0.00035691969,0.0063939616,-15.790844,-61.231693,-90.90916,-71.05795,-117.2187,14.356975,-2.2840989,13.684959,61.177036,93.12506,73.80916,116.76087,-14.036654,-3.2210128,0.0,0.0,0.0,0.0,0.0,0.0,-0.0,0.0,-11.150002,7.0999947,-1.0799973,-10.079997,1.9199982,9.299995,15.3,16.350002,-19.250004,-7.080002,-6.5999956,14.459999,-18.06,-5.6999955,0.0,0.0,0.0,0.0,rl_constraint,2.795379259623587e-05,0.0,0.0,0.0,-19.235309600830078,-60.00267028808594,-92.32475280761719,-76.63445281982422,-115.85370635986328,15.304221153259277,1.687050700187683,18.58885955810547,57.33047866821289,92.66506958007812,74.34461212158203,118.90704345703125,-17.148651123046875,-4.239233493804932,0.0,0.0,0.0,0.0
76,1.5217736579998018,1789352874.2402132,17,0.00038071434,-0.005088199,0.00035691969,0.0063837636,-16.03695,-61.092052,-90.94871,-71.329315,-117.15444,14.521055,-1.9628036,14.047016,60.78718,93.003235,73.71368,117.040825,-14.412305,-3.3395143,0.0,0.0,0.0,0.0,0.0,0.0,-0.0,0.0,-13.450001,6.799999,-3.0599945,-17.16,5.0400057,8.1,17.519993,19.900005,-19.55,-5.340001,-3.4200027,13.559999,-18.96,-5.4,0.0,0.0,0.0,0.0,rl_constraint,2.795379259623587e-05,0.0,0.0,0.0,-19.349172592163086,-59.87889862060547,-92.74039459228516,-77.71546936035156,-115.57400512695312,15.113821029663086,2.449310541152954,19.088666915893555,57.03087615966797,92.78448486328125,74.32280731201172,119.15120697021484,-17.168041229248047,-4.077781677246094,0.0,0.0,0.0,0.0
77,1.541933054999845,1789352874.2603726,17,0.00038751282,-0.0050869933,0.00035691969,0.0063769654,-16.322456,-60.96492,-91.03785,-71.71353,-117.04513,14.665663,-1.6195633,14.468239,60.400486,92.90736,73.668304,117.29186,-14.76579,-3.4574387,0.0,0.0,0.0,0.0,0.0,0.0030722388,-0.0,0.0,-15.299995,5.950001,-5.6399965,-21.480001,5.1600037,6.1800017,19.079998,22.350002,-19.200005,-4.019994,-1.0199982,11.400004,-16.740005,-5.579997,0.0,0.0,0.0,0.0,rl_constraint,2.795379259623587e-05,0.0,0.0,0.0,-19.193960189819336,-59.76432800292969,-93.15724182128906,-78.762451171875,-115.30985260009766,14.857723236083984,3.315399646759033,19.446874618530273,56.84193801879883,92.80509948730469,74.09548950195312,119.34984588623047,-17.113603591918945,-3.825510263442993,0.0,0.0,0.0,0.0
78,1.5617579959998693,1789352874.2801976,17,0.00039431127,-0.0050829747,0.00035691969,0.006370167,-16.634914,-60.843292,-91.16039,-72.184875,-116.929306,14.779757,-1.2480195,14.920887,60.018826,92.84058,73.66573,117.52483,-15.0943775,-3.563086,0.0,0.0,0.0,0.0,0.0,0.0,-0.0,0.0,-15.799999,6.4000053,-6.7800064,-25.860004,7.140001,4.380002,19.199995,22.749996,-18.899998,-2.7,0.059999086,11.520002,-15.359999,-4.7399964,0.0,0.0,0.0,0.0,rl_constraint,2.88534902210813e-05,0.0,0.0,0.0,-18.800552368164062,-59.56291961669922,-93.69743347167969,-79.69196319580078,-115.17051696777344,14.603983879089355,4.187863826751709,19.688261032104492,56.69124221801758,92.82147216796875,73.6432113647461,119.66735076904297,-17.0665283203125,-3.496535062789917,0.0,0.0,0.0,0.0
79,1.5818029639999622,1789352874.3002424,17,0.0003977105,-0.005078956,0.00035691969,0.0063599693,-16.946995,-60.71538,-91.31024,-72.73353,-116.78923,14.864557,-0.83843535,15.386913,59.64259,92.797775,73.67061,117.745384,-15.392367,-3.6546159,0.0,0.0,0.0,0.0,0.0,0.0,-0.0,0.0,-15.199997,6.1499977,-7.8000045,-29.400005,6.8400054,3.3600037,22.260004,23.549995,-18.550003,-1.2599945,0.41999358,11.039996,-13.5,-3.7799973,0.0,0.0,0.0,0.0,rl_constraint,2.88534902210813e-05,0.0,0.0,0.0,-18.169946670532227,-59.38109588623047,-94.21354675292969,-80.57660675048828,-115.04656982421875,14.29936408996582,5.141766548156738,19.821224212646484,56.62310028076172,92.7214584350586,72.97648620605469,119.96257019042969,-16.951900482177734,-3.0968635082244873,0.0,0.0,0.0,0.0
80,1.6018924659997538,1789352874.320332,17,0.00040110975,-0.0050158636,0.00035691969,0.0063531706,-17.232285,-60.591602,-91.49744,-73.35511,-116.633156,14.9113035,-0.38634795,15.862484,59.281757,92.77314,73.680756,117.960014,-15.655642,-3.7124724,0.0,0.0,0.0,0.0,0.0,0.0030722355,-0.0,0.0,-13.450001,5.800003,-9.9,-33.18,7.8000045,1.0799973,24.960003,24.149998,-17.650005,-1.2599945,0.5400055,10.319994,-11.580002,-1.5600036,0.0,0.0,0.0,0.0,rl_constraint,2.9684857508982532e-05,0.0,0.0,0.0,-17.25645637512207,-59.220272064208984,-94.77735137939453,-81.3000717163086,-115.10728454589844,14.04782485961914,6.112722873687744,19.80935287475586,56.628360748291016,92.57992553710938,72.08696746826172,120.35777282714844,-16.85356330871582,-2.629664421081543,0.0,0.0,0.0,0.0
81,1.6220286709999527,1789352874.3404682,17,0.000404509,-0.0048165405,0.00035691969,0.0063429726,-17.475231,-60.464767,-91.71517,-74.03872,-116.471176,14.918088,0.11660614,16.340366,58.937862,92.75048,73.68841,118.1761,-15.879789,-3.7269058,0.0,0.0,0.0,0.0,0.0,0.012728945,-0.0,0.0,-10.400002,6.6000023,-11.219994,-35.219997,8.820003,-0.0,27.239996,23.349998,-16.55,-1.1999954,-0.11999817,10.319994,-9.840001,-0.0,0.0,0.0,0.0,0.0,rl_constraint,2.9684857508982532e-05,0.0,0.0,0.0,-16.13817024230957,-59.18534851074219,-95.30829620361328,-81.93840026855469,-115.16524505615234,13.794017791748047,7.1489996910095215,19.72776985168457,56.635746002197266,92.3540267944336,71.07655334472656,120.77862548828125,-16.706645965576172,-2.086057424545288,0.0,0.0,0.0,0.0
82,1.642152349999833,1789352874.360592,17,0.000404509,-0.004590293,0.00035691969,0.006332775,-17.650108,-60.335026,-91.97613,-74.78455,-116.302216,14.910864,0.6841736,16.796677,58.61412,92.723404,73.67318,118.399574,-16.069977,-3.7208633,0.0,0.0,0.0,0.0,0.0,0.022166176,-0.0,0.0,-6.4000053,6.700001,-13.980006,-37.319992,8.760004,-0.9599991,29.640001,21.149998,-15.400005,-1.1399963,-2.2199936,10.859999,-7.8000045,0.9599991,0.0,0.0,0.0,0.0,rl_constraint,2.9684857508982532e-05,0.0,0.0,0.0,-14.80703353881836,-59.28367614746094,-95.75640869140625,-82.44176483154297,-115.33863830566406,13.612547874450684,8.206403732299805,19.46543312072754,56.7296257019043,92.00532531738281,69.95264434814453,121.18992614746094,-16.53430938720703,-1.5430442094802856,0.0,0.0,0.0,0.0
83,1.6619820179998896,1789352874.3804216,17,0.000404509,-0.0030142174,0.00035691969,0.0063191783,-17.722149,-60.209965,-92.26128,-75.5269,-116.153366,14.876162,1.2663529,17.193913,58.334312,92.703735,73.59348,118.62264,-16.221973,-3.6682801,0.0,0.0,0.0,0.0,0.0,0.13650626,-0.0,0.0,-1.0499954,6.700001,-15.180002,-38.400005,7.499995,-2.8199983,31.019993,19.799995,-13.950005,-1.0799973,-6.0600038,11.520002,-6.1200027,4.380002,0.0,0.0,0.0,0.0,rl_constraint,3.0441677154158242e-05,0.0,0.0,0.0,-13.42465877532959,-59.35465621948242,-96.27526092529297,-82.81739807128906,-115.61698150634766,13.508319854736328,9.21127986907959,19.1848087310791,56.8130989074707,91.69602966308594,68.78214263916016,121.65699768066406,-16.41741943359375,-1.0058165788650513,0.0,0.0,0.0,0.0
84,1.6818972769997345,1789352874.400337,17,0.00040790823,0.0019388198,0.00035691969,0.006271589,-17.69394,-60.086185,-92.575554,-76.29504,-116.01236,14.791374,1.9203827,17.575127,58.076534,92.67223,73.416,118.86836,-16.340117,-3.5425277,0.0,0.0,0.0,0.0,0.0,0.36208978,-0.0,0.0,4.3500023,5.5499954,-16.379997,-37.74,6.6599946,-4.7999954,35.1,17.750004,-12.099998,-1.740001,-11.7,12.959994,-5.2200027,8.219998,0.0,0.0,0.0,0.0,rl_constraint,3.0441677154158242e-05,0.0,0.0,0.0,-12.062183380126953,-59.47743606567383,-96.72775268554688,-83.13484191894531,-115.90978240966797,13.368698120117188,10.217756271362305,18.948511123657227,56.893924713134766,91.32755279541016,67.60393524169922,122.06665802001953,-16.297977447509766,-0.4248119294643402,0.0,0.0,0.0,0.0
85,1.7024460789998557,1789352874.4208856,17,0.00041130747,0.010847865,0.00035691969,0.0062273988,-17.534443,-59.97084,-92.9353,-77.075165,-115.893166,14.669701,2.6373641,17.903664,57.84826,92.62831,73.126045,119.1371,-16.41775,-3.3541946,0.0,0.0,0.0,0.0,0.0,0.4465213,-0.0,0.0,11.349998,5.200001,-18.480007,-37.86,4.8599944,-5.579997,35.339996,13.950005,-10.250004,-2.5800018,-16.619993,12.839996,-2.2199936,10.019999,0.0,0.0,0.0,0.0,rl_constraint,3.111774640274234e-05,0.0,0.0,0.0,-10.716132164001465,-59.552032470703125,-97.20751190185547,-83.35104370117188,-116.32139587402344,13.269287109375,11.096002578735352,18.74824333190918,56.97029495239258,91.0003433227539,66.44344329833984,122.49734497070312,-16.242557525634766,0.14648087322711945,0.0,0.0,0.0,0.0
86,1.722198453999681,1789352874.440638,17,0.00041470668,0.018417638,0.00035691969,0.006200205,-17.24984,-59.870705,-93.30905,-77.80473,-115.819626,14.546077,3.3614044,18.144241,57.67036,92.56428,72.74947,119.414,-16.459442,-3.1368165,0.0,0.0,0.0,0.0,0.0,0.24572483,-0.0,0.0,17.549995,4.7999954,-19.019999,-36.419994,3.1800065,-6.7199936,37.079998,10.599998,-8.349998,-4.559999,-21.899996,13.859995,-2.4000046,12.839996,0.0,0.0,0.0,0.0,rl_constraint,3.111774640274234e-05,0.0,0.0,0.0,-9.548518180847168,-59.58890151977539,-97.6579360961914,-83.54224395751953,-116.63865661621094,13.183662414550781,11.933568000793457,18.573566436767578,57.023162841796875,90.66378021240234,65.43897247314453,122.82989501953125,-16.19110107421875,0.6329134702682495,0.0,0.0,0.0,0.0
87,1.7425082009999642,1789352874.4609478,17,0.00040790823,0.020014491,0.00035691969,0.0061764102,-16.82848,-59.792187,-93.71942,-78.53056,-115.77726,14.409668,4.1632004,18.337406,57.517456,92.45112,72.24493,119.72152,-16.491398,-2.864589,0.0,0.0,0.0,0.0,0.0,0.0,-0.0,0.0,23.499996,3.1499977,-20.460003,-33.960003,0.8400009,-6.6599946,40.62,8.000004,-6.999996,-6.1200027,-27.119999,16.140001,-0.66000366,15.120003,0.0,0.0,0.0,0.0,rl_constraint,3.111774640274234e-05,0.0,0.0,0.0,-8.526921272277832,-59.553916931152344,-98.05398559570312,-83.67547607421875,-116.98494720458984,13.128089904785156,12.665457725524902,18.330520629882812,57.104251861572266,90.26201629638672,64.50601959228516,123.06802368164062,-16.174903869628906,1.0491174459457397,0.0,0.0,0.0,0.0
88,1.7633880459998181,1789352874.4818282,17,0.00040790823,0.020003645,0.00035691969,0.006152616,-16.289669,-59.73428,-94.13915,-79.20109,-115.77272,14.271899,4.9909654,18.47786,57.398643,92.3097,71.656075,120.04311,-16.495285,-2.5506682,0.0,0.0,0.0,0.0,0.0,0.0,-0.0,0.0,29.499996,2.7000046,-20.460003,-31.260004,-0.29999542,-6.3,40.019993,5.449997,-4.6499977,-8.339996,-31.080006,15.419998,-0.0,14.940005,0.0,0.0,0.0,0.0,rl_constraint,3.170684794895351e-05,0.0,0.0,0.0,-7.758833408355713,-59.42331314086914,-98.48878479003906,-83.74962615966797,-117.29901123046875,13.120264053344727,13.317100524902344,18.224401473999023,57.1237907409668,89.91612243652344,63.739315032958984,123.29338836669922,-16.19751739501953,1.3817675113677979,0.0,0.0,0.0,0.0
89,1.7828083360000164,1789352874.5012484,17,0.000404509,0.02000284,0.00035691969,0.0061356197,-15.656811,-59.689236,-94.54,-79.79042,-115.80065,14.142412,5.8016877,18.571152,57.310387,92.14834,71.027176,120.35914,-16.49435,-2.2218337,0.0,0.0,0.0,0.0,0.0,0.0,-0.0,0.0,35.2,2.050003,-20.879997,-29.039997,-2.9999955,-6.7199936,42.719994,3.6000023,-3.8999977,-9.419993,-34.14,16.140001,0.11999817,17.279997,0.0,0.0,0.0,0.0,rl_constraint,3.170684794895351e-05,0.0,0.0,0.0,-7.306228160858154,-59.2318000793457,-98.83564758300781,-83.75511932373047,-117.58341979980469,13.129552841186523,13.792017936706543,18.215681076049805,57.122074127197266,89.58805847167969,63.16835403442383,123.41767120361328,-16.230554580688477,1.5990543365478516,0.0,0.0,0.0,0.0
90,1.8021672259997104,1789352874.520607,17,0.000404509,0.02000485,0.00035691969,0.006115224,-14.916801,-59.651527,-94.95595,-80.33552,-115.88508,14.014078,6.6107893,18.611115,57.248337,91.96154,70.34123,120.67659,-16.486963,-1.8732513,0.0,0.0,0.0,0.0,0.0,0.0,-0.0,0.0,39.949997,2.050003,-21.779997,-27.540005,-5.6999955,-6.419998,40.559998,0.8999977,-2.2999992,-9.9,-35.760002,16.860004,0.7800018,17.399996,0.0,0.0,0.0,0.0,rl_constraint,3.220276630599983e-05,0.0,0.0,0.0,-7.079686164855957,-58.93612289428711,-99.22418212890625,-83.7415771484375,-117.90187072753906,13.188465118408203,14.1511812210083,18.264162063598633,57.10248565673828,89.31092071533203,62.8281135559082,123.4706039428711,-16.3035945892334,1.7420002222061157,0.0,0.0,0.0,0.0
91,1.8226997639999354,1789352874.5411396,17,0.000404509,0.019998824,0.00035691969,0.006098228,-14.08255,-59.61002,-95.40019,-80.87149,-116.01326,13.892802,7.452727,18.618816,57.199,91.74805,69.58823,121.00678,-16.466679,-1.4943054,0.0,0.0,0.0,0.0,0.0,0.0,-0.0,0.0,41.000004,1.8499947,-21.719997,-23.759995,-7.2,-5.6399965,40.799995,-0.049999237,-2.3499985,-11.640001,-37.8,15.840006,0.9,18.84,0.0,0.0,0.0,0.0,rl_constraint,3.220276630599983e-05,0.0,0.0,0.0,-7.224437713623047,-58.59334945678711,-99.60647583007812,-83.73021697998047,-118.13353729248047,13.28049087524414,14.326780319213867,18.47773551940918,57.03645324707031,89.09626770019531,62.76237869262695,123.47698974609375,-16.39484405517578,1.7978732585906982,0.0,0.0,0.0,0.0
92,1.8428138399999625,1789352874.5612535,17,0.00040110975,0.019992396,0.00035691969,0.006084631,-13.275204,-59.56652,-95.82719,-81.30779,-116.166565,13.78228,8.257612,18.616001,57.15366,91.5048,68.82959,121.317474,-16.440105,-1.1178726,0.0,0.0,0.0,0.0,0.0,0.0,-0.0,0.0,39.75,2.3999977,-20.939997,-19.8,-7.6199937,-4.6799974,38.340004,-0.24999619,-1.9500046,-12.779997,-38.520004,15.120003,1.9199982,19.139996,0.0,0.0,0.0,0.0,rl_constraint,3.220276630599983e-05,0.0,0.0,0.0,-7.717042922973633,-58.2147102355957,-99.92448425292969,-83.687255859375,-118.34412384033203,13.409997940063477,14.395002365112305,18.789936065673828,56.9816780090332,88.86459350585938,63.015472412109375,123.36197662353516,-16.47922706604004,1.8001816272735596,0.0,0.0,0.0,0.0
93,1.8622010989997761,1789352874.5806406,17,0.00040110975,0.019849785,0.00035691969,0.006071034,-12.522125,-59.51533,-96.23409,-81.67066,-116.33692,13.690393,9.009105,18.607578,57.136425,91.25969,68.097984,121.60166,-16.40046,-0.7603226,0.0,0.0,0.0,0.0,0.0,-0.0030711514,-0.0,0.0,37.250004,3.2999954,-20.999996,-17.519993,-8.880002,-4.9199934,38.340004,-0.6000023,-0.45000458,-12.300005,-36.540005,13.679997,1.1399963,17.399996,0.0,0.0,0.0,0.0,rl_constraint,3.259929872001521e-05,0.0,0.0,0.0,-8.603570938110352,-57.8427734375,-100.24901580810547,-83.59635162353516,-118.56631469726562,13.618814468383789,14.287590026855469,19.33702278137207,56.88112258911133,88.7645034790039,63.53800964355469,123.26023864746094,-16.611543655395508,1.705000400543213,0.0,0.0,0.0,0.0
94,1.882780552999975,1789352874.6012206,17,0.00040110975,0.019814033,0.00035691969,0.0060540377,-11.796719,-59.428482,-96.66563,-82.018364,-116.53257,13.609314,9.748759,18.597221,57.12418,91.0099,67.38213,121.87352,-16.389597,-0.41381377,0.0,0.0,0.0,0.0,0.0,0.0,-0.0,-0.025987154,33.249996,4.9000053,-20.580002,-15.479998,-10.019999,-2.5200028,35.459995,-0.099998474,-0.94999695,-12.480001,-33.24,12.420003,-0.0,15.479998,0.0,0.0,0.0,0.0,rl_constraint,3.259929872001521e-05,0.0,0.0,0.0,-9.801913261413574,-57.5218505859375,-100.5096206665039,-83.50640106201172,-118.8609390258789,13.902302742004395,13.997108459472656,20.015169143676758,56.74205017089844,88.72904968261719,64.28292846679688,123.06597137451172,-16.797834396362305,1.5172923803329468,0.0,0.0,0.0,0.0
95,1.9022772099997383,1789352874.6207168,17,0.0003977105,0.019583445,0.00035691969,0.00604384,-11.196419,-59.31925,-97.06977,-82.2991,-116.730576,13.559491,10.387861,18.600838,57.101864,90.7596,66.77425,122.100624,-16.389692,-0.10983582,0.0,0.0,0.0,0.0,0.0,-0.016234782,-0.0,0.0,27.650002,6.550003,-20.759998,-13.679997,-10.019999,-2.0999954,29.879997,0.55000305,-0.94999695,-12.659999,-28.500004,10.560003,-0.0,15.240001,0.0,0.0,0.0,0.0,rl_constraint,3.289022424723953e-05,0.0,0.0,0.0,-11.195082664489746,-57.29478454589844,-100.76806640625,-83.28852081298828,-119.27963256835938,14.338667869567871,13.560293197631836,20.803010940551758,56.577884674072266,88.78938293457031,65.19783782958984,122.8809585571289,-17.05347442626953,1.2728039026260376,0.0,0.0,0.0,0.0
96,1.9219898619999185,1789352874.6404295,17,0.00040110975,0.018996928,0.00035691969,0.0060302434,-10.700363,-59.180763,-97.475136,-82.54189,-116.94434,13.53848,10.969849,18.63216,57.084904,90.51854,66.250824,122.29402,-16.391066,0.16486359,0.0,0.0,0.0,0.0,0.0,-0.05002201,-0.0,0.0,21.500004,7.450001,-20.159994,-10.8,-9.959999,-0.3599945,28.139996,2.9000015,-0.8499985,-11.759999,-23.579998,8.279997,-0.11999817,12.480001,0.0,0.0,0.0,0.0,rl_constraint,3.289022424723953e-05,0.0,0.0,0.0,-12.674765586853027,-57.250064849853516,-100.95291137695312,-83.0069580078125,-119.70166778564453,14.91170597076416,13.049858093261719,21.681289672851562,56.31080627441406,88.91471099853516,66.26665496826172,122.76832580566406,-17.326316833496094,1.0294899940490723,0.0,0.0,0.0,0.0
97,1.9420448359996954,1789352874.6604843,17,0.000404509,0.018640999,0.00035691969,0.0060200454,-10.3291855,-59.021496,-97.87093,-82.71821,-117.1689,13.537697,11.467997,18.733704,57.056625,90.28444,65.834335,122.45114,-16.403343,0.39682618,0.0,0.0,0.0,0.0,0.0,-0.003071204,-0.0,0.0,15.249996,8.599995,-19.259995,-8.399996,-10.740001,0.29999542,21.899996,7.1500053,-2.449997,-12.180006,-18.660004,6.479997,-1.1399963,11.159994,0.0,0.0,0.0,0.0,rl_constraint,3.289022424723953e-05,0.0,0.0,0.0,-14.240607261657715,-57.358585357666016,-101.0404052734375,-82.6370849609375,-120.13404846191406,15.567465782165527,12.518635749816895,22.5146541595459,55.986995697021484,89.04219055175781,67.36353302001953,122.66545104980469,-17.54413604736328,0.8123749494552612,0.0,0.0,0.0,0.0
98,1.9622217169999203,1789352874.6806614,17,0.00041130747,0.018635776,0.00035691969,0.0060064485,-10.074829,-58.84131,-98.24876,-82.85597,-117.41793,13.567923,11.8724575,18.908833,56.994232,90.04925,65.52771,122.563736,-16.441658,0.58698577,0.0,0.0,0.0,0.0,0.0,0.0,-0.0,0.0,9.349995,8.900002,-18.179996,-5.8800063,-13.320003,2.8799973,18.0,10.450001,-3.6500015,-10.500005,-11.580002,4.980006,-2.9399962,7.980002,0.0,0.0,0.0,0.0,rl_constraint,3.3069336495827883e-05,0.0,0.0,0.0,-15.698468208312988,-57.57997512817383,-101.05659484863281,-82.15621185302734,-120.54779052734375,16.265422821044922,11.946856498718262,23.34774398803711,55.67593002319336,89.24470520019531,68.44442749023438,122.67476654052734,-17.772462844848633,0.615931510925293,0.0,0.0,0.0,0.0
99,1.9822733030000563,1789352874.700713,17,0.00041470668,0.018632563,0.00035691969,0.005996251,-9.9468155,-58.66094,-98.605934,-82.95922,-117.67815,13.663119,12.170504,19.146206,56.926437,89.8624,65.35595,122.65111,-16.528492,0.71922,0.0,0.0,0.0,0.0,0.0,0.0,-0.0,0.0,3.7999992,9.149998,-17.820004,-3.2400055,-12.899996,6.1200027,12.059995,13.699997,-3.0999985,-7.5599947,-4.980006,2.9399962,-4.7999954,5.340001,0.0,0.0,0.0,0.0,rl_constraint,3.3069336495827883e-05,0.0,0.0,0.0,-17.07280921936035,-57.831031799316406,-101.03872680664062,-81.67495727539062,-120.86361694335938,16.98792266845703,11.428215980529785,24.069076538085938,55.35279083251953,89.50799560546875,69.49024200439453,122.74383544921875,-17.954622268676758,0.4959341883659363,0.0,0.0,0.0,0.0
100,2.001649235000059,1789352874.7200887,17,0.00040790823,0.018628143,0.00035691969,0.005986053,-9.92997,-58.497185,-98.93728,-82.98284,-117.94974,13.829425,12.359812,19.447174,56.847977,89.73116,65.304985,122.69358,-16.621765,0.80474854,0.0,0.0,0.0,0.0,0.0,0.0,-0.0,0.0,-1.5999985,7.9500046,-16.020002,0.23999634,-13.919993,9.660004,7.2599993,17.150002,-5.3499985,-6.7800064,-0.059999086,2.4000046,-4.440001,3.0599945,0.0,0.0,0.0,0.0,rl_constraint,3.313041815999895e-05,0.0,0.0,0.0,-18.285451889038086,-58.07624053955078,-100.99403381347656,-81.02677917480469,-121.14674377441406,17.78155517578125,10.903679847717285,24.68674659729004,55.06061553955078,89.87213897705078,70.37177276611328,122.89034271240234,-18.087448120117188,0.420219749212265,0.0,0.0,0.0,0.0
101,2.0219947649998176,1789352874.7404344,17,0.00038751282,0.018576723,0.00035691969,0.0059758555,-10.024429,-58.35308,-99.2441,-82.97379,-118.240234,14.051458,12.461641,19.818867,56.742176,89.612114,65.34479,122.73025,-16.743013,0.83860016,0.0,0.0,0.0,0.0,0.0,-0.006362159,-0.0,0.0,-8.100002,6.3499947,-13.739996,1.1399963,-14.100004,11.640001,2.3400054,20.050003,-5.1000023,-5.0400057,5.2800016,1.4400055,-6.419998,1.2599945,0.0,0.0,0.0,0.0,rl_constraint,3.313041815999895e-05,0.0,0.0,0.0,-19.357881546020508,-58.302066802978516,-100.90594482421875,-80.39653015136719,-121.29285430908203,18.50144386291504,10.43626880645752,25.161828994750977,54.80935287475586,90.20964050292969,71.0938720703125,123.12266540527344,-18.144847869873047,0.3829113245010376,0.0,0.0,0.0,0.0
102,2.0420985209998435,1789352874.760538,17,0.00036371817,0.018554226,0.00035691969,0.0059656575,-10.254192,-58.247337,-99.511536,-82.91706,-118.54314,14.328451,12.476665,20.246933,56.606712,89.53758,65.537636,122.75948,-16.862764,0.8661896,0.0,0.0,0.0,0.0,0.0,0.0,-0.0,0.0,-14.800003,4.450001,-12.6,4.440001,-15.3,14.639997,-0.3599945,22.599998,-7.1500053,-2.759999,12.6,1.6800019,-6.5999956,1.0799973,0.0,0.0,0.0,0.0,rl_constraint,3.313041815999895e-05,0.0,0.0,0.0,-20.254873275756836,-58.417640686035156,-100.79537963867188,-79.76264190673828,-121.3701171875,19.103567123413086,10.03664779663086,25.425207138061523,54.61798095703125,90.51593017578125,71.6661148071289,123.36774444580078,-18.07732582092285,0.49542951583862305,0.0,0.0,0.0,0.0
103,2.0622613329996966,1789352874.780701,17,0.00035352045,0.01855543,0.00035691969,0.00595546,-10.62125,-58.168957,-99.75285,-82.779564,-118.856384,14.669893,12.424891,20.733501,56.44479,89.51121,65.87559,122.79029,-17.002771,0.8704468,0.0,0.0,0.0,0.0,0.0,0.0,-0.0,0.0,-21.249996,3.0999985,-10.740001,9.9,-14.819994,17.399996,-5.519998,24.450005,-7.8499947,-0.17999725,20.039997,1.1999954,-6.7800064,-0.059999086,0.0,0.0,0.0,0.0,rl_constraint,3.313041815999895e-05,0.0,0.0,0.0,-20.934818267822266,-58.494720458984375,-100.63893127441406,-79.07843780517578,-121.33503723144531,19.603376388549805,9.738788604736328,25.418115615844727,54.47189712524414,90.79153442382812,72.114013671875,123.63823699951172,-17.909433364868164,0.7145546078681946,0.0,0.0,0.0,0.0
104,2.082231798000066,1789352874.8006713,17,0.00034332275,0.018556636,0.00035691969,0.0059452625,-11.101101,-58.1246,-99.9475,-82.56524,-119.15869,15.057078,12.279062,21.228813,56.27552,89.51682,66.326866,122.81853,-17.132328,0.86149293,0.0,0.0,0.0,0.0,0.0,0.0,-0.0,-0.025987154,-26.900002,1.5,-8.580007,11.999995,-14.819994,20.460003,-9.059999,24.899998,-8.900002,0.4800064,24.840006,1.9199982,-6.0600038,-1.0199982,0.0,0.0,0.0,0.0,rl_constraint,3.313041815999895e-05,0.0,0.0,0.0,-21.502532958984375,-58.4708137512207,-100.45413970947266,-78.26753997802734,-121.22428131103516,20.023935317993164,9.412345886230469,25.130897521972656,54.39543914794922,90.99923706054688,72.30420684814453,123.8866195678711,-17.574350357055664,1.0452433824539185,0.0,0.0,0.0,0.0
105,2.1018433489998642,1789352874.820283,17,0.00033312506,0.018557038,0.00035691969,0.005938464,-11.675171,-58.110477,-100.10759,-82.31053,-119.438126,15.472183,12.083519,21.711823,56.096855,89.55354,66.87117,122.85801,-17.252092,0.83029175,0.0,0.0,0.0,0.0,0.0,0.0,-0.0,0.0,-32.25,0.049999237,-7.5599947,14.340001,-14.040006,21.719997,-11.099996,24.500004,-9.149998,3.1800065,30.360004,2.2199936,-5.2800016,-2.1599946,0.0,0.0,0.0,0.0,rl_constraint,4.855170482187532e-05,0.0,0.0,0.0,-21.864362716674805,-58.410797119140625,-100.2332534790039,-77.3650894165039,-120.98316192626953,20.3929386138916,9.133499145507812,24.59207534790039,54.39653778076172,91.12055969238281,72.26051330566406,124.15766906738281,-17.107858657836914,1.4200423955917358,0.0,0.0,0.0,0.0
106,2.1227640849997442,1789352874.8412037,17,0.00032292734,0.018643007,0.00035691969,0.0059282663,-12.39925,-58.113476,-100.23606,-81.98722,-119.70974,15.94292,11.847162,22.19711,55.905396,89.649704,67.55416,122.921616,-17.35226,0.79889834,0.0,0.0,0.0,0.0,0.0,0.041465875,-0.0,0.0,-38.499996,-0.34999466,-5.0400057,17.640005,-12.119993,24.780006,-11.400004,22.049995,-8.850002,5.9400053,34.559994,4.3200026,-4.019994,0.11999817,0.0,0.0,0.0,0.0,rl_constraint,4.855170482187532e-05,0.0,0.0,0.0,-22.08603858947754,-58.29173278808594,-100.03144836425781,-76.38329315185547,-120.66554260253906,20.681222915649414,8.9751615524292,23.830520629882812,54.39240264892578,91.2293472290039,72.0159912109375,124.41575622558594,-16.497268676757812,1.8987034559249878,0.0,0.0,0.0,0.0
107,2.1432394260000365,1789352874.8616793,17,0.00031272965,0.018814545,0.00035691969,0.0059214677,-13.228626,-58.12501,-100.307884,-81.60923,-119.938896,16.41499,11.592691,22.607014,55.723755,89.78611,68.22856,123.017654,-17.421818,0.799942,0.0,0.0,0.0,0.0,0.0,0.0063621374,-0.0,0.0,-44.750004,-0.79999924,-2.4000046,20.580002,-10.2599945,22.619999,-13.980006,18.899998,-8.599995,6.2400007,31.679996,4.559999,-1.6800019,0.11999817,0.0,0.0,0.0,0.0,rl_constraint,4.855170482187532e-05,0.0,0.0,0.0,-22.014617919921875,-58.13991165161133,-99.77228546142578,-75.34716796875,-120.26773834228516,20.845691680908203,8.934391975402832,22.75840187072754,54.4814338684082,91.23968505859375,71.47482299804688,124.61164093017578,-15.832029342651367,2.4905967712402344,0.0,0.0,0.0,0.0
108,2.1629511789997196,1789352874.8813908,17,0.00030593117,0.018912967,0.00035691969,0.005901072,-14.185581,-58.145073,-100.35142,-81.16878,-120.126175,16.895092,11.318843,22.951927,55.547333,89.92535,68.80998,123.121994,-17.436703,0.8161194,0.0,0.0,0.0,0.0,0.0,0.0032905345,-0.0,0.0,-50.399998,-1.2000046,-1.740001,23.940006,-8.640005,25.2,-13.559999,15.099998,-8.25,8.159999,26.219997,5.8800063,0.17999725,1.6800019,0.0,0.0,0.0,0.0,rl_constraint,4.71109633508604e-05,0.0,0.0,0.0,-21.756301879882812,-58.0811882019043,-99.47578430175781,-74.27752685546875,-119.85536193847656,20.962217330932617,8.974656105041504,21.55517578125,54.64988708496094,91.09803009033203,70.6962890625,124.8136978149414,-15.154160499572754,3.110107421875,0.0,0.0,0.0,0.0
109,2.183072022000033,1789352874.9015121,17,0.00030253193,0.018926224,0.00035691969,0.005870479,-15.255123,-58.16772,-100.37616,-80.672264,-120.262886,17.366968,11.047618,23.19674,55.38548,90.07807,69.28545,123.25402,-17.41837,0.8883408,0.0,0.0,0.0,0.0,0.0,0.0,-0.0,0.0,-56.599995,-0.8999977,-0.60000455,26.279997,-5.6999955,22.679996,-12.719998,9.299995,-7.5,8.159999,21.480001,6.6599946,2.5200028,5.6399965,0.0,0.0,0.0,0.0,rl_constraint,4.71109633508604e-05,0.0,0.0,0.0,-21.25406837463379,-58.02084732055664,-99.21627807617188,-73.12649536132812,-119.50588989257812,21.09686851501465,9.143778800964355,20.30899429321289,54.81901168823242,90.83734130859375,69.70050811767578,124.98204803466797,-14.560673713684082,3.7644286155700684,0.0,0.0,0.0,0.0
110,2.202550830999826,1789352874.9209907,17,0.0002991327,0.018932652,0.00035691969,0.005839886,-16.44469,-58.183777,-100.37333,-80.110695,-120.339966,17.818794,10.782903,23.317165,55.243263,90.21845,69.67876,123.396996,-17.328915,1.020108,0.0,0.0,0.0,0.0,0.0,0.0030711915,-0.0,0.0,-62.650005,-0.45000458,0.9599991,29.340006,-2.2800064,21.480001,-12.779997,2.8500023,-5.800003,6.8400054,16.860004,7.3799973,7.8000045,7.3199983,0.0,0.0,0.0,0.0,rl_constraint,5.1059665565844625e-05,0.0,0.0,0.0,-20.450227737426758,-58.137725830078125,-98.89421844482422,-71.92247772216797,-119.2187728881836,21.268829345703125,9.456380844116211,19.027355194091797,55.11806106567383,90.31924438476562,68.58709716796875,125.16009521484375,-14.023241996765137,4.450081825256348,0.0,0.0,0.0,0.0
111,2.22317112599967,1789352874.941611,17,0.0042116526,0.020222982,0.00035691969,0.0058160913,-17.717686,-58.189934,-100.31759,-79.464714,-120.358765,18.24582,10.547122,23.319363,55.128983,90.35163,69.9569,123.55034,-17.144466,1.2060105,0.0,0.0,0.0,0.0,0.33972636,0.13799702,-0.0,0.0,-62.100002,-0.29999542,4.7399964,35.04,-0.059999086,21.420002,-10.500005,-2.7000046,-4.549999,4.7399964,10.740001,8.519994,10.620003,10.139997,0.0,0.0,0.0,0.0,rl_constraint,5.1059665565844625e-05,0.0,0.0,0.0,-19.393165588378906,-58.34427261352539,-98.5375747680664,-70.63749694824219,-119.0040054321289,21.47303009033203,9.89900016784668,17.769792556762695,55.46778106689453,89.63143157958984,67.43712615966797,125.40461730957031,-13.520872116088867,5.127348899841309,0.0,0.0,0.0,0.0
112,2.2431441680000717,1789352874.961584,17,0.005173636,0.020999098,0.00035691969,0.005795696,-18.893703,-58.186718,-100.211624,-78.754326,-120.350334,18.640049,10.328604,23.200047,55.060833,90.434166,70.10314,123.71103,-16.90929,1.4418869,0.0,0.0,0.0,0.0,-0.025987154,0.0030711014,-0.0,0.0,-55.200005,0.19999695,5.4,35.760002,1.3800064,20.400005,-9.540006,-9.149998,-2.8500023,3.8399963,4.2600036,8.700005,12.180006,11.819998,0.0,0.0,0.0,0.0,rl_constraint,5.1059665565844625e-05,0.0,0.0,0.0,-18.176477432250977,-58.593238830566406,-98.146240234375,-69.31307220458984,-118.92123413085938,21.666040420532227,10.307744979858398,16.61161994934082,55.861507415771484,88.86072540283203,66.33726501464844,125.61425018310547,-13.130538940429688,5.68578577041626,0.0,0.0,0.0,0.0
113,2.2632157159996495,1789352874.9816558,17,0.005092054,0.021173442,0.00035691969,0.0057786996,-19.916668,-58.1865,-100.095474,-78.03022,-120.2916,19.011896,10.153702,22.94751,55.009827,90.48848,70.14362,123.88357,-16.63267,1.7261719,0.0,0.0,0.0,0.0,0.0,0.0063619246,-0.0,0.0,-47.050003,-0.049999237,6.960004,37.019997,4.2600036,17.760004,-7.4399962,-15.999996,-2.0000038,0.29999542,-0.60000455,9.299995,14.340001,14.940005,0.0,0.0,0.0,0.0,rl_constraint,6.717464566463605e-05,0.0,0.0,0.0,-16.91495704650879,-58.9350471496582,-97.7392807006836,-68.04975128173828,-118.91051483154297,21.849096298217773,10.688119888305664,15.6217041015625,56.2836799621582,88.08707427978516,65.44035339355469,125.73750305175781,-12.868196487426758,6.139212131500244,0.0,0.0,0.0,0.0
114,2.2831077309997454,1789352875.0015478,17,0.0050512636,0.021252578,0.00035691969,0.005765103,-20.790676,-58.19134,-99.935844,-77.241165,-120.19698,19.361988,10.038675,22.576847,54.99257,90.47866,70.08684,124.06086,-16.316689,2.0608704,0.0,0.0,0.0,0.0,0.0,0.009433409,-0.0,0.0,-40.55,-0.70000076,8.820003,41.759995,5.6399965,17.279997,-3.8399963,-21.199997,0.45000458,-1.0199982,-6.5999956,9.480006,16.800005,16.980001,0.0,0.0,0.0,0.0,rl_constraint,6.717464566463605e-05,0.0,0.0,0.0,-15.634900093078613,-59.30332565307617,-97.30424499511719,-66.84000396728516,-118.95164489746094,22.00196647644043,11.035540580749512,14.76403522491455,56.689788818359375,87.29800415039062,64.8067626953125,125.77481079101562,-12.701164245605469,6.463307857513428,0.0,0.0,0.0,0.0
115,2.3026841729997614,1789352875.021124,17,0.0050104726,0.021284716,0.00035691969,0.005751506,-21.544212,-58.221085,-99.75076,-76.35531,-120.063675,19.679548,9.984224,22.09187,55.01834,90.41528,69.87535,124.242905,-15.980246,2.436479,0.0,0.0,0.0,0.0,0.0,0.0,-0.0,0.0,-34.849995,-2.1500015,9.540006,46.620003,6.7199936,14.7599945,-1.5600036,-27.400005,2.6500053,-6.1200027,-14.459999,9.359995,17.760004,20.280006,0.0,0.0,0.0,0.0,rl_constraint,8.040813554544002e-05,0.0,0.0,0.0,-14.491639137268066,-59.74879837036133,-96.79901885986328,-65.68045806884766,-118.98429107666016,22.10195541381836,11.325567245483398,14.095466613769531,57.09312438964844,86.47671508789062,64.50300598144531,125.6662826538086,-12.601187705993652,6.674370765686035,0.0,0.0,0.0,0.0
116,2.3230186829996455,1789352875.0414586,17,0.0043578194,0.021286322,0.00035691969,0.005737909,-22.18959,-58.27438,-99.54271,-75.40777,-119.93548,19.981384,9.973814,21.49126,55.109528,90.23775,69.51546,124.42128,-15.621844,2.8400483,0.0,0.0,0.0,0.0,-0.07982424,0.0,-0.0,0.0,-29.599995,-3.550003,10.979998,48.059994,6.7800064,15.060003,0.17999725,-32.700005,6.4500046,-10.079997,-20.759998,8.880002,18.9,20.219994,0.0,0.0,0.0,0.0,rl_constraint,8.040813554544002e-05,0.0,0.0,0.0,-13.506457328796387,-60.12825012207031,-96.27996063232422,-64.56285095214844,-118.98519134521484,22.185110092163086,11.482721328735352,13.654913902282715,57.41425323486328,85.61595916748047,64.50202941894531,125.40555572509766,-12.532437324523926,6.725266933441162,0.0,0.0,0.0,0.0
117,2.342695600999832,1789352875.0611353,17,0.002817966,0.021284716,0.00035691969,0.005727711,-22.727165,-58.363197,-99.31086,-74.42291,-119.81279,20.259502,10.002846,20.776943,55.245735,89.99385,69.060715,124.59296,-15.266821,3.2483687,0.0,0.0,0.0,0.0,-0.025987154,0.0,-0.0,0.0,-23.95,-5.299999,11.819998,50.040005,5.340001,13.859995,3.1800065,-38.850002,8.000004,-14.519999,-24.780006,8.399996,16.499996,19.440006,0.0,0.0,0.0,0.0,rl_constraint,8.040813554544002e-05,0.0,0.0,0.0,-12.773990631103516,-60.46123504638672,-95.70748138427734,-63.541664123535156,-118.95695495605469,22.232465744018555,11.483942031860352,13.510544776916504,57.58015823364258,84.78453826904297,64.90937805175781,125.02169036865234,-12.517119407653809,6.570375442504883,0.0,0.0,0.0,0.0
118,2.362880507999762,1789352875.0813205,17,0.0029369392,0.020506594,0.00035691969,0.0057141143,-23.140675,-58.48192,-99.045494,-73.414764,-119.694275,20.52128,10.103109,19.964436,55.414925,89.67204,68.57045,124.74327,-14.924433,3.657582,0.0,0.0,0.0,0.0,0.07982424,-0.03795458,-0.0,0.0,-17.3,-6.799999,14.340001,50.819992,5.4,11.460004,5.519998,-40.699997,9.0,-17.640005,-23.940006,6.9000044,16.499996,20.280006,0.0,0.0,0.0,0.0,rl_constraint,0.00010346002818550915,0.0,0.0,0.0,-12.377655029296875,-60.812313079833984,-94.98516082763672,-62.6930046081543,-118.78227996826172,22.23097801208496,11.457793235778809,13.699888229370117,57.683616638183594,83.93029022216797,65.85340118408203,124.53105163574219,-12.554031372070312,6.279103755950928,0.0,0.0,0.0,0.0
119,2.3826889299998584,1789352875.1011288,17,0.003137494,0.019826084,0.00035691969,0.005703917,-23.429787,-58.63194,-98.7519,-72.379265,-119.59032,20.7568,10.227228,19.168087,55.613308,89.28078,68.0929,124.86411,-14.600088,4.054326,0.0,0.0,0.0,0.0,0.0,-0.012724494,-0.0,0.0,-11.100002,-8.349998,15.180002,52.619995,4.8599944,11.099996,6.5999956,-38.449997,10.699997,-21.779997,-23.699995,4.1400056,15.180002,19.740002,0.0,0.0,0.0,0.0,rl_constraint,0.00010346002818550915,0.0,0.0,0.0,-12.253194808959961,-61.106407165527344,-94.21052551269531,-61.98943328857422,-118.51276397705078,22.17711067199707,11.278178215026855,14.269628524780273,57.64449691772461,83.1435775756836,67.1793212890625,123.98478698730469,-12.614375114440918,5.859376430511475,0.0,0.0,0.0,0.0
120,2.4028493499999968,1789352875.1212893,17,0.0016996176,0.018829409,0.00035691969,0.005693719,-23.596687,-58.80811,-98.42923,-71.31757,-119.487976,20.966858,10.363541,18.437988,55.829716,88.816444,67.63712,124.9363,-14.304309,4.4190855,0.0,0.0,0.0,0.0,-0.053833686,-0.04058799,-0.0,0.0,-5.3499985,-9.899998,17.760004,53.88,4.8599944,9.480006,6.8400054,-34.250004,11.150002,-24.659994,-20.939997,2.8199983,13.140005,16.439997,0.0,0.0,0.0,0.0,rl_constraint,0.0001246976462425664,0.0,0.0,0.0,-12.505874633789062,-61.49692153930664,-93.32127380371094,-61.54167556762695,-118.12344360351562,22.064990997314453,10.977527618408203,15.216667175292969,57.57011032104492,82.40850067138672,68.87544250488281,123.36822509765625,-12.715027809143066,5.357988357543945,0.0,0.0,0.0,0.0
121,2.423140377999971,1789352875.1415803,17,0.0016078382,0.018479906,0.00035691969,0.0056835213,-23.64854,-59.01607,-98.05505,-70.2593,-119.394646,21.15905,10.490007,17.798515,56.03952,88.30629,67.296616,124.96643,-14.044235,4.7168703,0.0,0.0,0.0,0.0,0.0,0.003071211,-0.0,0.0,0.29999542,-10.900005,19.979998,52.14,5.340001,9.299995,5.459999,-29.399998,10.049995,-27.06,-13.799995,-0.11999817,12.300005,13.380002,0.0,0.0,0.0,0.0,rl_constraint,0.0001246976462425664,0.0,0.0,0.0,-13.089110374450684,-61.89706802368164,-92.44878387451172,-61.396881103515625,-117.6451644897461,21.9300594329834,10.515527725219727,16.43846893310547,57.3714599609375,81.87100219726562,70.82135772705078,122.7867660522461,-12.873159408569336,4.762772083282471,0.0,0.0,0.0,0.0
122,2.443543786999726,1789352875.1619837,17,0.0021721113,0.018358584,0.00035691969,0.0056733238,-23.588161,-59.24968,-97.62421,-69.19117,-119.27995,21.323694,10.607849,17.24199,56.246075,87.73204,67.08647,124.94921,-13.807013,4.958322,0.0,0.0,0.0,0.0,0.0,-0.009653141,-0.0,0.0,6.199997,-12.0,22.44,51.539997,6.3,7.3799973,5.1000047,-24.75,9.349995,-28.500004,-7.3199983,-2.4600036,10.199995,10.019999,0.0,0.0,0.0,0.0,rl_constraint,0.0001246976462425664,0.0,0.0,0.0,-13.915976524353027,-62.34353256225586,-91.64419555664062,-61.55673599243164,-117.02313995361328,21.71976089477539,9.948792457580566,17.81109619140625,57.02138900756836,81.54889678955078,72.90039825439453,122.37632751464844,-13.031054496765137,4.142369747161865,0.0,0.0,0.0,0.0
123,2.4631023699998877,1789352875.1815424,17,0.0021857081,0.01817178,0.00035691969,0.005663126,-23.403408,-59.49084,-97.176834,-68.22002,-119.16194,21.45432,10.682584,16.81849,56.421856,87.15547,67.015076,124.851326,-13.621742,5.112035,0.0,0.0,0.0,0.0,0.0,-0.006362195,-0.0,0.0,12.999996,-12.849998,24.120003,47.82,6.960004,6.0600038,2.8799973,-18.7,8.549995,-29.999996,-0.17999725,-7.8600035,9.179997,6.1800017,0.0,0.0,0.0,0.0,rl_constraint,0.00014999069389887154,0.0,0.0,0.0,-15.053316116333008,-63.02099609375,-90.8697509765625,-62.09267807006836,-116.23976135253906,21.438716888427734,9.304826736450195,19.30727767944336,56.620487213134766,81.44068908691406,75.01934814453125,122.1300048828125,-13.160360336303711,3.5047545433044434,0.0,0.0,0.0,0.0
124,2.4830081219997737,1789352875.201448,17,0.0021177235,0.016993497,0.00035691969,0.005656327,-23.082699,-59.760235,-96.67263,-67.301384,-119.008095,21.55817,10.717232,16.507519,56.575962,86.55234,67.04279,124.68351,-13.470213,5.18692,0.0,0.0,0.0,0.0,0.0,-0.083372384,-0.0,0.0,19.400002,-14.050003,26.880001,44.219997,8.339996,4.7399964,0.41999358,-12.199997,6.550003,-30.6,3.6,-9.780002,6.3,2.0399964,0.0,0.0,0.0,0.0,rl_constraint,0.00014999069389887154,0.0,0.0,0.0,-16.381776809692383,-63.812068939208984,-90.27179718017578,-62.80044937133789,-115.29906463623047,21.127281188964844,8.5371675491333,20.73891258239746,56.155399322509766,81.54467010498047,77.01678466796875,122.11846160888672,-13.194755554199219,2.813807964324951,0.0,0.0,0.0,0.0
125,2.5026341049997427,1789352875.2210739,17,0.0016146367,0.0155500425,0.00035691969,0.0056461296,-22.648968,-60.052814,-96.11775,-66.47353,-118.81216,21.625544,10.712206,16.32629,56.687828,85.94327,67.17552,124.47596,-13.352275,5.195984,0.0,0.0,0.0,0.0,-0.025987154,-0.019746158,-0.0,0.0,24.500004,-15.049999,28.500004,38.64,10.380007,2.8199983,-1.3199936,-6.249996,3.6000023,-29.759998,10.380007,-10.500005,5.2200027,-0.5400055,0.0,0.0,0.0,0.0,rl_constraint,0.0001604494173079729,0.0,0.0,0.0,-17.871421813964844,-64.83937072753906,-89.71343994140625,-63.70934295654297,-114.14330291748047,20.748640060424805,7.747157096862793,22.110483169555664,55.682167053222656,81.74128723144531,78.79341125488281,122.28919219970703,-13.086600303649902,2.0955069065093994,0.0,0.0,0.0,0.0
126,2.5226801249996242,1789352875.2411199,17,0.0015160589,0.015523125,0.00035691969,0.005635932,-22.097614,-60.377357,-95.52998,-65.75905,-118.56543,21.655632,10.637334,16.253757,56.7491,85.357216,67.464554,124.243355,-13.265429,5.1374407,0.0,0.0,0.0,0.0,0.0,-0.006143082,-0.0,0.0,30.899998,-17.449997,29.819998,33.060005,13.5,0.4800064,-6.5999956,-0.79999924,2.3999977,-27.84,17.459995,-12.119993,3.540001,-6.9000044,0.0,0.0,0.0,0.0,rl_constraint,0.0001604494173079729,0.0,0.0,0.0,-19.146011352539062,-66.00409698486328,-89.24657440185547,-64.71090698242188,-112.84276580810547,20.406564712524414,6.94999885559082,23.21663475036621,55.18674850463867,82.0592041015625,80.30998992919922,122.70343017578125,-12.829737663269043,1.4357445240020752,0.0,0.0,0.0,0.0
127,2.5427121279999483,1789352875.261152,17,0.0014922642,0.0153162265,0.00035691969,0.005625734,-21.42564,-60.749256,-94.9223,-65.16736,-118.248375,21.656292,10.4767685,16.28809,56.773933,84.83581,67.88665,124.00797,-13.208738,4.9543533,0.0,0.0,0.0,0.0,0.0,-0.003071349,-0.0,0.0,36.249996,-20.25,30.839996,26.459995,17.339996,-0.41999358,-10.139997,4.450001,-0.45000458,-24.120003,24.240002,-11.400004,2.759999,-12.2400055,0.0,0.0,0.0,0.0,rl_constraint,0.0001604494173079729,0.0,0.0,0.0,-20.394699096679688,-67.38328552246094,-88.86151123046875,-65.8179931640625,-111.48181915283203,20.103315353393555,6.1103668212890625,24.16596221923828,54.59745407104492,82.56592559814453,81.47522735595703,123.3613510131836,-12.495012283325195,0.6575725674629211,0.0,0.0,0.0,0.0
128,2.5629713710000033,1789352875.2814112,17,0.004235447,0.0118293855,0.00035691969,0.0056155366,-20.641811,-61.161324,-94.32894,-64.708,-117.854225,21.623236,10.232941,16.457348,56.74451,84.3692,68.4295,123.79165,-13.160344,4.701242,0.0,0.0,0.0,0.0,0.482671,-0.6104199,-0.0,0.0,42.1,-19.250004,26.519993,19.740002,21.6,-3.480002,-14.880007,12.550003,-3.2999954,-21.779997,29.819998,-9.720003,2.6400008,-13.200005,0.0,0.0,0.0,0.0,rl_constraint,0.00017453667533118278,0.0,0.0,0.0,-21.70761489868164,-68.97333526611328,-88.43156433105469,-67.08251190185547,-110.11119842529297,19.723169326782227,5.334069728851318,24.960838317871094,54.115882873535156,83.05995178222656,82.44062805175781,124.01226806640625,-12.039749145507812,-0.025718649849295616,0.0,0.0,0.0,0.0
129,2.5830065349996403,1789352875.3014464,17,0.008481092,-0.010910221,0.00035691969,0.005608738,-19.747478,-61.492584,-93.852325,-64.37902,-117.40376,21.53304,9.892103,16.762058,56.62483,83.96046,69.06979,123.61373,-13.116838,4.3959184,0.0,0.0,0.0,0.0,0.07982424,-1.818902,-0.0,0.0,46.799995,-13.900005,22.140005,13.859995,24.900005,-4.6799974,-20.460003,18.299995,-7.549999,-19.079998,35.1,-7.6199937,1.9199982,-17.640005,0.0,0.0,0.0,0.0,rl_constraint,0.00017453667533118278,0.0,0.0,0.0,-22.909570693969727,-70.45887756347656,-88.21720123291016,-68.52264404296875,-108.85365295410156,19.256622314453125,4.588827133178711,25.590856552124023,53.65635299682617,83.5826644897461,83.13380432128906,124.70165252685547,-11.472430229187012,-0.5629010200500488,0.0,0.0,0.0,0.0
130,2.6033797009999944,1789352875.3218195,17,-0.01168997,-0.05636845,0.00035691969,0.0055985404,-18.806683,-61.83467,-93.31135,-64.17791,-116.82077,21.418932,9.490965,17.190777,56.450146,83.62491,69.86045,123.49455,-13.05813,4.0237017,0.0,0.0,0.0,0.0,-1.102722,-2.5468352,-0.0,0.0,43.150005,-19.049995,28.8,8.159999,30.480001,-7.8000045,-18.9,23.850002,-9.75,-12.719998,42.120003,-3.7799973,3.7199981,-19.079998,0.0,0.0,0.0,0.0,rl_constraint,0.0001847819657996297,0.0,0.0,0.0,-24.14653778076172,-72.11933898925781,-87.87986755371094,-70.24102020263672,-107.55494689941406,18.611576080322266,3.832949161529541,26.064233779907227,53.42683029174805,83.98617553710938,83.5926742553711,125.36154174804688,-10.757842063903809,-0.9111378192901611,0.0,0.0,0.0,0.0
131,2.623129857999629,1789352875.3415694,17,-0.020925691,-0.12019577,0.00035691969,0.0055917418,-18.020462,-62.27409,-92.7127,-64.063065,-116.13064,21.236902,9.090033,17.725044,56.225636,83.43519,70.738716,123.44702,-12.953375,3.609366,0.0,0.0,0.0,0.0,0.18749842,-3.6019166,-0.0,0.0,35.399998,-25.250004,31.260004,3.1800065,37.560005,-10.2599945,-20.460003,29.449997,-12.249996,-6.539996,45.540005,-0.7200028,6.2400007,-22.019993,0.0,0.0,0.0,0.0,rl_constraint,0.0001847819657996297,0.0,0.0,0.0,-25.372055053710938,-73.55927276611328,-87.55856323242188,-72.08590698242188,-106.268310546875,17.721986770629883,3.186109781265259,26.30365562438965,53.25697708129883,84.35994720458984,83.80093383789062,125.91995239257812,-9.945488929748535,-1.0803701877593994,0.0,0.0,0.0,0.0
132,2.6431464909996976,1789352875.3615863,17,-0.012777725,-0.18817869,0.00035691969,0.0055815442,-17.392342,-62.831543,-92.0954,-64.04282,-115.376495,21.026348,8.640198,18.352306,55.983616,83.33094,71.67652,123.458984,-12.821485,3.177919,0.0,0.0,0.0,0.0,0.4733877,-3.4505005,-0.0,0.0,29.25,-32.15,30.839996,-1.4400055,40.320004,-11.099996,-23.759995,35.15,-12.700001,-4.9199934,52.020004,2.0999954,8.519994,-22.56,0.0,0.0,0.0,0.0,rl_constraint,0.0001847819657996297,0.0,0.0,0.0,-26.6441650390625,-74.71599578857422,-87.32807922363281,-74.08475494384766,-104.90685272216797,16.613378524780273,2.6302340030670166,26.36029815673828,53.118621826171875,84.67548370361328,83.78909301757812,126.39720916748047,-9.148959159851074,-1.086010456085205,0.0,0.0,0.0,0.0
133,2.6633252869996795,1789352875.3817651,17,-0.005625734,-0.2557336,0.00035691969,0.0055271564,-16.852295,-63.567673,-91.49627,-64.1478,-114.51445,20.773472,8.10412,19.151001,55.723103,83.26432,72.82909,123.57151,-12.636831,2.7054658,0.0,0.0,0.0,0.0,0.10767078,-3.1355639,-0.0,0.0,23.650005,-39.450005,27.84,-9.660004,42.900005,-14.160004,-27.780003,42.600002,-13.049995,-0.60000455,59.759995,7.499995,10.440005,-23.699995,0.0,0.0,0.0,0.0,rl_constraint,0.0002155178226530552,0.0,0.0,0.0,-28.06870460510254,-75.8182144165039,-87.00025939941406,-76.23973083496094,-103.36898040771484,15.2957181930542,2.125678062438965,26.21065902709961,53.157066345214844,84.78178405761719,83.67585754394531,126.7912368774414,-8.289262771606445,-0.8329479098320007,0.0,0.0,0.0,0.0
134,2.6827040019998094,1789352875.4011438,17,-0.0036167863,-0.3181041,0.00035691969,0.0054693692,-16.441452,-64.39246,-90.97696,-64.41054,-113.63092,20.484777,7.5592666,20.026646,55.452415,83.271065,74.06426,123.75508,-12.404058,2.2553146,0.0,0.0,0.0,0.0,0.0,-3.3215623,-0.0,-0.025987154,18.450005,-44.449997,25.080002,-16.499996,46.92,-17.700005,-27.359995,47.050003,-14.900002,1.1399963,66.240005,10.560003,13.260004,-23.46,0.0,0.0,0.0,0.0,rl_constraint,0.0002155178226530552,0.0,0.0,0.0,-29.414255142211914,-76.50890350341797,-86.9249496459961,-78.30464172363281,-101.86566925048828,13.895120620727539,1.8527467250823975,25.808767318725586,53.2410774230957,84.77169799804688,83.38423156738281,127.20040893554688,-7.3942155838012695,-0.3126356601715088,0.0,0.0,0.0,0.0
135,2.702739602999827,1789352875.4211793,17,-0.0037221625,-0.38253194,0.00035691969,0.005435377,-16.142635,-65.33305,-90.49332,-64.786224,-112.65829,20.105434,6.9871397,21.039322,55.163155,83.32563,75.431015,123.99347,-12.090935,1.8211762,0.0,0.0,0.0,0.0,0.0,-2.9095793,-0.0,0.0,11.800003,-49.749996,23.040005,-21.6,49.200005,-21.360004,-28.8,53.750004,-14.299999,4.440001,70.8,13.320003,18.06,-20.520002,0.0,0.0,0.0,0.0,rl_constraint,0.00021381027181632817,0.0,0.0,0.0,-30.74890899658203,-77.01493072509766,-86.90009307861328,-80.22525024414062,-100.49052429199219,12.333227157592773,1.7737632989883423,25.171424865722656,53.461849212646484,84.49964904785156,82.92847442626953,127.59022521972656,-6.368730545043945,0.5116241574287415,0.0,0.0,0.0,0.0
136,2.7231810719999885,1789352875.441621,17,-0.007978005,-0.43010023,0.00035691969,0.005408183,-15.967094,-66.39075,-90.02048,-65.26891,-111.60857,19.637058,6.4178834,22.124039,54.900948,83.417984,76.882805,124.2674,-11.722508,1.447696,0.0,0.0,0.0,0.0,0.0,-1.642367,-0.0,0.0,5.25,-55.649998,23.34,-26.760004,54.96,-27.600004,-28.259995,52.649998,-11.549995,6.000005,74.4,14.280002,19.500004,-16.080002,0.0,0.0,0.0,0.0,rl_constraint,0.00021381027181632817,0.0,0.0,0.0,-31.97675895690918,-77.02794647216797,-87.12408447265625,-81.92850494384766,-99.33085632324219,10.676881790161133,1.86062490940094,24.160297393798828,53.72491455078125,84.0503158569336,82.15042877197266,128.02647399902344,-5.260616302490234,1.7019920349121094,0.0,0.0,0.0,0.0
137,2.7427730729996256,1789352875.4612126,17,-0.006291984,-0.45143333,0.00035691969,0.0053843884,-15.914886,-67.57075,-89.56024,-65.88449,-110.48995,19.067541,5.8645706,23.114159,54.67003,83.56193,78.454056,124.57346,-11.280006,1.1403946,0.0,0.0,0.0,0.0,0.025987154,-0.29111356,-0.0,0.0,0.099998474,-62.650005,21.779997,-34.020004,57.360004,-30.899996,-26.760004,45.249996,-11.25,6.960004,79.98,16.740005,23.519999,-13.140005,0.0,0.0,0.0,0.0,rl_constraint,0.00021381027181632817,0.0,0.0,0.0,-33.06742477416992,-76.62539672851562,-87.68092346191406,-83.52764129638672,-98.31621551513672,8.965368270874023,2.1452178955078125,22.739233016967773,53.979957580566406,83.50949096679688,81.10602569580078,128.511962890625,-4.063976764678955,3.0929617881774902,0.0,0.0,0.0,0.0
138,2.7633951449997767,1789352875.4818351,17,-0.0020463397,-0.4496219,0.00035691969,0.0053639933,-15.9609375,-68.91748,-89.14015,-66.660286,-109.310425,18.37363,5.321599,23.969376,54.46115,83.7031,80.057495,124.91778,-10.758375,0.92156065,0.0,0.0,0.0,0.0,0.13551731,0.19127296,-0.0,0.0,-5.3499985,-68.950005,18.540005,-40.38,59.100006,-35.399994,-24.599995,38.599995,-8.950001,5.459999,75.119995,17.279997,26.16,-7.4399962,0.0,0.0,0.0,0.0,rl_constraint,0.0002684517821762711,0.0,0.0,0.0,-33.86678695678711,-76.11880493164062,-88.25801086425781,-85.05967712402344,-97.38990020751953,7.167741775512695,2.630793571472168,20.825016021728516,54.36943817138672,82.63688659667969,79.85790252685547,128.81900024414062,-2.7321925163269043,4.608421325683594,0.0,0.0,0.0,0.0
139,2.7833322709998356,1789352875.5017724,17,0.00866805,-0.44406247,0.00035691969,0.005346997,-16.145393,-70.32042,-88.83095,-67.51387,-108.12803,17.580528,4.8385572,24.676472,54.305134,83.78876,81.46014,125.27425,-10.182665,0.8408798,0.0,0.0,0.0,0.0,0.95049417,0.41299313,-0.0,0.0,-12.899998,-68.15,11.280006,-44.88,60.42,-41.819992,-23.579998,32.15,-6.949997,3.6599991,65.46001,17.459995,31.619999,-1.3199936,0.0,0.0,0.0,0.0,rl_constraint,0.0002684517821762711,0.0,0.0,0.0,-34.18592834472656,-75.3840103149414,-89.15523529052734,-86.437744140625,-96.66289520263672,5.474963188171387,3.298905611038208,18.672622680664062,54.82244110107422,81.51873016357422,78.31422424316406,128.9879913330078,-1.3655041456222534,6.118705749511719,0.0,0.0,0.0,0.0
140,2.8026076599999215,1789352875.5210474,17,0.019487815,-0.42886508,0.00035691969,0.0053334,-16.453136,-71.58496,-88.60876,-68.44752,-106.96443,16.70511,4.430017,25.241226,54.2078,83.82603,82.64592,125.63479,-9.544332,0.8596527,0.0,0.0,0.0,0.0,0.16521983,1.245112,-0.0,0.0,-18.500004,-61.200005,11.219994,-51.479996,59.579998,-47.520004,-19.199995,25.950005,-4.0499954,-0.60000455,57.480003,19.680002,34.740005,4.2600036,0.0,0.0,0.0,0.0,rl_constraint,0.0002889423631131649,0.0,0.0,0.0,-33.82705307006836,-74.73365020751953,-90.16584777832031,-87.80343627929688,-96.12438201904297,3.920783758163452,4.079294681549072,16.76551055908203,55.534061431884766,80.14818572998047,76.71127319335938,128.89479064941406,-0.03354647383093834,7.472592830657959,0.0,0.0,0.0,0.0
141,2.8227017249996607,1789352875.5411415,17,0.01862441,-0.3857566,0.00035691969,0.005319803,-16.875858,-72.73359,-88.41771,-69.52953,-105.78649,15.7119465,4.100084,25.700958,54.148785,83.779045,83.74797,126.00716,-8.823463,1.0237198,0.0,0.0,0.0,0.0,-0.10767078,2.9026527,-0.0,0.0,-24.05,-53.850002,7.6199937,-57.360004,57.54,-53.219997,-14.519999,19.55,-1.5,-4.559999,51.719994,18.0,39.360004,12.2400055,0.0,0.0,0.0,0.0,rl_constraint,0.0002889423631131649,0.0,0.0,0.0,-32.71928787231445,-74.06175231933594,-91.2510757446289,-89.16073608398438,-95.7990951538086,2.461965560913086,4.865682601928711,15.230337142944336,56.247562408447266,78.79222106933594,75.31763458251953,128.65054321289062,1.2052781581878662,8.856392860412598,0.0,0.0,0.0,0.0
142,2.842658365999796,1789352875.561098,17,0.015796246,-0.31019157,0.00035691969,0.0053096055,-17.423504,-73.748726,-88.35066,-70.751595,-104.63293,14.611542,3.861653,26.043903,54.146107,83.62947,84.721634,126.371376,-8.014979,1.3259399,0.0,0.0,0.0,0.0,-0.07982424,4.3175197,-0.0,0.0,-30.550003,-47.750004,-0.66000366,-64.68,57.059994,-57.300003,-9.059999,15.149998,0.6500015,-9.660004,46.079998,18.419994,41.819992,17.219997,0.0,0.0,0.0,0.0,rl_constraint,0.0002889423631131649,0.0,0.0,0.0,-31.185142517089844,-73.64842224121094,-92.31895446777344,-90.44549560546875,-95.63005065917969,1.1240698099136353,5.629818916320801,14.141434669494629,56.840328216552734,77.65422821044922,74.1612777709961,128.30123901367188,2.3590686321258545,10.216866493225098,0.0,0.0,0.0,0.0
143,2.8630197019997468,1789352875.5814598,17,0.015062011,-0.21770543,0.00035691969,0.0052994075,-18.096966,-74.650536,-88.40875,-72.10348,-103.52347,13.420568,3.730147,26.285717,54.19312,83.37241,85.59525,126.71094,-7.138298,1.7277511,0.0,0.0,0.0,0.0,0.0,4.7692513,-0.0,0.0,-36.8,-42.05,-5.519998,-70.920006,55.079998,-59.4,-3.7799973,8.700005,4.749996,-15.780006,41.4,15.960004,46.139996,22.080006,0.0,0.0,0.0,0.0,rl_constraint,0.0002919305698014796,0.0,0.0,0.0,-29.434568405151367,-73.68589782714844,-93.03522491455078,-91.60601806640625,-95.69563293457031,-0.11098373681306839,6.464828968048096,13.277994155883789,57.53665542602539,76.50699615478516,73.21916961669922,127.7034683227539,3.5037989616394043,11.539395332336426,0.0,0.0,0.0,0.0
144,2.88336705599977,1789352875.601807,17,0.014242795,-0.12747654,0.00035691969,0.0052858107,-18.901772,-75.45843,-88.581184,-73.61214,-102.46458,12.145922,3.7011566,26.40857,54.352936,82.996765,86.376076,127.01011,-6.184163,2.2587066,0.0,0.0,0.0,0.0,-0.18935439,3.9997842,-0.0,0.0,-42.299995,-36.85,-12.420003,-76.91999,50.22,-63.96,0.4800064,2.449997,9.999996,-20.7,34.559994,12.540001,49.140007,29.580002,0.0,0.0,0.0,0.0,rl_constraint,0.0002919305698014796,0.0,0.0,0.0,-27.31526756286621,-73.96058654785156,-93.51302337646484,-92.5345230102539,-96.09443664550781,-1.2113450765609741,7.356632232666016,12.587800025939941,58.335269927978516,75.35181427001953,72.3284683227539,126.96207427978516,4.61956262588501,12.811120986938477,0.0,0.0,0.0,0.0
145,2.903489244999946,1789352875.6219292,17,0.008868605,-0.0618231,0.00035691969,0.005275613,-19.810799,-76.12998,-88.86542,-75.20062,-101.50888,10.863185,3.7615676,26.39558,54.577183,82.51853,87.01647,127.24339,-5.2028913,2.899388,0.0,0.0,0.0,0.0,-0.38056818,2.6790407,-0.0,0.0,-48.249996,-30.400005,-15.960004,-82.380005,45.12,-66.119995,6.7800064,-3.2999954,12.099998,-27.720003,28.919998,9.720003,49.440002,35.519993,0.0,0.0,0.0,0.0,rl_constraint,0.0003222395316697657,0.0,0.0,0.0,-24.79435157775879,-74.72748565673828,-93.495361328125,-93.12077331542969,-96.85149383544922,-2.0945823192596436,8.472498893737793,11.96044635772705,59.3984489440918,74.05870056152344,71.28421020507812,126.04217529296875,5.669040679931641,13.974024772644043,0.0,0.0,0.0,0.0
146,2.92262370599974,1789352875.6410635,17,0.00057787,-0.020330885,0.00035691969,0.005265415,-20.81211,-76.66315,-89.22193,-76.86231,-100.674835,9.582289,3.9423203,26.27972,54.8451,81.93992,87.50044,127.39866,-4.2093153,3.6428604,0.0,0.0,0.0,0.0,-0.42326596,1.468795,-0.0,0.0,-54.299995,-24.249996,-20.340006,-87.24,39.119995,-64.979996,13.080007,-9.550003,15.0,-32.040005,21.119993,5.8199935,52.800003,40.260002,0.0,0.0,0.0,0.0,rl_constraint,0.0003222395316697657,0.0,0.0,0.0,-21.381628036499023,-75.66590881347656,-93.0765380859375,-93.2037353515625,-97.99417877197266,-2.6114280223846436,9.925917625427246,11.247528076171875,60.68998336791992,72.67597961425781,69.9046630859375,125.19849395751953,6.616335868835449,14.95773983001709,0.0,0.0,0.0,0.0
147,2.9428908840000076,1789352875.6613307,17,-0.004235447,-0.0069560804,0.00035691969,0.0052552177,-21.959255,-77.08881,-89.63812,-78.67546,-99.939705,8.278692,4.229544,26.016724,55.17985,81.26565,87.88372,127.472786,-3.1703248,4.523099,0.0,0.0,0.0,0.0,-0.025987154,0.09634989,-0.0,0.0,-60.1,-18.650002,-21.54,-93.36,33.3,-66.240005,17.1,-16.150005,18.7,-35.28,16.379997,0.9,51.659996,47.76,0.0,0.0,0.0,0.0,rl_constraint,0.0003222395316697657,0.0,0.0,0.0,-17.41183090209961,-76.81558990478516,-92.37421417236328,-93.06414794921875,-99.40921020507812,-2.933004379272461,11.704146385192871,10.619903564453125,62.04362487792969,71.38333892822266,68.65306854248047,124.45101165771484,7.410780429840088,15.892875671386719,0.0,0.0,0.0,0.0
148,2.962996010999632,1789352875.6814358,17,-0.005177035,-0.008602976,0.00035691969,0.0052450197,-23.221619,-77.398384,-90.064095,-80.60121,-99.328476,6.9893785,4.6136537,25.637032,55.59684,80.51186,88.155365,127.45984,-2.111435,5.5231156,0.0,0.0,0.0,0.0,-0.053833686,0.009437407,-0.0,0.0,-65.549995,-12.299995,-20.7,-99.0,26.820004,-64.50001,22.260004,-22.049995,23.449997,-40.5,10.500005,-2.3400054,52.680008,53.760002,0.0,0.0,0.0,0.0,rl_constraint,0.0003211722942069173,0.0,0.0,0.0,-13.312633514404297,-78.25196838378906,-91.1407699584961,-92.68378448486328,-100.95619201660156,-3.201824426651001,13.679759979248047,10.0565185546875,63.53070831298828,70.0704116821289,67.7124252319336,123.62054443359375,8.053297996520996,16.728700637817383,0.0,0.0,0.0,0.0
149,2.983273984999869,1789352875.701714,17,-0.0074919146,-0.0085595725,0.00035691969,0.005234822,-24.604958,-77.58757,-90.46475,-82.64858,-98.83504,5.7477584,5.113449,25.143402,56.10182,79.670105,88.30308,127.34261,-1.0507736,6.640439,0.0,0.0,0.0,0.0,-0.19863771,0.0,-0.0,0.0,-72.15,-6.1499977,-18.239996,-105.53999,20.939997,-60.840004,27.84,-27.400005,27.600002,-44.519993,3.7799973,-8.820003,53.339996,58.919994,0.0,0.0,0.0,0.0,rl_constraint,0.0003211722942069173,0.0,0.0,0.0,-8.979056358337402,-79.43807220458984,-89.86365509033203,-92.20520782470703,-102.54762268066406,-3.3324692249298096,15.659722328186035,9.5687255859375,64.98159790039062,69.00641632080078,67.01394653320312,122.79061889648438,8.57297420501709,17.351058959960938,0.0,0.0,0.0,0.0
150,3.003437938999923,1789352875.7218778,17,-0.008637456,-0.0074785175,0.00035691969,0.0052246246,-26.11148,-77.654915,-90.78918,-84.85634,-98.45403,4.552171,5.7642655,24.517765,56.71993,78.72346,88.32409,127.104095,0.022521973,7.9154434,0.0,0.0,0.0,0.0,0.025987154,0.08998569,-0.0,0.0,-71.950005,-0.29999542,-13.019994,-108.96,15.780006,-56.939995,34.980003,-33.349995,32.700005,-48.059994,-0.7800018,-13.440001,52.439995,63.96,0.0,0.0,0.0,0.0,rl_constraint,0.00036364755942486227,0.0,0.0,0.0,-5.185129165649414,-80.51958465576172,-88.46696472167969,-92.01786041259766,-104.09781646728516,-3.391329526901245,17.845903396606445,9.396316528320312,66.1820068359375,68.11006927490234,66.74454498291016,121.92709350585938,9.03183650970459,18.042972564697266,0.0,0.0,0.0,0.0
151,3.0230765799997243,1789352875.7415166,17,-0.008552476,-0.0009507444,0.00035691969,0.0052144267,-27.444374,-77.60865,-90.991684,-86.978485,-98.21012,3.491098,6.4934554,23.810966,57.396378,77.78066,88.26423,126.80334,1.0209869,9.110207,0.0,0.0,0.0,0.0,0.0,0.55281335,-0.0,0.0,-65.549995,5.3499985,-8.040001,-108.119995,8.640005,-52.740005,39.6,-39.450005,36.65,-49.440002,-6.359999,-18.239996,51.539997,56.64,0.0,0.0,0.0,0.0,rl_constraint,0.00036364755942486227,0.0,0.0,0.0,-1.841844081878662,-80.96045684814453,-87.31832885742188,-91.73478698730469,-105.59273529052734,-3.189525604248047,19.860490798950195,9.549610137939453,66.90491485595703,67.49249267578125,66.65496826171875,121.33287048339844,9.334367752075195,18.445941925048828,0.0,0.0,0.0,0.0
152,3.04340054999966,1789352875.7618403,17,-0.009252718,0.013619632,0.00035691969,0.005204229,-28.710789,-77.427155,-91.09113,-89.13378,-98.07416,2.480699,7.3660583,22.93214,58.200806,76.74247,88.059296,126.41813,2.0290923,10.22878,0.0,0.0,0.0,0.0,0.0,0.7108952,-0.0,0.0,-58.300003,12.199997,-1.3199936,-101.46001,3.7199981,-47.7,45.84,-45.65,41.3,-51.000004,-14.220003,-21.300005,49.200005,51.42,0.0,0.0,0.0,0.0,rl_constraint,0.00036364755942486227,0.0,0.0,0.0,0.6295077800750732,-80.72852325439453,-86.56246185302734,-91.4867172241211,-106.9421615600586,-3.0644900798797607,21.866012573242188,10.109477996826172,67.33716583251953,67.02149963378906,66.92314147949219,120.94668579101562,9.608976364135742,18.589271545410156,0.0,0.0,0.0,0.0
153,3.062659030999839,1789352875.7810988,17,-0.008838012,0.02127186,0.00035691969,0.0051974305,-29.772629,-77.13182,-91.05527,-91.02987,-98.06582,1.6300964,8.3165,21.990543,59.02692,75.74991,87.73064,125.98757,2.9367142,11.220942,0.0,0.0,0.0,0.0,0.10767078,0.07173976,-0.0,0.0,-50.549995,17.95,4.559999,-92.340004,-1.3199936,-41.519997,50.759995,-51.05,43.5,-50.759995,-19.680002,-22.320004,46.079998,50.34,0.0,0.0,0.0,0.0,rl_constraint,0.0003826440079137683,0.0,0.0,0.0,2.447967052459717,-80.33528137207031,-85.88116455078125,-90.81346893310547,-108.12799072265625,-3.0379817485809326,23.632503509521484,10.899979591369629,67.6444091796875,66.69535064697266,67.45802307128906,120.5929946899414,9.681333541870117,18.550573348999023,0.0,0.0,0.0,0.0
154,3.082850930999939,1789352875.801291,17,-0.01208768,0.021162193,0.00035691969,0.005187233,-30.722282,-76.78281,-90.860405,-92.80344,-98.15967,0.8691009,9.418867,20.904991,59.914135,74.729996,87.26766,125.499504,3.81102,12.181229,0.0,0.0,0.0,0.0,-0.025987154,-0.061428715,-0.0,0.0,-44.700005,14.499996,13.679997,-84.54,-8.339996,-35.28,59.160004,-57.349995,44.399998,-49.739998,-25.860004,-25.619993,41.34,45.600006,0.0,0.0,0.0,0.0,rl_constraint,0.0003826440079137683,0.0,0.0,0.0,3.8719143867492676,-79.74394226074219,-85.4615249633789,-90.09223937988281,-109.14968872070312,-3.2175204753875732,25.255264282226562,11.93502140045166,67.84066772460938,66.55026245117188,68.46255493164062,120.15715789794922,9.606873512268066,18.504148483276367,0.0,0.0,0.0,0.0
155,3.103146361999734,1789352875.8215864,17,-0.0137465075,0.015589815,0.00035691969,0.005173636,-31.576138,-76.56967,-90.56412,-94.446976,-98.40174,0.19997863,10.64155,19.702606,60.74865,73.81676,86.69174,124.97846,4.6118684,13.04014,0.0,0.0,0.0,0.0,0.051977705,-0.49761286,-0.0,0.0,-40.4,6.0999985,15.840006,-79.439995,-15.000005,-30.360004,64.92,-61.749996,38.700005,-42.42,-31.799995,-25.559994,38.219994,39.059994,0.0,0.0,0.0,0.0,rl_constraint,0.00039246241794899106,0.0,0.0,0.0,4.903682708740234,-78.96810150146484,-85.26789093017578,-89.5387954711914,-109.94542694091797,-3.64726185798645,26.738473892211914,13.111923217773438,68.13102722167969,66.47139739990234,69.6300048828125,119.5600814819336,9.477057456970215,18.406169891357422,0.0,0.0,0.0,0.0
156,3.1226054439998734,1789352875.8410451,17,-0.0048914994,-0.000934269,0.00035691969,0.0051498413,-32.32267,-76.51909,-90.184944,-95.99683,-98.756775,-0.36429292,11.975454,18.481247,61.45808,73.007545,86.016685,124.44842,5.3293853,13.7759075,0.0,0.0,0.0,0.0,0.8149734,-1.1927515,-0.0,0.0,-33.899998,-0.29999542,22.739996,-75.6,-21.480001,-25.080002,68.880005,-59.2,33.550003,-39.839996,-36.84,-27.359995,32.4,33.719994,0.0,0.0,0.0,0.0,rl_constraint,0.00039246241794899106,0.0,0.0,0.0,5.714364528656006,-77.72384643554688,-85.41423797607422,-89.08759307861328,-110.35786437988281,-4.107204437255859,28.046823501586914,14.308825492858887,68.460693359375,66.55594635009766,71.01363372802734,118.7928695678711,9.31151294708252,18.179275512695312,0.0,0.0,0.0,0.0
157,3.1426806659997055,1789352875.8611205,17,0.01044585,-0.038093265,0.00035691969,0.005115849,-32.93771,-76.570656,-89.660675,-97.425125,-99.22398,-0.8562195,13.436664,17.36728,62.137882,72.28449,85.22045,123.91282,5.9686384,14.392103,0.0,0.0,0.0,0.0,-0.027843136,-2.5694482,-0.0,0.0,-27.249996,-4.8499947,27.419994,-68.4,-25.920002,-22.56,75.06,-52.049995,33.65,-30.300005,-43.619995,-26.880001,31.980007,27.119999,0.0,0.0,0.0,0.0,rl_constraint,0.00039246241794899106,0.0,0.0,0.0,6.204577445983887,-75.99280548095703,-85.82818603515625,-88.80569458007812,-110.27589416503906,-4.622768402099609,29.34116554260254,15.885327339172363,68.88512420654297,66.90850830078125,72.66429901123047,118.08710479736328,9.050084114074707,17.737167358398438,0.0,0.0,0.0,0.0
158,3.16309223799999,1789352875.8815322,17,0.009004574,-0.10433663,0.00035691969,0.005085256,-33.425606,-76.74628,-89.13129,-98.70249,-99.81182,-1.3010285,15.022911,16.397518,62.753826,71.755035,84.290146,123.319984,6.513986,14.89297,0.0,0.0,0.0,0.0,-0.025987154,-4.1307735,-0.0,0.0,-21.550003,-12.700001,26.1,-60.42,-32.100006,-20.640001,82.8,-45.249996,27.450005,-23.46,-47.219994,-30.360004,24.599995,20.219994,0.0,0.0,0.0,0.0,rl_constraint,0.0004059093480464071,0.0,0.0,0.0,6.504115581512451,-74.08319091796875,-86.28314971923828,-88.73035430908203,-109.85084533691406,-5.277337074279785,30.66189956665039,17.75784683227539,69.49232482910156,67.37931060791016,74.36832427978516,117.28047180175781,8.712732315063477,17.227479934692383,0.0,0.0,0.0,0.0
159,3.1828715120000197,1789352875.9013114,17,0.008647654,-0.20308235,0.00035691969,0.005058062,-33.794712,-77.05993,-88.63095,-99.86583,-100.52066,-1.6973877,16.706059,15.547886,63.235634,71.31919,83.33935,122.743065,6.980081,15.270296,0.0,0.0,0.0,0.0,0.0,-5.650377,-0.0,0.0,-15.949997,-18.349995,23.579998,-55.319992,-37.68,-19.259995,84.899994,-39.550003,20.599995,-20.159994,-47.460003,-28.859999,22.260004,16.140001,0.0,0.0,0.0,0.0,rl_constraint,0.0004059093480464071,0.0,0.0,0.0,6.694459438323975,-72.11868286132812,-86.87522888183594,-88.91741943359375,-109.37948608398438,-5.954243183135986,31.877119064331055,19.784543991088867,70.1513900756836,67.91368103027344,76.00093078613281,116.57392120361328,8.246805191040039,16.63387680053711,0.0,0.0,0.0,0.0
160,3.2027540429999135,1789352875.9211938,17,0.014446749,-0.32657462,0.00035691969,0.0050376668,-34.052067,-77.47984,-88.20499,-100.92355,-101.34951,-2.0894485,18.342678,14.811733,63.639004,70.96443,82.41329,122.17022,7.3647947,15.523943,0.0,0.0,0.0,0.0,1.0730196,-6.6717124,-0.0,0.0,-9.700001,-21.7,18.119999,-49.919994,-45.0,-19.319994,79.98,-33.85,21.600002,-14.699995,-44.88,-28.380007,17.459995,10.319994,0.0,0.0,0.0,0.0,rl_constraint,0.0004308822099119425,0.0,0.0,0.0,6.61196756362915,-70.55558776855469,-87.27277374267578,-89.41940307617188,-108.77801513671875,-6.675899982452393,33.06047821044922,21.775684356689453,71.00108337402344,68.2203598022461,77.4242935180664,115.77796936035156,7.814294338226318,16.001279830932617,0.0,0.0,0.0,0.0
