sample_index,elapsed_time_s,wall_time_s,op_state,q_Joint_L0_deg,q_Joint_L1_deg,q_Joint_L2_U_deg,q_Joint_L3_U_deg,q_Joint_L2_L_deg,q_Joint_L3_L_deg,q_Joint_L4_L_deg,q_Joint_L5_L_deg,q_Joint_L6_L_deg,q_Joint_L7_L_deg,q_Joint_L8_L_deg,q_Joint_L2_R_deg,q_Joint_L3_R_deg,q_Joint_L4_R_deg,q_Joint_L5_R_deg,q_Joint_L6_R_deg,q_Joint_L7_R_deg,q_Joint_L8_R_deg,q_Dummy_0_deg,q_Dummy_1_deg,q_Dummy_2_deg,q_Dummy_3_deg,qdot_Joint_L0_deg_s,qdot_Joint_L1_deg_s,qdot_Joint_L2_U_deg_s,qdot_Joint_L3_U_deg_s,qdot_Joint_L2_L_deg_s,qdot_Joint_L3_L_deg_s,qdot_Joint_L4_L_deg_s,qdot_Joint_L5_L_deg_s,qdot_Joint_L6_L_deg_s,qdot_Joint_L7_L_deg_s,qdot_Joint_L8_L_deg_s,qdot_Joint_L2_R_deg_s,qdot_Joint_L3_R_deg_s,qdot_Joint_L4_R_deg_s,qdot_Joint_L5_R_deg_s,qdot_Joint_L6_R_deg_s,qdot_Joint_L7_R_deg_s,qdot_Joint_L8_R_deg_s,qdot_Dummy_0_deg_s,qdot_Dummy_1_deg_s,qdot_Dummy_2_deg_s,qdot_Dummy_3_deg_s,ik_mode,command_Joint_L0_deg,command_Joint_L1_deg,command_Joint_L2_U_deg,command_Joint_L3_U_deg,command_Joint_L2_L_deg,command_Joint_L3_L_deg,command_Joint_L4_L_deg,command_Joint_L5_L_deg,command_Joint_L6_L_deg,command_Joint_L7_L_deg,command_Joint_L8_L_deg,command_Joint_L2_R_deg,command_Joint_L3_R_deg,command_Joint_L4_R_deg,command_Joint_L5_R_deg,command_Joint_L6_R_deg,command_Joint_L7_R_deg,command_Joint_L8_R_deg,command_Dummy_0_deg,command_Dummy_1_deg,command_Dummy_2_deg,command_Dummy_3_deg
0,0.0009011590000227443,1789352833.7420595,17,0.0062273988,-0.24928674,0.000346722,0.016153166,0.0042800903,-79.97935,-96.142426,-100.12529,-90.00757,-0.016575623,0.0038864135,-0.0033988953,79.97927,96.12486,100.07405,90.017204,0.0101623535,-0.0008102417,0.0,0.0,0.0,0.0,0.0,0.0,-0.0,0.0,0.0,0.0,-0.059999086,-0.059999086,0.0,-0.0,0.0,0.0,0.0,0.059999086,-0.059999086,0.0,-0.0,-0.0,0.0,0.0,0.0,0.0,pink,0.0,0.0,0.0,0.0,0.0,-79.98490905761719,-96.14231872558594,-100.0957260131836,-90.00020599365234,0.0,0.0,0.0,79.98490905761719,96.14231872558594,100.0957260131836,90.00020599365234,0.0,0.0,0.0,0.0,0.0,0.0
1,0.02096960399967429,1789352833.7621257,17,0.0062273988,-0.24929158,0.000346722,0.016166763,0.0042800903,-79.97935,-96.14249,-100.12519,-90.00752,-0.016589355,0.0039138794,-0.0033988953,79.979225,96.12503,100.074036,90.017204,0.010121155,-0.0008239746,0.0,0.0,0.0,0.0,0.0,0.0,-0.0,0.0,0.0,0.0,0.0,0.059999086,0.0,-0.0,0.0,0.0,0.0,0.0,0.0,0.0,-0.0,-0.0,0.0,0.0,0.0,0.0,pink,0.0,0.0,0.0,0.0,0.0,-79.98490905761719,-96.14231872558594,-100.0957260131836,-90.00020599365234,0.0,0.0,0.0,79.98490905761719,96.14231872558594,100.0957260131836,90.00020599365234,0.0,0.0,0.0,0.0,0.0,0.0
2,0.040971563999846694,1789352833.7821276,17,0.0062273988,-0.24926294,0.000346722,0.016183758,0.0043144226,-79.979454,-96.14242,-100.12507,-90.00752,-0.016534423,0.003941345,-0.0033988953,79.97923,96.1251,100.07401,90.01715,0.010107422,-0.0007965088,0.0,0.0,0.0,0.0,0.0,0.009469835,-0.0,0.0,0.0,0.0,0.0,0.0,0.059999086,-0.0,0.0,0.0,0.0,0.0,0.0,0.0,-0.0,-0.0,0.0,0.0,0.0,0.0,pink,0.0,0.0,0.0,0.0,0.0,-79.98490905761719,-96.14231872558594,-100.0957260131836,-90.00020599365234,0.0,0.0,0.0,79.98490905761719,96.14231872558594,100.0957260131836,90.00020599365234,0.0,0.0,0.0,0.0,0.0,0.0
3,0.061183010999684484,1789352833.802339,17,0.0062273988,-0.2489988,0.000346722,0.016193956,0.00422287,-79.97952,-96.14225,-100.124916,-90.007515,-0.016465759,0.003968811,-0.0034103394,79.97928,96.125046,100.074,90.01708,0.01005249,-0.00075531006,0.0,0.0,0.0,0.0,0.0,0.022904066,-0.0,0.0,0.0,0.0,0.0,0.0,0.0,-0.0,0.059999086,0.0,0.0,0.059999086,0.0,0.0,-0.0,-0.0,0.0,0.0,0.0,0.0,pink,6.108421501949124e-08,0.0,0.0,0.0,-0.0350809283554554,-79.95101165771484,-96.14826965332031,-100.0397720336914,-90.04635620117188,0.04128001257777214,0.009456316009163857,0.0350794680416584,79.95101165771484,96.14826965332031,100.0397720336914,90.04635620117188,-0.04126755893230438,0.009456966072320938,0.0,0.0,0.0,0.0
4,0.0810191779996785,1789352833.8221753,17,0.0062273988,-0.24814793,0.000346722,0.016200755,0.0041885376,-79.979485,-96.142334,-100.12464,-90.007515,-0.016479492,0.0039550783,-0.0033988953,79.97927,96.12524,100.07395,90.01706,0.01005249,-0.00072784425,0.0,0.0,0.0,0.0,0.0,0.05924208,-0.0,0.0,0.0,0.0,0.0,0.059999086,0.0,-0.059999086,0.0,0.0,0.0,0.0,-0.059999086,0.0,0.059999086,-0.0,0.0,0.0,0.0,0.0,pink,6.108421501949124e-08,0.0,0.0,0.0,-0.0350809283554554,-79.95101165771484,-96.14826965332031,-100.0397720336914,-90.04635620117188,0.04128001257777214,0.009456316009163857,0.0350794680416584,79.95101165771484,96.14826965332031,100.0397720336914,90.04635620117188,-0.04126755893230438,0.009456966072320938,0.0,0.0,0.0,0.0
5,0.1008926029999202,1789352833.842049,17,0.0062273988,-0.24649419,0.000346722,0.016210953,0.0041770935,-79.97946,-96.14229,-100.124054,-90.00759,-0.016287232,0.003982544,-0.003364563,79.979256,96.12536,100.07397,90.01708,0.009901429,-0.00070037844,0.0,0.0,0.0,0.0,0.0,0.101304226,-0.0,0.0,0.0,0.0,0.0,0.0,0.0,-0.0,0.0,0.0,0.0,0.0,0.0,-0.059999086,-0.11999817,-0.0,0.0,0.0,0.0,0.0,pink,2.401955612185702e-07,0.0,0.0,0.0,-0.13794535398483276,-79.85162353515625,-96.16571807861328,-99.87570190429688,-90.18165588378906,0.16232141852378845,0.03718416020274162,0.13793960213661194,79.85162353515625,96.16571044921875,99.8757095336914,90.18165588378906,-0.16227245330810547,0.037186719477176666,0.0,0.0,0.0,0.0
6,0.12091582999983075,1789352833.8620718,17,0.0062273988,-0.24386708,0.000346722,0.016214352,0.0038108826,-79.979164,-96.14239,-100.123405,-90.00786,-0.015792847,0.004023743,-0.0031585693,79.9792,96.12539,100.073944,90.0172,0.009613037,-0.0006729126,0.0,0.0,0.0,0.0,0.0,0.16494338,-0.0,0.0,-0.049999237,0.049999237,0.0,0.0,0.0,-0.0,0.0,0.0,0.0,0.0,-0.059999086,0.0,-0.0,-0.0,0.0,0.0,0.0,0.0,pink,2.401955612185702e-07,0.0,0.0,0.0,-0.13794535398483276,-79.85162353515625,-96.16571807861328,-99.87570190429688,-90.18165588378906,0.16232141852378845,0.03718416020274162,0.13793960213661194,79.85162353515625,96.16571044921875,99.8757095336914,90.18165588378906,-0.16227245330810547,0.037186719477176666,0.0,0.0,0.0,0.0
7,0.1409952419999172,1789352833.8821514,17,0.0062273988,-0.24057478,0.000346722,0.01622115,0.0028152466,-79.97667,-96.142624,-100.121346,-90.01056,-0.014268493,0.0040649413,-0.0020828247,79.97873,96.125786,100.07376,90.0183,0.00811615,-0.0004943848,0.0,0.0,0.0,0.0,0.0,0.14379595,-0.0,0.0,-0.049999237,0.14999771,-0.059999086,0.17999725,-0.17999725,0.059999086,0.0,0.099998474,-0.049999237,0.0,0.0,0.17999725,-0.059999086,-0.0,0.0,0.0,0.0,0.0,pink,2.401955612185702e-07,0.0,0.0,0.0,-0.13794535398483276,-79.85162353515625,-96.16571807861328,-99.87570190429688,-90.18165588378906,0.16232141852378845,0.03718416020274162,0.13793960213661194,79.85162353515625,96.16571044921875,99.8757095336914,90.18165588378906,-0.16227245330810547,0.037186719477176666,0.0,0.0,0.0,0.0
8,0.16083649199981664,1789352833.9019928,17,0.0062273988,-0.23838496,0.000346722,0.01622115,-0.0008125305,-79.97243,-96.1427,-100.11352,-90.016716,-0.010684204,0.004216003,0.0027580261,79.9773,96.126495,100.07323,90.02432,0.0031585693,-0.00020599365,0.0,0.0,0.0,0.0,0.0,0.10833882,-0.0,0.0,-0.34999466,0.29999542,0.0,0.4800064,-0.29999542,0.29999542,0.059999086,0.34999466,-0.14999771,0.059999086,0.0,0.3599945,-0.29999542,-0.0,0.0,0.0,0.0,0.0,pink,5.31122054781008e-07,0.0,0.0,0.0,-0.30502569675445557,-79.690185546875,-96.19405364990234,-99.60919952392578,-90.40143585205078,0.3589262068271637,0.0822218656539917,0.3050130009651184,79.69019317626953,96.19404602050781,99.60922241210938,90.40142822265625,-0.3588179051876068,0.08222752064466476,0.0,0.0,0.0,0.0
9,0.1809255650000523,1789352833.9220817,17,0.0062273988,-0.23641253,0.000346722,0.01622455,-0.011077881,-79.96481,-96.142815,-100.10014,-90.02922,0.00020599365,0.004600525,0.013412476,79.97305,96.127365,100.07228,90.03385,-0.0045730593,0.00032958985,0.0,0.0,0.0,0.0,0.0,0.103051156,-0.0,0.0,-0.70000076,0.40000534,0.0,0.9,-0.9,0.8400009,0.0,0.70000076,-0.34999466,0.059999086,-0.11999817,0.4800064,-0.41999358,-0.0,0.0,0.0,0.0,0.0,pink,5.31122054781008e-07,0.0,0.0,0.0,-0.30502569675445557,-79.690185546875,-96.19405364990234,-99.60919952392578,-90.40143585205078,0.3589262068271637,0.0822218656539917,0.3050130009651184,79.69019317626953,96.19404602050781,99.60922241210938,90.40142822265625,-0.3588179051876068,0.08222752064466476,0.0,0.0,0.0,0.0
10,0.20103002099995138,1789352833.9421864,17,0.0062273988,-0.23307057,0.000346722,0.01622115,-0.029949188,-79.95412,-96.143456,-100.075935,-90.05306,0.01977539,0.005163574,0.030773163,79.96149,96.12896,100.062775,90.046844,-0.018127441,0.0012634278,0.0,0.0,0.0,0.0,0.0,0.22568895,-0.0,0.0,-1.2000046,0.6500015,0.0,1.3800064,-1.4400055,1.0799973,0.0,0.94999695,-0.79999924,0.059999086,-1.9799973,0.7800018,-0.7800018,-0.0,0.0,0.0,0.0,0.0,pink,9.276517971557041e-07,0.0,0.0,0.0,-0.5327544212341309,-79.47015380859375,-96.23268127441406,-99.24595642089844,-90.70098114013672,0.6268965005874634,0.14360778033733368,0.5327322483062744,79.47016906738281,96.23265838623047,99.24600982666016,90.70097351074219,-0.6267073154449463,0.1436176598072052,0.0,0.0,0.0,0.0
11,0.2211133079999854,1789352833.9622698,17,0.0062273988,-0.22889023,0.000346722,0.016214352,-0.056934357,-79.936516,-96.14446,-100.034294,-90.08025,0.04361572,0.0069900514,0.059028625,79.936104,96.1296,100.02094,90.065575,-0.044577025,0.0031173707,0.0,0.0,0.0,0.0,0.0,0.1849436,-0.0,0.0,-1.5499992,1.1500053,0.0,2.5200028,-0.9599991,1.5600036,0.23999634,1.5999985,-1.5,0.059999086,-2.3400054,1.1999954,-1.9799973,0.29999542,0.0,0.0,0.0,0.0,pink,9.276517971557041e-07,0.0,0.0,0.0,-0.5327544212341309,-79.47015380859375,-96.23268127441406,-99.24595642089844,-90.70098114013672,0.6268965005874634,0.14360778033733368,0.5327322483062744,79.47016906738281,96.23265838623047,99.24600982666016,90.70097351074219,-0.6267073154449463,0.1436176598072052,0.0,0.0,0.0,0.0
12,0.24119338099990273,1789352833.9823496,17,0.0062273988,-0.22529022,0.000346722,0.016204154,-0.09173584,-79.90542,-96.14512,-99.974594,-90.10626,0.085336305,0.011631775,0.08530426,79.9101,96.13604,99.97964,90.10427,-0.09039001,0.008775329,0.0,0.0,0.0,0.0,0.0,0.21311496,-0.0,0.0,-1.9000053,2.0000038,0.0,3.2400055,-1.9199982,2.2800064,0.29999542,1.3500023,-1.300003,0.41999358,-1.8599991,2.4600036,-2.5800018,0.11999817,0.0,0.0,0.0,0.0,pink,9.276517971557041e-07,0.0,0.0,0.0,-0.5327544212341309,-79.47015380859375,-96.23268127441406,-99.24595642089844,-90.70098114013672,0.6268965005874634,0.14360778033733368,0.5327322483062744,79.47016906738281,96.23265838623047,99.24600982666016,90.70097351074219,-0.6267073154449463,0.1436176598072052,0.0,0.0,0.0,0.0
13,0.26104694400009976,1789352834.0022035,17,0.0062273988,-0.21902755,0.000346722,0.016163364,-0.12717819,-79.86362,-96.149475,-99.91403,-90.155594,0.132193,0.021876525,0.120700836,79.87234,96.14067,99.92785,90.15716,-0.14477234,0.01241455,0.0,0.0,0.0,0.0,0.0,0.47396225,-0.0,0.0,-1.5499992,2.1000023,-0.4800064,2.8799973,-2.2800064,2.4600036,0.66000366,2.050003,-2.2999992,0.059999086,-3.480002,2.759999,-2.5200028,0.17999725,0.0,0.0,0.0,0.0,pink,1.4235727121558739e-06,0.0,0.0,0.0,-0.8175640106201172,-79.19496154785156,-96.28099060058594,-98.79167175292969,-91.07560729980469,0.9620341658592224,0.2203802466392517,0.8175299763679504,79.19498443603516,96.28096008300781,98.791748046875,91.07559967041016,-0.9617438912391663,0.22039540112018585,0.0,0.0,0.0,0.0
14,0.2810298269996565,1789352834.0221863,17,0.0062273988,-0.20609483,0.000346722,0.016054587,-0.16194534,-79.82132,-96.15612,-99.86313,-90.214096,0.18347168,0.03393402,0.16162491,79.82311,96.143814,99.84493,90.22141,-0.19421081,0.019143676,0.0,0.0,0.0,0.0,0.0,0.9156146,-0.0,0.0,-2.1000023,1.9000053,-0.11999817,2.4000046,-3.480002,2.2800064,0.41999358,2.3499985,-2.8500023,0.29999542,-4.0800066,3.0599945,-2.4600036,0.3599945,0.0,0.0,0.0,0.0,pink,1.4235727121558739e-06,0.0,0.0,0.0,-0.8175640106201172,-79.19496154785156,-96.28099060058594,-98.79167175292969,-91.07560729980469,0.9620341658592224,0.2203802466392517,0.8175299763679504,79.19498443603516,96.28096008300781,98.791748046875,91.07559967041016,-0.9617438912391663,0.22039540112018585,0.0,0.0,0.0,0.0
15,0.3012648320000153,1789352834.042421,17,0.0062273988,-0.18441881,0.000346722,0.01595601,-0.21300888,-79.782074,-96.16572,-99.79261,-90.28371,0.24700013,0.045991518,0.21457672,79.77923,96.15689,99.77282,90.27757,-0.24141082,0.032821655,0.0,0.0,0.0,0.0,0.0,1.0728741,-0.0,-0.025987154,-2.9000015,2.2000008,-0.7800018,4.440001,-3.1199937,3.3000045,0.5400055,2.9500008,-2.2999992,1.0799973,-3.480002,2.8799973,-2.8799973,1.0799973,0.0,0.0,0.0,0.0,pink,2.012673121498665e-06,0.0,0.0,0.0,-1.1558868885040283,-78.86807250976562,-96.33837127685547,-98.25203704833984,-91.5206298828125,1.3601415157318115,0.31157761812210083,1.1558387279510498,78.86810302734375,96.33834075927734,98.25214385986328,91.52061462402344,-1.3597310781478882,0.3115990161895752,0.0,0.0,0.0,0.0
16,0.32128426500003116,1789352834.0624404,17,0.0062273988,-0.17005081,0.000346722,0.015898222,-0.27615738,-79.72655,-96.18125,-99.692314,-90.35187,0.31684572,0.061001588,0.27374268,79.73655,96.17849,99.687935,90.35354,-0.3188507,0.06068573,0.0,0.0,0.0,0.0,0.0,0.5101486,-0.0,0.0,-2.8500023,3.2999954,-0.4800064,5.0400057,-3.6599991,3.3000045,1.1999954,3.3499947,-2.3999977,1.0199982,-4.9199934,4.6799974,-4.1400056,1.6200027,0.0,0.0,0.0,0.0,pink,2.012673121498665e-06,0.0,0.0,0.0,-1.1558868885040283,-78.86807250976562,-96.33837127685547,-98.25203704833984,-91.5206298828125,1.3601415157318115,0.31157761812210083,1.1558387279510498,78.86810302734375,96.33834075927734,98.25214385986328,91.52061462402344,-1.3597310781478882,0.3115990161895752,0.0,0.0,0.0,0.0
17,0.34128065000004426,1789352834.082437,17,0.0062273988,-0.16127741,0.000346722,0.015847234,-0.33208466,-79.654465,-96.189766,-99.5845,-90.44246,0.3929947,0.08315277,0.33732605,79.66284,96.19203,99.58382,90.44742,-0.4024292,0.08475952,0.0,0.0,0.0,0.0,0.0,0.54857737,-0.0,0.0,-3.3499947,3.2499962,-0.60000455,6.0600038,-4.559999,4.1400056,0.9,3.2499962,-4.6499977,0.60000455,-4.980006,4.1400056,-3.8399963,0.9,0.0,0.0,0.0,0.0,pink,2.012673121498665e-06,0.0,0.0,0.0,-1.1558868885040283,-78.86807250976562,-96.33837127685547,-98.25203704833984,-91.5206298828125,1.3601415157318115,0.31157761812210083,1.1558387279510498,78.86810302734375,96.33834075927734,98.25214385986328,91.52061462402344,-1.3597310781478882,0.3115990161895752,0.0,0.0,0.0,0.0
18,0.36120965400004934,1789352834.102366,17,0.0062273988,-0.14665163,0.000346722,0.015806444,-0.4125023,-79.58961,-96.20738,-99.465805,-90.54153,0.4872574,0.10292816,0.4102249,79.58527,96.21237,99.46027,90.540375,-0.4914322,0.10354614,0.0,0.0,0.0,0.0,0.0,0.9082407,-0.0,0.0,-4.5,3.6000023,-1.0799973,5.4,-5.2800016,4.440001,1.3800064,3.949997,-2.8500023,1.4400055,-7.2,5.340001,-4.7999954,0.9599991,0.0,0.0,0.0,0.0,pink,2.6887405510933604e-06,0.0,0.0,0.0,-1.5441553592681885,-78.49292755126953,-96.40422821044922,-97.63272857666016,-92.0313491821289,1.817020058631897,0.4162381589412689,1.5440911054611206,78.49295806884766,96.40418243408203,97.63287353515625,92.03132629394531,-1.8164719343185425,0.4162667691707611,0.0,0.0,0.0,0.0
19,0.38134005299980345,1789352834.1224964,17,0.0062239994,-0.12847169,0.000346722,0.01573506,-0.49217606,-79.5094,-96.22679,-99.328865,-90.64826,0.5766449,0.1341156,0.49116898,79.51659,96.24247,99.332886,90.65228,-0.5843765,0.12626037,0.0,0.0,0.0,0.0,0.0,0.69452524,-0.0,0.0,-4.2000046,4.1500053,-0.4800064,6.8400054,-6.000005,5.340001,1.1999954,4.0999947,-4.4000015,0.8400009,-6.6599946,5.2200027,-4.019994,1.2599945,0.0,0.0,0.0,0.0,pink,2.6887405510933604e-06,0.0,0.0,0.0,-1.5441553592681885,-78.49292755126953,-96.40422821044922,-97.63272857666016,-92.0313491821289,1.817020058631897,0.4162381589412689,1.5440911054611206,78.49295806884766,96.40418243408203,97.63287353515625,92.03132629394531,-1.8164719343185425,0.4162667691707611,0.0,0.0,0.0,0.0
20,0.40136985299977823,1789352834.1425261,17,0.0062239994,-0.1189858,0.000346722,0.015677273,-0.58260727,-79.424,-96.23627,-99.193375,-90.76513,0.6867691,0.16520691,0.58558273,79.4209,96.24662,99.185974,90.767494,-0.68947446,0.1513916,0.0,0.0,0.0,0.0,0.0,0.31325215,-0.0,0.0,-4.5999985,4.5,-0.66000366,7.980002,-6.000005,5.6999955,1.4400055,4.6499977,-3.949997,0.23999634,-7.2599993,6.539996,-5.579997,1.5000045,0.0,0.0,0.0,0.0,pink,3.4455636068742024e-06,0.0,0.0,0.0,-1.9788020849227905,-78.07295989990234,-96.47795104980469,-96.93944549560547,-92.60307312011719,2.32847261428833,0.533400297164917,1.978719711303711,78.07300567626953,96.4778823852539,96.93962860107422,92.60304260253906,-2.327770233154297,0.5334370136260986,0.0,0.0,0.0,0.0
21,0.4213295409999773,1789352834.1624858,17,0.0062239994,-0.11368811,0.000346722,0.015636481,-0.6750412,-79.32868,-96.25114,-99.043495,-90.89348,0.7977722,0.18562774,0.67773056,79.32735,96.26145,99.02961,90.89198,-0.80108184,0.18012086,0.0,0.0,0.0,0.0,0.0,0.26706845,-0.0,0.0,-4.7999954,4.5,-0.7200028,7.4399962,-6.539996,6.359999,1.3800064,5.1000023,-5.499996,0.7200028,-7.8000045,6.000005,-5.8800063,1.3800064,0.0,0.0,0.0,0.0,pink,3.4455636068742024e-06,0.0,0.0,0.0,-1.9788020849227905,-78.07295989990234,-96.47795104980469,-96.93944549560547,-92.60307312011719,2.32847261428833,0.533400297164917,1.978719711303711,78.07300567626953,96.4778823852539,96.93962860107422,92.60304260253906,-2.327770233154297,0.5334370136260986,0.0,0.0,0.0,0.0
22,0.44130060399993454,1789352834.182457,17,0.0062239994,-0.106608786,0.000346722,0.015605888,-0.78432083,-79.22957,-96.26981,-98.866104,-91.03225,0.92539215,0.2120224,0.7839775,79.229294,96.27776,98.865105,91.03536,-0.9284546,0.2149475,0.0,0.0,0.0,0.0,0.0,0.4477071,-0.0,0.0,-5.7000046,5.5999947,-1.1399963,8.219998,-7.7400055,6.419998,1.3199936,5.200001,-4.9500046,1.2599945,-9.299995,7.980002,-6.2400007,1.5600036,0.0,0.0,0.0,0.0,pink,3.4455636068742024e-06,0.0,0.0,0.0,-1.9788020849227905,-78.07295989990234,-96.47795104980469,-96.93944549560547,-92.60307312011719,2.32847261428833,0.533400297164917,1.978719711303711,78.07300567626953,96.4778823852539,96.93962860107422,92.60304260253906,-2.327770233154297,0.5334370136260986,0.0,0.0,0.0,0.0
23,0.46129339099979916,1789352834.2024496,17,0.0062239994,-0.09331815,0.000346722,0.015571896,-0.9039688,-79.11572,-96.293144,-98.679695,-91.1868,1.0652069,0.24238586,0.9074936,79.11257,96.29465,98.6793,91.18807,-1.0644653,0.24054566,0.0,0.0,0.0,0.0,0.0,0.8416269,-0.0,0.0,-6.0,5.8500023,-1.0799973,8.880002,-7.080002,6.9000044,1.4400055,6.0999985,-5.6500053,0.3599945,-9.480006,7.8600035,-7.4399962,1.5000045,0.0,0.0,0.0,0.0,pink,4.276929757907055e-06,0.0,0.0,0.0,-2.456259250640869,-77.61163330078125,-96.5589370727539,-96.1778793334961,-93.23110961914062,2.8903002738952637,0.6621023416519165,2.4561569690704346,77.61168670654297,96.55885314941406,96.17810821533203,93.23107147216797,-2.88942813873291,0.6621478199958801,0.0,0.0,0.0,0.0
24,0.4815405720000854,1789352834.222697,17,0.0062239994,-0.0779112,0.000346722,0.015514109,-1.0285149,-78.99289,-96.31295,-98.47962,-91.35286,1.213028,0.27550966,1.0303574,78.98675,96.31233,98.480965,91.35087,-1.2155273,0.28211516,0.0,0.0,0.0,0.0,0.0,0.5180473,-0.0,0.0,-6.3499947,5.950001,-0.9599991,9.540006,-7.2,7.4399962,1.740001,6.199997,-6.799999,1.3800064,-10.079997,7.6199937,-6.9000044,1.740001,0.0,0.0,0.0,0.0,pink,4.276929757907055e-06,0.0,0.0,0.0,-2.456259250640869,-77.61163330078125,-96.5589370727539,-96.1778793334961,-93.23110961914062,2.8903002738952637,0.6621023416519165,2.4561569690704346,77.61168670654297,96.55885314941406,96.17810821533203,93.23107147216797,-2.88942813873291,0.6621478199958801,0.0,0.0,0.0,0.0
25,0.5013117929997861,1789352834.242468,17,0.0062239994,-0.072539374,0.000346722,0.015435927,-1.1535072,-78.87385,-96.33748,-98.279335,-91.51886,1.3579376,0.31235504,1.1552925,78.87235,96.33858,98.277084,91.517525,-1.3598465,0.31374207,0.0,0.0,0.0,0.0,0.0,0.051405277,-0.0,0.0,-6.6000023,6.2999954,-1.1999954,10.319994,-8.040001,8.399996,2.0399964,6.799999,-6.6500015,1.0799973,-11.280006,8.1,-8.640005,2.0999954,0.0,0.0,0.0,0.0,pink,5.176628292247187e-06,0.0,0.0,0.0,-2.9729597568511963,-77.11238861083984,-96.64657592773438,-95.35371398925781,-93.9107666015625,3.4983060359954834,0.8013826608657837,2.9728360176086426,77.11245727539062,96.64647674560547,95.35398864746094,93.91072082519531,-3.49725079536438,0.8014377951622009,0.0,0.0,0.0,0.0
26,0.5213092320000214,1789352834.2624655,17,0.0062239994,-0.07245812,0.000346722,0.015384939,-1.2876663,-78.73995,-96.36117,-98.057785,-91.69791,1.5183792,0.3573578,1.2893028,78.73802,96.35919,98.05071,91.69689,-1.5164429,0.3528534,0.0,0.0,0.0,0.0,0.0,-0.003075182,-0.0,0.0,-7.0999947,6.6000023,-1.0799973,10.859999,-9.179997,8.279997,2.0399964,6.700001,-6.249996,1.3800064,-11.7,9.059999,-8.700005,1.8,0.0,0.0,0.0,0.0,pink,5.176628292247187e-06,0.0,0.0,0.0,-2.9729597568511963,-77.11238861083984,-96.64657592773438,-95.35371398925781,-93.9107666015625,3.4983060359954834,0.8013826608657837,2.9728360176086426,77.11245727539062,96.64647674560547,95.35398864746094,93.91072082519531,-3.49725079536438,0.8014377951622009,0.0,0.0,0.0,0.0
27,0.5414427430000615,1789352834.282599,17,0.0062239994,-0.072459325,0.000346722,0.015350946,-1.4354324,-78.59862,-96.39054,-97.82067,-91.8927,1.6951492,0.39039916,1.4339447,78.59545,96.38958,97.81536,91.89279,-1.6934738,0.39546663,0.0,0.0,0.0,0.0,0.0,0.0,-0.0,0.0,-7.6499977,6.949997,-1.6800019,12.420003,-10.560003,9.359995,1.6200027,7.8499947,-6.999996,1.6200027,-12.180006,9.780002,-8.640005,2.4600036,0.0,0.0,0.0,0.0,pink,5.176628292247187e-06,0.0,0.0,0.0,-2.9729597568511963,-77.11238861083984,-96.64657592773438,-95.35371398925781,-93.9107666015625,3.4983060359954834,0.8013826608657837,2.9728360176086426,77.11245727539062,96.64647674560547,95.35398864746094,93.91072082519531,-3.49725079536438,0.8014377951622009,0.0,0.0,0.0,0.0
28,0.5612336899998809,1789352834.30239,17,0.0062239994,-0.07231572,0.000346722,0.015320353,-1.5925941,-78.445076,-96.42159,-97.56682,-92.09773,1.879802,0.4304718,1.5932579,78.4433,96.426895,97.5641,92.09666,-1.8790467,0.4331909,0.0,0.0,0.0,0.0,0.0,0.01296079,-0.0,0.0,-8.150002,7.9500046,-1.1399963,13.260004,-10.2599945,10.019999,2.4000046,7.749996,-8.000004,1.2599945,-12.659999,10.319994,-8.820003,1.3199936,0.0,0.0,0.0,0.0,pink,6.138446224213112e-06,0.0,0.0,0.0,-3.5253360271453857,-76.57866668701172,-96.74026489257812,-94.47264099121094,-94.63733673095703,4.14829158782959,0.9502796530723572,3.5251893997192383,76.57875061035156,96.74015045166016,94.47297668457031,94.63729095458984,-4.147039890289307,0.950344979763031,0.0,0.0,0.0,0.0
29,0.5813543089998348,1789352834.3225105,17,0.0062239994,-0.072201885,0.000346722,0.015296558,-1.7556839,-78.289665,-96.45035,-97.30632,-92.30799,2.0674071,0.47665557,1.7537498,78.2875,96.45272,97.3057,92.3068,-2.065663,0.47918242,0.0,0.0,0.0,0.0,0.0,0.0063703703,-0.0,0.0,-8.25,7.749996,-1.5000045,12.779997,-9.959999,9.0,2.3400054,8.349998,-7.9000053,1.3199936,-13.260004,9.780002,-9.179997,2.6400008,0.0,0.0,0.0,0.0,pink,6.138446224213112e-06,0.0,0.0,0.0,-3.5253360271453857,-76.57866668701172,-96.74026489257812,-94.47264099121094,-94.63733673095703,4.14829158782959,0.9502796530723572,3.5251893997192383,76.57875061035156,96.74015045166016,94.47297668457031,94.63729095458984,-4.147039890289307,0.950344979763031,0.0,0.0,0.0,0.0
30,0.6012947789999998,1789352834.3424509,17,0.0062239994,-0.0718278,0.000346722,0.015272764,-1.920639,-78.12856,-96.48011,-97.04399,-92.52878,2.2629914,0.52852476,1.9199066,78.126366,96.48471,97.04428,92.52492,-2.2638016,0.52818143,0.0,0.0,0.0,0.0,0.0,0.035368096,-0.0,0.0,-8.700005,8.000004,-1.2599945,13.260004,-10.740001,10.560003,2.5200028,8.25,-8.349998,1.4400055,-13.380002,10.8,-10.139997,2.2199936,0.0,0.0,0.0,0.0,pink,7.15617125024437e-06,0.0,0.0,0.0,-4.1098198890686035,-76.01393127441406,-96.83940887451172,-93.54036712646484,-95.40615844726562,4.836058616638184,1.1078314781188965,4.109648704528809,76.01403045654297,96.83926391601562,93.54075622558594,95.40609741210938,-4.834599494934082,1.1079076528549194,0.0,0.0,0.0,0.0
31,0.6213153199996668,1789352834.3624716,17,0.0062239994,-0.07127351,0.000346722,0.0152523685,-2.0927582,-77.96424,-96.50373,-96.77064,-92.75662,2.4698365,0.57268983,2.0935707,77.96191,96.50859,96.77171,92.75393,-2.4662795,0.57284087,0.0,0.0,0.0,0.0,0.0,0.029876027,-0.0,0.0,-8.750004,8.449997,-1.0799973,14.459999,-10.8,9.840001,1.9199982,9.199997,-9.0,1.1999954,-14.280002,11.219994,-10.680002,2.6400008,0.0,0.0,0.0,0.0,pink,7.15617125024437e-06,0.0,0.0,0.0,-4.1098198890686035,-76.01393127441406,-96.83940887451172,-93.54036712646484,-95.40615844726562,4.836058616638184,1.1078314781188965,4.109648704528809,76.01403045654297,96.83926391601562,93.54075622558594,95.40609741210938,-4.834599494934082,1.1079076528549194,0.0,0.0,0.0,0.0
32,0.6414388849998431,1789352834.3825953,17,0.0062239994,-0.07036365,0.000346722,0.015231973,-2.2759323,-77.78578,-96.5282,-96.47799,-92.99717,2.683026,0.6134766,2.277008,77.782166,96.53542,96.481606,92.99752,-2.6829438,0.6213592,0.0,0.0,0.0,0.0,0.0,0.059311636,-0.0,0.0,-9.550003,9.099998,-1.2599945,14.639997,-11.759999,10.620003,2.6400008,9.550003,-9.199997,1.0199982,-15.060003,12.839996,-10.8,1.9199982,0.0,0.0,0.0,0.0,pink,7.15617125024437e-06,0.0,0.0,0.0,-4.1098198890686035,-76.01393127441406,-96.83940887451172,-93.54036712646484,-95.40615844726562,4.836058616638184,1.1078314781188965,4.109648704528809,76.01403045654297,96.83926391601562,93.54075622558594,95.40609741210938,-4.834599494934082,1.1079076528549194,0.0,0.0,0.0,0.0
33,0.6612647169999946,1789352834.4024212,17,0.0062239994,-0.069381796,0.000346722,0.0152115775,-2.4679756,-77.60042,-96.560196,-96.17226,-93.25014,2.9106765,0.66505736,2.472416,77.59552,96.56238,96.17009,93.25089,-2.9072158,0.6651947,0.0,0.0,0.0,0.0,0.0,0.043714345,-0.0,0.0,-9.450005,9.500004,-1.9199982,15.359999,-12.959994,10.380007,2.8799973,9.400005,-9.049999,1.5000045,-15.479998,12.420003,-10.740001,3.3000045,0.0,0.0,0.0,0.0,pink,8.223590157285798e-06,0.0,0.0,0.0,-4.722843647003174,-75.42162322998047,-96.9433822631836,-92.56256103515625,-96.21250915527344,5.557408332824707,1.2730764150619507,4.722646713256836,75.4217300415039,96.94322204589844,92.5630111694336,96.21244049072266,-5.555731296539307,1.273163914680481,0.0,0.0,0.0,0.0
34,0.6812704529997973,1789352834.4224267,17,0.0062239994,-0.06851419,0.000346722,0.015194581,-2.6645393,-77.413414,-96.6021,-95.85829,-93.50601,3.13808,0.72434235,2.6655006,77.4101,96.59583,95.86141,93.505,-3.1362946,0.7256195,0.0,0.0,0.0,0.0,0.0,0.061067797,-0.0,0.0,-9.799999,9.500004,-1.9799973,15.060003,-12.959994,10.919998,2.759999,9.75,-9.049999,1.6800019,-15.840006,13.260004,-11.460004,2.759999,0.0,0.0,0.0,0.0,pink,8.223590157285798e-06,0.0,0.0,0.0,-4.722843647003174,-75.42162322998047,-96.9433822631836,-92.56256103515625,-96.21250915527344,5.557408332824707,1.2730764150619507,4.722646713256836,75.4217300415039,96.94322204589844,92.5630111694336,96.21244049072266,-5.555731296539307,1.273163914680481,0.0,0.0,0.0,0.0
35,0.7012686039997789,1789352834.4424248,17,0.0062206006,-0.0668486,0.000346722,0.015177585,-2.8627625,-77.21955,-96.640175,-95.54108,-93.76697,3.3701248,0.77334136,2.8606453,77.21972,96.631676,95.54166,93.765564,-3.3704133,0.77993315,0.0,0.0,0.0,0.0,0.0,0.09159932,-0.0,0.0,-10.150005,9.550003,-1.740001,16.559994,-12.119993,11.340006,2.4600036,9.799999,-9.400005,1.4400055,-16.020002,12.540001,-13.019994,2.759999,0.0,0.0,0.0,0.0,pink,9.334496098745149e-06,0.0,0.0,0.0,-5.360841274261475,-74.80517578125,-97.05159759521484,-91.544921875,-97.05171966552734,6.308145523071289,1.445053219795227,5.3606181144714355,74.8052978515625,97.0514144897461,91.5454330444336,97.05164337158203,-6.306241989135742,1.4451525211334229,0.0,0.0,0.0,0.0
36,0.7212309219999042,1789352834.4623876,17,0.0062206006,-0.064837955,0.000346722,0.015146992,-3.0659523,-77.02244,-96.671295,-95.21411,-94.03437,3.611206,0.823851,3.0642242,77.02255,96.66573,95.21583,94.03605,-3.6137605,0.8291794,0.0,0.0,0.0,0.0,0.0,0.13508862,-0.0,0.0,-10.099995,10.150005,-1.5000045,16.800005,-14.100004,12.360003,2.759999,10.300003,-9.999996,2.1599946,-16.319998,13.559999,-12.300005,2.0999954,0.0,0.0,0.0,0.0,pink,9.334496098745149e-06,0.0,0.0,0.0,-5.360841274261475,-74.80517578125,-97.05159759521484,-91.544921875,-97.05171966552734,6.308145523071289,1.445053219795227,5.3606181144714355,74.8052978515625,97.0514144897461,91.5454330444336,97.05164337158203,-6.306241989135742,1.4451525211334229,0.0,0.0,0.0,0.0
37,0.7413312680000672,1789352834.482488,17,0.0062206006,-0.061061762,0.000346722,0.015089205,-3.2805977,-76.815575,-96.698654,-94.87543,-94.31615,3.8629577,0.88816226,3.2779427,76.81828,96.705574,94.877464,94.31746,-3.8641663,0.89074403,0.0,0.0,0.0,0.0,0.0,0.230627,-0.0,0.0,-11.050003,10.649998,-1.1999954,16.980001,-14.880007,12.6,3.480002,11.25,-10.649998,1.740001,-17.519993,13.859995,-12.300005,3.4200027,0.0,0.0,0.0,0.0,pink,9.334496098745149e-06,0.0,0.0,0.0,-5.360841274261475,-74.80517578125,-97.05159759521484,-91.544921875,-97.05171966552734,6.308145523071289,1.445053219795227,5.3606181144714355,74.8052978515625,97.0514144897461,91.5454330444336,97.05164337158203,-6.306241989135742,1.4451525211334229,0.0,0.0,0.0,0.0
38,0.7612490769997748,1789352834.5024054,17,0.0062206006,-0.053555433,0.000346722,0.015045015,-3.502716,-76.6002,-96.727715,-94.52247,-94.60933,4.123636,0.94666445,3.501274,76.60102,96.744026,94.522415,94.60854,-4.1275225,0.9533936,0.0,0.0,0.0,0.0,0.0,0.544442,-0.0,0.0,-11.150002,10.549999,-1.8599991,17.760004,-13.919993,13.799995,2.8799973,11.150002,-10.799995,1.6200027,-17.880001,13.980006,-12.719998,2.759999,0.0,0.0,0.0,0.0,pink,1.0482672223588452e-05,0.0,0.0,0.0,-6.020244121551514,-74.16804504394531,-97.16344451904297,-90.4931411743164,-97.91908264160156,7.084069728851318,1.6227998733520508,6.019992828369141,74.1681900024414,97.16323852539062,90.49371337890625,97.91899108886719,-7.081932544708252,1.6229115724563599,0.0,0.0,0.0,0.0
39,0.781005284999992,1789352834.5221615,17,0.0062206006,-0.039095584,0.000346722,0.0149974255,-3.7257614,-76.385826,-96.77532,-94.16849,-94.90246,4.3868685,0.99836886,3.7295952,76.38395,96.78097,94.16618,94.90122,-4.386566,1.0078583,0.0,0.0,0.0,0.0,0.0,0.8822583,-0.0,0.0,-11.499996,10.950005,-2.759999,18.0,-14.220003,12.839996,2.5800018,11.599995,-10.849995,1.6200027,-17.279997,14.100004,-13.799995,2.7,0.0,0.0,0.0,0.0,pink,1.0482672223588452e-05,0.0,0.0,0.0,-6.020244121551514,-74.16804504394531,-97.16344451904297,-90.4931411743164,-97.91908264160156,7.084069728851318,1.6227998733520508,6.019992828369141,74.1681900024414,97.16323852539062,90.49371337890625,97.91899108886719,-7.081932544708252,1.6229115724563599,0.0,0.0,0.0,0.0
40,0.8013437959998555,1789352834.5425,17,0.0062172012,-0.023182774,0.000346722,0.01488865,-3.9538994,-76.169304,-96.827385,-93.81098,-95.199196,4.6534653,1.0615814,3.9585686,76.164185,96.816345,93.80889,95.19902,-4.6509247,1.0602219,0.0,0.0,0.0,0.0,-0.025987154,0.5382796,-0.0,-0.025987154,-11.200001,11.150002,-2.1599946,18.119999,-15.3,12.659999,3.7199981,11.100002,-11.399998,2.0999954,-18.0,15.900004,-13.140005,3.7799973,0.0,0.0,0.0,0.0,pink,1.1661908501992002e-05,0.0,0.0,0.0,-6.697484493255615,-73.51368713378906,-97.27831268310547,-89.41291046142578,-98.80990600585938,7.880984783172607,1.805355191230774,6.697206020355225,73.51384735107422,97.27808380126953,89.4135513305664,98.80980682373047,-7.878607273101807,1.8054791688919067,0.0,0.0,0.0,0.0
41,0.821377787000074,1789352834.562534,17,0.006200205,-0.017860547,0.000346722,0.014810468,-4.1837425,-75.9435,-96.86338,-93.43949,-95.50432,4.922946,1.1265106,4.186306,75.941414,96.857735,93.443474,95.5036,-4.923358,1.133899,0.0,0.0,0.0,0.0,0.0,0.0709018,-0.0,0.0,-11.750004,11.25,-1.4400055,18.660004,-15.180002,13.739996,3.3000045,11.599995,-11.000004,2.2199936,-18.540005,14.7599945,-12.480001,3.6,0.0,0.0,0.0,0.0,pink,1.1661908501992002e-05,0.0,0.0,0.0,-6.697484493255615,-73.51368713378906,-97.27831268310547,-89.41291046142578,-98.80990600585938,7.880984783172607,1.805355191230774,6.697206020355225,73.51384735107422,97.27808380126953,89.4135513305664,98.80980682373047,-7.878607273101807,1.8054791688919067,0.0,0.0,0.0,0.0
42,0.8413056720000895,1789352834.5824618,17,0.006183209,-0.01773635,0.000346722,0.014759479,-4.4202003,-75.71095,-96.89354,-93.05568,-95.818054,5.2036605,1.1910965,4.4192734,75.71283,96.902954,93.05858,95.81681,-5.206723,1.1957932,0.0,0.0,0.0,0.0,0.0,-0.0030727906,-0.0,0.0,-12.299995,11.650005,-1.5000045,19.500004,-16.439997,14.639997,3.1800065,12.049999,-11.650005,1.9199982,-19.919998,17.16,-13.619998,3.3600037,0.0,0.0,0.0,0.0,pink,1.1661908501992002e-05,0.0,0.0,0.0,-6.697484493255615,-73.51368713378906,-97.27831268310547,-89.41291046142578,-98.80990600585938,7.880984783172607,1.805355191230774,6.697206020355225,73.51384735107422,97.27808380126953,89.4135513305664,98.80980682373047,-7.878607273101807,1.8054791688919067,0.0,0.0,0.0,0.0
43,0.8610493890000726,1789352834.6022058,17,0.0061662127,-0.017746398,0.000346722,0.014715289,-4.665802,-75.475136,-96.928474,-92.65946,-96.14285,5.4936447,1.2621505,4.6639595,75.475296,96.9414,92.659325,96.14031,-5.494977,1.2593353,0.0,0.0,0.0,0.0,-0.025987154,0.003072791,-0.0,-0.025987154,-12.550003,12.099998,-1.9799973,19.919998,-15.419998,14.459999,3.4200027,12.0,-12.249996,1.5000045,-20.039997,15.840006,-14.040006,3.7199981,0.0,0.0,0.0,0.0,pink,1.2865992175647989e-05,0.0,0.0,0.0,-7.388995170593262,-72.84554290771484,-97.39559936523438,-88.3099136352539,-99.71949768066406,8.694690704345703,1.991756796836853,7.388687610626221,72.84571075439453,97.39534759521484,88.31062316894531,99.71939086914062,-8.69206714630127,1.9918936491012573,0.0,0.0,0.0,0.0
44,0.8811378329996842,1789352834.622294,17,0.0060166465,-0.017738359,0.000346722,0.014684696,-4.9134865,-75.24012,-96.9763,-92.26272,-96.466034,5.784865,1.3256515,4.9129257,75.23606,96.972115,92.26387,96.46578,-5.7828875,1.333342,0.0,0.0,0.0,0.0,-0.025987154,0.0,-0.0,0.0,-12.600002,11.750004,-2.6400008,19.440006,-15.780006,13.559999,3.0599945,12.299995,-11.800003,1.5600036,-19.740002,15.3,-14.579997,3.0599945,0.0,0.0,0.0,0.0,pink,1.2865992175647989e-05,0.0,0.0,0.0,-7.388995170593262,-72.84554290771484,-97.39559936523438,-88.3099136352539,-99.71949768066406,8.694690704345703,1.991756796836853,7.388687610626221,72.84571075439453,97.39534759521484,88.31062316894531,99.71939086914062,-8.69206714630127,1.9918936491012573,0.0,0.0,0.0,0.0
45,0.9013110020000568,1789352834.6424673,17,0.0058160913,-0.017711429,0.000346722,0.014654103,-5.1622124,-75.00022,-97.0278,-91.8661,-96.79202,6.07901,1.3911026,5.162407,74.995735,97.006065,91.86905,96.79314,-6.0739837,1.3913498,0.0,0.0,0.0,0.0,0.0,0.0030727896,-0.0,0.0,-12.199997,12.0,-2.2199936,19.680002,-16.740005,14.4,3.4200027,12.75,-12.199997,2.2800064,-19.620003,16.379997,-15.599996,3.2400055,0.0,0.0,0.0,0.0,pink,1.40887095767539e-05,0.0,0.0,0.0,-8.091206550598145,-72.16704559326172,-97.51471710205078,-87.18984985351562,-100.6431655883789,9.520989418029785,2.1810429096221924,8.090869903564453,72.167236328125,97.51443481445312,87.19062805175781,100.64305114746094,-9.518115997314453,2.1811928749084473,0.0,0.0,0.0,0.0
46,0.921373702999972,1789352834.6625297,17,0.005727711,-0.017665207,0.000346722,0.014626909,-5.415024,-74.75434,-97.06203,-91.46629,-97.12316,6.372098,1.4639282,5.417095,74.75276,97.054405,91.47378,97.1219,-6.371466,1.4563065,0.0,0.0,0.0,0.0,0.0,0.006365433,-0.0,0.0,-12.600002,12.149998,-1.3800064,19.500004,-17.760004,15.3,3.6,12.899998,-11.900002,2.5800018,-19.979998,16.860004,-14.819994,3.8999953,0.0,0.0,0.0,0.0,pink,1.40887095767539e-05,0.0,0.0,0.0,-8.091206550598145,-72.16704559326172,-97.51471710205078,-87.18984985351562,-100.6431655883789,9.520989418029785,2.1810429096221924,8.090869903564453,72.167236328125,97.51443481445312,87.19062805175781,100.64305114746094,-9.518115997314453,2.1811928749084473,0.0,0.0,0.0,0.0
47,0.9413390069998968,1789352834.682495,17,0.005693719,-0.01761376,0.000346722,0.014603115,-5.670845,-74.503136,-97.09839,-91.06097,-97.46229,6.6773806,1.5312469,5.6749763,74.506386,97.11336,91.06289,97.462685,-6.676474,1.5335678,0.0,0.0,0.0,0.0,0.0,0.0,-0.0,0.0,-13.049995,12.650002,-2.0399964,20.640001,-18.299995,15.120003,3.6599991,13.400002,-13.099995,2.759999,-21.54,17.459995,-14.639997,3.1199937,0.0,0.0,0.0,0.0,pink,1.40887095767539e-05,0.0,0.0,0.0,-8.091206550598145,-72.16704559326172,-97.51471710205078,-87.18984985351562,-100.6431655883789,9.520989418029785,2.1810429096221924,8.090869903564453,72.167236328125,97.51443481445312,87.19062805175781,100.64305114746094,-9.518115997314453,2.1811928749084473,0.0,0.0,0.0,0.0
48,0.9612359150000884,1789352834.7023923,17,0.0056733238,-0.017596878,0.000346722,0.014579319,-5.936119,-74.25023,-97.14891,-90.63788,-97.81008,6.990697,1.6044983,5.937229,74.24798,97.154816,90.63681,97.81131,-6.98887,1.599527,0.0,0.0,0.0,0.0,0.0,0.0,-0.0,0.0,-13.350002,12.799999,-3.1199937,21.059994,-17.219997,16.319998,3.7199981,13.300003,-12.999996,1.3199936,-21.6,16.920002,-15.960004,3.6,0.0,0.0,0.0,0.0,pink,1.5323854313464835e-05,0.0,0.0,0.0,-8.800555229187012,-71.4816665649414,-97.63502502441406,-86.05841064453125,-101.57622528076172,10.355685234069824,2.372252941131592,8.800189018249512,71.48187255859375,97.63472747802734,86.05924987792969,101.57610321044922,-10.352560997009277,2.3724160194396973,0.0,0.0,0.0,0.0
49,0.9813937869998881,1789352834.7225502,17,0.0055815442,-0.017588437,0.000346722,0.014555525,-6.2006264,-73.996506,-97.20971,-90.21172,-98.157364,7.297957,1.6733688,6.1973076,73.99267,97.18796,90.20969,98.15762,-7.2942214,1.6712677,0.0,0.0,0.0,0.0,-0.025987154,0.0,-0.0,0.0,-13.400002,12.799999,-2.8199983,21.300005,-16.439997,14.579997,3.3000045,12.899998,-13.099995,1.8599991,-21.240005,16.319998,-14.940005,4.2000046,0.0,0.0,0.0,0.0,pink,1.5323854313464835e-05,0.0,0.0,0.0,-8.800555229187012,-71.4816665649414,-97.63502502441406,-86.05841064453125,-101.57622528076172,10.355685234069824,2.372252941131592,8.800189018249512,71.48187255859375,97.63472747802734,86.05924987792969,101.57610321044922,-10.352560997009277,2.3724160194396973,0.0,0.0,0.0,0.0
50,1.0012960169997314,1789352834.7424521,17,0.005360594,-0.017583212,0.000346722,0.014518133,-6.4651337,-73.74023,-97.24974,-89.78862,-98.504654,7.6053267,1.743489,6.4599495,73.741585,97.238754,89.791725,98.50387,-7.6081834,1.7431457,0.0,0.0,0.0,0.0,0.0,0.0,-0.0,0.0,-12.999996,12.899998,-1.5000045,21.300005,-16.680006,15.960004,4.1400056,12.999996,-12.149998,2.759999,-20.819998,16.920002,-15.719994,3.480002,0.0,0.0,0.0,0.0,pink,1.6565209079999477e-05,0.0,0.0,0.0,-9.513471603393555,-70.79283142089844,-97.75595092773438,-84.92127227783203,-102.51398468017578,11.194579124450684,2.564424753189087,9.513075828552246,70.79305267333984,97.75562286376953,84.92218017578125,102.51384735107422,-11.191202163696289,2.564600944519043,0.0,0.0,0.0,0.0
51,1.0213370890000988,1789352834.7624934,17,0.0053096055,-0.017577585,0.000346722,0.014460347,-6.727787,-73.48183,-97.28097,-89.36863,-98.853294,7.9185333,1.8194733,6.7273407,73.486725,97.297356,89.368904,98.8538,-7.9205933,1.8159851,0.0,0.0,0.0,0.0,0.0,0.0,-0.0,0.0,-13.549999,12.849998,-2.0399964,20.999996,-18.06,14.819994,3.3600037,13.699997,-13.250004,2.6400008,-20.939997,18.600004,-16.020002,3.6,0.0,0.0,0.0,0.0,pink,1.6565209079999477e-05,0.0,0.0,0.0,-9.513471603393555,-70.79283142089844,-97.75595092773438,-84.92127227783203,-102.51398468017578,11.194579124450684,2.564424753189087,9.513075828552246,70.79305267333984,97.75562286376953,84.92218017578125,102.51384735107422,-11.191202163696289,2.564600944519043,0.0,0.0,0.0,0.0
52,1.0413915069998438,1789352834.7825477,17,0.0052858107,-0.01756834,0.000346722,0.014419556,-6.999424,-73.22124,-97.32575,-88.93754,-99.21183,8.242025,1.8896072,7.006977,73.21851,97.33756,88.93817,99.211914,-8.240048,1.8893464,0.0,0.0,0.0,0.0,0.0,0.0030727834,-0.0,0.0,-13.900005,13.049995,-2.4000046,21.959995,-18.84,16.619993,3.480002,13.849995,-13.549999,1.1399963,-21.6,18.359995,-15.359999,3.6599991,0.0,0.0,0.0,0.0,pink,1.6565209079999477e-05,0.0,0.0,0.0,-9.513471603393555,-70.79283142089844,-97.75595092773438,-84.92127227783203,-102.51398468017578,11.194579124450684,2.564424753189087,9.513075828552246,70.79305267333984,97.75562286376953,84.92218017578125,102.51384735107422,-11.191202163696289,2.564600944519043,0.0,0.0,0.0,0.0
53,1.0611952569997811,1789352834.8023515,17,0.005258617,-0.017555077,0.000346722,0.014385563,-7.2792664,-72.9538,-97.38017,-88.49223,-99.575645,8.569418,1.9690796,7.285984,72.945076,97.36324,88.493965,99.57572,-8.563238,1.961293,0.0,0.0,0.0,0.0,0.0,0.0,-0.0,0.0,-14.100002,13.250004,-2.8199983,22.56,-17.16,16.980001,4.3200026,13.400002,-13.250004,1.6800019,-22.380001,18.0,-16.740005,3.540001,0.0,0.0,0.0,0.0,pink,1.7806563846534118e-05,0.0,0.0,0.0,-10.226386070251465,-70.10400390625,-97.87686920166016,-83.78414154052734,-103.45172882080078,12.033472061157227,2.7565958499908447,10.225960731506348,70.10424041748047,97.87651824951172,83.78511810302734,103.45158386230469,-12.029840469360352,2.7567853927612305,0.0,0.0,0.0,0.0
54,1.0813444729997173,1789352834.8225007,17,0.005217826,-0.017547842,0.000346722,0.01435837,-7.556614,-72.68571,-97.42754,-88.049706,-99.937874,8.889986,2.0392137,7.553467,72.68481,97.40578,88.05379,99.936554,-8.887871,2.0350938,0.0,0.0,0.0,0.0,0.0,0.0,-0.0,0.0,-13.649998,13.250004,-1.8599991,21.6,-19.199995,15.479998,3.3600037,13.400002,-12.799999,2.8199983,-22.140005,18.540005,-16.499996,3.4200027,0.0,0.0,0.0,0.0,pink,1.7806563846534118e-05,0.0,0.0,0.0,-10.226386070251465,-70.10400390625,-97.87686920166016,-83.78414154052734,-103.45172882080078,12.033472061157227,2.7565958499908447,10.225960731506348,70.10424041748047,97.87651824951172,83.78511810302734,103.45158386230469,-12.029840469360352,2.7567853927612305,0.0,0.0,0.0,0.0
55,1.1013418779998574,1789352834.8424983,17,0.005187233,-0.01754302,0.000346722,0.014334574,-7.8293266,-72.41936,-97.46922,-87.61746,-100.297844,9.210058,2.1105835,7.8204575,72.42478,97.474396,87.616104,100.298004,-9.211679,2.1130555,0.0,0.0,0.0,0.0,0.0,0.0,-0.0,0.0,-13.400002,13.200005,-1.9799973,21.480001,-17.459995,15.539996,3.7199981,13.5,-13.099995,3.7199981,-22.5,17.16,-16.080002,3.6599991,0.0,0.0,0.0,0.0,pink,1.9041708583245054e-05,0.0,0.0,0.0,-10.935735702514648,-69.41861724853516,-97.99718475341797,-82.65269470214844,-104.3847885131836,12.868169784545898,2.9478061199188232,10.935280799865723,69.41887664794922,97.99681091308594,82.65373992919922,104.38462829589844,-12.864286422729492,2.9480090141296387,0.0,0.0,0.0,0.0
56,1.1213196849998894,1789352834.862476,17,0.005163438,-0.017539,0.000346722,0.014314179,-8.100769,-72.15747,-97.5162,-87.180466,-100.6588,9.537699,2.1876526,8.09911,72.15907,97.53073,87.17737,100.66055,-9.5347595,2.1863067,0.0,0.0,0.0,0.0,0.0,0.0,-0.0,0.0,-13.849995,13.450001,-2.5200028,22.260004,-18.84,16.559994,3.1800065,14.349998,-13.900005,2.0399964,-22.200005,19.079998,-15.659994,3.8999953,0.0,0.0,0.0,0.0,pink,1.9041708583245054e-05,0.0,0.0,0.0,-10.935735702514648,-69.41861724853516,-97.99718475341797,-82.65269470214844,-104.3847885131836,12.868169784545898,2.9478061199188232,10.935280799865723,69.41887664794922,97.99681091308594,82.65373992919922,104.38462829589844,-12.864286422729492,2.9480090141296387,0.0,0.0,0.0,0.0
57,1.1411675559998002,1789352834.882324,17,0.0050376668,-0.017534578,0.000346722,0.014293784,-8.380062,-71.888916,-97.57337,-86.72846,-101.0271,9.867892,2.2596955,8.387455,71.88075,97.56579,86.73018,101.02775,-9.862001,2.2583084,0.0,0.0,0.0,0.0,-0.025987154,0.0,-0.0,0.0,-14.499996,13.900005,-2.9399962,22.980007,-17.820004,17.94,3.9599946,14.650005,-14.000004,1.9199982,-22.739996,18.06,-16.619993,3.8999953,0.0,0.0,0.0,0.0,pink,1.9041708583245054e-05,0.0,0.0,0.0,-10.935735702514648,-69.41861724853516,-97.99718475341797,-82.65269470214844,-104.3847885131836,12.868169784545898,2.9478061199188232,10.935280799865723,69.41887664794922,97.99681091308594,82.65373992919922,104.38462829589844,-12.864286422729492,2.9480090141296387,0.0,0.0,0.0,0.0
58,1.1612364220000018,1789352834.9023926,17,0.0048779026,-0.017528951,0.000346722,0.014276788,-8.667835,-71.612015,-97.6188,-86.27216,-101.401024,10.201286,2.341983,8.672882,71.60707,97.60868,86.27889,101.40254,-10.197153,2.3383026,0.0,0.0,0.0,0.0,0.0,0.0,-0.0,0.0,-14.200001,14.050003,-1.740001,22.5,-19.620003,17.459995,3.9599946,14.050003,-13.250004,2.5800018,-22.380001,18.600004,-17.219997,3.6599991,0.0,0.0,0.0,0.0,pink,2.026442962232977e-05,0.0,0.0,0.0,-11.637948989868164,-68.74012756347656,-98.11629486083984,-81.53262329101562,-105.30845642089844,13.69446849822998,3.1370925903320312,11.63746452331543,68.74039459228516,98.11589050292969,81.53373718261719,105.30829620361328,-13.690337181091309,3.1373085975646973,0.0,0.0,0.0,0.0
59,1.1813255209999625,1789352834.922482,17,0.00484391,-0.017514883,0.000346722,0.014252993,-8.948982,-71.33733,-97.659294,-85.82683,-101.7702,10.528514,2.4090545,8.945286,71.342834,97.66865,85.83235,101.77127,-10.527704,2.4160583,0.0,0.0,0.0,0.0,0.0,0.0,-0.0,0.0,-13.699997,13.5,-2.2800064,21.719997,-17.760004,16.559994,3.4200027,13.599998,-13.450001,3.1800065,-22.5,18.84,-16.920002,3.480002,0.0,0.0,0.0,0.0,pink,2.026442962232977e-05,0.0,0.0,0.0,-11.637948989868164,-68.74012756347656,-98.11629486083984,-81.53262329101562,-105.30845642089844,13.69446849822998,3.1370925903320312,11.63746452331543,68.74039459228516,98.11589050292969,81.53373718261719,105.30829620361328,-13.690337181091309,3.1373085975646973,0.0,0.0,0.0,0.0
60,1.201161781999872,1789352834.942318,17,0.0048235147,-0.017507248,0.000346722,0.01417821,-9.225941,-71.06946,-97.70933,-85.387634,-102.13885,10.855934,2.4850526,9.22007,71.07342,97.71508,85.38408,102.137474,-10.8559475,2.4877028,0.0,0.0,0.0,0.0,0.0,0.0,-0.0,0.0,-13.950005,13.049995,-2.5200028,22.080006,-18.780003,15.780006,4.2600036,14.050003,-13.200005,1.6800019,-22.200005,17.94,-16.860004,4.559999,0.0,0.0,0.0,0.0,pink,2.1468511476996355e-05,0.0,0.0,0.0,-12.329460144042969,-68.07197570800781,-98.23358154296875,-80.42963409423828,-106.21805572509766,14.50817584991455,3.3234944343566895,12.328946113586426,68.07225799560547,98.23316192626953,80.4308090209961,106.21788024902344,-14.50379753112793,3.3237228393554688,0.0,0.0,0.0,0.0
61,1.2213126419997025,1789352834.9624689,17,0.004701142,-0.017502826,0.000346722,0.014123823,-9.504044,-70.80304,-97.75951,-84.94097,-102.50314,11.18584,2.563083,9.501492,70.80116,97.75013,84.93548,102.50366,-11.182187,2.5663238,0.0,0.0,0.0,0.0,0.0,0.0,-0.0,-0.025987154,-13.849995,13.5,-2.4600036,22.679996,-18.119999,15.659994,3.3000045,14.000004,-13.900005,1.740001,-22.200005,18.239996,-16.559994,3.3600037,0.0,0.0,0.0,0.0,pink,2.1468511476996355e-05,0.0,0.0,0.0,-12.329460144042969,-68.07197570800781,-98.23358154296875,-80.42963409423828,-106.21805572509766,14.50817584991455,3.3234944343566895,12.328946113586426,68.07225799560547,98.23316192626953,80.4308090209961,106.21788024902344,-14.50379753112793,3.3237228393554688,0.0,0.0,0.0,0.0
62,1.2413436819997514,1789352834.9824998,17,0.0042898348,-0.017500011,0.000346722,0.01408983,-9.786129,-70.5303,-97.80415,-84.48586,-102.874535,11.518946,2.634645,9.78875,70.530075,97.79509,84.48702,102.87421,-11.514194,2.6364028,0.0,0.0,0.0,0.0,-0.027843136,0.0,-0.0,0.0,-14.349998,13.849995,-1.9799973,22.739996,-19.019999,15.599996,3.8999953,14.25,-13.350002,2.7,-22.380001,18.299995,-16.259998,3.1199937,0.0,0.0,0.0,0.0,pink,2.1468511476996355e-05,0.0,0.0,0.0,-12.329460144042969,-68.07197570800781,-98.23358154296875,-80.42963409423828,-106.21805572509766,14.50817584991455,3.3234944343566895,12.328946113586426,68.07225799560547,98.23316192626953,80.4308090209961,106.21788024902344,-14.50379753112793,3.3237228393554688,0.0,0.0,0.0,0.0
63,1.261220984999909,1789352835.0023775,17,0.0041878577,-0.017496796,0.000346722,0.014059236,-10.0727005,-70.25271,-97.84663,-84.03403,-103.250305,11.854276,2.7177703,10.076443,70.254425,97.85907,84.03683,103.25021,-11.85271,2.7203248,0.0,0.0,0.0,0.0,0.0,0.0,-0.0,0.0,-14.150002,13.599998,-2.1599946,22.679996,-19.440006,15.960004,3.7199981,14.000004,-13.350002,2.9399962,-22.619999,19.740002,-16.2,4.019994,0.0,0.0,0.0,0.0,pink,2.2647747755399905e-05,0.0,0.0,0.0,-13.006699562072754,-67.41761779785156,-98.34845733642578,-79.34940338134766,-107.10887908935547,15.305089950561523,3.506049156188965,13.006157875061035,67.41791534423828,98.34800720214844,79.35064697265625,107.10868835449219,-15.300471305847168,3.5062904357910156,0.0,0.0,0.0,0.0
64,1.2809814849997565,1789352835.0221376,17,0.0041572647,-0.017492777,0.000346722,0.014035442,-10.3534355,-69.98181,-97.89754,-83.58656,-103.618996,12.183907,2.7873275,10.357052,69.98106,97.90781,83.58923,103.619514,-12.180542,2.7934387,0.0,0.0,0.0,0.0,0.0,0.0,-0.0,0.0,-13.749996,13.549999,-2.759999,22.080006,-17.219997,16.439997,2.9999955,13.549999,-14.299999,2.0999954,-22.080006,17.640005,-15.359999,3.2400055,0.0,0.0,0.0,0.0,pink,2.2647747755399905e-05,0.0,0.0,0.0,-13.006699562072754,-67.41761779785156,-98.34845733642578,-79.34940338134766,-107.10887908935547,15.305089950561523,3.506049156188965,13.006157875061035,67.41791534423828,98.34800720214844,79.35064697265625,107.10868835449219,-15.300471305847168,3.5062904357910156,0.0,0.0,0.0,0.0
65,1.3013060579996818,1789352835.0424623,17,0.004119873,-0.017489562,0.000346722,0.014015047,-10.63139,-69.71301,-97.95266,-83.14287,-103.98547,12.509981,2.863669,10.630096,69.70965,97.94892,83.141495,103.985855,-12.505834,2.8596313,0.0,0.0,0.0,0.0,0.0,0.0,-0.0,0.0,-14.050003,13.450001,-2.5200028,22.019993,-18.96,17.04,4.3200026,13.300003,-13.150005,1.740001,-22.019993,18.780003,-15.719994,4.0800066,0.0,0.0,0.0,0.0,pink,2.3795921151759103e-05,0.0,0.0,0.0,-13.66610050201416,-66.78048706054688,-98.46029663085938,-78.2976303100586,-107.97623443603516,16.081010818481445,3.68379545211792,13.665532112121582,66.78080749511719,98.45983123779297,78.29893493652344,107.97604370117188,-16.076160430908203,3.684048652648926,0.0,0.0,0.0,0.0
66,1.3212951789996623,1789352835.0624514,17,0.0038547327,-0.017486747,0.000346722,0.013994651,-10.908245,-69.44522,-97.99918,-82.698265,-104.34868,12.83449,2.9405181,10.902775,69.444664,97.99103,82.69832,104.34821,-12.832677,2.945778,0.0,0.0,0.0,0.0,-0.025987154,0.0032922353,-0.0,0.0,-13.950005,13.450001,-2.2800064,22.200005,-17.399996,16.559994,3.7199981,13.900005,-13.5,2.4000046,-21.839996,17.16,-16.619993,3.8399963,0.0,0.0,0.0,0.0,pink,2.3795921151759103e-05,0.0,0.0,0.0,-13.66610050201416,-66.78048706054688,-98.46029663085938,-78.2976303100586,-107.97623443603516,16.081010818481445,3.68379545211792,13.665532112121582,66.78080749511719,98.45983123779297,78.29893493652344,107.97604370117188,-16.076160430908203,3.684048652648926,0.0,0.0,0.0,0.0
67,1.3411582789999557,1789352835.0823147,17,0.003728961,-0.01748474,0.000346722,0.013974256,-11.184231,-69.17681,-98.0423,-82.2555,-104.71565,13.16445,3.013907,11.181541,69.179504,98.04798,82.255394,104.71407,-13.163722,3.0180678,0.0,0.0,0.0,0.0,0.0,0.0,-0.0,0.0,-13.849995,13.699997,-2.1599946,22.019993,-19.500004,16.020002,3.9599946,14.200001,-13.350002,2.6400008,-22.320004,18.9,-17.640005,3.2400055,0.0,0.0,0.0,0.0,pink,2.3795921151759103e-05,0.0,0.0,0.0,-13.66610050201416,-66.78048706054688,-98.46029663085938,-78.2976303100586,-107.97623443603516,16.081010818481445,3.68379545211792,13.665532112121582,66.78080749511719,98.45983123779297,78.29893493652344,107.97604370117188,-16.076160430908203,3.684048652648926,0.0,0.0,0.0,0.0
68,1.3611416589997134,1789352835.1022978,17,0.003684771,-0.017482327,0.000346722,0.013957259,-11.465515,-68.9062,-98.085144,-81.80751,-105.083336,13.496127,3.0943131,11.471535,68.904625,98.09193,81.809586,105.0843,-13.492612,3.0944366,0.0,0.0,0.0,0.0,0.0,0.0,-0.0,0.0,-13.950005,13.5,-2.1599946,22.019993,-17.820004,15.120003,3.540001,14.000004,-13.649998,1.9199982,-22.380001,17.94,-16.860004,4.440001,0.0,0.0,0.0,0.0,pink,2.4906828912207857e-05,0.0,0.0,0.0,-14.304100036621094,-66.1640396118164,-98.56851959228516,-77.27998352050781,-108.81544494628906,16.831748962402344,3.8557729721069336,14.303504943847656,66.16437530517578,98.5680160522461,77.2813491821289,108.81523895263672,-16.826671600341797,3.8560380935668945,0.0,0.0,0.0,0.0
69,1.3813264229997912,1789352835.1224828,17,0.003657577,-0.017471876,0.000346722,0.013936864,-11.742405,-68.64075,-98.13061,-81.36649,-105.44697,13.8192215,3.165985,11.7495,68.63546,98.1323,81.369514,105.44697,-13.813179,3.165779,0.0,0.0,0.0,0.0,0.0,0.0,-0.0,0.0,-13.699997,12.949997,-2.4000046,21.959995,-18.84,16.080002,3.3600037,13.549999,-13.400002,2.4000046,-21.480001,18.540005,-15.419998,2.9999955,0.0,0.0,0.0,0.0,pink,2.4906828912207857e-05,0.0,0.0,0.0,-14.304100036621094,-66.1640396118164,-98.56851959228516,-77.27998352050781,-108.81544494628906,16.831748962402344,3.8557729721069336,14.303504943847656,66.16437530517578,98.5680160522461,77.2813491821289,108.81523895263672,-16.826671600341797,3.8560380935668945,0.0,0.0,0.0,0.0
70,1.4013274409999212,1789352835.1424837,17,0.0036337825,-0.017463839,0.000346722,0.0139198685,-12.015461,-68.37788,-98.18105,-80.934784,-105.80409,14.137578,3.2399368,12.014317,68.37845,98.177864,80.938324,105.80102,-14.131426,3.2348282,0.0,0.0,0.0,0.0,0.0,0.0,-0.0,0.0,-13.450001,12.949997,-2.5800018,21.6,-16.740005,16.680006,3.540001,13.099995,-12.550003,2.4600036,-21.54,17.1,-16.439997,3.2400055,0.0,0.0,0.0,0.0,pink,2.5974248273996636e-05,0.0,0.0,0.0,-14.917122840881348,-65.57173156738281,-98.67249298095703,-76.30218505859375,-109.62179565429688,17.5531005859375,4.021017551422119,14.916501998901367,65.57207489013672,98.67198181152344,76.3036117553711,109.62158966064453,-17.54780387878418,4.021294116973877,0.0,0.0,0.0,0.0
71,1.421303498999805,1789352835.1624596,17,0.0035963908,-0.01745982,0.000346722,0.013889275,-12.2837105,-68.11811,-98.23273,-80.50934,-106.15673,14.453572,3.3111694,12.275562,68.121666,98.23134,80.509476,106.154175,-14.450785,3.3168137,0.0,0.0,0.0,0.0,0.0,0.0,-0.0,0.0,-13.450001,12.899998,-2.4600036,21.240005,-16.619993,15.120003,3.6599991,13.5,-12.650002,2.4000046,-21.240005,16.980001,-16.140001,3.8999953,0.0,0.0,0.0,0.0,pink,2.5974248273996636e-05,0.0,0.0,0.0,-14.917122840881348,-65.57173156738281,-98.67249298095703,-76.30218505859375,-109.62179565429688,17.5531005859375,4.021017551422119,14.916501998901367,65.57207489013672,98.67198181152344,76.3036117553711,109.62158966064453,-17.54780387878418,4.021294116973877,0.0,0.0,0.0,0.0
72,1.4411427869999898,1789352835.182299,17,0.0034808167,-0.017457005,0.000346722,0.013858682,-12.550827,-67.85794,-98.278404,-80.07996,-106.51245,14.77153,3.3866043,12.54697,67.86049,98.27802,80.07697,106.50953,-14.76811,3.383995,0.0,0.0,0.0,0.0,0.0,0.0,-0.0,0.0,-13.649998,13.099995,-2.0999954,21.180006,-18.780003,15.960004,3.480002,14.150002,-13.099995,2.5200028,-22.080006,18.540005,-15.180002,3.7199981,0.0,0.0,0.0,0.0,pink,2.5974248273996636e-05,0.0,0.0,0.0,-14.917122840881348,-65.57173156738281,-98.67249298095703,-76.30218505859375,-109.62179565429688,17.5531005859375,4.021017551422119,14.916501998901367,65.57207489013672,98.67198181152344,76.3036117553711,109.62158966064453,-17.54780387878418,4.021294116973877,0.0,0.0,0.0,0.0
73,1.4610388979999698,1789352835.202195,17,0.0033788397,-0.017454192,0.000346722,0.013811093,-12.820919,-67.59539,-98.31757,-79.64356,-106.868256,15.088445,3.4595122,12.825497,67.596016,98.32199,79.64165,106.866005,-15.08622,3.4557083,0.0,0.0,0.0,0.0,0.0,0.0,-0.0,0.0,-13.599998,12.799999,-1.6200027,21.300005,-17.94,16.379997,3.0599945,13.900005,-13.200005,1.9799973,-21.779997,17.219997,-16.020002,3.9599946,0.0,0.0,0.0,0.0,pink,2.699197648325935e-05,0.0,0.0,0.0,-15.501607894897461,-65.00698852539062,-98.7716293334961,-75.36990356445312,-110.39061737060547,18.240869522094727,4.178569793701172,15.500962257385254,65.0073471069336,98.7710952758789,75.37138366699219,110.39039611816406,-18.23536491394043,4.17885684967041,0.0,0.0,0.0,0.0
74,1.481323090999922,1789352835.2224793,17,0.0033210528,-0.017450975,0.000346722,0.013749907,-13.087177,-67.33959,-98.35715,-79.21881,-107.21482,15.3986435,3.5255814,13.093414,67.339226,98.36147,79.22212,107.2139,-15.395073,3.5300171,0.0,0.0,0.0,0.0,0.0,0.0,-0.0,-0.025987154,-12.999996,12.550003,-2.3400054,20.280006,-16.080002,14.639997,3.540001,12.899998,-12.849998,2.1599946,-20.580002,16.259998,-14.880007,3.0599945,0.0,0.0,0.0,0.0,pink,2.699197648325935e-05,0.0,0.0,0.0,-15.501607894897461,-65.00698852539062,-98.7716293334961,-75.36990356445312,-110.39061737060547,18.240869522094727,4.178569793701172,15.500962257385254,65.0073471069336,98.7710952758789,75.37138366699219,110.39039611816406,-18.23536491394043,4.17885684967041,0.0,0.0,0.0,0.0
75,1.5011344790000294,1789352835.2422907,17,0.003283661,-0.01744776,0.000346722,0.013709116,-13.346363,-67.091995,-98.41211,-78.81122,-107.55605,15.704997,3.5998764,13.347313,67.08833,98.40538,78.8149,107.555176,-15.700809,3.5984344,0.0,0.0,0.0,0.0,-0.025987154,0.0,-0.0,0.0,-12.849998,12.400005,-2.5800018,19.859999,-15.900004,15.780006,3.7199981,12.299995,-12.149998,2.0399964,-20.520002,16.140001,-15.599996,3.8999953,0.0,0.0,0.0,0.0,pink,2.795379259623587e-05,0.0,0.0,0.0,-16.053983688354492,-64.47327423095703,-98.86532592773438,-74.48883819580078,-111.11719512939453,18.890851974487305,4.3274664878845215,16.053314208984375,64.4736557006836,98.8647689819336,74.49037170410156,111.1169662475586,-18.885154724121094,4.32776403427124,0.0,0.0,0.0,0.0
76,1.5213030229997457,1789352835.2624593,17,0.003035517,-0.017445348,0.000346722,0.013671724,-13.600868,-66.845116,-98.45497,-78.40591,-107.890274,16.005749,3.6673875,13.598122,66.844086,98.44397,78.406624,107.89113,-16.001766,3.6681428,0.0,0.0,0.0,0.0,-0.053833686,0.0,-0.0,0.0,-12.75,12.299995,-1.8599991,20.219994,-16.2,15.240001,3.3600037,12.550003,-12.650002,2.0399964,-20.939997,15.780006,-14.579997,4.440001,0.0,0.0,0.0,0.0,pink,2.795379259623587e-05,0.0,0.0,0.0,-16.053983688354492,-64.47327423095703,-98.86532592773438,-74.48883819580078,-111.11719512939453,18.890851974487305,4.3274664878845215,16.053314208984375,64.4736557006836,98.8647689819336,74.49037170410156,111.1169662475586,-18.885154724121094,4.32776403427124,0.0,0.0,0.0,0.0
77,1.5413131129998874,1789352835.2824693,17,0.0028145667,-0.017442536,0.000346722,0.013637732,-13.857147,-66.59552,-98.4924,-77.99744,-108.22613,16.304604,3.7369583,13.851734,66.59669,98.49051,77.99417,108.224754,-16.300526,3.740584,0.0,0.0,0.0,0.0,0.0,0.0032922332,-0.0,0.0,-12.600002,12.400005,-1.740001,20.400005,-16.080002,14.280002,3.7799973,12.500004,-12.149998,2.1599946,-20.640001,15.900004,-15.180002,3.3000045,0.0,0.0,0.0,0.0,pink,2.795379259623587e-05,0.0,0.0,0.0,-16.053983688354492,-64.47327423095703,-98.86532592773438,-74.48883819580078,-111.11719512939453,18.890851974487305,4.3274664878845215,16.053314208984375,64.4736557006836,98.8647689819336,74.49037170410156,111.1169662475586,-18.885154724121094,4.32776403427124,0.0,0.0,0.0,0.0
78,1.561225076000028,1789352835.3023813,17,0.002773776,-0.017440526,0.000346722,0.013596941,-14.110989,-66.35023,-98.52604,-77.58715,-108.561195,16.603926,3.8065019,14.109055,66.353134,98.53682,77.58421,108.558914,-16.601414,3.807834,0.0,0.0,0.0,0.0,0.0,0.0,-0.0,0.0,-12.450005,12.149998,-1.9199982,20.340006,-15.599996,15.000005,2.9399962,12.700001,-12.0,2.1599946,-19.680002,15.659994,-15.419998,3.3600037,0.0,0.0,0.0,0.0,pink,2.88534902210813e-05,0.0,0.0,0.0,-16.5706844329834,-63.97403335571289,-98.95296478271484,-73.66468048095703,-111.7968521118164,19.498857498168945,4.466746807098389,16.569992065429688,63.974422454833984,98.952392578125,73.66625213623047,111.79661560058594,-19.49297332763672,4.4670538902282715,0.0,0.0,0.0,0.0
79,1.5813897309999447,1789352835.3225462,17,0.0027397836,-0.017438114,0.000346722,0.013559549,-14.3569565,-66.11276,-98.57473,-77.190094,-108.886406,16.896946,3.8702087,14.360504,66.11085,98.578896,77.19471,108.88567,-16.890408,3.8744798,0.0,0.0,0.0,0.0,-0.025987154,0.0,-0.0,0.0,-12.349995,11.549995,-2.759999,19.620003,-16.559994,15.180002,3.3000045,12.600002,-12.0,2.0399964,-18.780003,15.359999,-14.280002,3.6599991,0.0,0.0,0.0,0.0,pink,2.88534902210813e-05,0.0,0.0,0.0,-16.5706844329834,-63.97403335571289,-98.95296478271484,-73.66468048095703,-111.7968521118164,19.498857498168945,4.466746807098389,16.569992065429688,63.974422454833984,98.952392578125,73.66625213623047,111.79661560058594,-19.49297332763672,4.4670538902282715,0.0,0.0,0.0,0.0
80,1.6012460130000363,1789352835.3424022,17,0.0026989928,-0.017428467,0.000346722,0.013518758,-14.596207,-65.882996,-98.62906,-76.81083,-109.203156,17.179295,3.9389145,14.602444,65.87779,98.6175,76.817055,109.20283,-17.172619,3.9395325,0.0,0.0,0.0,0.0,0.0,0.0,-0.0,0.0,-11.850002,11.750004,-2.2800064,19.019999,-15.719994,14.819994,4.019994,11.599995,-11.349998,1.8599991,-18.96,16.680006,-13.919993,3.3000045,0.0,0.0,0.0,0.0,pink,2.9684857508982532e-05,0.0,0.0,0.0,-17.048141479492188,-63.5127067565918,-99.03394317626953,-72.90310668945312,-112.42488861083984,20.060688018798828,4.595448970794678,17.04743194580078,63.51310348510742,99.03335571289062,72.90473175048828,112.42464447021484,-20.05463409423828,4.595765113830566,0.0,0.0,0.0,0.0
81,1.6213416989999132,1789352835.362498,17,0.0026616012,-0.017414803,0.000346722,0.013477967,-14.834965,-65.65257,-98.6655,-76.43606,-109.51498,17.45667,4.000795,14.834885,65.65235,98.65966,76.439575,109.513435,-17.45185,4.0044203,0.0,0.0,0.0,0.0,0.0,0.0,-0.0,-0.025987154,-11.900002,11.349998,-1.4400055,18.600004,-14.639997,14.459999,2.6400008,11.299999,-11.650005,2.3400054,-19.199995,14.7599945,-13.859995,3.6,0.0,0.0,0.0,0.0,pink,2.9684857508982532e-05,0.0,0.0,0.0,-17.048141479492188,-63.5127067565918,-99.03394317626953,-72.90310668945312,-112.42488861083984,20.060688018798828,4.595448970794678,17.04743194580078,63.51310348510742,99.03335571289062,72.90473175048828,112.42464447021484,-20.05463409423828,4.595765113830566,0.0,0.0,0.0,0.0
82,1.641316618000019,1789352835.382473,17,0.002631008,-0.017407969,0.000346722,0.013447374,-15.070713,-65.42369,-98.693085,-76.0614,-109.82182,17.731411,4.06111,15.065208,65.427635,98.70488,76.05976,109.820175,-17.726728,4.0647354,0.0,0.0,0.0,0.0,0.0,0.0,-0.0,-0.025987154,-11.700005,11.200001,-1.5600036,18.119999,-15.599996,14.040006,3.2400055,11.549995,-10.900005,1.740001,-19.199995,16.259998,-14.4,3.6,0.0,0.0,0.0,0.0,pink,2.9684857508982532e-05,0.0,0.0,0.0,-17.048141479492188,-63.5127067565918,-99.03394317626953,-72.90310668945312,-112.42488861083984,20.060688018798828,4.595448970794678,17.04743194580078,63.51310348510742,99.03335571289062,72.90473175048828,112.42464447021484,-20.05463409423828,4.595765113830566,0.0,0.0,0.0,0.0
83,1.6612213099997462,1789352835.4023774,17,0.0025970156,-0.017404351,0.000346722,0.01342018,-15.302937,-65.20031,-98.72778,-75.68756,-110.127945,18.004313,4.1295686,15.295933,65.203995,98.741234,75.685875,110.124725,-18.001772,4.1321363,0.0,0.0,0.0,0.0,0.0,0.0,-0.0,0.0,-11.25,10.849995,-1.9799973,18.06,-15.180002,12.959994,3.3600037,11.599995,-11.299999,1.2599945,-18.0,14.699995,-14.280002,2.759999,0.0,0.0,0.0,0.0,pink,3.0441677154158242e-05,0.0,0.0,0.0,-17.482786178588867,-63.09274673461914,-99.10767364501953,-72.20982360839844,-112.9966049194336,20.5721378326416,4.712610721588135,17.482059478759766,63.0931510925293,99.10706329345703,72.21149444580078,112.99635314941406,-20.565929412841797,4.712934970855713,0.0,0.0,0.0,0.0
84,1.6813094750000346,1789352835.4224658,17,0.0022163014,-0.017401539,0.000346722,0.013389587,-15.52272,-64.986374,-98.77689,-75.327774,-110.41953,18.26786,4.18645,15.522125,64.98569,98.76834,75.32958,110.41886,-18.261448,4.192424,0.0,0.0,0.0,0.0,-0.053833686,0.0,-0.0,0.0,-10.649998,10.950005,-2.5200028,17.399996,-13.440001,12.360003,2.3400054,11.449997,-10.950005,1.5000045,-17.279997,13.859995,-12.119993,2.9399962,0.0,0.0,0.0,0.0,pink,3.0441677154158242e-05,0.0,0.0,0.0,-17.482786178588867,-63.09274673461914,-99.10767364501953,-72.20982360839844,-112.9966049194336,20.5721378326416,4.712610721588135,17.482059478759766,63.0931510925293,99.10706329345703,72.21149444580078,112.99635314941406,-20.565929412841797,4.712934970855713,0.0,0.0,0.0,0.0
85,1.7013655149999067,1789352835.4425218,17,0.001373291,-0.017398322,0.000346722,0.013328401,-15.738132,-64.77669,-98.82371,-74.9844,-110.705986,18.52354,4.2405167,15.744106,64.77566,98.7949,74.98701,110.70556,-18.51898,4.240654,0.0,0.0,0.0,0.0,-0.025987154,0.0,-0.0,0.0,-11.050003,10.450001,-1.740001,16.800005,-13.5,13.260004,2.7,10.950005,-10.350002,1.5000045,-16.980001,13.440001,-12.659999,2.0999954,0.0,0.0,0.0,0.0,pink,3.111774640274234e-05,0.0,0.0,0.0,-17.871057510375977,-62.71759033203125,-99.17353057861328,-71.59051513671875,-113.50733184814453,21.029016494750977,4.817271709442139,17.870311737060547,62.7180061340332,99.17290496826172,71.59221649169922,113.50707244873047,-21.022672653198242,4.817602634429932,0.0,0.0,0.0,0.0
86,1.7212827599996672,1789352835.4624388,17,0.0012917094,-0.017379433,0.000346722,0.013277412,-15.954025,-64.569756,-98.85064,-74.64968,-110.98512,18.771322,4.3014083,15.958328,64.57304,98.836494,74.654106,110.98471,-18.767971,4.304045,0.0,0.0,0.0,0.0,0.0,0.0,-0.0,0.0,-10.5,10.150005,-0.9599991,16.2,-12.6,11.7,2.9399962,10.049995,-9.500004,2.2199936,-16.740005,13.140005,-11.999995,2.9999955,0.0,0.0,0.0,0.0,pink,3.111774640274234e-05,0.0,0.0,0.0,-17.871057510375977,-62.71759033203125,-99.17353057861328,-71.59051513671875,-113.50733184814453,21.029016494750977,4.817271709442139,17.870311737060547,62.7180061340332,99.17290496826172,71.59221649169922,113.50707244873047,-21.022672653198242,4.817602634429932,0.0,0.0,0.0,0.0
87,1.7419750239996574,1789352835.4831314,17,0.0012815116,-0.01736215,0.000346722,0.013233223,-16.169987,-64.3617,-98.873795,-74.31051,-111.265656,19.023129,4.3588257,16.168877,64.368,98.88706,74.31422,111.26533,-19.020231,4.363673,0.0,0.0,0.0,0.0,0.0,0.0,-0.0,0.0,-10.400002,10.099995,-1.3199936,16.499996,-13.320003,12.959994,2.2199936,10.400002,-9.849998,2.5800018,-16.559994,13.080007,-12.899996,2.5800018,0.0,0.0,0.0,0.0,pink,3.111774640274234e-05,0.0,0.0,0.0,-17.871057510375977,-62.71759033203125,-99.17353057861328,-71.59051513671875,-113.50733184814453,21.029016494750977,4.817271709442139,17.870311737060547,62.7180061340332,99.17290496826172,71.59221649169922,113.50707244873047,-21.022672653198242,4.817602634429932,0.0,0.0,0.0,0.0
88,1.7612401209999007,1789352835.5023963,17,0.0012747132,-0.01735612,0.000346722,0.013202629,-16.366241,-64.173035,-98.90775,-73.991425,-111.52831,19.258717,4.4054766,16.364433,64.17535,98.930016,73.991325,111.52543,-19.255312,4.4169297,0.0,0.0,0.0,0.0,0.0,0.003072774,-0.0,0.0,-9.799999,9.400005,-1.9799973,16.439997,-13.5,12.180006,2.4600036,9.899998,-9.949997,1.8599991,-16.259998,12.659999,-11.280006,1.9799973,0.0,0.0,0.0,0.0,pink,3.170684794895351e-05,0.0,0.0,0.0,-18.209381103515625,-62.39069747924805,-99.23091125488281,-71.05087280273438,-113.95234680175781,21.427125930786133,4.908469200134277,18.208621978759766,62.39112091064453,99.23027801513672,71.0526123046875,113.95208740234375,-21.4206600189209,4.908806800842285,0.0,0.0,0.0,0.0
89,1.7812969699998575,1789352835.5224533,17,0.0010299683,-0.017352905,0.000346722,0.013172036,-16.559292,-63.985497,-98.952484,-73.67614,-111.78182,19.486876,4.4628115,16.558708,63.980873,98.950645,73.6773,111.77988,-19.478842,4.4630036,0.0,0.0,0.0,0.0,-0.10581479,0.0,-0.0,0.0,-9.550003,9.049999,-2.4600036,14.940005,-11.939997,11.640001,2.9399962,9.299995,-9.999996,0.8400009,-15.3,12.779997,-10.8,3.480002,0.0,0.0,0.0,0.0,pink,3.170684794895351e-05,0.0,0.0,0.0,-18.209381103515625,-62.39069747924805,-99.23091125488281,-71.05087280273438,-113.95234680175781,21.427125930786133,4.908469200134277,18.208621978759766,62.39112091064453,99.23027801513672,71.0526123046875,113.95208740234375,-21.4206600189209,4.908806800842285,0.0,0.0,0.0,0.0
90,1.8012509019999925,1789352835.5424073,17,0.00022095029,-0.017350493,0.000346722,0.013127847,-16.747215,-63.804028,-99.00172,-73.37839,-112.029564,19.707605,4.518361,16.745075,63.797253,98.97205,73.38119,112.03105,-19.699255,4.5224395,0.0,0.0,0.0,0.0,0.0,0.0,-0.0,0.0,-9.450005,9.199997,-2.0399964,15.060003,-13.019994,11.280006,2.2199936,9.349995,-9.049999,1.1399963,-14.340001,12.420003,-10.440005,2.2800064,0.0,0.0,0.0,0.0,pink,3.220276630599983e-05,0.0,0.0,0.0,-18.49418830871582,-62.115509033203125,-99.27922058105469,-70.59658813476562,-114.32698059082031,21.76226234436035,4.985240936279297,18.493419647216797,62.11594009399414,99.27857971191406,70.59835815429688,114.32671356201172,-21.755695343017578,4.985583782196045,0.0,0.0,0.0,0.0
91,1.8213339240001005,1789352835.5624902,17,-4.4190056e-05,-0.017347278,0.000346722,0.013090455,-16.92936,-63.627068,-99.0263,-73.091644,-112.269135,19.919407,4.5633364,16.927288,63.625694,99.00096,73.09413,112.270096,-19.913982,4.5688157,0.0,0.0,0.0,0.0,0.0,0.0,-0.0,0.0,-9.0,8.900002,-0.7200028,13.980006,-11.580002,10.680002,2.0399964,9.199997,-8.299999,1.9199982,-14.280002,11.039996,-11.400004,2.3400054,0.0,0.0,0.0,0.0,pink,3.220276630599983e-05,0.0,0.0,0.0,-18.49418830871582,-62.115509033203125,-99.27922058105469,-70.59658813476562,-114.32698059082031,21.76226234436035,4.985240936279297,18.493419647216797,62.11594009399414,99.27857971191406,70.59835815429688,114.32671356201172,-21.755695343017578,4.985583782196045,0.0,0.0,0.0,0.0
92,1.8413444679999884,1789352835.582501,17,-0.00011217476,-0.017326377,0.000346722,0.013056463,-17.10728,-63.454456,-99.04309,-72.812195,-112.501976,20.128574,4.602104,17.106228,63.457626,99.046036,72.81108,112.500725,-20.123121,4.611745,0.0,0.0,0.0,0.0,0.0,0.0063654026,-0.0,0.0,-8.499996,8.449997,-0.7800018,14.100004,-11.039996,9.9,2.1599946,8.700005,-8.349998,1.9799973,-14.220003,10.620003,-10.500005,2.0399964,0.0,0.0,0.0,0.0,pink,3.220276630599983e-05,0.0,0.0,0.0,-18.49418830871582,-62.115509033203125,-99.27922058105469,-70.59658813476562,-114.32698059082031,21.76226234436035,4.985240936279297,18.493419647216797,62.11594009399414,99.27857971191406,70.59835815429688,114.32671356201172,-21.755695343017578,4.985583782196045,0.0,0.0,0.0,0.0
93,1.8612260750001042,1789352835.6023824,17,-0.00013596941,-0.01729583,0.000346722,0.012974881,-17.278484,-63.291286,-99.06099,-72.53896,-112.72642,20.330406,4.653287,17.277706,63.294285,99.08811,72.53575,112.72374,-20.327042,4.648494,0.0,0.0,0.0,0.0,0.0,0.0,-0.0,0.0,-8.299999,7.8499947,-0.9599991,13.619998,-10.2599945,9.780002,2.5200028,8.449997,-8.050003,1.8599991,-13.140005,10.380007,-9.720003,2.4000046,0.0,0.0,0.0,0.0,pink,3.259929872001521e-05,0.0,0.0,0.0,-18.721920013427734,-61.895477294921875,-99.31784057617188,-70.23334503173828,-114.62653350830078,22.03023338317871,5.046627521514893,18.72113800048828,61.895912170410156,99.31719970703125,70.23513793945312,114.62625885009766,-22.02358627319336,5.0469746589660645,0.0,0.0,0.0,0.0
94,1.8812715270000808,1789352835.622428,17,-0.00015296559,-0.017286586,0.000346722,0.012920493,-17.439,-63.134766,-99.089455,-72.2796,-112.938354,20.519577,4.700061,17.441792,63.13558,99.11539,72.27636,112.93516,-20.512066,4.705458,0.0,0.0,0.0,0.0,0.0,0.0,-0.0,0.0,-7.6499977,7.5,-1.5600036,12.779997,-9.959999,8.159999,1.740001,7.699997,-8.150002,0.7800018,-12.959994,9.720003,-8.640005,2.4600036,0.0,0.0,0.0,0.0,pink,3.259929872001521e-05,0.0,0.0,0.0,-18.721920013427734,-61.895477294921875,-99.31784057617188,-70.23334503173828,-114.62653350830078,22.03023338317871,5.046627521514893,18.72113800048828,61.895912170410156,99.31719970703125,70.23513793945312,114.62625885009766,-22.02358627319336,5.0469746589660645,0.0,0.0,0.0,0.0
95,1.9013768899999377,1789352835.642533,17,-0.00016996176,-0.017278546,0.000346722,0.012876303,-17.59093,-62.9893,-99.122635,-72.03622,-113.13918,20.699863,4.739296,17.590782,62.987057,99.128815,72.03492,113.13671,-20.69102,4.746588,0.0,0.0,0.0,0.0,0.0,0.0,-0.0,0.0,-7.549999,7.0499954,-1.6800019,11.460004,-9.720003,8.219998,2.0399964,7.0499954,-7.8499947,0.4800064,-11.879997,9.840001,-8.880002,1.740001,0.0,0.0,0.0,0.0,pink,3.289022424723953e-05,0.0,0.0,0.0,-18.88899803161621,-61.73403549194336,-99.34618377685547,-69.96685028076172,-114.84629821777344,22.226837158203125,5.091664791107178,18.888212203979492,61.73448181152344,99.34553527832031,69.9686508178711,114.84602355957031,-22.220130920410156,5.092014789581299,0.0,0.0,0.0,0.0
96,1.9212013849996765,1789352835.6623576,17,-0.0006560524,-0.017273724,0.000346722,0.012842311,-17.73396,-62.848423,-99.15712,-71.801834,-113.329506,20.871304,4.778572,17.735504,62.846912,99.13635,71.8062,113.327805,-20.860209,4.7801375,0.0,0.0,0.0,0.0,-0.07982424,0.0,-0.0,0.0,-6.949997,6.949997,-1.4400055,11.520002,-9.179997,7.980002,1.8,6.999996,-7.0499954,0.41999358,-11.280006,8.820003,-8.399996,1.9199982,0.0,0.0,0.0,0.0,pink,3.289022424723953e-05,0.0,0.0,0.0,-18.88899803161621,-61.73403549194336,-99.34618377685547,-69.96685028076172,-114.84629821777344,22.226837158203125,5.091664791107178,18.888212203979492,61.73448181152344,99.34553527832031,69.9686508178711,114.84602355957031,-22.220130920410156,5.092014789581299,0.0,0.0,0.0,0.0
97,1.941313940999862,1789352835.6824703,17,-0.0009381889,-0.017269704,0.000346722,0.012815117,-17.873108,-62.716896,-99.18424,-71.5854,-113.510025,21.033888,4.816063,17.870945,62.71653,99.14816,71.58716,113.50978,-21.025278,4.816008,0.0,0.0,0.0,0.0,0.0,0.0,-0.0,0.0,-6.8499985,6.6000023,-1.3800064,10.919998,-7.8600035,7.5599947,2.2800064,6.700001,-6.4000053,1.1999954,-10.859999,7.8600035,-7.920003,1.4400055,0.0,0.0,0.0,0.0,pink,3.289022424723953e-05,0.0,0.0,0.0,-18.88899803161621,-61.73403549194336,-99.34618377685547,-69.96685028076172,-114.84629821777344,22.226837158203125,5.091664791107178,18.888212203979492,61.73448181152344,99.34553527832031,69.9686508178711,114.84602355957031,-22.220130920410156,5.092014789581299,0.0,0.0,0.0,0.0
98,1.9612621569999646,1789352835.7024183,17,-0.001026569,-0.01723755,0.000346722,0.012784524,-18.006191,-62.589386,-99.2039,-71.37702,-113.68191,21.188122,4.8575225,18.004692,62.58839,99.17162,71.37627,113.68136,-21.178455,4.8481154,0.0,0.0,0.0,0.0,0.0,0.003072769,-0.0,0.0,-6.0999985,6.3499947,-0.41999358,10.440005,-7.920003,7.2599993,1.740001,6.4000053,-5.449997,1.1399963,-10.319994,7.5599947,-7.499995,2.0399964,0.0,0.0,0.0,0.0,pink,3.3069336495827883e-05,0.0,0.0,0.0,-18.99186134338379,-61.63465118408203,-99.36363220214844,-69.80277252197266,-114.98160552978516,22.34787940979004,5.1193928718566895,18.991071701049805,61.635093688964844,99.36297607421875,69.8045883178711,114.98133087158203,-22.341135025024414,5.119745254516602,0.0,0.0,0.0,0.0
99,1.9813549299997248,1789352835.722511,17,-0.0010571622,-0.017209414,0.000346722,0.012753931,-18.12894,-62.468376,-99.211914,-71.183975,-113.842186,21.328762,4.886046,18.124226,62.469303,99.201324,71.18152,113.84368,-21.31989,4.8937364,0.0,0.0,0.0,0.0,0.0,0.006365392,-0.0,0.0,-6.0,5.7000046,-0.60000455,10.079997,-7.6199937,7.020003,1.3800064,5.800003,-5.5999947,1.5000045,-9.059999,7.499995,-7.5599947,1.740001,0.0,0.0,0.0,0.0,pink,3.3069336495827883e-05,0.0,0.0,0.0,-18.99186134338379,-61.63465118408203,-99.36363220214844,-69.80277252197266,-114.98160552978516,22.34787940979004,5.1193928718566895,18.991071701049805,61.635093688964844,99.36297607421875,69.8045883178711,114.98133087158203,-22.341135025024414,5.119745254516602,0.0,0.0,0.0,0.0
100,2.001332913999704,1789352835.742489,17,-0.0010605614,-0.017152742,0.000346722,0.01266895,-18.241688,-62.361443,-99.227516,-71.0033,-113.98844,21.460281,4.912523,18.237522,62.36736,99.24096,70.99898,113.98873,-21.454678,4.924512,0.0,0.0,0.0,0.0,0.0,0.0,-0.0,0.0,-5.449997,5.25,-0.9599991,8.580007,-7.3799973,6.3,1.5600036,5.950001,-5.800003,2.0399964,-8.459994,7.980002,-5.6999955,1.1399963,0.0,0.0,0.0,0.0,pink,3.313041815999895e-05,0.0,0.0,0.0,-19.02694320678711,-61.60075378417969,-99.36958312988281,-69.74681854248047,-115.02774810791016,22.389158248901367,5.128849506378174,19.026151657104492,61.6011962890625,99.36892700195312,69.7486343383789,115.02747344970703,-22.382404327392578,5.129201889038086,0.0,0.0,0.0,0.0
101,2.0212528590000147,1789352835.7624092,17,-0.0010639606,-0.01706512,0.000346722,0.012611163,-18.340965,-62.25975,-99.24332,-70.83638,-114.128914,21.58326,4.9430513,18.340347,62.264168,99.27346,70.830605,114.123474,-21.580402,4.9453993,0.0,0.0,0.0,0.0,0.0,0.0,-0.0,0.0,-4.749996,4.6499977,-0.60000455,7.499995,-6.000005,5.2200027,1.5600036,4.7999954,-4.5999985,1.6200027,-8.279997,6.479997,-5.8800063,0.8400009,0.0,0.0,0.0,0.0,pink,3.313041815999895e-05,0.0,0.0,0.0,-19.02694320678711,-61.60075378417969,-99.36958312988281,-69.74681854248047,-115.02774810791016,22.389158248901367,5.128849506378174,19.026151657104492,61.6011962890625,99.36892700195312,69.7486343383789,115.02747344970703,-22.382404327392578,5.129201889038086,0.0,0.0,0.0,0.0
102,2.0413382429997,1789352835.7824945,17,-0.001070759,-0.017057886,0.000346722,0.012570372,-18.437553,-62.17139,-99.258354,-70.68238,-114.25088,21.695595,4.969171,18.434944,62.1717,99.29608,70.681244,114.250496,-21.68642,4.9634857,0.0,0.0,0.0,0.0,0.0,0.0,-0.0,0.0,-4.5,4.2000046,-0.9,6.960004,-5.9400053,5.0400057,1.1399963,4.300003,-4.549999,0.29999542,-7.6800065,5.459999,-5.0400057,1.0199982,0.0,0.0,0.0,0.0,pink,3.313041815999895e-05,0.0,0.0,0.0,-19.02694320678711,-61.60075378417969,-99.36958312988281,-69.74681854248047,-115.02774810791016,22.389158248901367,5.128849506378174,19.026151657104492,61.6011962890625,99.36892700195312,69.7486343383789,115.02747344970703,-22.382404327392578,5.129201889038086,0.0,0.0,0.0,0.0
103,2.0613095529997736,1789352835.8024657,17,-0.001084356,-0.01705226,0.000346722,0.01253298,-18.521038,-62.09031,-99.276115,-70.541534,-114.3627,21.794239,4.9913774,18.519882,62.0881,99.300095,70.54685,114.362144,-21.790806,4.9887953,0.0,0.0,0.0,0.0,0.0,0.0,-0.0,0.0,-4.0499954,3.4500046,-0.9599991,6.9000044,-4.7399964,4.7999954,0.9599991,4.4000015,-3.6500015,0.23999634,-5.8800063,5.4,-4.5,1.5000045,0.0,0.0,0.0,0.0,pink,3.313041815999895e-05,0.0,0.0,0.0,-19.02694320678711,-61.60075378417969,-99.36958312988281,-69.74681854248047,-115.02774810791016,22.389158248901367,5.128849506378174,19.026151657104492,61.6011962890625,99.36892700195312,69.7486343383789,115.02747344970703,-22.382404327392578,5.129201889038086,0.0,0.0,0.0,0.0
104,2.081416572999842,1789352835.8225727,17,-0.0015296559,-0.017019704,0.000346722,0.0124955885,-18.600357,-62.014847,-99.295425,-70.423325,-114.46458,21.885632,5.018335,18.602268,62.015625,99.30633,70.422005,114.463036,-21.870813,5.0132127,0.0,0.0,0.0,0.0,-0.027843136,0.0030727594,-0.0,0.0,-3.199997,3.8499985,-0.60000455,6.1800017,-5.1000047,4.3200026,1.5600036,3.3499947,-3.4500046,0.0,-5.8800063,4.0800066,-5.0400057,0.66000366,0.0,0.0,0.0,0.0,pink,3.313041815999895e-05,0.0,0.0,0.0,-19.02694320678711,-61.60075378417969,-99.36958312988281,-69.74681854248047,-115.02774810791016,22.389158248901367,5.128849506378174,19.026151657104492,61.6011962890625,99.36892700195312,69.7486343383789,115.02747344970703,-22.382404327392578,5.129201889038086,0.0,0.0,0.0,0.0
105,2.1013593170000604,1789352835.8425155,17,-0.0017710015,-0.016997596,0.000346722,0.012417406,-18.66386,-61.947212,-99.304886,-70.315834,-114.55386,21.965734,5.0355425,18.661377,61.94774,99.3099,70.32572,114.55175,-21.960722,5.02332,0.0,0.0,0.0,0.0,0.0,0.0,-0.0,0.0,-3.1499977,2.6500053,-0.5400055,3.8399963,-3.7199981,3.6599991,0.66000366,3.3499947,-2.800003,0.41999358,-4.559999,4.1400056,-3.480002,0.3599945,0.0,0.0,0.0,0.0,pink,4.855170482187532e-05,0.0,0.0,0.0,-18.927766799926758,-61.8055419921875,-99.30247497558594,-70.0715560913086,-114.93753814697266,22.13787841796875,5.248616695404053,18.92695426940918,61.805999755859375,99.30181884765625,70.07337188720703,114.93724822998047,-22.13111686706543,5.248909950256348,0.0,0.0,0.0,0.0
106,2.1213360709998597,1789352835.8624923,17,-0.0018083932,-0.016916005,0.000346722,0.012325627,-18.725773,-61.896355,-99.3258,-70.23705,-114.624245,22.03131,5.0529966,18.727226,61.90162,99.32083,70.22851,114.6279,-22.021297,5.036531,0.0,0.0,0.0,0.0,0.0,0.0032922085,-0.0,0.0,-2.800003,2.6500053,-1.1399963,4.559999,-3.8999953,2.9999955,0.60000455,3.1499977,-2.1500015,0.4800064,-4.440001,3.3600037,-2.2800064,0.9599991,0.0,0.0,0.0,0.0,pink,4.855170482187532e-05,0.0,0.0,0.0,-18.927766799926758,-61.8055419921875,-99.30247497558594,-70.0715560913086,-114.93753814697266,22.13787841796875,5.248616695404053,18.92695426940918,61.805999755859375,99.30181884765625,70.07337188720703,114.93724822998047,-22.13111686706543,5.248909950256348,0.0,0.0,0.0,0.0
107,2.1412886439998147,1789352835.8824449,17,-0.0018253893,-0.0168525,0.000346722,0.012247444,-18.772774,-61.849697,-99.33923,-70.14467,-114.6967,22.089537,5.062047,18.77005,61.85478,99.32449,70.15974,114.6898,-22.07818,5.065425,0.0,0.0,0.0,0.0,0.0,0.0,-0.0,0.0,-2.2000008,2.2000008,-0.059999086,3.2400055,-2.7,2.5200028,0.66000366,1.9000053,-2.050003,0.059999086,-2.5200028,2.9399962,-2.4000046,1.740001,0.0,0.0,0.0,0.0,pink,4.855170482187532e-05,0.0,0.0,0.0,-18.927766799926758,-61.8055419921875,-99.30247497558594,-70.0715560913086,-114.93753814697266,22.13787841796875,5.248616695404053,18.92695426940918,61.805999755859375,99.30181884765625,70.07337188720703,114.93724822998047,-22.13111686706543,5.248909950256348,0.0,0.0,0.0,0.0
108,2.161273840999911,1789352835.9024303,17,-0.001835587,-0.016745185,0.000346722,0.012186258,-18.810402,-61.815468,-99.3426,-70.10436,-114.74165,22.119337,5.0798445,18.804039,61.814976,99.323875,70.113235,114.74085,-22.120092,5.089952,0.0,0.0,0.0,0.0,0.0,0.00636535,-0.0,0.0,-1.5,1.0999947,-0.3599945,1.3199936,-1.5600036,0.7800018,0.9,1.5999985,-1.4000015,0.059999086,-2.0399964,2.0999954,-1.9799973,0.60000455,0.0,0.0,0.0,0.0,pink,4.71109633508604e-05,0.0,0.0,0.0,-18.788787841796875,-62.054988861083984,-99.2259292602539,-70.5203628540039,-114.84242248535156,21.826047897338867,5.434530258178711,18.787965774536133,62.055397033691406,99.22530364990234,70.52214050292969,114.84211730957031,-21.819278717041016,5.434803485870361,0.0,0.0,0.0,0.0
109,2.1812252039999294,1789352835.9223816,17,-0.0018389862,-0.016709413,0.000346722,0.012111475,-18.840065,-61.80097,-99.35091,-70.08237,-114.77309,22.140047,5.099002,18.842148,61.802124,99.32798,70.06914,114.78484,-22.14418,5.1049485,0.0,0.0,0.0,0.0,0.0,0.0,-0.0,0.0,-1.4500008,0.5000038,-0.17999725,0.8400009,-1.9199982,1.1399963,0.9,1.5999985,-0.24999619,0.23999634,-2.0999954,1.8,-0.41999358,0.7800018,0.0,0.0,0.0,0.0,pink,4.71109633508604e-05,0.0,0.0,0.0,-18.788787841796875,-62.054988861083984,-99.2259292602539,-70.5203628540039,-114.84242248535156,21.826047897338867,5.434530258178711,18.787965774536133,62.055397033691406,99.22530364990234,70.52214050292969,114.84211730957031,-21.819278717041016,5.434803485870361,0.0,0.0,0.0,0.0
110,2.2012928839999404,1789352835.942449,17,-0.0018525831,-0.016695747,0.000346722,0.012040091,-18.861683,-61.79592,-99.351166,-70.06797,-114.81355,22.15606,5.1219497,18.868904,61.79907,99.32864,70.04806,114.81424,-22.148245,5.123474,0.0,0.0,0.0,0.0,0.0,0.0,-0.0,0.0,-0.6500015,0.049999237,0.11999817,0.29999542,-1.8,0.17999725,1.5000045,0.8999977,0.0,0.0,0.059999086,1.3800064,0.059999086,0.9,0.0,0.0,0.0,0.0,pink,5.1059665565844625e-05,0.0,0.0,0.0,-18.60477066040039,-62.39509201049805,-99.1164321899414,-71.12265014648438,-114.70685577392578,21.403125762939453,5.68336820602417,18.60392189025879,62.39550018310547,99.11579132080078,71.12443542480469,114.70651245117188,-21.396343231201172,5.683614730834961,0.0,0.0,0.0,0.0
111,2.221318384999904,1789352835.9624746,17,-0.0018797771,-0.016671631,0.000346722,0.011870129,-18.870152,-61.798004,-99.34969,-70.07092,-114.83914,22.156773,5.1492095,18.877144,61.80003,99.32639,70.050514,114.840965,-22.147366,5.141711,0.0,0.0,0.0,0.0,0.0,0.0,-0.0,-0.025987154,-0.19999695,-0.19999695,0.17999725,-0.3599945,-1.0199982,-0.0,1.3199936,0.099998474,0.099998474,-0.23999634,0.23999634,0.7800018,-0.0,1.0199982,0.0,0.0,0.0,0.0,pink,5.1059665565844625e-05,0.0,0.0,0.0,-18.60477066040039,-62.39509201049805,-99.1164321899414,-71.12265014648438,-114.70685577392578,21.403125762939453,5.68336820602417,18.60392189025879,62.39550018310547,99.11579132080078,71.12443542480469,114.70651245117188,-21.396343231201172,5.683614730834961,0.0,0.0,0.0,0.0
112,2.2413517679997312,1789352835.982508,17,-0.0019001724,-0.016569141,0.000346722,0.011788548,-18.87109,-61.809402,-99.34724,-70.088844,-114.8565,22.1476,5.18394,18.877018,61.807915,99.32147,70.06708,114.84926,-22.137533,5.173654,0.0,0.0,0.0,0.0,0.0,0.01273107,-0.0,0.0,0.049999237,-0.9999962,0.059999086,-1.5000045,-0.4800064,-1.0199982,1.8599991,-0.049999237,0.79999924,-0.11999817,1.5600036,0.11999817,1.0199982,2.1599946,0.0,0.0,0.0,0.0,pink,5.1059665565844625e-05,0.0,0.0,0.0,-18.60477066040039,-62.39509201049805,-99.1164321899414,-71.12265014648438,-114.70685577392578,21.403125762939453,5.68336820602417,18.60392189025879,62.39550018310547,99.11579132080078,71.12443542480469,114.70651245117188,-21.396343231201172,5.683614730834961,0.0,0.0,0.0,0.0
113,2.2611492490000273,1789352836.0023055,17,-0.0019137694,-0.01595982,0.000346722,0.011638981,-18.866993,-61.838676,-99.34203,-70.137985,-114.86154,22.10283,5.229918,18.873196,61.83134,99.31807,70.116135,114.84966,-22.094425,5.2220764,0.0,0.0,0.0,0.0,0.0,0.057729628,-0.0,0.0,0.29999542,-1.8499947,0.5400055,-3.1800065,0.0,-2.8799973,2.3400054,-0.34999466,1.4000015,-0.3599945,3.6599991,-0.059999086,3.3600037,1.9199982,0.0,0.0,0.0,0.0,pink,6.717464566463605e-05,0.0,0.0,0.0,-18.38395118713379,-62.82069396972656,-98.97032165527344,-71.8592529296875,-114.52696990966797,20.877975463867188,5.986672878265381,18.383127212524414,62.821075439453125,98.96966552734375,71.8610610961914,114.52660369873047,-20.87117576599121,5.9869794845581055,0.0,0.0,0.0,0.0
114,2.2813120269997853,1789352836.0224683,17,-0.0019239672,-0.014664028,0.000346722,0.011441826,-18.855766,-61.88522,-99.320404,-70.208626,-114.86095,22.03889,5.2712264,18.861145,61.88054,99.306435,70.21005,114.84903,-22.024855,5.2731767,0.0,0.0,0.0,0.0,0.0,-0.0030726565,-0.0,0.0,0.6000023,-3.0,1.4400055,-3.7199981,0.059999086,-3.540001,2.1599946,-0.79999924,3.6000023,-0.41999358,5.8800063,-0.059999086,3.9599946,3.3600037,0.0,0.0,0.0,0.0,pink,6.717464566463605e-05,0.0,0.0,0.0,-18.38395118713379,-62.82069396972656,-98.97032165527344,-71.8592529296875,-114.52696990966797,20.877975463867188,5.986672878265381,18.383127212524414,62.821075439453125,98.96966552734375,71.8610610961914,114.52660369873047,-20.87117576599121,5.9869794845581055,0.0,0.0,0.0,0.0
115,2.301112781000029,1789352836.0422692,17,-0.0019375641,-0.014603338,0.000346722,0.011149491,-18.83701,-61.953655,-99.28676,-70.31959,-114.85715,21.951809,5.322725,18.83796,61.957317,99.29392,70.335106,114.84568,-21.931938,5.325719,0.0,0.0,0.0,0.0,0.0,0.003072654,-0.0,-0.025987154,1.3500023,-3.9999962,1.6200027,-7.3199983,0.41999358,-5.4,3.0599945,-1.5999985,3.75,-0.8400009,6.419998,-0.23999634,4.559999,2.1599946,0.0,0.0,0.0,0.0,pink,8.040813554544002e-05,0.0,0.0,0.0,-18.13480567932129,-63.32661819458008,-98.78385162353516,-72.71054077148438,-114.29877471923828,20.259517669677734,6.336002826690674,18.13395118713379,63.32697296142578,98.78321075439453,72.7123031616211,114.29840087890625,-20.252721786499023,6.336261749267578,0.0,0.0,0.0,0.0
116,2.3213350579999315,1789352836.0624914,17,-0.0019443625,-0.014458648,0.000346722,0.009782999,-18.79684,-62.029495,-99.24659,-70.46243,-114.84134,21.85285,5.3874483,18.797722,62.027435,99.27003,70.48358,114.83214,-21.839764,5.38087,0.0,0.0,0.0,0.0,0.0,0.015803738,-0.0,-0.18935439,2.3999977,-3.949997,2.759999,-7.6199937,1.1399963,-5.1600037,2.8799973,-2.5499954,3.8499985,-1.4400055,7.920003,-1.0799973,5.2200027,3.3600037,0.0,0.0,0.0,0.0,pink,8.040813554544002e-05,0.0,0.0,0.0,-18.13480567932129,-63.32661819458008,-98.78385162353516,-72.71054077148438,-114.29877471923828,20.259517669677734,6.336002826690674,18.13395118713379,63.32697296142578,98.78321075439453,72.7123031616211,114.29840087890625,-20.252721786499023,6.336261749267578,0.0,0.0,0.0,0.0
117,2.341294835000099,1789352836.082451,17,-0.001951161,-0.014414839,0.000346722,0.0034638206,-18.745388,-62.121975,-99.19516,-70.63081,-114.80117,21.735737,5.458008,18.741852,62.123554,99.2377,70.65115,114.80316,-21.71754,5.450606,0.0,0.0,0.0,0.0,0.0,0.0,-0.0,-0.025987154,2.7000046,-5.449997,1.740001,-8.040001,2.0999954,-6.9000044,3.9599946,-3.0499992,5.499996,-1.5600036,9.480006,-2.0399964,6.2400007,3.9599946,0.0,0.0,0.0,0.0,pink,8.040813554544002e-05,0.0,0.0,0.0,-18.13480567932129,-63.32661819458008,-98.78385162353516,-72.71054077148438,-114.29877471923828,20.259517669677734,6.336002826690674,18.13395118713379,63.32697296142578,98.78321075439453,72.7123031616211,114.29840087890625,-20.252721786499023,6.336261749267578,0.0,0.0,0.0,0.0
118,2.3612460839999585,1789352836.1024022,17,-0.0019613586,-0.014408811,0.000346722,0.003236072,-18.691635,-62.232124,-99.17331,-70.81514,-114.74758,21.59919,5.5405703,18.692802,62.230545,99.19865,70.83064,114.75371,-21.578548,5.5368347,0.0,0.0,0.0,0.0,0.0,0.0,-0.0,0.0,2.7000046,-5.7000046,1.1999954,-8.760004,3.3000045,-6.6599946,4.6799974,-2.3999977,5.3499985,-2.8799973,9.299995,-2.3400054,6.7800064,4.1400056,0.0,0.0,0.0,0.0,pink,0.00010346002818550915,0.0,0.0,0.0,-17.86565399169922,-63.907772064208984,-98.55318450927734,-73.65624237060547,-114.01828002929688,19.55687141418457,6.7227582931518555,17.864768981933594,63.90812683105469,98.5525131225586,73.65802764892578,114.01783752441406,-19.550052642822266,6.722992420196533,0.0,0.0,0.0,0.0
119,2.3812938490000306,1789352836.12245,17,-0.0021755106,-0.014397557,0.000346722,0.0031612888,-18.632378,-62.349197,-99.135506,-71.01379,-114.692375,21.456903,5.628639,18.633282,62.34828,99.12847,71.022804,114.69874,-21.439669,5.6236544,0.0,0.0,0.0,0.0,0.0,0.0030726448,-0.0,0.0,3.5000038,-5.6500053,2.4000046,-10.2599945,2.4000046,-7.4399962,4.619998,-3.2999954,5.7000046,-3.7799973,10.8,-2.5200028,8.159999,4.2600036,0.0,0.0,0.0,0.0,pink,0.00010346002818550915,0.0,0.0,0.0,-17.86565399169922,-63.907772064208984,-98.55318450927734,-73.65624237060547,-114.01828002929688,19.55687141418457,6.7227582931518555,17.864768981933594,63.90812683105469,98.5525131225586,73.65802764892578,114.01783752441406,-19.550052642822266,6.722992420196533,0.0,0.0,0.0,0.0
120,2.401249602000007,1789352836.142406,17,-0.0022366967,-0.014362188,0.000346722,0.003079707,-18.560852,-62.475803,-99.07726,-71.2374,-114.644844,21.298054,5.718837,18.5602,62.478745,99.07218,71.24788,114.64223,-21.288414,5.718549,0.0,0.0,0.0,0.0,0.0,0.0030726434,-0.0,0.0,3.3499947,-6.75,2.8799973,-11.159994,2.4000046,-8.399996,4.9199934,-3.0499992,7.450001,-1.4400055,11.879997,-3.0599945,7.5599947,4.7999954,0.0,0.0,0.0,0.0,pink,0.0001246976462425664,0.0,0.0,0.0,-17.58454704284668,-64.5590591430664,-98.2746353149414,-74.6763916015625,-113.68162536621094,18.77901268005371,7.138759613037109,17.583641052246094,64.5593490600586,98.27396392822266,74.67813873291016,113.6811294555664,-18.772201538085938,7.138952255249023,0.0,0.0,0.0,0.0
121,2.4212846549999085,1789352836.162441,17,-0.0022434953,-0.013824026,0.000346722,0.0030151217,-18.497349,-62.616657,-99.01708,-71.47775,-114.58141,21.124622,5.822136,18.497463,62.623913,99.03554,71.48404,114.57989,-21.114336,5.8252535,0.0,0.0,0.0,0.0,0.0,0.028315127,-0.0,0.0,3.5000038,-7.3500023,2.759999,-12.059995,3.540001,-9.299995,5.1600037,-3.6500015,8.000004,-2.5800018,11.759999,-3.1199937,8.519994,4.7399964,0.0,0.0,0.0,0.0,pink,0.0001246976462425664,0.0,0.0,0.0,-17.58454704284668,-64.5590591430664,-98.2746353149414,-74.6763916015625,-113.68162536621094,18.77901268005371,7.138759613037109,17.583641052246094,64.5593490600586,98.27396392822266,74.67813873291016,113.6811294555664,-18.772201538085938,7.138952255249023,0.0,0.0,0.0,0.0
122,2.4413478100000248,1789352836.1825042,17,-0.002240096,-0.013774591,0.000346722,0.0029607338,-18.417068,-62.7759,-98.969406,-71.74112,-114.502464,20.930246,5.9361053,18.415363,62.778614,98.967964,71.74755,114.5106,-20.919247,5.9353914,0.0,0.0,0.0,0.0,0.0,0.0,-0.0,0.0,4.1500053,-8.499996,2.0999954,-14.519999,3.540001,-10.019999,5.8800063,-4.3500023,8.650005,-4.019994,14.519999,-3.6599991,10.440005,5.340001,0.0,0.0,0.0,0.0,pink,0.0001246976462425664,0.0,0.0,0.0,-17.58454704284668,-64.5590591430664,-98.2746353149414,-74.6763916015625,-113.68162536621094,18.77901268005371,7.138759613037109,17.583641052246094,64.5593490600586,98.27396392822266,74.67813873291016,113.6811294555664,-18.772201538085938,7.138952255249023,0.0,0.0,0.0,0.0
123,2.4611801639998703,1789352836.2023365,17,-0.002240096,-0.013566802,0.000346722,0.0029165437,-18.335587,-62.94999,-98.914734,-72.02977,-114.431564,20.717976,6.0522995,18.332783,62.94833,98.894585,72.04382,114.43088,-20.705507,6.051132,0.0,0.0,0.0,0.0,0.0,0.023046775,-0.0,0.0,4.3500023,-8.700005,3.4200027,-14.160004,3.6,-11.280006,5.8199935,-4.549999,9.349995,-2.9999955,15.359999,-4.559999,11.039996,5.459999,0.0,0.0,0.0,0.0,pink,0.00014999069389887154,0.0,0.0,0.0,-17.298986434936523,-65.27532196044922,-97.9449462890625,-75.75135803222656,-113.2855224609375,17.934911727905273,7.576206207275391,17.29807472229004,65.27558898925781,97.94428253173828,75.7530746459961,113.28499603271484,-17.928083419799805,7.576382160186768,0.0,0.0,0.0,0.0
124,2.481239985999764,1789352836.2223961,17,-0.0022502937,-0.013472755,0.000346722,0.0028655552,-18.247318,-63.12877,-98.83009,-72.33029,-114.345856,20.496698,6.1766787,18.243313,63.13654,98.83658,72.34643,114.34955,-20.486713,6.1794662,0.0,0.0,0.0,0.0,0.0,0.0030726045,-0.0,0.0,4.0999947,-9.400005,4.440001,-15.599996,4.9199934,-12.119993,5.8800063,-4.0499954,9.700001,-3.540001,15.060003,-3.9599946,11.340006,6.3,0.0,0.0,0.0,0.0,pink,0.00014999069389887154,0.0,0.0,0.0,-17.298986434936523,-65.27532196044922,-97.9449462890625,-75.75135803222656,-113.2855224609375,17.934911727905273,7.576206207275391,17.29807472229004,65.27558898925781,97.94428253173828,75.7530746459961,113.28499603271484,-17.928083419799805,7.576382160186768,0.0,0.0,0.0,0.0
125,2.5013873170000807,1789352836.2425437,17,-0.0022570922,-0.013135553,0.000346722,0.0028111674,-18.163754,-63.32135,-98.75171,-72.64133,-114.25292,20.266878,6.3079925,18.15746,63.327118,98.74762,72.651505,114.26015,-20.251621,6.309462,0.0,0.0,0.0,0.0,0.0,0.0061455816,-0.0,0.0,4.6499977,-10.150005,3.6599991,-15.120003,3.9599946,-12.719998,7.3799973,-4.450001,9.799999,-4.9199934,15.960004,-5.2800016,12.2400055,7.140001,0.0,0.0,0.0,0.0,pink,0.0001604494173079729,0.0,0.0,0.0,-17.015710830688477,-66.05158996582031,-97.56153869628906,-76.86212158203125,-112.82743072509766,17.033180236816406,8.027832984924316,17.01481056213379,66.05182647705078,97.56088256835938,76.86385345458984,112.82685089111328,-17.02631378173828,8.0280122756958,0.0,0.0,0.0,0.0
126,2.521328639999865,1789352836.262485,17,-0.0022638906,-0.0129981,0.000346722,0.0027499814,-18.07014,-63.527138,-98.67086,-72.9692,-114.155945,20.021168,6.440515,18.065025,63.52796,98.66595,72.98082,114.15888,-20.007862,6.4420257,0.0,0.0,0.0,0.0,0.0,0.018437512,-0.0,0.0,4.6499977,-10.350002,4.7999954,-17.16,5.4,-12.180006,6.7199936,-4.699997,10.200005,-3.7799973,16.980001,-5.0400057,12.719998,5.8800063,0.0,0.0,0.0,0.0,pink,0.0001604494173079729,0.0,0.0,0.0,-17.015710830688477,-66.05158996582031,-97.56153869628906,-76.86212158203125,-112.82743072509766,17.033180236816406,8.027832984924316,17.01481056213379,66.05182647705078,97.56088256835938,76.86385345458984,112.82685089111328,-17.02631378173828,8.0280122756958,0.0,0.0,0.0,0.0
127,2.5412457469997207,1789352836.282402,17,-0.0022638906,-0.012320488,0.000346722,0.0026819967,-17.9702,-63.745342,-98.578964,-73.321365,-114.04663,19.75843,6.586661,17.96759,63.74864,98.58031,73.33117,114.051834,-19.742802,6.5883913,0.0,0.0,0.0,0.0,0.0,0.035338193,-0.0,0.0,5.200001,-11.150002,4.2000046,-18.540005,5.6399965,-14.7599945,7.5599947,-4.8499947,11.25,-5.0400057,17.580006,-6.6599946,14.280002,7.5599947,0.0,0.0,0.0,0.0,pink,0.0001604494173079729,0.0,0.0,0.0,-17.015710830688477,-66.05158996582031,-97.56153869628906,-76.86212158203125,-112.82743072509766,17.033180236816406,8.027832984924316,17.01481056213379,66.05182647705078,97.56088256835938,76.86385345458984,112.82685089111328,-17.02631378173828,8.0280122756958,0.0,0.0,0.0,0.0
128,2.561013546999675,1789352836.3021698,17,-0.00226729,-0.011249824,0.000346722,0.0026276088,-17.87043,-63.97855,-98.48507,-73.69646,-113.92877,19.478292,6.7379975,17.869148,63.981754,98.47726,73.695724,113.93086,-19.46552,6.741252,0.0,0.0,0.0,0.0,0.0,0.08055235,-0.0,0.0,4.9000053,-11.850002,5.4,-18.96,6.539996,-15.359999,7.5599947,-5.000004,12.049999,-5.1000047,18.720003,-5.9400053,14.639997,7.2599993,0.0,0.0,0.0,0.0,pink,0.00017453667533118278,0.0,0.0,0.0,-16.740642547607422,-66.88282012939453,-97.12259674072266,-77.9908676147461,-112.30574798583984,16.082242965698242,8.487083435058594,16.739715576171875,66.88301086425781,97.1219253540039,77.9925765991211,112.30513763427734,-16.07539939880371,8.48724365234375,0.0,0.0,0.0,0.0
129,2.581259121999665,1789352836.3224154,17,-0.00226729,-0.009878563,0.000346722,0.0025834187,-17.769081,-64.219345,-98.37915,-74.068146,-113.80279,19.19148,6.8930006,17.765442,64.2203,98.370926,74.07389,113.800285,-19.178326,6.892946,0.0,0.0,0.0,0.0,0.0,0.06847921,-0.0,0.0,5.000004,-12.500004,5.1600037,-18.179996,5.8800063,-14.940005,7.2599993,-5.1500015,12.049999,-5.579997,18.96,-6.1800017,15.359999,7.920003,0.0,0.0,0.0,0.0,pink,0.00017453667533118278,0.0,0.0,0.0,-16.740642547607422,-66.88282012939453,-97.12259674072266,-77.9908676147461,-112.30574798583984,16.082242965698242,8.487083435058594,16.739715576171875,66.88301086425781,97.1219253540039,77.9925765991211,112.30513763427734,-16.07539939880371,8.48724365234375,0.0,0.0,0.0,0.0
130,2.6013641360000292,1789352836.3425202,17,-0.00226729,-0.008168944,0.000346722,0.0025494264,-17.662148,-64.47072,-98.265274,-74.45098,-113.66992,18.897226,7.0499954,17.662457,64.47146,98.25894,74.45671,113.67168,-18.884441,7.0479493,0.0,0.0,0.0,0.0,0.0,0.0869138,-0.0,0.0,5.449997,-12.600002,5.8800063,-19.319994,7.140001,-15.060003,7.6800065,-4.9500046,12.700001,-5.519998,19.259995,-7.080002,15.359999,7.920003,0.0,0.0,0.0,0.0,pink,0.0001847819657996297,0.0,0.0,0.0,-16.478710174560547,-67.7640151977539,-96.62715911865234,-79.12080383300781,-111.71977233886719,15.090142250061035,8.947979927062988,16.477746963500977,67.7641830444336,96.62647247314453,79.12248229980469,111.7190933227539,-15.083273887634277,8.948110580444336,0.0,0.0,0.0,0.0
131,2.621334019999722,1789352836.3624907,17,-0.002270689,-0.0059473864,0.000346722,0.0025256318,-17.559036,-64.73135,-98.14688,-74.84013,-113.528336,18.589005,7.2091875,17.561188,64.732704,98.14748,74.84508,113.52891,-18.577345,7.207855,0.0,0.0,0.0,0.0,0.0,0.1415598,-0.0,0.0,5.1000023,-13.200005,6.3,-19.199995,7.8600035,-15.180002,8.459994,-5.499996,12.899998,-5.8199935,19.979998,-7.6800065,15.240001,8.339996,0.0,0.0,0.0,0.0,pink,0.0001847819657996297,0.0,0.0,0.0,-16.478710174560547,-67.7640151977539,-96.62715911865234,-79.12080383300781,-111.71977233886719,15.090142250061035,8.947979927062988,16.477746963500977,67.7641830444336,96.62647247314453,79.12248229980469,111.7190933227539,-15.083273887634277,8.948110580444336,0.0,0.0,0.0,0.0
132,2.6413249829997767,1789352836.382481,17,-0.0022740883,-0.0029977413,0.000346722,0.0024984379,-17.453579,-65.00605,-98.013855,-75.24697,-113.37293,18.265814,7.3750534,17.455067,65.00827,98.01895,75.25198,113.37212,-18.251423,7.373584,0.0,0.0,0.0,0.0,0.0,0.17996034,-0.0,-0.025987154,5.3499985,-14.000004,6.3,-20.460003,8.219998,-15.659994,9.119998,-5.3999977,13.950005,-6.3,20.819998,-8.1,15.719994,8.700005,0.0,0.0,0.0,0.0,pink,0.0001847819657996297,0.0,0.0,0.0,-16.478710174560547,-67.7640151977539,-96.62715911865234,-79.12080383300781,-111.71977233886719,15.090142250061035,8.947979927062988,16.477746963500977,67.7641830444336,96.62647247314453,79.12248229980469,111.7190933227539,-15.083273887634277,8.948110580444336,0.0,0.0,0.0,0.0
133,2.661252418999993,1789352836.4024086,17,-0.0022774877,0.0015952608,0.000346722,0.0024780424,-17.34288,-65.29284,-97.88217,-75.66655,-113.205635,17.929028,7.5442705,17.344597,65.295204,97.88504,75.67716,113.20586,-17.91726,7.5449157,0.0,0.0,0.0,0.0,0.0,0.29230672,-0.0,0.0,5.299999,-14.549995,6.6599946,-21.300005,8.760004,-15.659994,9.419993,-5.050003,14.549995,-7.2,21.180006,-8.399996,16.020002,8.880002,0.0,0.0,0.0,0.0,pink,0.0002155178226530552,0.0,0.0,0.0,-16.234071731567383,-68.690185546875,-96.07521057128906,-80.23627471923828,-111.06981658935547,14.064542770385742,9.405158996582031,16.233108520507812,68.6903076171875,96.07452392578125,80.23792266845703,111.069091796875,-14.057674407958984,9.40526294708252,0.0,0.0,0.0,0.0
134,2.681305787999918,1789352836.4224625,17,-0.0022808868,0.009584683,0.000346722,0.0024610462,-17.237904,-65.58666,-97.73815,-76.08635,-113.03255,17.593136,7.7148604,17.237537,65.588646,97.74416,76.096405,113.03495,-17.581764,7.717552,0.0,0.0,0.0,0.0,0.0,0.41932046,-0.0,0.0,5.449997,-14.650005,7.499995,-20.819998,8.399996,-16.2,9.0,-5.800003,14.750004,-7.8600035,20.520002,-9.0,16.379997,9.179997,0.0,0.0,0.0,0.0,pink,0.0002155178226530552,0.0,0.0,0.0,-16.234071731567383,-68.690185546875,-96.07521057128906,-80.23627471923828,-111.06981658935547,14.064542770385742,9.405158996582031,16.233108520507812,68.6903076171875,96.07452392578125,80.23792266845703,111.069091796875,-14.057674407958984,9.40526294708252,0.0,0.0,0.0,0.0
135,2.701181054999779,1789352836.4423373,17,-0.0022808868,0.018030372,0.000346722,0.00244405,-17.133968,-65.886055,-97.58271,-76.50522,-112.85213,17.24723,7.8826904,17.13247,65.88828,97.58752,76.51475,112.85577,-17.237192,7.885176,0.0,0.0,0.0,0.0,0.0,0.41137177,-0.0,0.0,5.499996,-15.249996,7.6800065,-21.360004,9.0,-17.1,8.880002,-5.449997,15.049999,-7.3199983,20.580002,-9.959999,16.619993,9.239996,0.0,0.0,0.0,0.0,pink,0.00021381027181632817,0.0,0.0,0.0,-16.009899139404297,-69.65633392333984,-95.4677734375,-81.32312774658203,-110.35738372802734,13.012777328491211,9.853919982910156,16.008956909179688,69.65641784667969,95.46707916259766,81.32479095458984,110.35662078857422,-13.005870819091797,9.854068756103516,0.0,0.0,0.0,0.0
136,2.7213078629997653,1789352836.462464,17,-0.0022808868,0.022058811,0.000346722,0.0024304532,-17.02486,-66.19276,-97.42879,-76.93101,-112.663666,16.894075,8.053953,17.026234,66.19612,97.42839,76.93712,112.666306,-16.88118,8.057386,0.0,0.0,0.0,0.0,0.0,0.081392,-0.0,0.0,5.1500015,-15.600002,8.700005,-21.420002,9.179997,-18.96,8.760004,-4.9000053,15.600002,-7.8000045,20.819998,-9.299995,18.239996,8.820003,0.0,0.0,0.0,0.0,pink,0.00021381027181632817,0.0,0.0,0.0,-16.009899139404297,-69.65633392333984,-95.4677734375,-81.32312774658203,-110.35738372802734,13.012777328491211,9.853919982910156,16.008956909179688,69.65641784667969,95.46707916259766,81.32479095458984,110.35662078857422,-13.005870819091797,9.854068756103516,0.0,0.0,0.0,0.0
137,2.7412204479996944,1789352836.4823768,17,-0.0022808868,0.022659762,0.000346722,0.002413457,-16.920021,-66.515236,-97.25554,-77.36296,-112.46041,16.526707,8.230779,16.91732,66.518524,97.25513,77.365364,112.46358,-16.512506,8.235214,0.0,0.0,0.0,0.0,0.0,0.0,-0.0,0.0,5.449997,-16.55,9.0,-22.140005,10.680002,-17.94,8.820003,-5.3999977,16.250004,-8.700005,21.66,-11.400004,18.540005,8.159999,0.0,0.0,0.0,0.0,pink,0.00021381027181632817,0.0,0.0,0.0,-16.009899139404297,-69.65633392333984,-95.4677734375,-81.32312774658203,-110.35738372802734,13.012777328491211,9.853919982910156,16.008956909179688,69.65641784667969,95.46707916259766,81.32479095458984,110.35662078857422,-13.005870819091797,9.854068756103516,0.0,0.0,0.0,0.0
138,2.7612814649996835,1789352836.5024376,17,-0.002284286,0.02270395,0.000346722,0.00239986,-16.816921,-66.84997,-97.07801,-77.79635,-112.24472,16.147856,8.412012,16.811886,66.85047,97.075455,77.807335,112.24855,-16.132723,8.415184,0.0,0.0,0.0,0.0,0.0,0.003071027,-0.0,0.0,5.449997,-16.649998,9.119998,-21.839996,11.099996,-19.440006,8.640005,-5.25,16.649998,-9.0,21.959995,-11.520002,19.8,8.339996,0.0,0.0,0.0,0.0,pink,0.0002684517821762711,0.0,0.0,0.0,-15.808618545532227,-70.65746307373047,-94.80686950683594,-82.3685531616211,-109.58500671386719,11.94171142578125,10.290090560913086,15.807666778564453,70.65752410888672,94.80614471435547,82.37018585205078,109.58418273925781,-11.934803009033203,10.290226936340332,0.0,0.0,0.0,0.0
139,2.78132195399985,1789352836.5224783,17,-0.002284286,0.022719616,0.000346722,0.0023896624,-16.714851,-67.18655,-96.88924,-78.230705,-112.02496,15.768786,8.589729,16.71008,67.185875,96.88276,78.2401,112.02749,-15.756647,8.590526,0.0,0.0,0.0,0.0,0.0,0.0,-0.0,0.0,4.3500023,-16.950005,10.019999,-21.360004,11.819998,-19.259995,8.399996,-4.6499977,16.649998,-9.540006,21.719997,-11.520002,18.96,8.279997,0.0,0.0,0.0,0.0,pink,0.0002684517821762711,0.0,0.0,0.0,-15.808618545532227,-70.65746307373047,-94.80686950683594,-82.3685531616211,-109.58500671386719,11.94171142578125,10.290090560913086,15.807666778564453,70.65752410888672,94.80614471435547,82.37018585205078,109.58418273925781,-11.934803009033203,10.290226936340332,0.0,0.0,0.0,0.0
140,2.8014657280000392,1789352836.5426219,17,-0.002284286,0.022859007,0.000346722,0.0023760654,-16.618343,-67.52838,-96.690094,-78.66269,-111.79629,15.3875065,8.768285,16.610596,67.527214,96.683685,78.665596,111.79756,-15.37571,8.76709,0.0,0.0,0.0,0.0,0.0,0.0,-0.0,0.0,5.1000023,-17.150002,10.319994,-21.6,12.059995,-18.359995,9.0,-5.050003,17.150002,-9.840001,21.360004,-12.180006,18.540005,8.219998,0.0,0.0,0.0,0.0,pink,0.0002889423631131649,0.0,0.0,0.0,-15.631914138793945,-71.68858337402344,-94.09548950195312,-83.36117553710938,-108.7562255859375,10.85777473449707,10.710051536560059,15.6309175491333,71.68858337402344,94.09477233886719,83.36271667480469,108.7553482055664,-10.850866317749023,10.71009635925293,0.0,0.0,0.0,0.0
141,2.821309308999844,1789352836.5624654,17,-0.0022876852,0.022903597,0.000346722,0.0023624685,-16.521595,-67.874855,-96.4856,-79.095604,-111.55747,14.997629,8.944217,16.514935,67.875046,96.48193,79.096794,111.55895,-14.9884,8.942198,0.0,0.0,0.0,0.0,0.0,0.0094331885,-0.0,0.0,5.050003,-17.650005,10.500005,-21.420002,11.939997,-18.480007,9.359995,-4.749996,17.750004,-10.380007,21.839996,-12.540001,18.84,8.760004,0.0,0.0,0.0,0.0,pink,0.0002889423631131649,0.0,0.0,0.0,-15.631914138793945,-71.68858337402344,-94.09548950195312,-83.36117553710938,-108.7562255859375,10.85777473449707,10.710051536560059,15.6309175491333,71.68858337402344,94.09477233886719,83.36271667480469,108.7553482055664,-10.850866317749023,10.71009635925293,0.0,0.0,0.0,0.0
142,2.8413439809996817,1789352836.5825005,17,-0.0022876852,0.022939749,0.000346722,0.0023522708,-16.421951,-68.23611,-96.27314,-79.52938,-111.30385,14.597946,9.122992,16.421528,68.23969,96.27039,79.532814,111.30481,-14.585546,9.121729,0.0,0.0,0.0,0.0,0.0,0.0,-0.0,0.0,4.450001,-18.349995,11.280006,-21.839996,13.5,-19.560003,9.419993,-4.549999,18.349995,-11.099996,21.6,-12.480001,19.919998,9.600004,0.0,0.0,0.0,0.0,pink,0.0002889423631131649,0.0,0.0,0.0,-15.631914138793945,-71.68858337402344,-94.09548950195312,-83.36117553710938,-108.7562255859375,10.85777473449707,10.710051536560059,15.6309175491333,71.68858337402344,94.09477233886719,83.36271667480469,108.7553482055664,-10.850866317749023,10.71009635925293,0.0,0.0,0.0,0.0
143,2.861293447999742,1789352836.6024497,17,-0.0022910845,0.022950595,0.000346722,0.002342073,-16.330273,-68.60712,-96.051735,-79.960526,-111.037735,14.187785,9.302935,16.32708,68.611465,96.04883,79.96282,111.038376,-14.177623,9.301534,0.0,0.0,0.0,0.0,0.0,0.0,-0.0,0.0,4.6499977,-18.600002,11.280006,-21.240005,12.540001,-21.6,8.640005,-4.749996,18.7,-11.340006,21.54,-12.959994,20.939997,9.239996,0.0,0.0,0.0,0.0,pink,0.0002919305698014796,0.0,0.0,0.0,-15.480652809143066,-72.74465942382812,-93.3375473022461,-84.29106140136719,-107.87565612792969,9.767123222351074,11.110440254211426,15.479671478271484,72.74462890625,93.33680725097656,84.29261016845703,107.8747329711914,-9.760187149047852,11.110518455505371,0.0,0.0,0.0,0.0
144,2.8812713759998587,1789352836.622428,17,-0.0022910845,0.022957826,0.000346722,0.0023284762,-16.240585,-68.98155,-95.82208,-80.38732,-110.76871,13.784065,9.477837,16.23618,68.98425,95.81949,80.39127,110.7699,-13.773656,9.476985,0.0,0.0,0.0,0.0,0.0,0.0,-0.0,0.0,4.5999985,-18.75,11.939997,-21.66,13.200005,-20.280006,8.279997,-4.5,18.650002,-11.520002,21.300005,-13.919993,21.180006,8.399996,0.0,0.0,0.0,0.0,pink,0.0002919305698014796,0.0,0.0,0.0,-15.480652809143066,-72.74465942382812,-93.3375473022461,-84.29106140136719,-107.87565612792969,9.767123222351074,11.110440254211426,15.479671478271484,72.74462890625,93.33680725097656,84.29261016845703,107.8747329711914,-9.760187149047852,11.110518455505371,0.0,0.0,0.0,0.0
145,2.901239255999826,1789352836.6423957,17,-0.0022910845,0.022963451,0.000346722,0.0023216777,-16.150063,-69.35845,-95.5791,-80.81258,-110.49052,13.376775,9.649511,16.151905,69.360214,95.58181,80.811,110.49398,-13.366022,9.650528,0.0,0.0,0.0,0.0,0.0,0.0,-0.0,0.0,4.250004,-18.7,12.540001,-20.999996,14.220003,-19.680002,7.920003,-3.8499985,18.849998,-11.999995,20.759998,-14.7599945,20.520002,7.7400055,0.0,0.0,0.0,0.0,pink,0.0003222395316697657,0.0,0.0,0.0,-15.355284690856934,-73.82057189941406,-92.53795623779297,-85.14990234375,-106.9488525390625,8.675361633300781,11.48863697052002,15.354316711425781,73.82049560546875,92.53721618652344,85.15139770507812,106.94789123535156,-8.668410301208496,11.48873233795166,0.0,0.0,0.0,0.0
146,2.9213097439997,1789352836.662466,17,-0.0022910845,0.02296787,0.000346722,0.00231148,-16.068295,-69.73828,-95.33405,-81.224495,-110.20583,12.9653225,9.820569,16.06961,69.739426,95.33589,81.22402,110.20575,-12.95251,9.824167,0.0,0.0,0.0,0.0,0.0,0.0,-0.0,0.0,4.0499954,-19.300003,12.119993,-19.8,14.160004,-20.340006,7.8600035,-4.450001,18.899998,-12.719998,20.759998,-15.180002,20.340006,7.920003,0.0,0.0,0.0,0.0,pink,0.0003222395316697657,0.0,0.0,0.0,-15.355284690856934,-73.82057189941406,-92.53795623779297,-85.14990234375,-106.9488525390625,8.675361633300781,11.48863697052002,15.354316711425781,73.82049560546875,92.53721618652344,85.15139770507812,106.94789123535156,-8.668410301208496,11.48873233795166,0.0,0.0,0.0,0.0
147,2.9413830569997117,1789352836.6825395,17,-0.0022910845,0.022971485,0.000346722,0.0023012822,-15.988312,-70.13109,-95.0795,-81.6292,-109.90611,12.544642,9.991997,15.989021,70.1291,95.07699,81.63593,109.90515,-12.530635,9.994524,0.0,0.0,0.0,0.0,0.0,0.0,-0.0,0.0,3.75,-19.749996,12.839996,-20.280006,14.940005,-21.839996,7.8000045,-3.7999992,20.150002,-13.019994,20.460003,-14.699995,21.899996,8.219998,0.0,0.0,0.0,0.0,pink,0.0003222395316697657,0.0,0.0,0.0,-15.355284690856934,-73.82057189941406,-92.53795623779297,-85.14990234375,-106.9488525390625,8.675361633300781,11.48863697052002,15.354316711425781,73.82049560546875,92.53721618652344,85.15139770507812,106.94789123535156,-8.668410301208496,11.48873233795166,0.0,0.0,0.0,0.0
148,2.9613272659998984,1789352836.7024834,17,-0.0022910845,0.022974698,0.000346722,0.0022910845,-15.909622,-70.53271,-94.8174,-82.03495,-109.58984,12.115778,10.164743,15.909565,70.531235,94.8106,82.04072,109.59,-12.103556,10.166652,0.0,0.0,0.0,0.0,0.0,0.0,-0.0,0.0,3.9999962,-20.2,13.380002,-20.099995,15.659994,-21.360004,8.159999,-3.949997,20.100002,-13.440001,20.400005,-16.499996,20.819998,8.040001,0.0,0.0,0.0,0.0,pink,0.0003211722942069173,0.0,0.0,0.0,-15.255610466003418,-74.91117858886719,-91.70233917236328,-85.93083953857422,-105.98225402832031,7.587826251983643,11.842297554016113,15.254682540893555,74.91105651855469,91.70157623291016,85.9323501586914,105.98126220703125,-7.580869674682617,11.84245491027832,0.0,0.0,0.0,0.0
149,2.9812336579998373,1789352836.72239,17,-0.0022910845,0.02297751,0.000346722,0.002284286,-15.834824,-70.93434,-94.543945,-82.43766,-109.2756,11.694232,10.332133,15.840031,70.93411,94.54044,82.436424,109.276436,-11.683054,10.3353195,0.0,0.0,0.0,0.0,0.0,0.0,-0.0,0.0,3.2499962,-20.100002,14.040006,-19.560003,15.900004,-20.7,8.040001,-3.0,20.449997,-13.859995,19.560003,-15.359999,21.180006,8.219998,0.0,0.0,0.0,0.0,pink,0.0003211722942069173,0.0,0.0,0.0,-15.255610466003418,-74.91117858886719,-91.70233917236328,-85.93083953857422,-105.98225402832031,7.587826251983643,11.842297554016113,15.254682540893555,74.91105651855469,91.70157623291016,85.9323501586914,105.98126220703125,-7.580869674682617,11.84245491027832,0.0,0.0,0.0,0.0
150,3.0013010399998166,1789352836.7424574,17,-0.0022910845,0.022980321,0.000346722,0.0022740883,-15.767338,-71.337265,-94.25724,-82.821365,-108.955025,11.270269,10.498329,15.770439,71.34024,94.2587,82.819336,108.95327,-11.260149,10.49708,0.0,0.0,0.0,0.0,0.0,0.0,-0.0,0.0,3.2999954,-19.900005,14.040006,-18.419994,15.3,-21.66,7.6800065,-3.6500015,19.849995,-13.919993,19.440006,-15.719994,20.939997,8.040001,0.0,0.0,0.0,0.0,pink,0.00036364755942486227,0.0,0.0,0.0,-15.181087493896484,-76.01123046875,-90.83708190917969,-86.62873840332031,-104.98309326171875,6.509495258331299,12.169539451599121,15.180143356323242,76.0110855102539,90.8363037109375,86.63018035888672,104.98204803466797,-6.502516746520996,12.169666290283203,0.0,0.0,0.0,0.0
151,3.0212875439997333,1789352836.7624438,17,-0.0022910845,0.022982731,0.000346722,0.00226729,-15.701717,-71.7398,-93.97613,-83.197815,-108.62531,10.84742,10.6601715,15.700413,71.74241,93.98002,83.20472,108.62509,-10.836571,10.656258,0.0,0.0,0.0,0.0,0.0,0.0,-0.0,0.0,2.9500008,-20.399998,13.859995,-18.540005,16.140001,-20.819998,7.499995,-2.7000046,20.2,-13.980006,18.84,-17.219997,21.240005,7.8600035,0.0,0.0,0.0,0.0,pink,0.00036364755942486227,0.0,0.0,0.0,-15.181087493896484,-76.01123046875,-90.83708190917969,-86.62873840332031,-104.98309326171875,6.509495258331299,12.169539451599121,15.180143356323242,76.0110855102539,90.8363037109375,86.63018035888672,104.98204803466797,-6.502516746520996,12.169666290283203,0.0,0.0,0.0,0.0
152,3.0413023619998967,1789352836.7824588,17,-0.0022910845,0.022985544,0.000346722,0.0022570922,-15.640411,-72.156166,-93.69079,-83.563,-108.28149,10.416399,10.820119,15.639221,72.159256,93.68752,83.569305,108.28287,-10.407774,10.818979,0.0,0.0,0.0,0.0,0.0,0.0,-0.0,0.0,3.2999954,-21.249996,14.819994,-18.480007,17.04,-22.980007,7.7400055,-3.199997,21.05,-15.240001,18.06,-17.339996,22.380001,8.040001,0.0,0.0,0.0,0.0,pink,0.00036364755942486227,0.0,0.0,0.0,-15.181087493896484,-76.01123046875,-90.83708190917969,-86.62873840332031,-104.98309326171875,6.509495258331299,12.169539451599121,15.180143356323242,76.0110855102539,90.8363037109375,86.63018035888672,104.98204803466797,-6.502516746520996,12.169666290283203,0.0,0.0,0.0,0.0
153,3.0611305239999638,1789352836.802287,17,-0.0022910845,0.022987552,0.000346722,0.0022502937,-15.574265,-72.58147,-93.38832,-83.92995,-107.92653,9.9794035,10.977209,15.5749855,72.58277,93.38868,83.935905,107.92715,-9.969694,10.975685,0.0,0.0,0.0,0.0,0.0,0.0,-0.0,0.0,3.1499977,-21.0,15.240001,-18.720003,17.820004,-21.899996,8.399996,-2.9000015,20.750004,-15.359999,17.700005,-17.1,21.059994,7.8600035,0.0,0.0,0.0,0.0,pink,0.0003826440079137683,0.0,0.0,0.0,-15.130716323852539,-77.11540985107422,-89.94914245605469,-87.23986053466797,-103.95914459228516,5.444931983947754,12.468850135803223,15.12976360321045,77.11524963378906,89.94834899902344,87.24127960205078,103.95807647705078,-5.437959671020508,12.468953132629395,0.0,0.0,0.0,0.0
154,3.0813365859999067,1789352836.8224926,17,-0.0022910845,0.022989562,0.000346722,0.0022434953,-15.523727,-73.003624,-93.074524,-84.28304,-107.57241,9.550278,11.12823,15.528545,73.002815,93.073425,84.287,107.57079,-9.540156,11.130812,0.0,0.0,0.0,0.0,0.0,0.0,-0.0,0.0,2.2999992,-21.0,16.140001,-16.680006,18.299995,-19.979998,7.980002,-2.2999992,20.95,-15.900004,16.740005,-18.600004,20.999996,7.5599947,0.0,0.0,0.0,0.0,pink,0.0003826440079137683,0.0,0.0,0.0,-15.130716323852539,-77.11540985107422,-89.94914245605469,-87.23986053466797,-103.95914459228516,5.444931983947754,12.468850135803223,15.12976360321045,77.11524963378906,89.94834899902344,87.24127960205078,103.95807647705078,-5.437959671020508,12.468953132629395,0.0,0.0,0.0,0.0
155,3.1012668270000177,1789352836.842423,17,-0.0022910845,0.022991167,0.000346722,0.0022332976,-15.475376,-73.42376,-92.75884,-84.61817,-107.21231,9.123761,11.2782345,15.475754,73.42284,92.75465,84.6217,107.21206,-9.112775,11.279485,0.0,0.0,0.0,0.0,0.0,0.0,-0.0,0.0,2.4999962,-20.850002,15.599996,-16.020002,17.1,-22.200005,6.8400054,-2.800003,20.95,-15.840006,16.740005,-17.519993,21.779997,7.2,0.0,0.0,0.0,0.0,pink,0.00039246241794899106,0.0,0.0,0.0,-15.103170394897461,-78.21829986572266,-89.04600524902344,-87.76228332519531,-102.91893005371094,4.398566722869873,12.73916244506836,15.102256774902344,78.21812438964844,89.04517364501953,87.76371002197266,102.91779327392578,-4.39155387878418,12.739323616027832,0.0,0.0,0.0,0.0
156,3.121333641000092,1789352836.86249,17,-0.0022876852,0.022992373,0.000346722,0.0022264991,-15.423866,-73.84549,-92.44704,-84.9461,-106.84594,8.696997,11.421263,15.418945,73.84611,92.44482,84.95203,106.84867,-8.685969,11.424312,0.0,0.0,0.0,0.0,0.0,0.0,-0.0,0.0,2.3499985,-21.149998,15.960004,-16.259998,19.500004,-20.340006,7.080002,-2.2000008,21.149998,-15.479998,16.2,-18.9,20.099995,7.080002,0.0,0.0,0.0,0.0,pink,0.00039246241794899106,0.0,0.0,0.0,-15.103170394897461,-78.21829986572266,-89.04600524902344,-87.76228332519531,-102.91893005371094,4.398566722869873,12.73916244506836,15.102256774902344,78.21812438964844,89.04517364501953,87.76371002197266,102.91779327392578,-4.39155387878418,12.739323616027832,0.0,0.0,0.0,0.0
157,3.1409258529997715,1789352836.882082,17,-0.0022876852,0.022993578,0.000346722,0.0022027043,-15.385666,-74.27725,-92.11998,-85.25562,-106.46922,8.265028,11.564552,15.380047,74.27925,92.1244,85.26484,106.46973,-8.254797,11.566942,0.0,0.0,0.0,0.0,0.0,0.0,-0.0,0.0,1.5,-21.899998,16.020002,-15.060003,18.780003,-22.380001,6.7199936,-1.699997,22.150005,-16.559994,15.240001,-18.660004,22.619999,6.7199936,0.0,0.0,0.0,0.0,pink,0.00039246241794899106,0.0,0.0,0.0,-15.103170394897461,-78.21829986572266,-89.04600524902344,-87.76228332519531,-102.91893005371094,4.398566722869873,12.73916244506836,15.102256774902344,78.21812438964844,89.04517364501953,87.76371002197266,102.91779327392578,-4.39155387878418,12.739323616027832,0.0,0.0,0.0,0.0
158,3.161321272999885,1789352836.9024775,17,-0.0022876852,0.022994783,0.000346722,0.0021857081,-15.34758,-74.716324,-91.78576,-85.55503,-106.08084,7.827951,11.703543,15.343666,74.7177,91.791214,85.55984,106.08022,-7.81669,11.707059,0.0,0.0,0.0,0.0,0.0,0.0,-0.0,0.0,2.1000023,-21.899998,16.2,-15.3,18.660004,-22.5,7.3799973,-1.9000053,21.550003,-16.559994,14.340001,-18.540005,22.44,7.3799973,0.0,0.0,0.0,0.0,pink,0.0004059093480464071,0.0,0.0,0.0,-15.096957206726074,-79.31442260742188,-88.1353759765625,-88.19559478759766,-101.87110137939453,3.374433994293213,12.979832649230957,15.096044540405273,79.31420135498047,88.13455200195312,88.19695281982422,101.86995697021484,-3.3674392700195312,12.979989051818848,0.0,0.0,0.0,0.0
159,3.1811703620001026,1789352836.9223266,17,-0.002284286,0.022995587,0.000346722,0.0021653129,-15.3079605,-75.148636,-91.45419,-85.85565,-105.69615,7.4013658,11.832413,15.304905,75.15015,91.45224,85.85792,105.6949,-7.3905854,11.837357,0.0,0.0,0.0,0.0,0.0,0.0,-0.0,0.0,1.9500046,-21.550003,17.04,-14.100004,18.660004,-19.919998,6.359999,-1.9000053,21.500004,-16.920002,14.040006,-19.139996,20.520002,5.579997,0.0,0.0,0.0,0.0,pink,0.0004059093480464071,0.0,0.0,0.0,-15.096957206726074,-79.31442260742188,-88.1353759765625,-88.19559478759766,-101.87110137939453,3.374433994293213,12.979832649230957,15.096044540405273,79.31420135498047,88.13455200195312,88.19695281982422,101.86995697021484,-3.3674392700195312,12.979989051818848,0.0,0.0,0.0,0.0
160,3.2013432579997243,1789352836.9424996,17,-0.002284286,0.02299639,0.000346722,0.0021517158,-15.27182,-75.57836,-91.11501,-86.13853,-105.309944,6.9799714,11.963493,15.270378,75.5788,91.11606,86.13896,105.306786,-6.967804,11.967654,0.0,0.0,0.0,0.0,0.0,0.0,-0.0,0.0,1.4000015,-21.199997,16.860004,-13.919993,19.620003,-21.779997,6.1200027,-1.2500038,21.149998,-16.860004,13.200005,-19.8,22.320004,6.0600038,0.0,0.0,0.0,0.0,pink,0.0004308822099119425,0.0,0.0,0.0,-15.110339164733887,-80.3980712890625,-87.2252426147461,-88.54094696044922,-100.82464599609375,2.3765101432800293,13.19058895111084,15.109456062316895,80.3978271484375,87.22439575195312,88.54227447509766,100.82347869873047,-2.3695058822631836,13.190755844116211,0.0,0.0,0.0,0.0
161,3.2212855600000694,1789352836.962442,17,-0.002284286,0.022997193,0.000346722,0.0021347196,-15.249046,-76.00774,-90.77651,-86.395645,-104.91928,6.559634,12.092226,15.249939,76.00781,90.77869,86.396996,104.916565,-6.549156,12.093448,0.0,0.0,0.0,0.0,0.0,0.0,-0.0,0.0,0.94999695,-21.849998,16.920002,-12.180006,19.979998,-20.340006,6.539996,-0.94999695,21.8,-16.800005,12.899996,-20.400005,19.859999,7.020003,0.0,0.0,0.0,0.0,pink,0.0004308822099119425,0.0,0.0,0.0,-15.110339164733887,-80.3980712890625,-87.2252426147461,-88.54094696044922,-100.82464599609375,2.3765101432800293,13.19058895111084,15.109456062316895,80.3978271484375,87.22439575195312,88.54227447509766,100.82347869873047,-2.3695058822631836,13.190755844116211,0.0,0.0,0.0,0.0
162,3.241329256999961,1789352836.9824855,17,-0.002284286,0.022997996,0.000346722,0.0021245219,-15.23172,-76.4465,-90.43013,-86.64057,-104.51908,6.132376,12.214394,15.22752,76.44584,90.43042,86.6474,104.51761,-6.1242323,12.214449,0.0,0.0,0.0,0.0,0.0,0.0,-0.0,0.0,0.79999924,-21.999996,17.640005,-11.879997,20.219994,-21.54,6.539996,-0.9999962,22.250004,-17.16,12.540001,-20.219994,22.380001,6.0600038,0.0,0.0,0.0,0.0,pink,0.0004308822099119425,0.0,0.0,0.0,-15.110339164733887,-80.3980712890625,-87.2252426147461,-88.54094696044922,-100.82464599609375,2.3765101432800293,13.19058895111084,15.109456062316895,80.3978271484375,87.22439575195312,88.54227447509766,100.82347869873047,-2.3695058822631836,13.190755844116211,0.0,0.0,0.0,0.0
163,3.2611764680000306,1789352837.0023327,17,-0.0022808868,0.022998398,0.000346722,0.002110925,-15.214188,-76.88902,-90.083305,-86.88064,-104.11022,5.7065873,12.333705,15.210022,76.88967,90.07957,86.89049,104.10875,-5.696686,12.333898,0.0,0.0,0.0,0.0,0.0,0.0,-0.0,0.0,0.94999695,-22.099995,17.399996,-12.059995,19.680002,-21.420002,5.6999955,-0.8499985,22.049995,-17.519993,11.520002,-19.500004,20.460003,6.0600038,0.0,0.0,0.0,0.0,pink,0.00042405203566886485,0.0,0.0,0.0,-15.14136028289795,-81.46357727050781,-86.32355499267578,-88.80103302001953,-99.78863525390625,1.4085662364959717,13.371627807617188,15.14051628112793,81.46332550048828,86.32267761230469,88.80237579345703,99.78742218017578,-1.401540994644165,13.371906280517578,0.0,0.0,0.0,0.0
164,3.2813796639998145,1789352837.022536,17,-0.0022774877,0.022999201,0.000346722,0.0020973282,-15.192421,-77.32443,-89.73049,-87.1102,-103.70726,5.292334,12.44729,15.19091,77.32667,89.7285,87.11403,103.70726,-5.280716,12.441564,0.0,0.0,0.0,0.0,0.0,0.0,-0.0,0.0,0.8999977,-21.650002,17.399996,-11.7,20.280006,-21.180006,5.1600037,-1.0499954,21.650002,-17.880001,10.620003,-19.500004,21.300005,5.2800016,0.0,0.0,0.0,0.0,pink,0.00042405203566886485,0.0,0.0,0.0,-15.14136028289795,-81.46357727050781,-86.32355499267578,-88.80103302001953,-99.78863525390625,1.4085662364959717,13.371627807617188,15.14051628112793,81.46332550048828,86.32267761230469,88.80237579345703,99.78742218017578,-1.401540994644165,13.371906280517578,0.0,0.0,0.0,0.0
165,3.301314150000053,1789352837.0424705,17,-0.0022740883,0.022999201,0.000346722,0.0020871304,-15.176331,-77.755066,-89.37299,-87.322044,-103.30453,4.8836565,12.552965,15.171341,77.75434,89.37485,87.32638,103.3051,-4.872052,12.551028,0.0,0.0,0.0,0.0,0.0,0.0,-0.0,0.0,0.6500015,-21.550003,17.339996,-10.079997,21.360004,-20.219994,5.8199935,-0.8499985,21.500004,-17.279997,9.780002,-20.520002,20.400005,4.980006,0.0,0.0,0.0,0.0,pink,0.0004574559279717505,0.0,0.0,0.0,-15.187975883483887,-82.50506591796875,-85.43817138671875,-88.98014068603516,-98.77188110351562,0.47422879934310913,13.523719787597656,15.187122344970703,82.50479888916016,85.43730926513672,88.98139953613281,98.7706527709961,-0.46718600392341614,13.523965835571289,0.0,0.0,0.0,0.0
166,3.321258469999975,1789352837.062415,17,-0.0022740883,0.022999603,0.000346722,0.0020769327,-15.165104,-78.185455,-89.02845,-87.515236,-102.90006,4.47285,12.657308,15.159084,78.18653,89.026306,87.52322,102.899254,-4.463498,12.652364,0.0,0.0,0.0,0.0,0.0,0.0,-0.0,0.0,0.5000038,-21.75,17.399996,-9.720003,21.059994,-19.740002,5.1600037,-0.45000458,21.550003,-17.399996,9.119998,-21.300005,19.740002,5.2800016,0.0,0.0,0.0,0.0,pink,0.0004574559279717505,0.0,0.0,0.0,-15.187975883483887,-82.50506591796875,-85.43817138671875,-88.98014068603516,-98.77188110351562,0.47422879934310913,13.523719787597656,15.187122344970703,82.50479888916016,85.43730926513672,88.98139953613281,98.7706527709961,-0.46718600392341614,13.523965835571289,0.0,0.0,0.0,0.0
167,3.341150240999923,1789352837.0823066,17,-0.002270689,0.022999603,0.000346722,0.0020701343,-15.156441,-78.62024,-88.67031,-87.70128,-102.48905,4.060931,12.758148,15.152481,78.62356,88.67175,87.70423,102.48742,-4.052266,12.754193,0.0,0.0,0.0,0.0,0.0,0.0,-0.0,0.0,0.19999695,-22.200005,18.0,-9.299995,20.460003,-21.480001,5.1000047,-0.29999542,21.849998,-18.06,8.279997,-20.219994,20.759998,4.559999,0.0,0.0,0.0,0.0,pink,0.0004574559279717505,0.0,0.0,0.0,-15.187975883483887,-82.50506591796875,-85.43817138671875,-88.98014068603516,-98.77188110351562,0.47422879934310913,13.523719787597656,15.187122344970703,82.50479888916016,85.43730926513672,88.98139953613281,98.7706527709961,-0.46718600392341614,13.523965835571289,0.0,0.0,0.0,0.0
168,3.361194764999709,1789352837.1023512,17,-0.002270689,0.022999603,0.000346722,0.0020633359,-15.1533165,-79.06057,-88.309654,-87.87107,-102.07319,3.6527207,12.852562,15.148956,79.060196,88.31224,87.87535,102.07183,-3.6422837,12.849665,0.0,0.0,0.0,0.0,0.0,0.0,-0.0,0.0,0.0,-21.75,17.519993,-7.980002,21.059994,-19.919998,4.1400056,-0.14999771,21.650002,-18.660004,7.980002,-20.219994,20.7,4.3200026,0.0,0.0,0.0,0.0,pink,0.0004635390650946647,0.0,0.0,0.0,-15.24799633026123,-83.51665496826172,-84.57673645019531,-89.08378601074219,-97.78312683105469,-0.4228561520576477,13.647870063781738,15.24715805053711,83.5163803100586,84.57589721679688,89.08499145507812,97.7818832397461,0.42991718649864197,13.648118019104004,0.0,0.0,0.0,0.0
169,3.3813289360000454,1789352837.1224852,17,-0.00226729,0.022999603,0.000346722,0.002053138,-15.15247,-79.490746,-87.954796,-88.03262,-101.664116,3.2551804,12.943144,15.147743,79.48937,87.951836,88.03221,101.6623,-3.2462401,12.942073,0.0,0.0,0.0,0.0,0.0,0.0,-0.0,0.0,0.0,-21.400005,17.580006,-6.960004,21.360004,-19.019999,5.1000047,0.0,21.349995,-18.119999,7.8000045,-21.54,20.099995,4.559999,0.0,0.0,0.0,0.0,pink,0.0004635390650946647,0.0,0.0,0.0,-15.24799633026123,-83.51665496826172,-84.57673645019531,-89.08378601074219,-97.78312683105469,-0.4228561520576477,13.647870063781738,15.24715805053711,83.5163803100586,84.57589721679688,89.08499145507812,97.7818832397461,0.42991718649864197,13.648118019104004,0.0,0.0,0.0,0.0
170,3.4013230000000476,1789352837.1424794,17,-0.00226729,0.022999603,0.000346722,0.0020463397,-15.152779,-79.91384,-87.5999,-88.180016,-101.25971,2.8610597,13.025706,15.147903,79.91308,87.59583,88.1787,101.25656,-2.8531082,13.026751,0.0,0.0,0.0,0.0,0.0,0.0,-0.0,0.0,0.0,-20.900002,17.760004,-6.539996,20.580002,-19.139996,3.9599946,0.0,21.249996,-17.459995,7.2,-20.939997,20.219994,3.480002,0.0,0.0,0.0,0.0,pink,0.0004793338885065168,0.0,0.0,0.0,-15.319113731384277,-84.4923095703125,-83.74658203125,-89.1188735961914,-96.83064270019531,-1.2790888547897339,13.745668411254883,15.318304061889648,84.49201965332031,83.74571228027344,89.12007904052734,96.82937622070312,1.2861289978027344,13.745925903320312,0.0,0.0,0.0,0.0
171,3.421232180000061,1789352837.1623886,17,-0.0022638906,0.022999603,0.000346722,0.002039541,-15.15398,-80.335,-87.246605,-88.30441,-100.85343,2.46985,13.103449,15.148521,80.335785,87.2483,88.31473,100.85236,-2.4618988,13.10603,0.0,0.0,0.0,0.0,0.0,0.0,-0.0,0.0,-0.049999237,-20.95,18.06,-6.9000044,19.620003,-18.9,4.3200026,0.049999237,21.249996,-17.760004,5.9400053,-19.740002,20.099995,4.3200026,0.0,0.0,0.0,0.0,pink,0.0004793338885065168,0.0,0.0,0.0,-15.319113731384277,-84.4923095703125,-83.74658203125,-89.1188735961914,-96.83064270019531,-1.2790888547897339,13.745668411254883,15.318304061889648,84.49201965332031,83.74571228027344,89.12007904052734,96.82937622070312,1.2861289978027344,13.745925903320312,0.0,0.0,0.0,0.0
172,3.4413513320000675,1789352837.1825075,17,-0.0022638906,0.022999201,0.000346722,0.0020327426,-15.155983,-80.7598,-86.890045,-88.42187,-100.44487,2.0829253,13.182756,15.150787,80.760994,86.89358,88.43357,100.4452,-2.0745482,13.183113,0.0,0.0,0.0,0.0,0.0,0.0,-0.0,0.0,-0.24999619,-21.400005,17.279997,-4.9199934,20.520002,-19.620003,2.8199983,0.099998474,21.299995,-17.760004,5.8199935,-19.859999,20.039997,3.9599946,0.0,0.0,0.0,0.0,pink,0.0004793338885065168,0.0,0.0,0.0,-15.319113731384277,-84.4923095703125,-83.74658203125,-89.1188735961914,-96.83064270019531,-1.2790888547897339,13.745668411254883,15.318304061889648,84.49201965332031,83.74571228027344,89.12007904052734,96.82937622070312,1.2861289978027344,13.745925903320312,0.0,0.0,0.0,0.0
173,3.4611375310000767,1789352837.202294,17,-0.0022604915,0.022998398,0.000346722,0.0020259442,-15.163136,-81.18567,-86.539635,-88.52879,-100.03399,1.6954788,13.248619,15.158649,81.18669,86.54181,88.53116,100.0346,-1.685962,13.249072,0.0,0.0,0.0,0.0,0.0,0.0,-0.0,0.0,-0.34999466,-21.099998,17.1,-5.2800016,21.059994,-19.979998,3.4200027,0.6500015,21.0,-17.820004,4.1400056,-21.300005,19.500004,3.0599945,0.0,0.0,0.0,0.0,pink,0.0004741045122500509,0.0,0.0,0.0,-15.398977279663086,-85.42591857910156,-82.95455169677734,-89.09343719482422,-95.9222183227539,-2.0907785892486572,13.818957328796387,15.398218154907227,85.42559814453125,82.95366668701172,89.09463500976562,95.92091369628906,2.097813606262207,13.819314956665039,0.0,0.0,0.0,0.0
174,3.48129790899975,1789352837.2224543,17,-0.0022604915,0.022997996,0.000346722,0.0020191458,-15.175999,-81.6014,-86.19325,-88.61114,-99.63398,1.3221633,13.321019,15.174042,81.60251,86.19061,88.62197,99.63429,-1.311438,13.323601,0.0,0.0,0.0,0.0,0.0,0.0,-0.0,0.0,-0.94999695,-20.700005,17.880001,-3.480002,19.859999,-17.700005,3.480002,0.70000076,20.399998,-17.399996,4.440001,-21.059994,17.519993,3.6,0.0,0.0,0.0,0.0,pink,0.0004741045122500509,0.0,0.0,0.0,-15.398977279663086,-85.42591857910156,-82.95455169677734,-89.09343719482422,-95.9222183227539,-2.0907785892486572,13.818957328796387,15.398218154907227,85.42559814453125,82.95366668701172,89.09463500976562,95.92091369628906,2.097813606262207,13.819314956665039,0.0,0.0,0.0,0.0
175,3.5013542329998018,1789352837.2425108,17,-0.0022570922,0.022997193,0.000346722,0.0020157464,-15.196838,-82.00874,-85.83912,-88.69032,-99.238556,0.95159453,13.382116,15.192215,82.00934,85.83814,88.6939,99.236565,-0.9416931,13.3875,0.0,0.0,0.0,0.0,0.0,0.0,-0.0,0.0,-0.8499985,-20.449997,17.700005,-4.440001,19.859999,-18.600004,2.8799973,1.0499954,20.399998,-17.760004,2.8799973,-20.580002,18.660004,3.1199937,0.0,0.0,0.0,0.0,pink,0.0004862707864958793,0.0,0.0,0.0,-15.485108375549316,-86.3113021850586,-82.20697784423828,-89.0165786743164,-95.06507873535156,-2.854160785675049,13.870173454284668,15.484370231628418,86.31098175048828,82.20610046386719,89.0177230834961,95.06377410888672,2.8612098693847656,13.870555877685547,0.0,0.0,0.0,0.0
176,3.521366121000028,1789352837.2625225,17,-0.0022570922,0.02299679,0.000346722,0.002008948,-15.214657,-82.412766,-85.50134,-88.76232,-98.845406,0.58506316,13.440358,15.217747,82.41259,85.49662,88.751785,98.843704,-0.5791031,13.435552,0.0,0.0,0.0,0.0,0.0,0.0,-0.0,0.0,-1.1500053,-19.950005,17.16,-2.9399962,19.740002,-18.179996,2.9999955,1.2500038,19.950005,-16.920002,2.8199983,-20.759998,17.700005,2.4000046,0.0,0.0,0.0,0.0,pink,0.0004862707864958793,0.0,0.0,0.0,-15.485108375549316,-86.3113021850586,-82.20697784423828,-89.0165786743164,-95.06507873535156,-2.854160785675049,13.870173454284668,15.484370231628418,86.31098175048828,82.20610046386719,89.0177230834961,95.06377410888672,2.8612098693847656,13.870555877685547,0.0,0.0,0.0,0.0
177,3.5411852100000942,1789352837.2823415,17,-0.0022536928,0.02299639,0.000346722,0.0020055487,-15.244308,-82.81869,-85.158844,-88.808876,-98.45324,0.22541198,13.498503,15.239513,82.81734,85.16224,88.815414,98.45225,-0.21575776,13.502417,0.0,0.0,0.0,0.0,0.0,0.0,-0.0,0.0,-1.4000015,-20.399998,17.1,-1.8,20.219994,-17.94,2.7,0.8999977,20.449997,-16.980001,3.540001,-20.640001,19.079998,2.9999955,0.0,0.0,0.0,0.0,pink,0.0004862707864958793,0.0,0.0,0.0,-15.485108375549316,-86.3113021850586,-82.20697784423828,-89.0165786743164,-95.06507873535156,-2.854160785675049,13.870173454284668,15.484370231628418,86.31098175048828,82.20610046386719,89.0177230834961,95.06377410888672,2.8612098693847656,13.870555877685547,0.0,0.0,0.0,0.0
178,3.561317556999711,1789352837.302474,17,-0.0022536928,0.022995587,0.000346722,0.0019987503,-15.26683,-83.220634,-84.82286,-88.84793,-98.0642,-0.13337402,13.547159,15.261852,83.222595,84.823875,88.873245,98.06149,0.14000702,13.55143,0.0,0.0,0.0,0.0,0.0,0.0,-0.0,0.0,-0.75,-19.699997,16.860004,-2.2199936,20.039997,-16.860004,2.2800064,1.5,19.749996,-16.559994,1.8599991,-20.340006,16.740005,2.1599946,0.0,0.0,0.0,0.0,pink,0.0005060143303126097,0.0,0.0,0.0,-15.574971199035645,-87.14226531982422,-81.50978088378906,-88.8980941772461,-94.26598358154297,-3.56540584564209,13.901992797851562,15.574264526367188,87.14195251464844,81.50889587402344,88.89922332763672,94.26467895507812,3.5724477767944336,13.902361869812012,0.0,0.0,0.0,0.0
179,3.5811856289997195,1789352837.322342,17,-0.0022502937,0.022995185,0.000346722,0.0019953512,-15.282394,-83.612976,-84.48998,-88.900185,-97.68587,-0.47683412,13.588124,15.287991,83.61346,84.48833,88.89332,97.68365,0.4842224,13.5922575,0.0,0.0,0.0,0.0,0.0,0.0,-0.0,0.0,-0.70000076,-19.250004,16.259998,-2.2199936,19.079998,-16.800005,1.9199982,0.94999695,19.350002,-16.800005,0.7800018,-18.119999,15.719994,2.0399964,0.0,0.0,0.0,0.0,pink,0.0005060143303126097,0.0,0.0,0.0,-15.574971199035645,-87.14226531982422,-81.50978088378906,-88.8980941772461,-94.26598358154297,-3.56540584564209,13.901992797851562,15.574264526367188,87.14195251464844,81.50889587402344,88.89922332763672,94.26467895507812,3.5724477767944336,13.902361869812012,0.0,0.0,0.0,0.0
180,3.601227020999886,1789352837.3423834,17,-0.0022468944,0.022994382,0.000346722,0.0019919518,-15.301952,-83.995186,-84.16126,-88.93182,-97.312485,-0.81731415,13.630834,15.305683,83.9957,84.162125,88.91412,97.31199,0.8234253,13.625505,0.0,0.0,0.0,0.0,0.0,0.0,-0.0,0.0,-1.3500023,-18.8,15.359999,-0.8400009,17.94,-17.279997,2.2199936,1.0499954,18.7,-16.140001,0.8400009,-18.179996,15.780006,1.3800064,0.0,0.0,0.0,0.0,pink,0.000519994820933789,0.0,0.0,0.0,-15.665993690490723,-87.91249084472656,-80.8682861328125,-88.74858093261719,-93.53095245361328,-4.220524311065674,13.917311668395996,15.665276527404785,87.91216278076172,80.8674087524414,88.7496566772461,93.52961730957031,4.227573871612549,13.917661666870117,0.0,0.0,0.0,0.0
181,3.62140350799973,1789352837.3625598,17,-0.0022468944,0.022990365,0.000346722,0.0019851534,-15.335953,-84.370285,-83.84826,-88.939095,-96.947395,-1.1504059,13.67541,15.332119,84.3717,83.84495,88.92564,96.94667,1.1562011,13.669601,0.0,0.0,0.0,0.0,0.0,0.0,-0.0,0.0,-1.8499947,-18.550003,15.599996,0.0,19.319994,-16.2,1.9199982,1.5,18.550003,-15.780006,0.4800064,-18.359995,15.419998,3.0599945,0.0,0.0,0.0,0.0,pink,0.000519994820933789,0.0,0.0,0.0,-15.665993690490723,-87.91249084472656,-80.8682861328125,-88.74858093261719,-93.53095245361328,-4.220524311065674,13.917311668395996,15.665276527404785,87.91216278076172,80.8674087524414,88.7496566772461,93.52961730957031,4.227573871612549,13.917661666870117,0.0,0.0,0.0,0.0
182,3.6413876869996784,1789352837.3825438,17,-0.0022434953,0.022985946,0.000346722,0.001981754,-15.36969,-84.74448,-83.53129,-88.93917,-96.58617,-1.4759719,13.707683,15.366211,84.745186,83.53221,88.93228,96.58452,1.4853241,13.715208,0.0,0.0,0.0,0.0,0.0,0.0,-0.0,0.0,-1.4500008,-18.550003,15.719994,0.0,17.16,-15.419998,1.3800064,1.8499947,18.299995,-15.960004,0.23999634,-17.700005,15.900004,1.8599991,0.0,0.0,0.0,0.0,pink,0.000519994820933789,0.0,0.0,0.0,-15.665993690490723,-87.91249084472656,-80.8682861328125,-88.74858093261719,-93.53095245361328,-4.220524311065674,13.917311668395996,15.665276527404785,87.91216278076172,80.8674087524414,88.7496566772461,93.52961730957031,4.227573871612549,13.917661666870117,0.0,0.0,0.0,0.0
183,3.661285691000103,1789352837.402442,17,-0.0022434953,0.022982731,0.000346722,0.001978355,-15.406048,-85.11437,-83.21907,-88.93864,-96.22856,-1.7977479,13.739598,15.403301,85.11397,83.22025,88.93419,96.22867,1.8067977,13.74575,0.0,0.0,0.0,0.0,0.0,0.0,-0.0,0.0,-1.7999954,-18.299995,15.120003,0.059999086,17.459995,-16.020002,1.5600036,1.6499977,18.249996,-15.359999,0.0,-17.279997,17.04,1.1399963,0.0,0.0,0.0,0.0,pink,0.000520955363754183,0.0,0.0,0.0,-15.755508422851562,-88.61569213867188,-80.28734588623047,-88.5789794921875,-92.865478515625,-4.815441608428955,13.919370651245117,15.754830360412598,88.61537170410156,80.28646850585938,88.58003997802734,92.86416625976562,4.822476863861084,13.919748306274414,0.0,0.0,0.0,0.0
184,3.6813572199998816,1789352837.4225135,17,-0.002240096,0.02297992,0.000346722,0.0019749557,-15.4346695,-85.472466,-82.92044,-88.93836,-95.88369,-2.108043,13.765127,15.432816,85.4721,82.92019,88.933876,95.883095,2.1151702,13.765869,0.0,0.0,0.0,0.0,0.0,0.0,-0.0,0.0,-1.3500023,-17.499996,14.639997,0.059999086,18.0,-14.819994,0.8400009,1.300003,17.449997,-15.419998,0.059999086,-17.16,14.100004,1.0199982,0.0,0.0,0.0,0.0,pink,0.000520955363754183,0.0,0.0,0.0,-15.755508422851562,-88.61569213867188,-80.28734588623047,-88.5789794921875,-92.865478515625,-4.815441608428955,13.919370651245117,15.754830360412598,88.61537170410156,80.28646850585938,88.58003997802734,92.86416625976562,4.822476863861084,13.919748306274414,0.0,0.0,0.0,0.0
185,3.7013608929996735,1789352837.4425173,17,-0.0022366967,0.022977911,0.000346722,0.0019715563,-15.460545,-85.82068,-82.62658,-88.93404,-95.54895,-2.4102492,13.784587,15.457603,85.819466,82.62625,88.93194,95.54569,2.4192855,13.790396,0.0,0.0,0.0,0.0,0.0,0.0,-0.0,0.0,-1.2500038,-17.3,14.940005,0.3599945,16.980001,-15.659994,1.1999954,1.3500023,17.25,-14.100004,-0.11999817,-16.499996,15.900004,1.2599945,0.0,0.0,0.0,0.0,pink,0.0005160461296327412,0.0,0.0,0.0,-15.840867042541504,-89.24552917480469,-79.77141571044922,-88.40037536621094,-92.274658203125,-5.3458685874938965,13.911453247070312,15.840182304382324,89.2452163696289,79.77052307128906,88.40142059326172,92.2733154296875,5.352912425994873,13.911850929260254,0.0,0.0,0.0,0.0
186,3.721257331999823,1789352837.4624138,17,-0.0022366967,0.022975903,0.000346722,0.0019681572,-15.492634,-86.15837,-82.341034,-88.91712,-95.22257,-2.7047105,13.809965,15.490196,86.158554,82.34071,88.91881,95.21892,2.7131286,13.810831,0.0,0.0,0.0,0.0,0.0,0.0,-0.0,0.0,-1.9000053,-16.950005,13.799995,1.3800064,15.180002,-14.280002,1.3800064,1.9000053,17.2,-14.220003,-1.3199936,-15.479998,15.3,0.7200028,0.0,0.0,0.0,0.0,pink,0.0005160461296327412,0.0,0.0,0.0,-15.840867042541504,-89.24552917480469,-79.77141571044922,-88.40037536621094,-92.274658203125,-5.3458685874938965,13.911453247070312,15.840182304382324,89.2452163696289,79.77052307128906,88.40142059326172,92.2733154296875,5.352912425994873,13.911850929260254,0.0,0.0,0.0,0.0
187,3.7413003319998097,1789352837.4824567,17,-0.0022332976,0.022974296,0.000346722,0.001964758,-15.529278,-86.49174,-82.05884,-88.8864,-94.90115,-2.994722,13.83669,15.532951,86.4922,82.05896,88.878265,94.89908,3.0014236,13.8233,0.0,0.0,0.0,0.0,0.0,0.0,-0.0,0.0,-1.9500046,-16.45,13.980006,1.5600036,15.780006,-13.739996,0.9599991,2.1000023,16.900005,-13.619998,-2.4600036,-15.900004,14.280002,0.4800064,0.0,0.0,0.0,0.0,pink,0.0005160461296327412,0.0,0.0,0.0,-15.840867042541504,-89.24552917480469,-79.77141571044922,-88.40037536621094,-92.274658203125,-5.3458685874938965,13.911453247070312,15.840182304382324,89.2452163696289,79.77052307128906,88.40142059326172,92.2733154296875,5.352912425994873,13.911850929260254,0.0,0.0,0.0,0.0
188,3.7612715499999467,1789352837.5024278,17,-0.0022332976,0.02297269,0.000346722,0.0019613586,-15.568588,-86.819244,-81.78681,-88.850525,-94.58774,-3.2758896,13.849956,15.574963,86.821266,81.78664,88.833786,94.58633,3.2832093,13.83636,0.0,0.0,0.0,0.0,0.0,0.0,-0.0,0.0,-1.6499977,-15.999996,13.200005,2.2199936,15.960004,-13.320003,0.5400055,1.5499992,16.400002,-13.200005,-1.740001,-15.599996,13.5,0.9599991,0.0,0.0,0.0,0.0,pink,0.0005223427433520555,0.0,0.0,0.0,-15.919429779052734,-89.795654296875,-79.32447814941406,-88.22386932373047,-91.76300048828125,-5.807411193847656,13.896970748901367,15.918753623962402,89.79533386230469,79.32361602783203,88.22486114501953,91.76167297363281,5.814455986022949,13.897353172302246,0.0,0.0,0.0,0.0
189,3.781399730999965,1789352837.522556,17,-0.0022298982,0.022969877,0.000346722,0.0019579595,-15.598412,-87.13506,-81.52618,-88.79576,-94.286644,-3.5429122,13.85685,15.598858,87.13666,81.52731,88.80445,94.285736,3.5495179,13.857481,0.0,0.0,0.0,0.0,0.0,0.0,-0.0,0.0,-1.4500008,-15.550003,12.719998,2.9399962,14.639997,-13.080007,0.23999634,1.2000046,15.600002,-13.080007,-1.1999954,-15.120003,13.559999,1.1999954,0.0,0.0,0.0,0.0,pink,0.0005223427433520555,0.0,0.0,0.0,-15.919429779052734,-89.795654296875,-79.32447814941406,-88.22386932373047,-91.76300048828125,-5.807411193847656,13.896970748901367,15.918753623962402,89.79533386230469,79.32361602783203,88.22486114501953,91.76167297363281,5.814455986022949,13.897353172302246,0.0,0.0,0.0,0.0
190,3.8013422169997284,1789352837.5424986,17,-0.0022264991,0.022934929,0.000346722,0.0019545602,-15.629173,-87.43746,-81.27591,-88.73503,-93.997,-3.800473,13.866999,15.6254425,87.4399,81.27194,88.7678,93.99574,3.8073394,13.876735,0.0,0.0,0.0,0.0,0.0,-0.003071017,-0.0,0.0,-1.5499992,-14.950001,12.059995,2.8799973,13.619998,-13.019994,0.5400055,1.3500023,14.800003,-12.540001,-2.6400008,-14.100004,12.6,0.41999358,0.0,0.0,0.0,0.0,pink,0.0004804344498552382,0.0,0.0,0.0,-16.01512908935547,-90.0,-78.7978515625,-88.05314636230469,-91.47080993652344,-6.344712734222412,13.87312126159668,16.014537811279297,90.0,78.79707336425781,88.05398559570312,91.46929931640625,6.351572036743164,13.873489379882812,0.0,0.0,0.0,0.0
191,3.8213530819998596,1789352837.5625093,17,-0.0022264991,0.022900384,0.000346722,0.001951161,-15.659878,-87.72788,-81.030655,-88.6866,-93.719574,-4.0499864,13.874812,15.661343,87.72855,81.02995,88.69738,93.71846,4.057059,13.881816,0.0,0.0,0.0,0.0,0.0,0.0,-0.0,0.0,-1.5,-14.499996,12.6,1.9799973,13.440001,-12.059995,0.29999542,2.2999992,14.000004,-11.819998,-4.3200026,-13.559999,13.019994,0.11999817,0.0,0.0,0.0,0.0,pink,0.0004804344498552382,0.0,0.0,0.0,-16.01512908935547,-90.0,-78.7978515625,-88.05314636230469,-91.47080993652344,-6.344712734222412,13.87312126159668,16.014537811279297,90.0,78.79707336425781,88.05398559570312,91.46929931640625,6.351572036743164,13.873489379882812,0.0,0.0,0.0,0.0
192,3.841458355999748,1789352837.582615,17,-0.0022230998,0.022889538,0.000346722,0.0019477617,-15.696247,-88.00755,-80.79143,-88.64094,-93.45174,-4.2949677,13.879248,15.704315,88.005615,80.7926,88.615364,93.45074,4.302095,13.887268,0.0,0.0,0.0,0.0,0.0,0.0,-0.0,0.0,-2.1500015,-13.749996,12.180006,3.1800065,13.260004,-11.819998,0.11999817,1.9000053,13.5,-11.819998,-3.1800065,-14.280002,11.460004,0.3599945,0.0,0.0,0.0,0.0,pink,0.0004804344498552382,0.0,0.0,0.0,-16.01512908935547,-90.0,-78.7978515625,-88.05314636230469,-91.47080993652344,-6.344712734222412,13.87312126159668,16.014537811279297,90.0,78.79707336425781,88.05398559570312,91.46929931640625,6.351572036743164,13.873489379882812,0.0,0.0,0.0,0.0
193,3.861181762999877,1789352837.602338,17,-0.0022197005,0.022884717,0.000346722,0.0019409633,-15.741154,-88.269905,-80.55784,-88.56535,-93.1998,-4.5392213,13.88014,15.739277,88.26635,80.55785,88.55968,93.196846,4.5463076,13.894478,0.0,0.0,0.0,0.0,0.0,0.0,-0.0,0.0,-2.0000038,-12.550003,10.919998,4.0800066,11.520002,-13.019994,0.0,1.2000046,13.150005,-11.759999,-2.7,-11.520002,11.939997,0.17999725,0.0,0.0,0.0,0.0,pink,0.0004508125130087137,0.0,0.0,0.0,-16.151147842407227,-90.0,-78.04209899902344,-87.91461181640625,-91.53431701660156,-7.098740100860596,13.846529006958008,16.150606155395508,90.0,78.04136657714844,87.91537475585938,91.53271484375,7.105486869812012,13.846936225891113,0.0,0.0,0.0,0.0
194,3.881323983999664,1789352837.6224804,17,-0.0022197005,0.022881102,0.000346722,0.0019375641,-15.774319,-88.51091,-80.3335,-88.50287,-92.964745,-4.7739716,13.881253,15.764809,88.511505,80.3271,88.506546,92.96157,4.777336,13.895055,0.0,0.0,0.0,0.0,0.0,0.0,-0.0,0.0,-1.4000015,-11.549995,11.039996,2.0399964,11.580002,-11.879997,0.059999086,1.8499947,11.25,-11.580002,-2.9999955,-11.280006,11.879997,-0.0,0.0,0.0,0.0,0.0,pink,0.0004508125130087137,0.0,0.0,0.0,-16.151147842407227,-90.0,-78.04209899902344,-87.91461181640625,-91.53431701660156,-7.098740100860596,13.846529006958008,16.150606155395508,90.0,78.04136657714844,87.91537475585938,91.53271484375,7.105486869812012,13.846936225891113,0.0,0.0,0.0,0.0
195,3.9013252589998046,1789352837.6424813,17,-0.0022163014,0.022877486,0.000346722,0.0019341648,-15.8024025,-88.72547,-80.1103,-88.46054,-92.75161,-5.0032563,13.882874,15.805172,88.72504,80.10508,88.44286,92.749176,5.009285,13.895645,0.0,0.0,0.0,0.0,0.0,0.0,-0.0,0.0,-1.4500008,-9.700001,11.460004,2.2199936,9.720003,-11.340006,0.0,2.1000023,9.349995,-11.460004,-2.9999955,-9.540006,12.540001,-0.0,0.0,0.0,0.0,0.0,pink,0.00044023370719514787,0.0,0.0,0.0,-16.256025314331055,-90.0,-77.4898910522461,-87.80744934082031,-91.58134460449219,-7.649560928344727,13.826367378234863,16.25552749633789,90.0,77.48917388916016,87.80821228027344,91.57972717285156,7.656304836273193,13.826844215393066,0.0,0.0,0.0,0.0
196,3.9213121929997214,1789352837.6624687,17,-0.002212902,0.022874674,0.000346722,0.0019307656,-15.844666,-88.90684,-79.876335,-88.39488,-92.561,-5.2350264,13.88264,15.849987,88.9055,79.878654,88.381744,92.56052,5.2437057,13.8958235,0.0,0.0,0.0,0.0,0.0,0.0,-0.0,0.0,-2.7500038,-8.050003,11.520002,4.0800066,9.600004,-11.219994,0.0,2.2000008,8.25,-11.759999,-2.9399962,-8.940001,12.059995,-0.0,0.0,0.0,0.0,0.0,pink,0.00044023370719514787,0.0,0.0,0.0,-16.256025314331055,-90.0,-77.4898910522461,-87.80744934082031,-91.58134460449219,-7.649560928344727,13.826367378234863,16.25552749633789,90.0,77.48917388916016,87.80821228027344,91.57972717285156,7.656304836273193,13.826844215393066,0.0,0.0,0.0,0.0
197,3.9412101650000295,1789352837.6823664,17,-0.002212902,0.022871861,0.000346722,0.0019239672,-15.895695,-89.05577,-79.64302,-88.32007,-92.39792,-5.475778,13.882599,15.898315,89.05591,79.64434,88.31837,92.39553,5.4828506,13.895563,0.0,0.0,0.0,0.0,0.0,0.0,-0.0,0.0,-2.25,-6.500004,11.999995,2.5200028,7.980002,-11.460004,0.0,2.2000008,6.4500046,-11.7,-3.1800065,-7.980002,11.159994,-0.0,0.0,0.0,0.0,0.0,pink,0.00044023370719514787,0.0,0.0,0.0,-16.256025314331055,-90.0,-77.4898910522461,-87.80744934082031,-91.58134460449219,-7.649560928344727,13.826367378234863,16.25552749633789,90.0,77.48917388916016,87.80821228027344,91.57972717285156,7.656304836273193,13.826844215393066,0.0,0.0,0.0,0.0
198,3.9610189629997876,1789352837.702175,17,-0.002209503,0.022868246,0.000346722,0.0019205678,-15.935852,-89.18065,-79.40767,-88.27906,-92.255325,-5.7161727,13.882063,15.941116,89.18224,79.40922,88.2639,92.25448,5.722833,13.8951645,0.0,0.0,0.0,0.0,0.0,0.0,-0.0,0.0,-2.1000023,-5.5999947,12.059995,1.8,5.8800063,-12.540001,0.0,2.25,5.449997,-11.039996,-2.6400008,-6.7800064,11.939997,-0.0,0.0,0.0,0.0,0.0,pink,0.000450552353868261,0.0,0.0,0.0,-16.31947135925293,-90.0,-77.16840362548828,-87.73921966552734,-91.59503173828125,-7.970755100250244,13.814262390136719,16.318931579589844,90.0,77.16768646240234,87.73995208740234,91.59343719482422,7.9774980545043945,13.81467342376709,0.0,0.0,0.0,0.0
199,3.981018517999928,1789352837.7221746,17,-0.0022061036,0.022863828,0.000346722,0.0019171686,-15.982693,-89.283394,-79.16909,-88.22849,-92.14007,-5.9554825,13.880896,15.986961,89.28239,79.17354,88.2118,92.13882,5.964821,13.8946705,0.0,0.0,0.0,0.0,0.0,0.0,-0.0,0.0,-2.9000015,-4.5999985,11.400004,3.6599991,5.4,-12.2400055,-0.11999817,2.3999977,4.6499977,-11.999995,-2.7,-4.619998,12.540001,-0.0,0.0,0.0,0.0,0.0,pink,0.000450552353868261,0.0,0.0,0.0,-16.31947135925293,-90.0,-77.16840362548828,-87.73921966552734,-91.59503173828125,-7.970755100250244,13.814262390136719,16.318931579589844,90.0,77.16768646240234,87.73995208740234,91.59343719482422,7.9774980545043945,13.81467342376709,0.0,0.0,0.0,0.0
200,4.00102069400009,1789352837.7421768,17,-0.0022061036,0.022853786,0.000346722,0.0019137694,-16.042831,-89.36133,-78.938705,-88.148636,-92.03788,-6.188722,13.878479,16.037544,89.36075,78.93946,88.15943,92.03417,6.1972094,13.893626,0.0,0.0,0.0,0.0,0.0,0.0,-0.0,0.0,-2.7500038,-3.4000053,11.340006,3.3600037,3.8999953,-11.580002,-0.11999817,2.5499954,3.199997,-11.819998,-2.6400008,-4.7399964,12.180006,-0.059999086,0.0,0.0,0.0,0.0,pink,0.00045089921331964433,0.0,0.0,0.0,-16.343345642089844,-90.0,-77.04877471923828,-87.71549987792969,-91.60870361328125,-8.089922904968262,13.80974292755127,16.342824935913086,90.0,77.04805755615234,87.71623229980469,91.60710906982422,8.096665382385254,13.810187339782715,0.0,0.0,0.0,0.0
201,4.020961696000086,1789352837.7621179,17,-0.0022027043,0.02284294,0.000346722,0.001906971,-16.088757,-89.428825,-78.721695,-88.103035,-91.962555,-6.4136534,13.876638,16.086742,89.42442,78.70978,88.10867,91.96102,6.4182677,13.889795,0.0,0.0,0.0,0.0,0.0,0.0,-0.0,-0.025987154,-1.9500046,-3.0999985,10.319994,1.5600036,3.8399963,-10.8,-0.11999817,2.2000008,3.7999992,-10.680002,-2.4600036,-3.3000045,11.400004,-0.17999725,0.0,0.0,0.0,0.0,pink,0.00045089921331964433,0.0,0.0,0.0,-16.343345642089844,-90.0,-77.04877471923828,-87.71549987792969,-91.60870361328125,-8.089922904968262,13.80974292755127,16.342824935913086,90.0,77.04805755615234,87.71623229980469,91.60710906982422,8.096665382385254,13.810187339782715,0.0,0.0,0.0,0.0
202,4.040914675999829,1789352837.7820709,17,-0.0021993052,0.022834904,0.000346722,0.0019035717,-16.12675,-89.4837,-78.51211,-88.06877,-91.88635,-6.626953,13.871503,16.133274,89.490875,78.5122,88.053925,91.88903,6.6348634,13.88503,0.0,0.0,0.0,0.0,0.0,-0.0030710213,-0.0,0.0,-2.1500015,-2.3999977,9.9,1.9799973,3.540001,-10.2599945,-0.11999817,2.050003,2.25,-9.780002,-2.759999,-3.4200027,10.859999,-0.3599945,0.0,0.0,0.0,0.0,pink,0.00045089921331964433,0.0,0.0,0.0,-16.343345642089844,-90.0,-77.04877471923828,-87.71549987792969,-91.60870361328125,-8.089922904968262,13.80974292755127,16.342824935913086,90.0,77.04805755615234,87.71623229980469,91.60710906982422,8.096665382385254,13.810187339782715,0.0,0.0,0.0,0.0
203,4.0610525719998805,1789352837.8022087,17,-0.0021993052,0.02282406,0.000346722,0.0018831763,-16.173386,-89.52561,-78.31141,-88.01412,-91.83951,-6.8223586,13.866587,16.1777,89.5149,78.308105,88.00389,91.8313,6.830214,13.880017,0.0,0.0,0.0,0.0,0.0,-0.0030710218,-0.0,0.0,-2.25,-1.9000053,9.600004,3.2400055,1.6800019,-8.820003,-0.29999542,2.0000038,1.0499954,-10.680002,-2.1599946,-1.740001,9.119998,-0.17999725,0.0,0.0,0.0,0.0,pink,0.00044812445412389934,0.0,0.0,0.0,-16.356061935424805,-90.0,-76.98628997802734,-87.69999694824219,-91.60365295410156,-8.152629852294922,13.807316780090332,16.355531692504883,90.0,76.985595703125,87.70072937011719,91.60205841064453,8.159384727478027,13.807683944702148,0.0,0.0,0.0,0.0
204,4.0810489020000205,1789352837.8222048,17,-0.0021619136,0.02279594,0.000346722,0.0018627809,-16.212868,-89.560974,-78.127846,-87.96113,-91.79997,-7.001958,13.861766,16.212833,89.5475,78.123474,87.96584,91.80045,7.009717,13.874758,0.0,0.0,0.0,0.0,0.0,0.0,-0.0,0.0,-1.6499977,-1.4500008,8.040001,1.6200027,1.8599991,-8.219998,-0.11999817,1.7999954,1.7499962,-8.159999,-1.6200027,-1.8599991,9.0,-0.4800064,0.0,0.0,0.0,0.0,pink,0.00044812445412389934,0.0,0.0,0.0,-16.356061935424805,-90.0,-76.98628997802734,-87.69999694824219,-91.60365295410156,-8.152629852294922,13.807316780090332,16.355531692504883,90.0,76.985595703125,87.70072937011719,91.60205841064453,8.159384727478027,13.807683944702148,0.0,0.0,0.0,0.0
205,4.101077733999773,1789352837.842234,17,-0.0021211228,0.022776257,0.000346722,0.0018457847,-16.245735,-89.5833,-77.970604,-87.93321,-91.76192,-7.166519,13.859912,16.245998,89.58691,77.97655,87.93692,91.76354,7.17182,13.868811,0.0,0.0,0.0,0.0,0.0,0.0,-0.0,0.0,-1.4000015,-0.75,7.980002,1.3800064,1.8599991,-7.6800065,-0.11999817,1.3500023,2.2999992,-6.7800064,-1.2599945,-1.5600036,7.5599947,-0.23999634,0.0,0.0,0.0,0.0,pink,0.00044406900997273624,0.0,0.0,0.0,-16.400535583496094,-90.0,-76.76786804199219,-87.65463256835938,-91.62445831298828,-8.370428085327148,13.798921585083008,16.400007247924805,90.0,76.76715087890625,87.6553726196289,91.62287139892578,8.377158164978027,13.799348831176758,0.0,0.0,0.0,0.0
206,4.120873784999731,1789352837.8620298,17,-0.0020973282,0.022765411,0.000346722,0.0018321878,-16.274723,-89.601974,-77.819695,-87.91124,-91.72446,-7.3114424,13.852606,16.27597,89.617195,77.83568,87.90062,91.72976,7.319875,13.864197,0.0,0.0,0.0,0.0,0.0,0.0,-0.0,0.0,-1.5999985,-1.0999947,7.080002,1.0799973,1.6800019,-6.7199936,-0.3599945,1.4000015,0.75,-6.2400007,-2.2800064,-1.6200027,7.3199983,-0.17999725,0.0,0.0,0.0,0.0,pink,0.00044406900997273624,0.0,0.0,0.0,-16.400535583496094,-90.0,-76.76786804199219,-87.65463256835938,-91.62445831298828,-8.370428085327148,13.798921585083008,16.400007247924805,90.0,76.76715087890625,87.6553726196289,91.62287139892578,8.377158164978027,13.799348831176758,0.0,0.0,0.0,0.0
207,4.140992227999959,1789352837.8821483,17,-0.0020735334,0.022756573,0.000346722,0.0018185908,-16.30973,-89.6241,-77.69555,-87.88226,-91.70099,-7.4443083,13.847456,16.303814,89.63248,77.69174,87.85756,91.70468,7.451903,13.85755,0.0,0.0,0.0,0.0,0.0,0.0,-0.0,0.0,-1.6499977,-0.94999695,6.000005,1.3800064,1.0799973,-6.1200027,-0.29999542,1.6499977,0.70000076,-6.9000044,-1.8,-0.9599991,5.9400053,-0.4800064,0.0,0.0,0.0,0.0,pink,0.00044406900997273624,0.0,0.0,0.0,-16.400535583496094,-90.0,-76.76786804199219,-87.65463256835938,-91.62445831298828,-8.370428085327148,13.798921585083008,16.400007247924805,90.0,76.76715087890625,87.6553726196289,91.62287139892578,8.377158164978027,13.799348831176758,0.0,0.0,0.0,0.0
208,4.160978779999823,1789352837.902135,17,-0.0020565372,0.02274854,0.000346722,0.0018049938,-16.337402,-89.639915,-77.57011,-87.85496,-91.680595,-7.5704727,13.840274,16.336395,89.644424,77.57449,87.82555,91.68398,7.5747848,13.848912,0.0,0.0,0.0,0.0,0.0,0.0,-0.0,0.0,-1.2000046,-0.45000458,5.579997,1.5600036,0.7800018,-6.8400054,-0.41999358,1.2000046,0.19999695,-6.479997,-1.3800064,-0.9599991,5.8199935,-0.4800064,0.0,0.0,0.0,0.0,pink,0.00044812445412389934,0.0,0.0,0.0,-16.470949172973633,-90.0,-76.42909240722656,-87.58172607421875,-91.6527328491211,-8.70832347869873,13.785667419433594,16.470434188842773,90.0,76.42839050292969,87.58244323730469,91.651123046875,8.715065002441406,13.786087036132812,0.0,0.0,0.0,0.0
209,4.180885087999741,1789352837.9220412,17,-0.0020429404,0.022704754,0.000346722,0.0017947962,-16.359982,-89.65088,-77.45839,-87.81319,-91.67205,-7.6825194,13.833298,16.35617,89.64806,77.453354,87.80871,91.66477,7.686818,13.834135,0.0,0.0,0.0,0.0,0.0,0.0,-0.0,0.0,-1.0999947,-0.5000038,6.0600038,2.0399964,0.23999634,-5.9400053,-0.17999725,1.0499954,0.29999542,-4.559999,-0.5400055,-0.60000455,5.0400057,-0.8400009,0.0,0.0,0.0,0.0,pink,0.00044812445412389934,0.0,0.0,0.0,-16.470949172973633,-90.0,-76.42909240722656,-87.58172607421875,-91.6527328491211,-8.70832347869873,13.785667419433594,16.470434188842773,90.0,76.42839050292969,87.58244323730469,91.651123046875,8.715065002441406,13.786087036132812,0.0,0.0,0.0,0.0
210,4.201002919000075,1789352837.9421592,17,-0.0020259442,0.022672618,0.000346722,0.0017845985,-16.383522,-89.65924,-77.351974,-87.7756,-91.667625,-7.7963104,13.831128,16.380238,89.653625,77.34442,87.79329,91.65715,7.7990847,13.820169,0.0,0.0,0.0,0.0,0.0,0.0,-0.0,0.0,-1.300003,-0.5000038,4.619998,1.5600036,0.059999086,-5.519998,-0.059999086,1.2500038,0.14999771,-6.2400007,-1.0199982,-0.29999542,5.579997,-0.4800064,0.0,0.0,0.0,0.0,pink,0.00045148617937229574,0.0,0.0,0.0,-16.569135665893555,-90.0,-75.96922302246094,-87.48257446289062,-91.70256042480469,-9.166566848754883,13.767313003540039,16.56867218017578,90.0,75.9684829711914,87.48331451416016,91.70092010498047,9.17330265045166,13.767812728881836,0.0,0.0,0.0,0.0
211,4.22128907699971,1789352837.9624453,17,-0.0020123473,0.022656951,0.000346722,0.0017744008,-16.405426,-89.66929,-77.24522,-87.75376,-91.66503,-7.901271,13.8298645,16.406021,89.656975,77.24075,87.76898,91.653336,7.9031115,13.813907,0.0,0.0,0.0,0.0,0.0,0.0,-0.0,0.0,-0.8999977,-0.29999542,5.8800063,0.7200028,0.11999817,-5.8199935,-0.059999086,1.0999947,0.19999695,-5.0400057,-1.1399963,-0.059999086,5.1600037,-0.17999725,0.0,0.0,0.0,0.0,pink,0.00045148617937229574,0.0,0.0,0.0,-16.569135665893555,-90.0,-75.96922302246094,-87.48257446289062,-91.70256042480469,-9.166566848754883,13.767313003540039,16.56867218017578,90.0,75.9684829711914,87.48331451416016,91.70092010498047,9.17330265045166,13.767812728881836,0.0,0.0,0.0,0.0
212,4.241331133999665,1789352837.9824872,17,-0.0020021496,0.022646105,0.000346722,0.0017676023,-16.425797,-89.677246,-77.13429,-87.74104,-91.66371,-8.016133,13.826281,16.428532,89.66178,77.12365,87.74873,91.651794,8.019882,13.810707,0.0,0.0,0.0,0.0,0.0,0.0,-0.0,0.0,-1.300003,-0.45000458,5.340001,0.5400055,0.0,-5.6399965,-0.17999725,1.2500038,0.14999771,-6.0600038,-1.2599945,-0.059999086,5.2200027,-0.11999817,0.0,0.0,0.0,0.0,pink,0.00045148617937229574,0.0,0.0,0.0,-16.569135665893555,-90.0,-75.96922302246094,-87.48257446289062,-91.70256042480469,-9.166566848754883,13.767313003540039,16.56867218017578,90.0,75.9684829711914,87.48331451416016,91.70092010498047,9.17330265045166,13.767812728881836,0.0,0.0,0.0,0.0
213,4.261278619999757,1789352838.002435,17,-0.0019919518,0.022638071,0.000346722,0.0017574045,-16.454876,-89.6853,-77.01481,-87.721725,-91.66362,-8.134717,13.821955,16.455173,89.6675,77.01236,87.71869,91.65162,8.137395,13.806903,0.0,0.0,0.0,0.0,0.0,-0.0032903606,-0.0,0.0,-1.3500023,-0.29999542,5.8800063,1.2599945,0.0,-6.6599946,-0.23999634,1.4000015,0.40000534,-6.000005,-1.8599991,0.0,5.8800063,-0.23999634,0.0,0.0,0.0,0.0,pink,0.00045156621490605175,0.0,0.0,0.0,-16.69429588317871,-90.0,-75.40298461914062,-87.35855102539062,-91.77436828613281,-9.730186462402344,13.74415111541748,16.693788528442383,90.0,75.40229034423828,87.35923767089844,91.77276611328125,9.736919403076172,13.744577407836914,0.0,0.0,0.0,0.0
214,4.281445429000087,1789352838.022602,17,-0.001981754,0.022594687,0.000346722,0.0017506061,-16.476322,-89.693596,-76.89636,-87.70003,-91.66373,-8.253163,13.81193,16.48066,89.67831,76.89088,87.67727,91.65169,8.259384,13.802193,0.0,0.0,0.0,0.0,0.0,0.0,-0.0,0.0,-0.94999695,-0.5000038,6.7800064,0.7800018,0.0,-6.359999,-0.60000455,1.2000046,0.55000305,-5.7599945,-2.1599946,0.0,6.7199936,-0.17999725,0.0,0.0,0.0,0.0,pink,0.00045156621490605175,0.0,0.0,0.0,-16.69429588317871,-90.0,-75.40298461914062,-87.35855102539062,-91.77436828613281,-9.730186462402344,13.74415111541748,16.693788528442383,90.0,75.40229034423828,87.35923767089844,91.77276611328125,9.736919403076172,13.744577407836914,0.0,0.0,0.0,0.0
215,4.301278754999657,1789352838.042435,17,-0.0019749557,0.022489842,0.000346722,0.0017472069,-16.497997,-89.70089,-76.76544,-87.67903,-91.664185,-8.384051,13.802755,16.502335,89.69565,76.76988,87.6429,91.65211,8.387746,13.797455,0.0,0.0,0.0,0.0,0.0,0.0,-0.0,0.0,-1.1500053,-0.29999542,6.000005,1.1999954,0.0,-6.1200027,-0.3599945,0.9999962,0.8999977,-6.359999,-1.1399963,0.059999086,7.140001,-0.11999817,0.0,0.0,0.0,0.0,pink,0.0004574625927489251,0.0,0.0,0.0,-16.83662986755371,-90.0,-74.78538513183594,-87.21116638183594,-91.83306121826172,-10.345732688903809,13.717669486999512,16.836143493652344,90.0,74.78469848632812,87.21184539794922,91.83145904541016,10.352470397949219,13.718103408813477,0.0,0.0,0.0,0.0
216,4.321160011999837,1789352838.0623162,17,-0.0019681572,0.02245449,0.000346722,0.0017404084,-16.524136,-89.70779,-76.62953,-87.64676,-91.66561,-8.517439,13.794378,16.524708,89.70748,76.63585,87.61717,91.65339,8.525762,13.793417,0.0,0.0,0.0,0.0,0.0,-0.003071038,-0.0,0.0,-1.5499992,-0.34999466,7.140001,2.2199936,-0.11999817,-7.4399962,-0.5400055,1.4000015,0.29999542,-7.080002,-1.3199936,0.11999817,6.7199936,-0.17999725,0.0,0.0,0.0,0.0,pink,0.0004574625927489251,0.0,0.0,0.0,-16.83662986755371,-90.0,-74.78538513183594,-87.21116638183594,-91.83306121826172,-10.345732688903809,13.717669486999512,16.836143493652344,90.0,74.78469848632812,87.21184539794922,91.83145904541016,10.352470397949219,13.718103408813477,0.0,0.0,0.0,0.0
217,4.341343888999745,1789352838.0825,17,-0.0019613586,0.022404278,0.000346722,0.0017336099,-16.560883,-89.71557,-76.47681,-87.59382,-91.66937,-8.667691,13.784353,16.555779,89.71209,76.47708,87.59248,91.656845,8.676535,13.788226,0.0,0.0,0.0,0.0,0.0,0.0,-0.0,0.0,-2.0000038,-0.29999542,8.339996,2.5800018,-0.17999725,-7.7400055,-0.3599945,1.7999954,0.099998474,-8.640005,-1.3199936,0.23999634,7.5599947,-0.29999542,0.0,0.0,0.0,0.0,pink,0.0004574625927489251,0.0,0.0,0.0,-16.83662986755371,-90.0,-74.78538513183594,-87.21116638183594,-91.83306121826172,-10.345732688903809,13.717669486999512,16.836143493652344,90.0,74.78469848632812,87.21184539794922,91.83145904541016,10.352470397949219,13.718103408813477,0.0,0.0,0.0,0.0
218,4.361210303000007,1789352838.1023667,17,-0.0019545602,0.022389416,0.000346722,0.0017268115,-16.5997,-89.72023,-76.30968,-87.549515,-91.67677,-8.831923,13.775029,16.590855,89.716255,76.31021,87.56509,91.6652,8.842222,13.781456,0.0,0.0,0.0,0.0,0.0,0.0,-0.0,0.0,-1.8499947,-0.24999619,8.219998,1.740001,-0.3599945,-8.339996,-0.3599945,1.699997,0.29999542,-8.760004,-1.3800064,0.5400055,8.580007,-0.5400055,0.0,0.0,0.0,0.0,pink,0.00046417940757237375,0.0,0.0,0.0,-17.008344650268555,-90.0,-74.06879425048828,-87.04180145263672,-91.93450164794922,-11.05821704864502,13.68592357635498,17.007863998413086,90.0,74.06806945800781,87.04246520996094,91.93287658691406,11.064970970153809,13.686431884765625,0.0,0.0,0.0,0.0
219,4.381461129999934,1789352838.1226175,17,-0.0019477617,0.022378167,0.000346722,0.0017234122,-16.63242,-89.72712,-76.13803,-87.51863,-91.68633,-9.003612,13.76521,16.630554,89.72625,76.14231,87.53209,91.6784,9.012538,13.770208,0.0,0.0,0.0,0.0,0.0,0.0,-0.0,0.0,-1.4000015,-0.40000534,8.880002,1.1999954,-0.41999358,-8.279997,-0.5400055,1.5999985,0.6500015,-8.880002,-2.1599946,0.9,9.059999,-0.4800064,0.0,0.0,0.0,0.0,pink,0.00046417940757237375,0.0,0.0,0.0,-17.008344650268555,-90.0,-74.06879425048828,-87.04180145263672,-91.93450164794922,-11.05821704864502,13.68592357635498,17.007863998413086,90.0,74.06806945800781,87.04246520996094,91.93287658691406,11.064970970153809,13.686431884765625,0.0,0.0,0.0,0.0
220,4.401388935999876,1789352838.1425455,17,-0.0019409633,0.022278143,0.000346722,0.0017166138,-16.667038,-89.73458,-75.95553,-87.49046,-91.70141,-9.183458,13.756723,16.666786,89.74433,75.96472,87.47865,91.700096,9.194059,13.75752,0.0,0.0,0.0,0.0,0.0,-0.0030710457,-0.0,0.0,-1.9500046,-0.29999542,9.239996,1.6200027,-1.0199982,-8.760004,-0.29999542,2.25,1.2500038,-9.119998,-2.9999955,1.3199936,9.359995,-0.4800064,0.0,0.0,0.0,0.0,pink,0.0004607909941114485,0.0,0.0,0.0,-17.194602966308594,-90.0,-73.32637786865234,-86.85285949707031,-92.02706146240234,-11.796810150146484,13.651334762573242,17.194162368774414,90.0,73.32568359375,86.85352325439453,92.02543640136719,11.803569793701172,13.651833534240723,0.0,0.0,0.0,0.0
221,4.421351765000054,1789352838.162508,17,-0.0019375641,0.022231545,0.000346722,0.0017132146,-16.710812,-89.7422,-75.762146,-87.44398,-91.72771,-9.37771,13.749472,16.710468,89.767456,75.77621,87.42158,91.72756,9.387117,13.749967,0.0,0.0,0.0,0.0,0.0,-0.0032903794,-0.0,0.0,-2.25,-0.45000458,10.199995,2.8199983,-1.0799973,-11.099996,-0.29999542,2.25,0.79999924,-10.019999,-2.4600036,1.2599945,10.859999,-0.059999086,0.0,0.0,0.0,0.0,pink,0.0004607909941114485,0.0,0.0,0.0,-17.194602966308594,-90.0,-73.32637786865234,-86.85285949707031,-92.02706146240234,-11.796810150146484,13.651334762573242,17.194162368774414,90.0,73.32568359375,86.85352325439453,92.02543640136719,11.803569793701172,13.651833534240723,0.0,0.0,0.0,0.0
222,4.441401862000021,1789352838.1825583,17,-0.0019307656,0.022201417,0.000346722,0.0017098153,-16.76128,-89.75304,-75.55154,-87.37909,-91.75167,-9.589348,13.742427,16.754826,89.77222,75.55644,87.384186,91.75737,9.598618,13.745229,0.0,0.0,0.0,0.0,0.0,-0.0032903808,-0.0,0.0,-2.3499985,-0.6000023,10.620003,3.3600037,-1.2599945,-11.400004,-0.3599945,2.1000023,0.049999237,-11.759999,-1.5600036,1.740001,10.560003,-0.3599945,0.0,0.0,0.0,0.0,pink,0.0004607909941114485,0.0,0.0,0.0,-17.194602966308594,-90.0,-73.32637786865234,-86.85285949707031,-92.02706146240234,-11.796810150146484,13.651334762573242,17.194162368774414,90.0,73.32568359375,86.85352325439453,92.02543640136719,11.803569793701172,13.651833534240723,0.0,0.0,0.0,0.0
223,4.461148736999803,1789352838.202305,17,-0.0019273664,0.022156827,0.000346722,0.0017030168,-16.801746,-89.76846,-75.33078,-87.325516,-91.785484,-9.815323,13.733391,16.800098,89.77594,75.32079,87.34481,91.79154,9.822162,13.734228,0.0,0.0,0.0,0.0,0.0,-0.0063618356,-0.0,0.0,-1.8499947,-0.79999924,10.8,2.1599946,-1.8599991,-11.219994,-0.29999542,2.1000023,0.29999542,-12.180006,-2.2199936,1.6200027,10.560003,-0.66000366,0.0,0.0,0.0,0.0,pink,0.00045847645378671587,0.0,0.0,0.0,-17.397592544555664,-90.0,-72.55179595947266,-86.64688873291016,-92.12960815429688,-12.5669584274292,13.613349914550781,17.397172927856445,90.0,72.55109405517578,86.64752960205078,92.12796783447266,12.573718070983887,13.61387825012207,0.0,0.0,0.0,0.0
224,4.481382738999855,1789352838.222539,17,-0.0019205678,0.022056801,0.000346722,0.0016996176,-16.846264,-89.78434,-75.10295,-87.283,-91.82215,-10.044676,13.724327,16.851036,89.78462,75.0897,87.2854,91.82445,10.051295,13.721842,0.0,0.0,0.0,0.0,0.0,0.0,-0.0,0.0,-2.4999962,-0.70000076,11.999995,2.2199936,-1.6800019,-11.7,-0.41999358,2.7500038,0.6000023,-11.7,-3.7199981,1.8599991,11.400004,-0.4800064,0.0,0.0,0.0,0.0,pink,0.00045847645378671587,0.0,0.0,0.0,-17.397592544555664,-90.0,-72.55179595947266,-86.64688873291016,-92.12960815429688,-12.5669584274292,13.613349914550781,17.397172927856445,90.0,72.55109405517578,86.64752960205078,92.12796783447266,12.573718070983887,13.61387825012207,0.0,0.0,0.0,0.0
225,4.501399378999849,1789352838.2425556,17,-0.0019171686,0.022031896,0.000346722,0.0016962184,-16.905499,-89.79638,-74.85591,-87.230515,-91.85746,-10.283958,13.715332,16.909332,89.79664,74.85088,87.211365,91.8518,10.290276,13.714453,0.0,0.0,0.0,0.0,0.0,0.0,-0.0,0.0,-3.2999954,-0.5000038,12.480001,3.3000045,-1.740001,-12.6,-0.66000366,2.5999947,0.6000023,-12.119993,-2.8799973,1.0199982,12.480001,-0.23999634,0.0,0.0,0.0,0.0,pink,0.00046867504715919495,0.0,0.0,0.0,-17.624845504760742,-90.0,-71.71879577636719,-86.42707061767578,-92.27842712402344,-13.392658233642578,13.57071304321289,17.624408721923828,90.0,71.71810913085938,86.42768859863281,92.27680969238281,13.399401664733887,13.571250915527344,0.0,0.0,0.0,0.0
226,4.521216230999926,1789352838.2623725,17,-0.0019103702,0.02198329,0.000346722,0.0016928192,-16.965145,-89.806,-74.60256,-87.15627,-91.88129,-10.530821,13.697782,16.955944,89.80906,74.60438,87.16321,91.87099,10.537784,13.705938,0.0,0.0,0.0,0.0,0.0,-0.0063618515,-0.0,0.0,-2.7500038,-0.5000038,12.839996,3.540001,-0.7800018,-11.819998,-1.0799973,2.1000023,0.45000458,-12.420003,-2.2800064,1.1999954,12.360003,-0.5400055,0.0,0.0,0.0,0.0,pink,0.00046867504715919495,0.0,0.0,0.0,-17.624845504760742,-90.0,-71.71879577636719,-86.42707061767578,-92.27842712402344,-13.392658233642578,13.57071304321289,17.624408721923828,90.0,71.71810913085938,86.42768859863281,92.27680969238281,13.399401664733887,13.571250915527344,0.0,0.0,0.0,0.0
227,4.5411530080000375,1789352838.282309,17,-0.001906971,0.02188688,0.000346722,0.0016894198,-17.023682,-89.81961,-74.34392,-87.09211,-91.9063,-10.79198,13.68457,17.014824,89.81597,74.34065,87.10483,91.90407,10.797419,13.691409,0.0,0.0,0.0,0.0,0.0,-0.0030710627,-0.0,0.0,-2.9500008,-0.75,12.959994,3.1199937,-1.8,-13.679997,-0.3599945,3.550003,0.24999619,-13.980006,-4.019994,2.0399964,14.280002,-0.66000366,0.0,0.0,0.0,0.0,pink,0.00046867504715919495,0.0,0.0,0.0,-17.624845504760742,-90.0,-71.71879577636719,-86.42707061767578,-92.27842712402344,-13.392658233642578,13.57071304321289,17.624408721923828,90.0,71.71810913085938,86.42768859863281,92.27680969238281,13.399401664733887,13.571250915527344,0.0,0.0,0.0,0.0
228,4.561178535999716,1789352838.302335,17,-0.0019001724,0.021837872,0.000346722,0.0016860206,-17.083878,-89.83514,-74.07066,-87.0285,-91.94499,-11.063864,13.677786,17.090881,89.82261,74.06234,87.02026,91.94647,11.069948,13.677676,0.0,0.0,0.0,0.0,0.0,-0.0030710648,-0.0,0.0,-2.7500038,-0.79999924,13.799995,3.8999953,-1.6800019,-14.459999,-0.3599945,3.2999954,0.40000534,-13.440001,-3.7199981,1.9799973,13.200005,-0.4800064,0.0,0.0,0.0,0.0,pink,0.00046423941967077553,0.0,0.0,0.0,-17.856616973876953,-90.0,-70.90591430664062,-86.19786834716797,-92.41590118408203,-14.198427200317383,13.526557922363281,17.85620880126953,90.0,70.90524291992188,86.19847869873047,92.41424560546875,14.205194473266602,13.527135848999023,0.0,0.0,0.0,0.0
229,4.5811842600001,1789352838.3223403,17,-0.0018899748,0.02170852,0.000346722,0.0016826214,-17.143559,-89.85269,-73.78962,-86.94932,-91.98218,-11.338412,13.663078,17.147404,89.83349,73.78639,86.96092,91.99258,11.344496,13.665729,0.0,0.0,0.0,0.0,0.0,-0.009652682,-0.0,0.0,-3.4500046,-0.75,14.220003,3.4200027,-2.3400054,-14.579997,-0.66000366,2.9000015,0.75,-13.980006,-2.8199983,2.4000046,13.559999,-0.60000455,0.0,0.0,0.0,0.0,pink,0.00046423941967077553,0.0,0.0,0.0,-17.856616973876953,-90.0,-70.90591430664062,-86.19786834716797,-92.41590118408203,-14.198427200317383,13.526557922363281,17.85620880126953,90.0,70.90524291992188,86.19847869873047,92.41424560546875,14.205194473266602,13.527135848999023,0.0,0.0,0.0,0.0
230,4.601389181999821,1789352838.3425455,17,-0.0018049938,0.021645453,0.000346722,0.0016792222,-17.217705,-89.86606,-73.50468,-86.882324,-92.032295,-11.622711,13.653933,17.21505,89.85461,73.49881,86.88546,92.03371,11.626886,13.650568,0.0,0.0,0.0,0.0,0.0,-0.0030710732,-0.0,0.0,-3.7000008,-0.55000305,14.280002,2.9999955,-2.2199936,-14.880007,-0.3599945,3.8499985,1.4000015,-14.220003,-4.6799974,1.9799973,13.619998,-0.8400009,0.0,0.0,0.0,0.0,pink,0.0004656334640458226,0.0,0.0,0.0,-18.0936336517334,-90.0,-70.10680389404297,-85.96392822265625,-92.5596694946289,-14.989700317382812,13.480694770812988,18.09323501586914,90.0,70.10614013671875,85.96453094482422,92.5580062866211,14.99646282196045,13.481279373168945,0.0,0.0,0.0,0.0
231,4.621367828000075,1789352838.3625245,17,-0.0017710015,0.021550247,0.000346722,0.001675823,-17.283737,-89.88,-73.21201,-86.81491,-92.07581,-11.908892,13.640927,17.285294,89.88239,73.22061,86.79982,92.06469,11.9172,13.626837,0.0,0.0,0.0,0.0,0.0,-0.009433369,-0.0,0.0,-3.4000053,-0.8999977,14.940005,3.9599946,-1.740001,-15.719994,-1.0199982,3.1499977,0.94999695,-13.919993,-3.480002,1.4400055,15.000005,-1.5600036,0.0,0.0,0.0,0.0,pink,0.0004656334640458226,0.0,0.0,0.0,-18.0936336517334,-90.0,-70.10680389404297,-85.96392822265625,-92.5596694946289,-14.989700317382812,13.480694770812988,18.09323501586914,90.0,70.10614013671875,85.96453094482422,92.5580062866211,14.99646282196045,13.481279373168945,0.0,0.0,0.0,0.0
232,4.641274085000077,1789352838.3824303,17,-0.0017438077,0.021492802,0.000346722,0.0016724237,-17.359062,-89.89727,-72.914406,-86.72506,-92.11157,-12.205907,13.618652,17.355503,89.90077,72.92251,86.72826,92.10754,12.213831,13.602997,0.0,0.0,0.0,0.0,0.0,-0.00307108,-0.0,0.0,-4.0999947,-0.75,15.240001,4.380002,-2.4600036,-14.940005,-0.8400009,3.8499985,1.1500053,-15.719994,-4.019994,2.7,15.960004,-0.60000455,0.0,0.0,0.0,0.0,pink,0.0004656334640458226,0.0,0.0,0.0,-18.0936336517334,-90.0,-70.10680389404297,-85.96392822265625,-92.5596694946289,-14.989700317382812,13.480694770812988,18.09323501586914,90.0,70.10614013671875,85.96453094482422,92.5580062866211,14.99646282196045,13.481279373168945,0.0,0.0,0.0,0.0
233,4.661352491999878,1789352838.402509,17,-0.0017302107,0.021440981,0.000346722,0.0016690245,-17.431938,-89.913025,-72.60996,-86.651146,-92.15631,-12.508978,13.605482,17.4333,89.93533,72.614395,86.63953,92.1596,12.518207,13.5905,0.0,0.0,0.0,0.0,0.0,-0.003071082,-0.0,0.0,-3.199997,-0.94999695,15.419998,3.540001,-2.0999954,-14.579997,-0.7800018,3.550003,1.5499992,-14.519999,-3.8399963,3.0599945,14.340001,-0.60000455,0.0,0.0,0.0,0.0,pink,0.0004658802645280957,0.0,0.0,0.0,-18.33156394958496,-90.0,-69.33312225341797,-85.73090362548828,-92.71067810058594,-15.754661560058594,13.433865547180176,18.331178665161133,90.0,69.33244323730469,85.73150634765625,92.70903778076172,15.761414527893066,13.434479713439941,0.0,0.0,0.0,0.0
234,4.681258757999785,1789352838.422415,17,-0.0017132146,0.021346178,0.000346722,0.0016656253,-17.50399,-89.93848,-72.306,-86.56162,-92.208336,-12.809619,13.583468,17.506554,89.948814,72.312386,86.57088,92.21399,12.820276,13.578676,0.0,0.0,0.0,0.0,0.0,-0.0030710862,-0.0,0.0,-4.0499954,-1.5499992,14.880007,4.7399964,-2.9399962,-15.840006,-1.3199936,3.75,0.34999466,-16.319998,-3.540001,2.4000046,15.359999,-0.3599945,0.0,0.0,0.0,0.0,pink,0.0004658802645280957,0.0,0.0,0.0,-18.33156394958496,-90.0,-69.33312225341797,-85.73090362548828,-92.71067810058594,-15.754661560058594,13.433865547180176,18.331178665161133,90.0,69.33244323730469,85.73150634765625,92.70903778076172,15.761414527893066,13.434479713439941,0.0,0.0,0.0,0.0
235,4.701309441999911,1789352838.4424658,17,-0.0013460971,0.021279091,0.000346722,0.001662226,-17.584167,-89.964905,-72.0029,-86.483246,-92.259544,-13.112333,13.565176,17.583755,89.960144,71.99132,86.48373,92.256966,13.118088,13.565451,0.0,0.0,0.0,0.0,0.0,-0.012504896,-0.0,0.0,-3.75,-0.8999977,15.419998,3.3000045,-2.759999,-15.000005,-0.60000455,3.7999992,0.8499985,-15.599996,-4.440001,1.8,16.020002,-0.9599991,0.0,0.0,0.0,0.0,pink,0.0004792938707396388,0.0,0.0,0.0,-18.564451217651367,-90.0,-68.6003646850586,-85.505126953125,-92.86593627929688,-16.477853775024414,13.387252807617188,18.564090728759766,90.0,68.59969329833984,85.50569915771484,92.8642807006836,16.484609603881836,13.387901306152344,0.0,0.0,0.0,0.0
236,4.7213115149997975,1789352838.462468,17,-0.0013223025,0.021127244,0.000346722,0.0016588267,-17.661243,-89.98324,-71.69597,-86.40586,-92.30768,-13.417658,13.551279,17.662548,89.98006,71.687386,86.40119,92.29995,13.424482,13.54801,0.0,0.0,0.0,0.0,0.0,-0.009433426,-0.0,0.0,-4.2000046,-0.75,15.479998,4.7999954,-2.2199936,-15.000005,-0.9,4.250004,0.6500015,-14.639997,-3.9599946,2.759999,14.579997,-0.4800064,0.0,0.0,0.0,0.0,pink,0.0004792938707396388,0.0,0.0,0.0,-18.564451217651367,-90.0,-68.6003646850586,-85.505126953125,-92.86593627929688,-16.477853775024414,13.387252807617188,18.564090728759766,90.0,68.59969329833984,85.50569915771484,92.8642807006836,16.484609603881836,13.387901306152344,0.0,0.0,0.0,0.0
237,4.741388145999736,1789352838.4825444,17,-0.0013087055,0.020841626,0.000346722,0.0016554275,-17.74657,-89.99645,-71.38336,-86.31052,-92.35653,-13.726222,13.536337,17.744053,89.98715,71.38224,86.31913,92.3607,13.73324,13.534497,0.0,0.0,0.0,0.0,0.0,-0.01272431,-0.0,0.0,-4.5,-0.40000534,15.780006,3.8999953,-2.2199936,-15.960004,-0.41999358,3.9999962,0.14999771,-16.439997,-4.0800066,3.1199937,16.439997,-0.7800018,0.0,0.0,0.0,0.0,pink,0.0004792938707396388,0.0,0.0,0.0,-18.564451217651367,-90.0,-68.6003646850586,-85.505126953125,-92.86593627929688,-16.477853775024414,13.387252807617188,18.564090728759766,90.0,68.59969329833984,85.50569915771484,92.8642807006836,16.484609603881836,13.387901306152344,0.0,0.0,0.0,0.0
238,4.761321220999889,1789352838.5024776,17,-0.0013019071,0.02070665,0.000346722,0.0016520283,-17.834015,-89.99945,-71.070625,-86.228615,-92.41636,-14.035707,13.523264,17.831211,89.98876,71.0638,86.23392,92.41702,14.04245,13.516548,0.0,0.0,0.0,0.0,0.0,-0.0030711142,-0.0,-0.027843136,-4.2000046,-0.049999237,15.840006,4.980006,-2.5200028,-15.3,-0.7800018,4.699997,0.049999237,-15.780006,-4.3200026,2.3400054,15.120003,-0.7800018,0.0,0.0,0.0,0.0,pink,0.0004824087955057621,0.0,0.0,0.0,-18.775501251220703,-90.0,-67.9575424194336,-85.29357147216797,-92.99147033691406,-17.11284065246582,13.344018936157227,18.77515983581543,90.0,67.95687866210938,85.29414367675781,92.98982238769531,17.11960220336914,13.344639778137207,0.0,0.0,0.0,0.0
239,4.78131901200004,1789352838.5224752,17,-0.0012917094,0.020464817,0.000346722,0.0016520283,-17.923038,-90.00105,-70.76018,-86.132706,-92.47419,-14.338888,13.503763,17.922901,89.98995,70.760345,86.141685,92.4671,14.346332,13.505109,0.0,0.0,0.0,0.0,0.0,-0.0030711247,-0.0,0.0,-4.5,-0.049999237,15.060003,3.8999953,-2.8199983,-15.3,-0.7200028,4.450001,0.049999237,-15.479998,-4.6799974,2.0999954,15.539996,-0.66000366,0.0,0.0,0.0,0.0,pink,0.0004824087955057621,0.0,0.0,0.0,-18.775501251220703,-90.0,-67.9575424194336,-85.29357147216797,-92.99147033691406,-17.11284065246582,13.344018936157227,18.77515983581543,90.0,67.95687866210938,85.29414367675781,92.98982238769531,17.11960220336914,13.344639778137207,0.0,0.0,0.0,0.0
240,4.801244062000023,1789352838.5424006,17,-0.001284911,0.02037443,0.000346722,0.0016486291,-18.010746,-90.00166,-70.460266,-86.0574,-92.52701,-14.636549,13.491183,18.010895,89.991554,70.455956,86.04827,92.523254,14.644322,13.48613,0.0,0.0,0.0,0.0,0.0,-0.016015263,-0.0,0.0,-4.0499954,-0.049999237,14.819994,3.7799973,-2.4600036,-14.220003,-0.7200028,4.0999947,0.0,-14.7599945,-4.619998,3.1199937,14.7599945,-1.0799973,0.0,0.0,0.0,0.0,pink,0.0004790804232470691,0.0,0.0,0.0,-18.97483253479004,-90.0,-67.3631820678711,-85.10342407226562,-93.13478088378906,-17.697511672973633,13.30269718170166,18.974498748779297,90.0,67.36250305175781,85.1039810180664,93.13310241699219,17.70427703857422,13.303372383117676,0.0,0.0,0.0,0.0
241,4.821315287999823,1789352838.5624714,17,-0.0012815116,0.02015951,0.000346722,0.0016452299,-18.099392,-90.00356,-70.159294,-85.96206,-92.57849,-14.930049,13.472987,18.09811,89.991875,70.16159,85.96078,92.5851,14.937918,13.470667,0.0,0.0,0.0,0.0,0.0,-0.0032904763,-0.0,0.0,-4.749996,-0.099998474,14.519999,4.7399964,-2.6400008,-14.340001,-0.66000366,4.4000015,0.0,-14.699995,-4.2000046,2.5200028,14.220003,-0.5400055,0.0,0.0,0.0,0.0,pink,0.0004790804232470691,0.0,0.0,0.0,-18.97483253479004,-90.0,-67.3631820678711,-85.10342407226562,-93.13478088378906,-17.697511672973633,13.30269718170166,18.974498748779297,90.0,67.36250305175781,85.1039810180664,93.13310241699219,17.70427703857422,13.303372383117676,0.0,0.0,0.0,0.0
242,4.841279522999685,1789352838.5824358,17,-0.0012815116,0.019964676,0.000346722,0.0016418305,-18.189972,-90.00403,-69.86266,-85.87561,-92.63593,-15.228136,13.4611225,18.184605,89.99245,69.86249,85.87414,92.636734,15.233505,13.458692,0.0,0.0,0.0,0.0,0.0,-0.019086905,-0.0,0.0,-4.450001,0.0,14.699995,3.7199981,-2.5800018,-15.479998,-0.66000366,4.4000015,0.049999237,-15.000005,-4.8599944,2.5800018,14.340001,-0.9,0.0,0.0,0.0,0.0,pink,0.0004790804232470691,0.0,0.0,0.0,-18.97483253479004,-90.0,-67.3631820678711,-85.10342407226562,-93.13478088378906,-17.697511672973633,13.30269718170166,18.974498748779297,90.0,67.36250305175781,85.1039810180664,93.13310241699219,17.70427703857422,13.303372383117676,0.0,0.0,0.0,0.0
243,4.86128373099973,1789352838.6024399,17,-0.001284911,0.01979716,0.000346722,0.0016384313,-18.280369,-90.00414,-69.57091,-85.78611,-92.69673,-15.517914,13.440509,18.280472,89.992516,69.57025,85.780235,92.68477,15.52463,13.435511,0.0,0.0,0.0,0.0,0.0,0.0,-0.0,0.0,-4.3500023,0.0,14.519999,4.8599944,-2.2199936,-14.819994,-1.1999954,4.5,0.0,-14.459999,-4.380002,2.7,15.359999,-1.4400055,0.0,0.0,0.0,0.0,pink,0.000482202012790367,0.0,0.0,0.0,-19.149171829223633,-90.0,-66.85318756103516,-84.94236755371094,-93.27290344238281,-18.197633743286133,13.266080856323242,19.148855209350586,90.0,66.85252380371094,84.94290924072266,93.271240234375,18.204397201538086,13.266794204711914,0.0,0.0,0.0,0.0
244,4.881255736999719,1789352838.622412,17,-0.0012815116,0.019677045,0.000346722,0.0016350321,-18.3643,-90.00419,-69.28811,-85.70351,-92.74875,-15.795731,13.418124,18.363476,89.99297,69.2901,85.69859,92.748535,15.802542,13.403293,0.0,0.0,0.0,0.0,0.0,-0.003071159,-0.0,0.0,-4.300003,0.0,14.220003,3.6,-2.4000046,-14.100004,-0.7800018,4.0999947,0.049999237,-14.040006,-4.2600036,2.7,14.040006,-1.0799973,0.0,0.0,0.0,0.0,pink,0.000482202012790367,0.0,0.0,0.0,-19.149171829223633,-90.0,-66.85318756103516,-84.94236755371094,-93.27290344238281,-18.197633743286133,13.266080856323242,19.148855209350586,90.0,66.85252380371094,84.94290924072266,93.271240234375,18.204397201538086,13.266794204711914,0.0,0.0,0.0,0.0
245,4.901328203000048,1789352838.6424844,17,-0.0012815116,0.019570991,0.000346722,0.0016316329,-18.451744,-90.00416,-69.01591,-85.61805,-92.80025,-16.06436,13.400999,18.45148,89.993935,69.01333,85.6117,92.80415,16.072628,13.392347,0.0,0.0,0.0,0.0,0.0,-0.016015446,-0.0,0.0,-3.8999977,0.0,13.559999,4.7999954,-2.9999955,-13.559999,-0.8400009,4.1500053,0.0,-13.140005,-4.1400056,2.5200028,12.899996,-0.23999634,0.0,0.0,0.0,0.0,pink,0.00048281566705554724,0.0,0.0,0.0,-19.27043914794922,-90.0,-66.50758361816406,-84.81846618652344,-93.34261322021484,-18.538515090942383,13.239964485168457,19.2701358795166,90.0,66.50692749023438,84.81900787353516,93.34097290039062,18.5452880859375,13.24064826965332,0.0,0.0,0.0,0.0
246,4.921221591999711,1789352838.6623778,17,-0.0012781124,0.01937696,0.000346722,0.0016282337,-18.53468,-90.00407,-68.74828,-85.530045,-92.862366,-16.32501,13.376981,18.534084,89.994026,68.752815,85.540306,92.857765,16.333744,13.384974,0.0,0.0,0.0,0.0,0.0,0.0,-0.0,0.0,-4.300003,0.0,12.659999,3.8399963,-3.1800065,-12.2400055,-1.0799973,4.250004,0.0,-13.019994,-3.8399963,2.0999954,12.300005,-0.41999358,0.0,0.0,0.0,0.0,pink,0.00048281566705554724,0.0,0.0,0.0,-19.27043914794922,-90.0,-66.50758361816406,-84.81846618652344,-93.34261322021484,-18.538515090942383,13.239964485168457,19.2701358795166,90.0,66.50692749023438,84.81900787353516,93.34097290039062,18.5452880859375,13.24064826965332,0.0,0.0,0.0,0.0
247,4.941292470999997,1789352838.6824489,17,-0.0012781124,0.019176098,0.000346722,0.0016248344,-18.61647,-90.0041,-68.49533,-85.45637,-92.916885,-16.578987,13.363619,18.61861,89.99434,68.49162,85.44888,92.9134,16.586704,13.367724,0.0,0.0,0.0,0.0,0.0,-0.03861332,-0.0,0.0,-3.550003,0.0,12.2400055,3.480002,-2.4600036,-13.5,-0.4800064,3.7999992,0.0,-12.899996,-4.559999,2.8199983,13.080007,-1.1399963,0.0,0.0,0.0,0.0,pink,0.00048281566705554724,0.0,0.0,0.0,-19.27043914794922,-90.0,-66.50758361816406,-84.81846618652344,-93.34261322021484,-18.538515090942383,13.239964485168457,19.2701358795166,90.0,66.50692749023438,84.81900787353516,93.34097290039062,18.5452880859375,13.24064826965332,0.0,0.0,0.0,0.0
248,4.961325814999782,1789352838.702482,17,-0.0012781124,0.018797671,0.000346722,0.0016214352,-18.694027,-90.00432,-68.24676,-85.38008,-92.96039,-16.825108,13.347578,18.699291,89.9942,68.24688,85.378685,92.9654,16.834213,13.347715,0.0,0.0,0.0,0.0,0.0,0.0,-0.0,0.0,-4.3500023,0.0,12.6,4.2000046,-1.740001,-11.400004,-1.0199982,3.949997,0.0,-11.520002,-2.9999955,2.6400008,11.759999,-0.66000366,0.0,0.0,0.0,0.0,pink,0.00048476335359737277,0.0,0.0,0.0,-19.354604721069336,-90.0,-66.26866149902344,-84.73889923095703,-93.40581512451172,-18.77280044555664,13.221822738647461,19.354270935058594,90.0,66.26800537109375,84.73941802978516,93.40418243408203,18.779573440551758,13.222509384155273,0.0,0.0,0.0,0.0
249,4.981133043999762,1789352838.7222893,17,-0.0012781124,0.01869483,0.000346722,0.001618036,-18.775955,-90.0041,-68.00904,-85.29612,-93.00917,-17.056398,13.335452,18.771595,89.99441,68.01112,85.3077,93.01566,17.06358,13.333585,0.0,0.0,0.0,0.0,0.0,-0.03137366,-0.0,0.0,-3.75,0.0,11.219994,3.540001,-3.1800065,-10.319994,-0.3599945,3.3499947,0.0,-11.400004,-3.7799973,2.3400054,10.620003,-0.9,0.0,0.0,0.0,0.0,pink,0.00048476335359737277,0.0,0.0,0.0,-19.354604721069336,-90.0,-66.26866149902344,-84.73889923095703,-93.40581512451172,-18.77280044555664,13.221822738647461,19.354270935058594,90.0,66.26800537109375,84.73941802978516,93.40418243408203,18.779573440551758,13.222509384155273,0.0,0.0,0.0,0.0
250,5.001310202999775,1789352838.7424662,17,-0.0012781124,0.018442545,0.000346722,0.0016146367,-18.845947,-90.00405,-67.79272,-85.23472,-93.06793,-17.271826,13.325811,18.846657,89.99461,67.78872,85.23106,93.061806,17.277676,13.317133,0.0,0.0,0.0,0.0,0.0,0.0,-0.0,0.0,-3.550003,0.0,10.560003,3.3000045,-3.1800065,-10.079997,-0.5400055,4.0499954,0.0,-10.560003,-3.480002,2.1599946,10.979998,-0.5400055,0.0,0.0,0.0,0.0,pink,0.00047069607535377145,0.0,0.0,0.0,-19.386804580688477,-90.0,-66.17704772949219,-84.71085357666016,-93.43547058105469,-18.86211395263672,13.21485424041748,19.386520385742188,90.0,66.17637634277344,84.71141052246094,93.43383026123047,18.868879318237305,13.215609550476074,0.0,0.0,0.0,0.0
251,5.02125187799993,1789352838.7624083,17,-0.0012781124,0.018377464,0.000346722,0.0016112375,-18.911488,-90.00418,-67.58686,-85.160286,-93.11174,-17.47127,13.31282,18.915379,89.99462,67.587204,85.168625,93.10869,17.478424,13.308591,0.0,0.0,0.0,0.0,0.0,-0.012724755,-0.0,0.0,-3.0999985,0.0,9.840001,3.540001,-2.0999954,-10.079997,-0.7200028,2.7000046,0.0,-9.660004,-2.8799973,2.4000046,9.359995,-0.4800064,0.0,0.0,0.0,0.0,pink,0.00047069607535377145,0.0,0.0,0.0,-19.386804580688477,-90.0,-66.17704772949219,-84.71085357666016,-93.43547058105469,-18.86211395263672,13.21485424041748,19.386520385742188,90.0,66.17637634277344,84.71141052246094,93.43383026123047,18.868879318237305,13.215609550476074,0.0,0.0,0.0,0.0
252,5.041328131999762,1789352838.7824843,17,-0.0012747132,0.018148078,0.000346722,0.0016078382,-18.972107,-90.00411,-67.39827,-85.1011,-93.14624,-17.658587,13.301065,18.970757,89.995285,67.398705,85.11059,93.14753,17.664354,13.291905,0.0,0.0,0.0,0.0,0.0,-0.0063621975,-0.0,0.0,-2.800003,0.0,8.880002,2.2800064,-1.3199936,-9.059999,-0.41999358,2.7500038,0.0,-8.580007,-3.3000045,1.9799973,9.239996,-0.7800018,0.0,0.0,0.0,0.0,pink,0.00047069607535377145,0.0,0.0,0.0,-19.386804580688477,-90.0,-66.17704772949219,-84.71085357666016,-93.43547058105469,-18.86211395263672,13.21485424041748,19.386520385742188,90.0,66.17637634277344,84.71141052246094,93.43383026123047,18.868879318237305,13.215609550476074,0.0,0.0,0.0,0.0
253,5.061230370999965,1789352838.8023865,17,-0.0012747132,0.018024344,0.000346722,0.001604439,-19.029053,-90.00411,-67.22807,-85.060104,-93.1816,-17.826704,13.293017,19.034729,89.99526,67.226715,85.040115,93.19053,17.83434,13.280617,0.0,0.0,0.0,0.0,0.0,-0.003071231,-0.0,0.0,-2.7000046,0.0,8.279997,1.9199982,-2.2199936,-8.219998,-0.5400055,3.0999985,0.0,-7.499995,-2.8199983,1.740001,8.760004,-0.23999634,0.0,0.0,0.0,0.0,pink,0.00047069607535377145,0.0,0.0,0.0,-19.386804580688477,-90.0,-66.17704772949219,-84.71085357666016,-93.43547058105469,-18.86211395263672,13.21485424041748,19.386520385742188,90.0,66.17637634277344,84.71141052246094,93.43383026123047,18.868879318237305,13.215609550476074,0.0,0.0,0.0,0.0
254,5.081358748999719,1789352838.822515,17,-0.0012747132,0.01801189,0.000346722,0.0016010398,-19.083115,-90.004135,-67.06973,-85.0086,-93.22682,-17.978453,13.278186,19.082382,89.99522,67.07232,84.994286,93.22884,17.983837,13.27548,0.0,0.0,0.0,0.0,0.0,0.0,-0.0,0.0,-2.7000046,0.0,7.3199983,3.0599945,-1.9199982,-7.6199937,-0.9,1.9000053,0.0,-7.2,-1.5600036,2.1599946,7.8600035,-0.29999542,0.0,0.0,0.0,0.0,pink,0.00047069607535377145,0.0,0.0,0.0,-19.386804580688477,-90.0,-66.17704772949219,-84.71085357666016,-93.43547058105469,-18.86211395263672,13.21485424041748,19.386520385742188,90.0,66.17637634277344,84.71141052246094,93.43383026123047,18.868879318237305,13.215609550476074,0.0,0.0,0.0,0.0
255,5.101346263999858,1789352838.8425026,17,-0.0012747132,0.017859636,0.000346722,0.0015976406,-19.134693,-90.0042,-66.9341,-84.943924,-93.26404,-18.113077,13.264714,19.125332,89.99553,66.93769,84.962616,93.26019,18.11449,13.268133,0.0,0.0,0.0,0.0,0.0,-0.0032905836,-0.0,0.0,-2.3499985,0.0,5.519998,2.5800018,-2.0399964,-6.1200027,-0.3599945,2.2999992,0.0,-7.3799973,-1.9199982,1.0799973,6.419998,-0.3599945,0.0,0.0,0.0,0.0,pink,0.0004936812911182642,0.0,0.0,0.0,-19.42679214477539,-90.0,-66.14210510253906,-84.83036804199219,-93.4341049194336,-18.901439666748047,13.364561080932617,19.426467895507812,90.0,66.14143371582031,84.83087921142578,93.43244171142578,18.908220291137695,13.365239143371582,0.0,0.0,0.0,0.0
256,5.121174592999978,1789352838.8623312,17,-0.0012747132,0.017820265,0.000346722,0.0015942414,-19.172333,-90.004074,-66.812706,-84.90832,-93.29285,-18.230177,13.259687,19.175022,89.99556,66.81629,84.92085,93.282936,18.238705,13.259962,0.0,0.0,0.0,0.0,0.0,-0.00307124,-0.0,0.0,-1.3500023,0.0,6.1200027,1.1399963,-0.7200028,-5.4,-0.11999817,2.449997,0.0,-5.4,-2.4000046,1.3199936,4.8599944,-0.3599945,0.0,0.0,0.0,0.0,pink,0.0004936812911182642,0.0,0.0,0.0,-19.42679214477539,-90.0,-66.14210510253906,-84.83036804199219,-93.4341049194336,-18.901439666748047,13.364561080932617,19.426467895507812,90.0,66.14143371582031,84.83087921142578,93.43244171142578,18.908220291137695,13.365239143371582,0.0,0.0,0.0,0.0
257,5.141313071999775,1789352838.8824694,17,-0.001271314,0.01760132,0.000346722,0.001590842,-19.197899,-90.00411,-66.7125,-84.89309,-93.308975,-18.335014,13.254909,19.21035,89.99548,66.70567,84.87621,93.30602,18.337597,13.252423,0.0,0.0,0.0,0.0,0.0,-0.016015893,-0.0,0.0,-1.2500038,0.0,4.559999,0.41999358,-0.9,-4.380002,-0.23999634,1.5499992,0.0,-4.7999954,-1.5000045,0.9599991,5.9400053,-0.29999542,0.0,0.0,0.0,0.0,pink,0.0004936812911182642,0.0,0.0,0.0,-19.42679214477539,-90.0,-66.14210510253906,-84.83036804199219,-93.4341049194336,-18.901439666748047,13.364561080932617,19.426467895507812,90.0,66.14143371582031,84.83087921142578,93.43244171142578,18.908220291137695,13.365239143371582,0.0,0.0,0.0,0.0
258,5.161308841999926,1789352838.902465,17,-0.001271314,0.01743179,0.000346722,0.0015874428,-19.231213,-90.00398,-66.615944,-84.87992,-93.326164,-18.42697,13.252314,19.237392,89.996216,66.62468,84.85466,93.32625,18.429922,13.250666,0.0,0.0,0.0,0.0,0.0,-0.006362262,-0.0,0.0,-2.1500015,0.0,4.2600036,0.9599991,-0.7200028,-4.619998,0.0,0.94999695,0.049999237,-3.8999953,-0.4800064,1.0199982,3.4200027,-0.0,0.0,0.0,0.0,0.0,pink,0.00048088800394907594,0.0,0.0,0.0,-19.47153091430664,-90.0,-66.11259460449219,-84.97486877441406,-93.42045593261719,-18.93749237060547,13.546953201293945,19.471240997314453,90.0,66.11192321777344,84.97538757324219,93.41876220703125,18.944259643554688,13.547663688659668,0.0,0.0,0.0,0.0
259,5.181291887000043,1789352838.9224484,17,-0.0012679148,0.017401258,0.000346722,0.0015840436,-19.266026,-90.004166,-66.54512,-84.86166,-93.34045,-18.50187,13.252615,19.258747,89.99629,66.539314,84.8469,93.34396,18.502268,13.251091,0.0,0.0,0.0,0.0,0.0,-0.003071258,-0.0,0.0,-1.4000015,0.0,3.3000045,0.60000455,-0.7200028,-3.4200027,0.0,1.3500023,0.0,-4.1400056,-0.3599945,0.7200028,4.5,0.059999086,0.0,0.0,0.0,0.0,pink,0.00048088800394907594,0.0,0.0,0.0,-19.47153091430664,-90.0,-66.11259460449219,-84.97486877441406,-93.42045593261719,-18.93749237060547,13.546953201293945,19.471240997314453,90.0,66.11192321777344,84.97538757324219,93.41876220703125,18.944259643554688,13.547663688659668,0.0,0.0,0.0,0.0
260,5.201295682999898,1789352838.942452,17,-0.0012679148,0.01728114,0.000346722,0.0015806444,-19.2961,-90.00398,-66.47474,-84.84401,-93.35245,-18.57361,13.255582,19.286179,89.99658,66.472534,84.84113,93.36233,18.577868,13.252945,0.0,0.0,0.0,0.0,0.0,-0.0061429283,-0.0,0.0,-1.5499992,0.0,3.6599991,1.1999954,-0.4800064,-3.480002,0.29999542,1.1500053,0.0,-2.5800018,-0.11999817,0.9,3.0599945,0.11999817,0.0,0.0,0.0,0.0,pink,0.00047932719462551177,0.0,0.0,0.0,-19.528614044189453,-90.0,-66.08659362792969,-85.17105102539062,-93.38899993896484,-18.973445892333984,13.796305656433105,19.52830696105957,90.0,66.08592987060547,85.17155456542969,93.38729858398438,18.980226516723633,13.796989440917969,0.0,0.0,0.0,0.0
261,5.221337835999748,1789352838.962494,17,-0.0012679148,0.017156199,0.000346722,0.0015772451,-19.32256,-90.004,-66.40839,-84.82652,-93.36249,-18.629105,13.268394,19.314182,89.9965,66.41915,84.84094,93.37607,18.62949,13.264,0.0,0.0,0.0,0.0,0.0,-0.0061429394,-0.0,0.0,-0.9999962,0.0,2.4600036,0.17999725,-0.60000455,-2.8199983,1.1399963,1.7499962,0.0,-2.759999,0.0,0.41999358,2.2199936,1.1999954,0.0,0.0,0.0,0.0,pink,0.00047932719462551177,0.0,0.0,0.0,-19.528614044189453,-90.0,-66.08659362792969,-85.17105102539062,-93.38899993896484,-18.973445892333984,13.796305656433105,19.52830696105957,90.0,66.08592987060547,85.17155456542969,93.38729858398438,18.980226516723633,13.796989440917969,0.0,0.0,0.0,0.0
262,5.241514841000026,1789352838.982671,17,-0.0012645154,0.016776156,0.000346722,0.0015738459,-19.340527,-90.00427,-66.370026,-84.827034,-93.37636,-18.67717,13.300502,19.342518,89.99645,66.35658,84.842,93.3835,18.679684,13.293485,0.0,0.0,0.0,0.0,0.0,-0.044977356,-0.0,0.0,-0.8499985,0.0,1.6800019,-0.059999086,-0.66000366,-2.4000046,1.9799973,1.0499954,0.0,-3.1199937,0.059999086,0.23999634,2.5200028,1.5000045,0.0,0.0,0.0,0.0,pink,0.00047932719462551177,0.0,0.0,0.0,-19.528614044189453,-90.0,-66.08659362792969,-85.17105102539062,-93.38899993896484,-18.973445892333984,13.796305656433105,19.52830696105957,90.0,66.08592987060547,85.17155456542969,93.38729858398438,18.980226516723633,13.796989440917969,0.0,0.0,0.0,0.0
263,5.261178551999819,1789352839.0023348,17,-0.0012645154,0.015891926,0.000346722,0.0015704466,-19.360085,-90.004135,-66.32912,-84.83073,-93.390724,-18.726458,13.344708,19.362167,89.99667,66.31248,84.84774,93.3877,18.732143,13.332033,0.0,0.0,0.0,0.0,0.0,-0.016016282,-0.0,0.0,-1.0499954,0.0,2.1599946,-0.17999725,-0.60000455,-2.1599946,2.0999954,0.9999962,0.0,-1.3199936,0.41999358,0.059999086,1.9799973,2.3400054,0.0,0.0,0.0,0.0,pink,0.00047258372069336474,0.0,0.0,0.0,-19.59792709350586,-90.0,-66.06426239013672,-85.41496276855469,-93.34058380126953,-19.008989334106445,14.108576774597168,19.597623825073242,90.0,66.06356811523438,85.41546630859375,93.33883666992188,19.0157527923584,14.109288215637207,0.0,0.0,0.0,0.0
264,5.281261593999716,1789352839.022418,17,-0.0012611162,0.015817603,0.000346722,0.0015670474,-19.38374,-90.00379,-66.28138,-84.844444,-93.400024,-18.77106,13.385536,19.382298,89.99723,66.28307,84.85811,93.392426,18.767918,13.383655,0.0,0.0,0.0,0.0,0.0,0.0,-0.0,0.0,-1.3500023,0.0,2.2199936,-1.2599945,-0.23999634,-1.9199982,2.2199936,0.9999962,0.0,-1.5000045,0.7200028,0.17999725,2.0399964,2.9399962,0.0,0.0,0.0,0.0,pink,0.00047258372069336474,0.0,0.0,0.0,-19.59792709350586,-90.0,-66.06426239013672,-85.41496276855469,-93.34058380126953,-19.008989334106445,14.108576774597168,19.597623825073242,90.0,66.06356811523438,85.41546630859375,93.33883666992188,19.0157527923584,14.109288215637207,0.0,0.0,0.0,0.0
265,5.301405141000032,1789352839.0425613,17,-0.001257717,0.015805952,0.000346722,0.0015636482,-19.407475,-90.00375,-66.245255,-84.88628,-93.40269,-18.797085,13.443805,19.404568,89.99723,66.25798,84.88209,93.39483,18.803774,13.435112,0.0,0.0,0.0,0.0,0.0,-0.0030713277,-0.0,0.0,-0.79999924,0.0,1.2599945,-2.9399962,0.0,-1.0199982,3.480002,0.94999695,0.0,-1.0799973,1.6200027,0.059999086,1.1399963,2.4600036,0.0,0.0,0.0,0.0,pink,0.00045952366781421006,0.0,0.0,0.0,-19.67947006225586,-89.99725341796875,-66.0456314086914,-85.70259857177734,-93.27613830566406,-19.043672561645508,14.47974681854248,19.67917823791504,89.99725341796875,66.044921875,85.70311737060547,93.27437591552734,19.05042839050293,14.480498313903809,0.0,0.0,0.0,0.0
266,5.321318182999676,1789352839.0624745,17,-0.0012543178,0.015785465,0.000346722,0.0015602489,-19.424332,-90.00407,-66.22365,-84.94608,-93.40277,-18.825884,13.51203,19.426449,89.997154,66.231255,84.92566,93.394806,18.823467,13.508995,0.0,0.0,0.0,0.0,0.0,0.0,-0.0,0.0,-1.1500053,0.0,1.1399963,-2.4600036,0.0,-1.740001,3.0599945,1.2000046,0.0,-1.4400055,2.5200028,0.059999086,1.2599945,4.019994,0.0,0.0,0.0,0.0,pink,0.00045952366781421006,0.0,0.0,0.0,-19.67947006225586,-89.99725341796875,-66.0456314086914,-85.70259857177734,-93.27613830566406,-19.043672561645508,14.47974681854248,19.67917823791504,89.99725341796875,66.044921875,85.70311737060547,93.27437591552734,19.05042839050293,14.480498313903809,0.0,0.0,0.0,0.0
267,5.3413149190000695,1789352839.0824711,17,-0.0012509186,0.015762163,0.000346722,0.0015568497,-19.453846,-90.00395,-66.19845,-84.9889,-93.40222,-18.852951,13.578923,19.450607,89.99714,66.200005,84.99066,93.39446,18.861095,13.584951,0.0,0.0,0.0,0.0,0.0,0.0,-0.0,0.0,-1.4500008,0.0,0.9599991,-1.9199982,0.11999817,-1.0199982,3.1199937,1.0999947,0.0,-1.6800019,3.8999953,0.0,1.740001,3.7199981,0.0,0.0,0.0,0.0,pink,0.00045952366781421006,0.0,0.0,0.0,-19.67947006225586,-89.99725341796875,-66.0456314086914,-85.70259857177734,-93.27613830566406,-19.043672561645508,14.47974681854248,19.67917823791504,89.99725341796875,66.044921875,85.70311737060547,93.27437591552734,19.05042839050293,14.480498313903809,0.0,0.0,0.0,0.0
268,5.361218901000029,1789352839.1023753,17,-0.0012509186,0.01575212,0.000346722,0.0015534505,-19.475555,-90.00388,-66.18751,-85.04378,-93.40092,-18.875858,13.66025,19.473919,89.997154,66.16698,85.06607,93.39333,18.888176,13.660263,0.0,0.0,0.0,0.0,0.0,0.0,-0.0,0.0,-0.8999977,0.0,0.3599945,-3.6599991,0.0,-1.5000045,4.8599944,1.1500053,0.0,-1.3199936,3.1800065,-0.11999817,1.2599945,4.619998,0.0,0.0,0.0,0.0,pink,0.0004681014106608927,0.0,0.0,0.0,-19.773488998413086,-89.97422790527344,-66.03013610839844,-86.02987670898438,-93.19725799560547,-19.07770538330078,14.90563678741455,19.7731990814209,89.97420501708984,66.02941131591797,86.0303726196289,93.19544982910156,19.08446502685547,14.906373977661133,0.0,0.0,0.0,0.0
269,5.381273340000007,1789352839.1224296,17,-0.0012475193,0.015721185,0.000346722,0.0015534505,-19.491142,-90.003815,-66.17343,-85.13241,-93.39803,-18.907993,13.753688,19.498226,89.99729,66.149605,85.12717,93.38995,18.913637,13.755816,0.0,0.0,0.0,0.0,0.0,-0.0030713314,-0.0,0.0,-0.75,0.0,1.0799973,-4.019994,0.23999634,-1.3199936,4.559999,1.1500053,0.0,-0.5400055,3.2400055,-0.29999542,1.2599945,4.0800066,0.0,0.0,0.0,0.0,pink,0.0004681014106608927,0.0,0.0,0.0,-19.773488998413086,-89.97422790527344,-66.03013610839844,-86.02987670898438,-93.19725799560547,-19.07770538330078,14.90563678741455,19.7731990814209,89.97420501708984,66.02941131591797,86.0303726196289,93.19544982910156,19.08446502685547,14.906373977661133,0.0,0.0,0.0,0.0
270,5.401279542999873,1789352839.1424356,17,-0.0012441201,0.015698688,0.000346722,0.0015500513,-19.513859,-90.003654,-66.14762,-85.2033,-93.38707,-18.931187,13.848569,19.519375,89.99709,66.13602,85.207504,93.381424,18.934662,13.847841,0.0,0.0,0.0,0.0,0.0,0.0,-0.0,0.0,-1.5999985,0.049999237,1.3800064,-3.2400055,0.7200028,-1.0199982,5.2200027,0.94999695,0.0,-0.66000366,4.440001,-0.5400055,0.9,5.340001,0.0,0.0,0.0,0.0,pink,0.0004750716907437891,0.0,0.0,0.0,-19.881542205810547,-89.9493637084961,-66.01335144042969,-86.39269256591797,-93.10905456542969,-19.11481475830078,15.38188648223877,19.88128089904785,89.9493408203125,66.01263427734375,86.39318084716797,93.10721588134766,19.121578216552734,15.382631301879883,0.0,0.0,0.0,0.0
271,5.421379266999793,1789352839.1625354,17,-0.0012407209,0.015662933,0.000346722,0.001546652,-19.54953,-90.0027,-66.125786,-85.27846,-93.36741,-18.950455,13.953886,19.539825,89.997116,66.12161,85.29258,93.36772,18.952047,13.95846,0.0,0.0,0.0,0.0,0.0,-0.003071334,-0.0,0.0,-1.6499977,0.049999237,1.0799973,-4.5,1.1399963,-0.9,5.9400053,1.4000015,0.0,-0.7200028,3.7199981,-0.7800018,0.8400009,5.0400057,0.0,0.0,0.0,0.0,pink,0.0004750716907437891,0.0,0.0,0.0,-19.881542205810547,-89.9493637084961,-66.01335144042969,-86.39269256591797,-93.10905456542969,-19.11481475830078,15.38188648223877,19.88128089904785,89.9493408203125,66.01263427734375,86.39318084716797,93.10721588134766,19.121578216552734,15.382631301879883,0.0,0.0,0.0,0.0
272,5.441314032999799,1789352839.1824703,17,-0.0012373216,0.015605885,0.000346722,0.0015432527,-19.580395,-90.00213,-66.09953,-85.368744,-93.337814,-18.969007,14.075464,19.575096,89.996796,66.10979,85.37824,93.34788,18.968912,14.069174,0.0,0.0,0.0,0.0,0.0,0.0,-0.0,0.0,-1.5,0.0,1.5600036,-4.559999,1.3800064,-0.8400009,6.0600038,1.6499977,0.0,-0.41999358,4.7999954,-1.1399963,1.0199982,7.080002,0.0,0.0,0.0,0.0,pink,0.0004750716907437891,0.0,0.0,0.0,-19.881542205810547,-89.9493637084961,-66.01335144042969,-86.39269256591797,-93.10905456542969,-19.11481475830078,15.38188648223877,19.88128089904785,89.9493408203125,66.01263427734375,86.39318084716797,93.10721588134766,19.121578216552734,15.382631301879883,0.0,0.0,0.0,0.0
273,5.461269001999881,1789352839.202425,17,-0.0012339223,0.01559102,0.000346722,0.0015398535,-19.613445,-90.001045,-66.07777,-85.467285,-93.312614,-18.983276,14.201106,19.605572,89.99645,66.10141,85.47916,93.320465,18.988962,14.201793,0.0,0.0,0.0,0.0,0.0,-0.003071337,-0.0,0.0,-1.5,0.099998474,0.60000455,-5.579997,1.0799973,-0.5400055,6.419998,1.699997,0.0,-0.66000366,4.3200026,-1.3800064,0.9,6.359999,0.0,0.0,0.0,0.0,pink,0.00046289872261695564,0.0,0.0,0.0,-20.0036678314209,-89.92325592041016,-65.99560546875,-86.78685760498047,-93.01223754882812,-19.15449333190918,15.904443740844727,20.003398895263672,89.9232177734375,65.99484252929688,86.78734588623047,93.01034545898438,19.161226272583008,15.905220985412598,0.0,0.0,0.0,0.0
274,5.481422638999902,1789352839.222579,17,-0.0012305231,0.015530356,0.000346722,0.0015398535,-19.640133,-89.99848,-66.07164,-85.5788,-93.2903,-18.995953,14.332914,19.638382,89.99554,66.083984,85.57886,93.29157,19.001898,14.335277,0.0,0.0,0.0,0.0,0.0,-0.0030713396,-0.0,0.0,-1.3500023,0.049999237,0.29999542,-4.9199934,1.2599945,-0.60000455,6.7199936,1.4000015,-0.049999237,-0.60000455,6.1800017,-1.3199936,0.60000455,6.6599946,0.0,0.0,0.0,0.0,pink,0.00046289872261695564,0.0,0.0,0.0,-20.0036678314209,-89.92325592041016,-65.99560546875,-86.78685760498047,-93.01223754882812,-19.15449333190918,15.904443740844727,20.003398895263672,89.9232177734375,65.99484252929688,86.78734588623047,93.01034545898438,19.161226272583008,15.905220985412598,0.0,0.0,0.0,0.0
275,5.501284134999878,1789352839.2424402,17,-0.0012237247,0.015498217,0.000346722,0.0015364543,-19.67109,-89.99594,-66.06616,-85.68682,-93.269806,-19.009617,14.473608,19.667542,89.99315,66.07792,85.69417,93.266685,19.017292,14.477015,0.0,0.0,0.0,0.0,0.0,-0.003071341,-0.0,0.0,-1.699997,0.24999619,0.17999725,-5.8800063,0.7800018,-1.0199982,7.020003,1.7999954,0.0,-0.3599945,5.1600037,-1.4400055,0.7200028,7.8600035,0.0,0.0,0.0,0.0,pink,0.00046867504715919495,0.0,0.0,0.0,-20.13983154296875,-89.89642333984375,-65.9771728515625,-87.20816040039062,-92.90755462646484,-19.19609260559082,16.4691162109375,20.13958168029785,89.89639282226562,65.9764175415039,87.20863342285156,92.90560150146484,19.20285415649414,16.469911575317383,0.0,0.0,0.0,0.0
276,5.521299700999862,1789352839.2624557,17,-0.0012203255,0.015453221,0.000346722,0.0015330551,-19.708546,-89.988,-66.05891,-85.80032,-93.252174,-19.033909,14.62868,19.70502,89.99087,66.06625,85.806915,93.239075,19.036203,14.627829,0.0,0.0,0.0,0.0,0.0,0.0,-0.0,0.0,-1.8499947,0.45000458,0.5400055,-5.1000047,1.1399963,-1.2599945,7.980002,2.1000023,-0.24999619,-0.3599945,6.359999,-1.1999954,1.2599945,7.980002,0.0,0.0,0.0,0.0,pink,0.00046867504715919495,0.0,0.0,0.0,-20.13983154296875,-89.89642333984375,-65.9771728515625,-87.20816040039062,-92.90755462646484,-19.19609260559082,16.4691162109375,20.13958168029785,89.89639282226562,65.9764175415039,87.20863342285156,92.90560150146484,19.20285415649414,16.469911575317383,0.0,0.0,0.0,0.0
277,5.541334996999922,1789352839.2824912,17,-0.0012169261,0.015408628,0.000346722,0.0015296559,-19.75106,-89.97917,-66.04736,-85.92093,-93.21758,-19.047258,14.789396,19.747295,89.98551,66.057045,85.92024,93.215454,19.060194,14.791855,0.0,0.0,0.0,0.0,0.0,0.0,-0.0,0.0,-1.9500046,0.45000458,0.5400055,-6.7800064,1.9799973,-0.4800064,8.880002,1.9500046,-0.099998474,-0.3599945,5.8199935,-1.2599945,0.66000366,8.459994,0.0,0.0,0.0,0.0,pink,0.00046867504715919495,0.0,0.0,0.0,-20.13983154296875,-89.89642333984375,-65.9771728515625,-87.20816040039062,-92.90755462646484,-19.19609260559082,16.4691162109375,20.13958168029785,89.89639282226562,65.9764175415039,87.20863342285156,92.90560150146484,19.20285415649414,16.469911575317383,0.0,0.0,0.0,0.0
278,5.561346565999884,1789352839.3025029,17,-0.0012135269,0.015345955,0.000346722,0.0015296559,-19.786526,-89.970924,-66.04074,-86.04944,-93.183044,-19.058971,14.961003,19.787098,89.98098,66.04776,86.05493,93.18032,19.070507,14.963695,0.0,0.0,0.0,0.0,0.0,-0.009872907,-0.0,0.0,-1.5499992,0.40000534,0.11999817,-6.3,1.8599991,-0.60000455,9.119998,1.4500008,-0.24999619,-0.4800064,7.020003,-1.9199982,0.60000455,8.880002,0.0,0.0,0.0,0.0,pink,0.00047501164954155684,0.0,0.0,0.0,-20.290021896362305,-89.86940002441406,-65.95842742919922,-87.65274810791016,-92.7957534790039,-19.239089965820312,17.071992874145508,20.289770126342773,89.86933135986328,65.9576644897461,87.65318298339844,92.79375457763672,19.245834350585938,17.072772979736328,0.0,0.0,0.0,0.0
279,5.581468323000081,1789352839.3226244,17,-0.0012101277,0.015221816,0.000346722,0.0015262566,-19.82103,-89.96305,-66.03638,-86.195946,-93.13885,-19.07857,15.13368,19.819965,89.975914,66.03648,86.195656,93.14765,19.08302,15.136455,0.0,0.0,0.0,0.0,0.0,-0.003071353,-0.0,0.0,-1.7999954,0.45000458,0.23999634,-6.8400054,2.3400054,-1.3199936,9.840001,2.1000023,-0.19999695,-0.60000455,7.2,-1.5000045,0.66000366,9.419993,0.0,0.0,0.0,0.0,pink,0.00047501164954155684,0.0,0.0,0.0,-20.290021896362305,-89.86940002441406,-65.95842742919922,-87.65274810791016,-92.7957534790039,-19.239089965820312,17.071992874145508,20.289770126342773,89.86933135986328,65.9576644897461,87.65318298339844,92.79375457763672,19.245834350585938,17.072772979736328,0.0,0.0,0.0,0.0
280,5.601331759000004,1789352839.342488,17,-0.0012067285,0.0151499035,0.000346722,0.0015228573,-19.865868,-89.95447,-66.02759,-86.3307,-93.10551,-19.105335,15.314928,19.863373,89.969505,66.02148,86.33699,93.10841,19.103357,15.319817,0.0,0.0,0.0,0.0,0.0,-0.0030713563,-0.0,0.0,-2.3499985,0.45000458,0.41999358,-7.020003,1.1999954,-0.9599991,9.840001,2.3999977,-0.29999542,-0.7200028,6.6599946,-1.8,1.0799973,9.840001,0.0,0.0,0.0,0.0,pink,0.0004447160172276199,0.0,0.0,0.0,-20.454078674316406,-89.84261322021484,-65.93964385986328,-88.11649322509766,-92.67759704589844,-19.282880783081055,17.708881378173828,20.45386505126953,89.84254455566406,65.93883514404297,88.11695098876953,92.67550659179688,19.289628982543945,17.70976448059082,0.0,0.0,0.0,0.0
281,5.621263121000084,1789352839.3624194,17,-0.0012033293,0.015127003,0.000346722,0.0015228573,-19.918453,-89.94424,-66.01915,-86.46107,-93.0749,-19.118902,15.503782,19.912651,89.961365,66.00884,86.48072,93.07763,19.124493,15.508987,0.0,0.0,0.0,0.0,0.0,-0.0030713573,-0.0,0.0,-2.3999977,0.34999466,0.3599945,-6.7800064,1.6800019,-0.4800064,9.179997,2.4999962,-0.5000038,-0.41999358,7.020003,-1.5600036,0.9,9.540006,0.0,0.0,0.0,0.0,pink,0.0004447160172276199,0.0,0.0,0.0,-20.454078674316406,-89.84261322021484,-65.93964385986328,-88.11649322509766,-92.67759704589844,-19.282880783081055,17.708881378173828,20.45386505126953,89.84254455566406,65.93883514404297,88.11695098876953,92.67550659179688,19.289628982543945,17.70976448059082,0.0,0.0,0.0,0.0
282,5.641325344000052,1789352839.3824816,17,-0.00119993,0.014959876,0.000346722,0.0015194581,-19.962513,-89.93509,-66.01417,-86.616196,-93.04853,-19.130686,15.706123,19.959412,89.95006,66.002014,86.626114,93.03769,19.136028,15.708348,0.0,0.0,0.0,0.0,0.0,-0.012725373,-0.0,0.0,-1.9500046,0.5000038,0.11999817,-7.2599993,1.6800019,-0.7200028,10.500005,2.2000008,-0.5000038,-0.29999542,8.279997,-1.9199982,0.29999542,10.919998,0.0,0.0,0.0,0.0,pink,0.0004447160172276199,0.0,0.0,0.0,-20.454078674316406,-89.84261322021484,-65.93964385986328,-88.11649322509766,-92.67759704589844,-19.282880783081055,17.708881378173828,20.45386505126953,89.84254455566406,65.93883514404297,88.11695098876953,92.67550659179688,19.289628982543945,17.70976448059082,0.0,0.0,0.0,0.0
283,5.661154872999759,1789352839.402311,17,-0.0011965308,0.014793552,0.000346722,0.0015160589,-20.010899,-89.92487,-66.00472,-86.78049,-93.005325,-19.145489,15.915853,20.009388,89.939224,65.99853,86.78658,93.000694,19.148663,15.915812,0.0,0.0,0.0,0.0,0.0,0.0,-0.0,0.0,-2.3999977,0.6000023,0.60000455,-7.3799973,1.9199982,-0.7200028,10.979998,2.9000015,-0.34999466,-0.11999817,7.6199937,-2.0399964,0.7800018,11.099996,0.0,0.0,0.0,0.0,pink,0.0004546544805634767,0.0,0.0,0.0,-20.63181495666504,-89.81657409667969,-65.9211196899414,-88.59562683105469,-92.55387878417969,-19.326913833618164,18.37580680847168,20.63163185119629,89.8165283203125,65.92024993896484,88.59609985351562,92.55170440673828,19.33365821838379,18.376750946044922,0.0,0.0,0.0,0.0
284,5.681284067999968,1789352839.4224403,17,-0.0011931316,0.014744137,0.000346722,0.0015126597,-20.067238,-89.90961,-65.99468,-86.936615,-92.96037,-19.161749,16.129908,20.068153,89.93374,65.99307,86.93588,92.963,19.166378,16.129467,0.0,0.0,0.0,0.0,0.0,0.0,-0.0,0.0,-2.800003,0.75,0.29999542,-8.219998,2.8799973,-0.7800018,10.440005,3.1499977,-0.19999695,-0.23999634,7.020003,-1.8,0.9599991,10.139997,0.0,0.0,0.0,0.0,pink,0.0004546544805634767,0.0,0.0,0.0,-20.63181495666504,-89.81657409667969,-65.9211196899414,-88.59562683105469,-92.55387878417969,-19.326913833618164,18.37580680847168,20.63163185119629,89.8165283203125,65.92024993896484,88.59609985351562,92.55170440673828,19.33365821838379,18.376750946044922,0.0,0.0,0.0,0.0
285,5.701390141000047,1789352839.4425464,17,-0.0011897323,0.014468135,0.000346722,0.0015126597,-20.116287,-89.897095,-65.991356,-87.09303,-92.916115,-19.177967,16.348,20.119022,89.92788,65.98775,87.10014,92.92235,19.186207,16.346695,0.0,0.0,0.0,0.0,0.0,-0.012506105,-0.0,0.0,-2.449997,0.40000534,0.059999086,-8.820003,1.6200027,-0.60000455,10.620003,2.25,-0.40000534,-0.17999725,8.580007,-2.0999954,1.0199982,10.380007,0.0,0.0,0.0,0.0,pink,0.00044819782488048077,0.0,0.0,0.0,-20.82293701171875,-89.79170989990234,-65.90308380126953,-89.08650970458984,-92.42530822753906,-19.370708465576172,19.068870544433594,20.82274627685547,89.7916259765625,65.90223693847656,89.08694458007812,92.4231185913086,19.3774356842041,19.069766998291016,0.0,0.0,0.0,0.0
286,5.721340580999822,1789352839.4624968,17,-0.0011863331,0.014370912,0.000346722,0.0015092604,-20.170452,-89.888435,-65.989845,-87.264046,-92.87916,-19.191494,16.571983,20.171276,89.92023,65.98026,87.27467,92.88424,19.20612,16.570185,0.0,0.0,0.0,0.0,0.0,0.0,-0.0,0.0,-3.0499992,0.45000458,0.11999817,-8.279997,1.9799973,-0.41999358,11.159994,3.0,-0.5000038,-0.4800064,8.279997,-1.740001,0.9,10.979998,0.0,0.0,0.0,0.0,pink,0.00044819782488048077,0.0,0.0,0.0,-20.82293701171875,-89.79170989990234,-65.90308380126953,-89.08650970458984,-92.42530822753906,-19.370708465576172,19.068870544433594,20.82274627685547,89.7916259765625,65.90223693847656,89.08694458007812,92.4231185913086,19.3774356842041,19.069766998291016,0.0,0.0,0.0,0.0
287,5.741300139000032,1789352839.4824567,17,-0.0011829338,0.014318282,0.000346722,0.0015058612,-20.235317,-89.87921,-65.983185,-87.43196,-92.84458,-19.206299,16.806637,20.234562,89.90686,65.96873,87.44084,92.83671,19.223122,16.805744,0.0,0.0,0.0,0.0,0.0,0.0,-0.0,0.0,-3.1499977,0.34999466,0.4800064,-7.980002,1.8599991,-0.8400009,11.340006,3.0499992,-0.9999962,-0.5400055,8.760004,-2.5200028,0.8400009,11.939997,0.0,0.0,0.0,0.0,pink,0.00044819782488048077,0.0,0.0,0.0,-20.82293701171875,-89.79170989990234,-65.90308380126953,-89.08650970458984,-92.42530822753906,-19.370708465576172,19.068870544433594,20.82274627685547,89.7916259765625,65.90223693847656,89.08694458007812,92.4231185913086,19.3774356842041,19.069766998291016,0.0,0.0,0.0,0.0
288,5.761263076999967,1789352839.5024195,17,-0.0011795346,0.014201372,0.000346722,0.0015058612,-20.294117,-89.8718,-65.973625,-87.60939,-92.79933,-19.227118,17.046154,20.292652,89.879395,65.956406,87.61719,92.79436,19.241413,17.046099,0.0,0.0,0.0,0.0,0.0,0.0,-0.0,0.0,-3.0,0.45000458,0.41999358,-8.940001,2.5200028,-1.1999954,12.899996,3.0999985,-1.4500008,-0.7200028,9.540006,-2.2199936,0.8400009,11.879997,0.0,0.0,0.0,0.0,pink,0.0004491583094932139,0.0,0.0,0.0,-21.0269832611084,-89.76836395263672,-65.8858413696289,-89.58551025390625,-92.29271697998047,-19.41377067565918,19.78392791748047,21.02682876586914,89.7682876586914,65.88494873046875,89.5859375,92.2904281616211,19.420495986938477,19.784902572631836,0.0,0.0,0.0,0.0
289,5.781307602999732,1789352839.5224638,17,-0.0010129721,0.014184901,0.000346722,0.001502462,-20.35865,-89.8623,-65.96339,-87.794426,-92.746544,-19.246962,17.289005,20.361477,89.8605,65.942345,87.79661,92.75161,19.25545,17.287275,0.0,0.0,0.0,0.0,0.0,0.0,-0.0,0.0,-3.4000053,0.55000305,0.5400055,-8.940001,2.759999,-0.7800018,12.119993,3.6500015,-0.45000458,-0.23999634,8.760004,-2.0399964,0.5400055,12.899996,0.0,0.0,0.0,0.0,pink,0.0004491583094932139,0.0,0.0,0.0,-21.0269832611084,-89.76836395263672,-65.8858413696289,-89.58551025390625,-92.29271697998047,-19.41377067565918,19.78392791748047,21.02682876586914,89.7682876586914,65.88494873046875,89.5859375,92.2904281616211,19.420495986938477,19.784902572631836,0.0,0.0,0.0,0.0
290,5.801138447000085,1789352839.5422947,17,-0.00096878206,0.0140655795,0.000346722,0.0014990628,-20.421238,-89.85306,-65.9517,-87.97462,-92.701416,-19.261848,17.533974,20.423744,89.8529,65.94118,87.97086,92.70597,19.268385,17.536116,0.0,0.0,0.0,0.0,0.0,-0.009873086,-0.0,0.0,-2.8500023,0.45000458,0.4800064,-9.540006,2.0999954,-0.9,12.119993,2.5499954,-0.29999542,0.0,9.239996,-2.1599946,0.60000455,11.879997,0.0,0.0,0.0,0.0,pink,0.00044879812048748136,0.0,0.0,0.0,-21.243406295776367,-89.74688720703125,-65.86963653564453,-90.08919525146484,-92.15689849853516,-19.45565414428711,20.51702880859375,21.24325180053711,89.74678802490234,65.86872863769531,90.08959197998047,92.15454864501953,19.46236801147461,20.518007278442383,0.0,0.0,0.0,0.0
291,5.821275154999967,1789352839.5624316,17,-0.0009449874,0.0137325255,0.000346722,0.0014990628,-20.484352,-89.84466,-65.94005,-88.15618,-92.65694,-19.285208,17.78626,20.483757,89.84291,65.93592,88.16038,92.65522,19.281885,17.78611,0.0,0.0,0.0,0.0,0.0,-0.020185785,-0.0,0.0,-3.6000023,0.34999466,0.5400055,-9.660004,1.6200027,-1.2599945,13.260004,3.2999954,-0.75,-0.5400055,9.480006,-2.9399962,0.8400009,13.380002,0.0,0.0,0.0,0.0,pink,0.00044879812048748136,0.0,0.0,0.0,-21.243406295776367,-89.74688720703125,-65.86963653564453,-90.08919525146484,-92.15689849853516,-19.45565414428711,20.51702880859375,21.24325180053711,89.74678802490234,65.86872863769531,90.08959197998047,92.15454864501953,19.46236801147461,20.518007278442383,0.0,0.0,0.0,0.0
292,5.841151164999701,1789352839.5823073,17,-0.00092119275,0.013585884,0.000346722,0.0014956634,-20.558132,-89.83586,-65.92725,-88.339745,-92.61174,-19.305271,18.048023,20.557022,89.82401,65.92197,88.34836,92.60671,19.302334,18.048504,0.0,0.0,0.0,0.0,0.0,-0.01294498,-0.0,0.0,-3.6000023,0.6000023,0.5400055,-9.959999,2.8799973,-0.66000366,13.380002,3.6500015,-0.70000076,-0.4800064,8.760004,-2.2199936,1.3199936,12.719998,0.0,0.0,0.0,0.0,pink,0.00044879812048748136,0.0,0.0,0.0,-21.243406295776367,-89.74688720703125,-65.86963653564453,-90.08919525146484,-92.15689849853516,-19.45565414428711,20.51702880859375,21.24325180053711,89.74678802490234,65.86872863769531,90.08959197998047,92.15454864501953,19.46236801147461,20.518007278442383,0.0,0.0,0.0,0.0
293,5.861268535999898,1789352839.6024249,17,-0.0009041966,0.0133649185,0.000346722,0.0014956634,-20.629177,-89.824036,-65.91732,-88.5269,-92.558205,-19.317686,18.317038,20.62912,89.81785,65.920204,88.53606,92.55944,19.322453,18.318659,0.0,0.0,0.0,0.0,0.0,-0.003071434,-0.0,0.0,-3.550003,0.40000534,0.5400055,-10.139997,2.6400008,-0.4800064,12.6,3.7000008,-0.14999771,0.0,9.419993,-2.2199936,0.9599991,12.719998,0.0,0.0,0.0,0.0,pink,0.00043712544720619917,0.0,0.0,0.0,-21.471519470214844,-89.72756958007812,-65.8546142578125,-90.59439086914062,-92.01858520507812,-19.495988845825195,21.264232635498047,21.471389770507812,89.72746276855469,65.85367584228516,90.59478759765625,92.01615905761719,19.50267791748047,21.26524543762207,0.0,0.0,0.0,0.0
294,5.881350782000027,1789352839.622507,17,-0.0008905996,0.01330586,0.000346722,0.0014922642,-20.701962,-89.813065,-65.90726,-88.71504,-92.50715,-19.331324,18.584652,20.706493,89.81375,65.9196,88.71982,92.5146,19.3372,18.587315,0.0,0.0,0.0,0.0,0.0,-0.006143275,-0.0,0.0,-3.4000053,0.5000038,0.41999358,-10.079997,2.4000046,-0.66000366,12.899996,3.4000053,-0.19999695,0.0,8.519994,-2.6400008,0.60000455,13.380002,0.0,0.0,0.0,0.0,pink,0.00043712544720619917,0.0,0.0,0.0,-21.471519470214844,-89.72756958007812,-65.8546142578125,-90.59439086914062,-92.01858520507812,-19.495988845825195,21.264232635498047,21.471389770507812,89.72746276855469,65.85367584228516,90.59478759765625,92.01615905761719,19.50267791748047,21.26524543762207,0.0,0.0,0.0,0.0
295,5.901377841999874,1789352839.6425343,17,-0.00088380114,0.013170869,0.000346722,0.001488865,-20.776085,-89.80375,-65.8995,-88.907326,-92.46035,-19.347172,18.849518,20.776005,89.810165,65.9186,88.91232,92.45925,19.350576,18.853788,0.0,0.0,0.0,0.0,0.0,-0.0032908025,-0.0,0.0,-3.8499985,0.29999542,0.4800064,-10.079997,1.9799973,-0.9,13.980006,3.2999954,-0.29999542,-0.059999086,9.600004,-3.3000045,0.7200028,13.980006,0.0,0.0,0.0,0.0,pink,0.00042518595000728965,0.0,0.0,0.0,-21.71049690246582,-89.71066284179688,-65.84098052978516,-91.09805297851562,-91.8785629272461,-19.534440994262695,22.021690368652344,21.71038818359375,89.71055603027344,65.84001159667969,91.09844970703125,91.87606048583984,19.541120529174805,22.02272605895996,0.0,0.0,0.0,0.0
296,5.921330834999935,1789352839.6624873,17,-0.00087360345,0.012950304,0.000346722,0.001488865,-20.854237,-89.795425,-65.89466,-89.09967,-92.41485,-19.365627,19.121923,20.850964,89.804756,65.91374,89.105125,92.406654,19.37009,19.12621,0.0,0.0,0.0,0.0,0.0,-0.00943452,-0.0,0.0,-3.7000008,0.34999466,0.0,-9.959999,2.9399962,-0.9599991,14.040006,3.7999992,-0.24999619,-0.3599945,8.760004,-2.4600036,1.3199936,14.220003,0.0,0.0,0.0,0.0,pink,0.00042518595000728965,0.0,0.0,0.0,-21.71049690246582,-89.71066284179688,-65.84098052978516,-91.09805297851562,-91.8785629272461,-19.534440994262695,22.021690368652344,21.71038818359375,89.71055603027344,65.84001159667969,91.09844970703125,91.87606048583984,19.541120529174805,22.02272605895996,0.0,0.0,0.0,0.0
297,5.941150512999684,1789352839.6823068,17,-0.0008702042,0.012712863,0.000346722,0.0014854658,-20.935822,-89.78716,-65.89395,-89.294266,-92.36139,-19.384098,19.403255,20.934116,89.79791,65.90561,89.29981,92.35976,19.399014,19.40555,0.0,0.0,0.0,0.0,0.0,-0.0030714625,-0.0,0.0,-4.1500053,0.40000534,0.11999817,-9.780002,2.759999,-0.7200028,14.579997,4.250004,-0.40000534,-0.3599945,9.419993,-1.9199982,1.2599945,14.459999,0.0,0.0,0.0,0.0,pink,0.00042518595000728965,0.0,0.0,0.0,-21.71049690246582,-89.71066284179688,-65.84098052978516,-91.09805297851562,-91.8785629272461,-19.534440994262695,22.021690368652344,21.71038818359375,89.71055603027344,65.84001159667969,91.09844970703125,91.87606048583984,19.541120529174805,22.02272605895996,0.0,0.0,0.0,0.0
298,5.9613342539996665,1789352839.7024906,17,-0.00086340576,0.012653001,0.000346722,0.0014820666,-21.01561,-89.7784,-65.891,-89.49647,-92.30287,-19.395702,19.692568,21.01807,89.78682,65.89586,89.49463,92.307915,19.413761,19.691908,0.0,0.0,0.0,0.0,0.0,-0.00943456,-0.0,0.0,-3.7999992,0.40000534,0.059999086,-10.319994,2.5200028,-0.66000366,14.819994,3.949997,-0.6000023,-0.7200028,9.540006,-2.759999,0.3599945,15.060003,0.0,0.0,0.0,0.0,pink,0.00042483911965973675,0.0,0.0,0.0,-21.959354400634766,-89.69631958007812,-65.8288803100586,-91.59729766845703,-91.73762512207031,-19.57069206237793,22.785337448120117,21.959245681762695,89.69619750976562,65.827880859375,91.59766387939453,91.73506927490234,19.577335357666016,22.786401748657227,0.0,0.0,0.0,0.0
299,5.981262848999904,1789352839.7224193,17,-0.0008566073,0.012535285,0.000346722,0.0014820666,-21.099861,-89.76993,-65.887535,-89.694565,-92.25175,-19.409271,19.97802,21.099724,89.77695,65.88546,89.6953,92.24499,19.424267,19.974998,0.0,0.0,0.0,0.0,0.0,0.0,-0.0,0.0,-4.4000015,0.34999466,0.29999542,-10.019999,2.1599946,-0.8400009,15.120003,4.0999947,-0.40000534,-0.17999725,9.600004,-2.9999955,0.7800018,14.7599945,0.0,0.0,0.0,0.0,pink,0.00042483911965973675,0.0,0.0,0.0,-21.959354400634766,-89.69631958007812,-65.8288803100586,-91.59729766845703,-91.73762512207031,-19.57069206237793,22.785337448120117,21.959245681762695,89.69619750976562,65.827880859375,91.59766387939453,91.73506927490234,19.577335357666016,22.786401748657227,0.0,0.0,0.0,0.0
300,6.001269619999675,1789352839.7424262,17,-0.0008498088,0.012386231,0.000346722,0.0014786673,-21.184788,-89.75972,-65.88099,-89.88981,-92.201416,-19.432123,20.263157,21.182476,89.771454,65.882774,89.89353,92.19553,19.440638,20.260698,0.0,0.0,0.0,0.0,0.0,-0.02567144,-0.0,0.0,-4.300003,0.5000038,0.29999542,-10.079997,2.4000046,-1.3800064,14.340001,4.300003,-0.19999695,-0.11999817,9.720003,-2.2199936,0.7800018,14.940005,0.0,0.0,0.0,0.0,pink,0.0004267067415639758,0.0,0.0,0.0,-22.21693992614746,-89.68468475341797,-65.81840515136719,-92.08944702148438,-91.59656524658203,-19.604490280151367,23.551374435424805,22.216846466064453,89.68456268310547,65.81739807128906,92.08979797363281,91.59393310546875,19.611141204833984,23.552419662475586,0.0,0.0,0.0,0.0
301,6.0212152079998305,1789352839.7623715,17,-0.0008464096,0.012227133,0.000346722,0.0014786673,-21.274292,-89.747375,-65.87399,-90.08465,-92.14941,-19.453053,20.54887,21.270962,89.76633,65.88017,90.09342,92.15143,19.456114,20.550434,0.0,0.0,0.0,0.0,0.0,-0.028743383,-0.0,0.0,-4.3500023,0.6500015,0.3599945,-10.019999,2.9399962,-0.66000366,14.579997,4.450001,-0.29999542,-0.11999817,9.480006,-2.4000046,0.60000455,15.240001,0.0,0.0,0.0,0.0,pink,0.0004267067415639758,0.0,0.0,0.0,-22.21693992614746,-89.68468475341797,-65.81840515136719,-92.08944702148438,-91.59656524658203,-19.604490280151367,23.551374435424805,22.216846466064453,89.68456268310547,65.81739807128906,92.08979797363281,91.59393310546875,19.611141204833984,23.552419662475586,0.0,0.0,0.0,0.0
302,6.041370729999926,1789352839.782527,17,-0.0008430103,0.011478643,0.000346722,0.001475268,-21.358154,-89.73547,-65.86802,-90.28548,-92.090324,-19.46574,20.84134,21.35907,89.76038,65.87783,90.28861,92.090385,19.466976,20.842945,0.0,0.0,0.0,0.0,0.0,-0.03466816,-0.0,0.0,-4.4000015,0.34999466,0.23999634,-10.440005,2.759999,-0.7200028,14.040006,4.699997,-0.29999542,-0.17999725,9.840001,-2.9999955,0.5400055,13.980006,0.0,0.0,0.0,0.0,pink,0.0004267067415639758,0.0,0.0,0.0,-22.21693992614746,-89.68468475341797,-65.81840515136719,-92.08944702148438,-91.59656524658203,-19.604490280151367,23.551374435424805,22.216846466064453,89.68456268310547,65.81739807128906,92.08979797363281,91.59393310546875,19.611141204833984,23.552419662475586,0.0,0.0,0.0,0.0
303,6.061232532999838,1789352839.802389,17,-0.0008396111,0.011320748,0.000346722,0.0014718688,-21.452316,-89.72946,-65.86279,-90.482285,-92.03752,-19.484198,21.142721,21.451721,89.7531,65.872154,90.489204,92.02804,19.481575,21.143627,0.0,0.0,0.0,0.0,0.0,-0.006143448,-0.0,0.0,-4.4000015,0.19999695,0.23999634,-10.2599945,2.1599946,-0.9,14.7599945,4.4000015,-0.40000534,-0.41999358,9.480006,-2.2800064,0.7800018,14.699995,0.0,0.0,0.0,0.0,pink,0.0004048687987960875,0.0,0.0,0.0,-22.481990814208984,-89.67581176757812,-65.8096694946289,-92.57203674316406,-91.45608520507812,-19.635705947875977,24.3159236907959,22.481924057006836,89.67569732666016,65.80860900878906,92.5723876953125,91.45337677001953,19.642324447631836,24.31706428527832,0.0,0.0,0.0,0.0
304,6.081452057999741,1789352839.8226087,17,-0.00083621184,0.011016207,0.000346722,0.0014718688,-21.544235,-89.72594,-65.859535,-90.67935,-91.98634,-19.501707,21.439571,21.5453,89.7439,65.8653,90.68663,91.98283,19.499922,21.436977,0.0,0.0,0.0,0.0,0.0,-0.0030715365,-0.0,0.0,-4.9000053,0.14999771,0.11999817,-10.2599945,2.5800018,-0.60000455,15.240001,5.200001,-0.55000305,-0.41999358,9.660004,-2.2800064,0.7200028,15.060003,0.0,0.0,0.0,0.0,pink,0.0004048687987960875,0.0,0.0,0.0,-22.481990814208984,-89.67581176757812,-65.8096694946289,-92.57203674316406,-91.45608520507812,-19.635705947875977,24.3159236907959,22.481924057006836,89.67569732666016,65.80860900878906,92.5723876953125,91.45337677001953,19.642324447631836,24.31706428527832,0.0,0.0,0.0,0.0
305,6.101411363999887,1789352839.8425677,17,-0.0008328126,0.010738984,0.000346722,0.0014684696,-21.637917,-89.721016,-65.853455,-90.87702,-91.92501,-19.512474,21.73531,21.640045,89.72713,65.853714,90.88208,91.93023,19.516512,21.73656,0.0,0.0,0.0,0.0,0.0,-0.04168989,-0.0,0.0,-4.5,0.24999619,0.29999542,-10.319994,2.9399962,-0.4800064,14.4,4.450001,-1.0499954,-0.66000366,9.720003,-3.3000045,0.60000455,15.060003,0.0,0.0,0.0,0.0,pink,0.00040217407513409853,0.0,0.0,0.0,-22.753087997436523,-89.66975402832031,-65.80266571044922,-93.04273986816406,-91.3169937133789,-19.664155960083008,25.075185775756836,22.753026962280273,89.66962432861328,65.80158233642578,93.0430679321289,91.31422424316406,19.670751571655273,25.076311111450195,0.0,0.0,0.0,0.0
306,6.121370504999959,1789352839.8625267,17,-0.00082941336,0.01010619,0.000346722,0.0014650704,-21.734333,-89.715836,-65.84687,-91.075356,-91.86592,-19.523624,22.030746,21.737709,89.707344,65.8399,91.085754,91.86721,19.528666,22.032806,0.0,0.0,0.0,0.0,0.0,-0.0063629234,-0.0,0.0,-5.000004,0.24999619,0.41999358,-9.480006,2.5800018,-0.60000455,13.919993,4.749996,-0.6500015,-0.4800064,9.480006,-3.1199937,0.60000455,14.459999,0.0,0.0,0.0,0.0,pink,0.00040217407513409853,0.0,0.0,0.0,-22.753087997436523,-89.66975402832031,-65.80266571044922,-93.04273986816406,-91.3169937133789,-19.664155960083008,25.075185775756836,22.753026962280273,89.66962432861328,65.80158233642578,93.0430679321289,91.31422424316406,19.670751571655273,25.076311111450195,0.0,0.0,0.0,0.0
307,6.1413332940001055,1789352839.8824897,17,-0.00082261494,0.009144332,0.000346722,0.0014650704,-21.830807,-89.71099,-65.84314,-91.27167,-91.8227,-19.537605,22.332417,21.831379,89.70215,65.835556,91.280815,91.81587,19.541052,22.334888,0.0,0.0,0.0,0.0,0.0,-0.064072065,-0.0,0.0,-5.000004,0.19999695,0.059999086,-9.959999,2.5800018,-0.8400009,15.840006,5.000004,0.0,0.059999086,9.419993,-1.740001,0.7800018,15.780006,0.0,0.0,0.0,0.0,pink,0.00040217407513409853,0.0,0.0,0.0,-22.753087997436523,-89.66975402832031,-65.80266571044922,-93.04273986816406,-91.3169937133789,-19.664155960083008,25.075185775756836,22.753026962280273,89.66962432861328,65.80158233642578,93.0430679321289,91.31422424316406,19.670751571655273,25.076311111450195,0.0,0.0,0.0,0.0
308,6.161309617999905,1789352839.9024658,17,-0.00081921567,0.008521568,0.000346722,0.0014616711,-21.929684,-89.70645,-65.83973,-91.47131,-91.76732,-19.553974,22.637548,21.933598,89.70101,65.83267,91.47365,91.7663,19.56275,22.642286,0.0,0.0,0.0,0.0,0.0,-0.019528752,-0.0,0.0,-4.699997,0.19999695,0.29999542,-9.720003,3.1199937,-0.7800018,14.579997,4.549999,-0.049999237,-0.11999817,9.480006,-2.759999,1.1999954,14.519999,0.0,0.0,0.0,0.0,pink,0.0003868728526867926,0.0,0.0,0.0,-23.02867317199707,-89.66643524169922,-65.79743957519531,-93.4994125366211,-91.17999267578125,-19.689775466918945,25.825265884399414,23.02864646911621,89.66629791259766,65.79635620117188,93.49972534179688,91.17716979980469,19.696348190307617,25.82643699645996,0.0,0.0,0.0,0.0
309,6.181230322999909,1789352839.9223866,17,-0.00081581646,0.0079867905,0.000346722,0.0014378765,-22.029556,-89.700874,-65.83347,-91.67099,-91.70283,-19.570042,22.938122,22.032097,89.69886,65.82997,91.6719,91.70587,19.588747,22.941156,0.0,0.0,0.0,0.0,0.0,-0.006363115,-0.0,0.0,-5.1500015,0.24999619,0.23999634,-9.600004,2.8799973,-0.7800018,14.4,5.200001,-0.14999771,-0.11999817,9.959999,-3.0599945,0.9,14.579997,0.0,0.0,0.0,0.0,pink,0.0003868728526867926,0.0,0.0,0.0,-23.02867317199707,-89.66643524169922,-65.79743957519531,-93.4994125366211,-91.17999267578125,-19.689775466918945,25.825265884399414,23.02864646911621,89.66629791259766,65.79635620117188,93.49972534179688,91.17716979980469,19.696348190307617,25.82643699645996,0.0,0.0,0.0,0.0
310,6.201212031000068,1789352839.9423685,17,-0.0008124172,0.007632815,0.000346722,0.001359694,-22.132004,-89.694855,-65.83025,-91.86189,-91.65135,-19.581894,23.24041,22.13182,89.69369,65.82725,91.869804,91.644844,19.600872,23.239956,0.0,0.0,0.0,0.0,0.0,-0.038400266,-0.0,0.0,-5.1000023,0.19999695,0.059999086,-9.239996,1.8,-0.4800064,15.719994,5.050003,-0.34999466,0.0,9.600004,-2.4600036,0.29999542,15.539996,0.0,0.0,0.0,0.0,pink,0.00037537358002737164,0.0,0.0,0.0,-23.306995391845703,-89.66577911376953,-65.79396057128906,-93.94012451171875,-91.04580688476562,-19.71256446838379,26.562442779541016,23.306968688964844,89.66564178466797,65.7928466796875,93.94044494628906,91.04291534423828,19.719104766845703,26.56359100341797,0.0,0.0,0.0,0.0
311,6.221296774999701,1789352839.962453,17,-0.000809018,0.00710687,0.000346722,0.0013223025,-22.232746,-89.690315,-65.828964,-92.054955,-91.60307,-19.590876,23.540598,22.235287,89.686134,65.8251,92.060074,91.59954,19.607754,23.538578,0.0,0.0,0.0,0.0,0.0,-0.051347125,-0.0,0.0,-5.000004,0.14999771,0.0,-9.239996,3.1199937,-0.41999358,14.519999,5.1000023,-0.29999542,-0.059999086,9.540006,-2.6400008,0.17999725,15.000005,0.0,0.0,0.0,0.0,pink,0.00037537358002737164,0.0,0.0,0.0,-23.306995391845703,-89.66577911376953,-65.79396057128906,-93.94012451171875,-91.04580688476562,-19.71256446838379,26.562442779541016,23.306968688964844,89.66564178466797,65.7928466796875,93.94044494628906,91.04291534423828,19.719104766845703,26.56359100341797,0.0,0.0,0.0,0.0
312,6.241334842000015,1789352839.9824913,17,-0.00080561877,0.006034476,0.000346722,0.0013019071,-22.336956,-89.686066,-65.82515,-92.245155,-91.54123,-19.59994,23.842968,22.337093,89.67922,65.82372,92.25297,91.54176,19.615307,23.840277,0.0,0.0,0.0,0.0,0.0,-0.04805637,-0.0,0.0,-5.3499985,0.24999619,0.11999817,-8.700005,3.540001,-0.41999358,14.819994,5.3999977,-0.29999542,-0.059999086,9.9,-3.1800065,0.5400055,14.579997,0.0,0.0,0.0,0.0,pink,0.00037537358002737164,0.0,0.0,0.0,-23.306995391845703,-89.66577911376953,-65.79396057128906,-93.94012451171875,-91.04580688476562,-19.71256446838379,26.562442779541016,23.306968688964844,89.66564178466797,65.7928466796875,93.94044494628906,91.04291534423828,19.719104766845703,26.56359100341797,0.0,0.0,0.0,0.0
313,6.261059626999668,1789352840.0022159,17,-0.0008022195,0.0053441823,0.000346722,0.001284911,-22.443798,-89.68102,-65.8211,-92.43431,-91.479294,-19.615347,24.14891,22.444496,89.670586,65.81864,92.44067,91.480835,19.625702,24.14762,0.0,0.0,0.0,0.0,0.0,-0.01601868,-0.0,0.0,-5.5999947,0.19999695,0.23999634,-8.880002,2.5200028,-1.0799973,15.539996,5.299999,-0.45000458,-0.23999634,9.660004,-2.8799973,0.60000455,16.259998,0.0,0.0,0.0,0.0,pink,0.00036886357702314854,0.0,0.0,0.0,-23.58620262145996,-89.6676025390625,-65.79218292236328,-94.3631591796875,-90.9151840209961,-19.73247528076172,27.282888412475586,23.586214065551758,89.66748046875,65.791015625,94.36344909667969,90.91217803955078,19.73904037475586,27.28412437438965,0.0,0.0,0.0,0.0
314,6.281520486999852,1789352840.0226767,17,-0.0007988203,0.0051135467,0.000346722,0.0012747132,-22.547962,-89.67826,-65.81518,-92.623,-91.43742,-19.638735,24.445734,22.54858,89.66294,65.81659,92.62734,91.42891,19.640451,24.448109,0.0,0.0,0.0,0.0,0.0,-0.029404439,-0.0,0.0,-5.299999,0.099998474,0.17999725,-9.480006,2.3400054,-1.0799973,13.919993,5.25,-0.099998474,0.0,9.9,-2.2800064,0.4800064,13.679997,0.0,0.0,0.0,0.0,pink,0.00036886357702314854,0.0,0.0,0.0,-23.58620262145996,-89.6676025390625,-65.79218292236328,-94.3631591796875,-90.9151840209961,-19.73247528076172,27.282888412475586,23.586214065551758,89.66748046875,65.791015625,94.36344909667969,90.91217803955078,19.73904037475586,27.28412437438965,0.0,0.0,0.0,0.0
315,6.301288159999785,1789352840.0424445,17,-0.0007920218,0.0048957686,0.000346722,0.0012679148,-22.655972,-89.67615,-65.81301,-92.81284,-91.38184,-19.650051,24.745893,22.654266,89.66214,65.81657,92.81404,91.37557,19.651478,24.744644,0.0,0.0,0.0,0.0,0.0,-0.006144008,-0.0,0.0,-5.1500015,0.14999771,0.0,-8.760004,2.9399962,-0.23999634,15.3,5.1000023,0.0,0.0,9.9,-2.8799973,0.29999542,14.7599945,0.0,0.0,0.0,0.0,pink,0.00035867164842784405,0.0,0.0,0.0,-23.864360809326172,-89.67176818847656,-65.7919692993164,-94.76689910888672,-90.78872680664062,-19.749658584594727,27.98300552368164,23.864377975463867,89.67161560058594,65.7907943725586,94.76715850830078,90.7856674194336,19.756179809570312,27.984254837036133,0.0,0.0,0.0,0.0
316,6.321312456999749,1789352840.0624685,17,-0.00078862254,0.0046952674,0.000346722,0.0012611162,-22.764553,-89.67469,-65.81157,-92.99759,-91.31572,-19.655077,25.043253,22.762287,89.66192,65.81545,92.99788,91.31769,19.658344,25.042278,0.0,0.0,0.0,0.0,0.0,-0.003071812,-0.0,0.0,-5.3999977,0.049999237,0.059999086,-9.179997,3.1199937,-0.23999634,15.479998,5.7000046,0.0,-0.11999817,9.480006,-3.1199937,0.3599945,15.479998,0.0,0.0,0.0,0.0,pink,0.00035867164842784405,0.0,0.0,0.0,-23.864360809326172,-89.67176818847656,-65.7919692993164,-94.76689910888672,-90.78872680664062,-19.749658584594727,27.98300552368164,23.864377975463867,89.67161560058594,65.7907943725586,94.76715850830078,90.7856674194336,19.756179809570312,27.984254837036133,0.0,0.0,0.0,0.0
317,6.341298122999888,1789352840.0824542,17,-0.0007852233,0.004109029,0.000346722,0.001257717,-22.86913,-89.67338,-65.810425,-93.18317,-91.264565,-19.661022,25.341091,22.868317,89.661575,65.81382,93.17645,91.26363,19.66594,25.343412,0.0,0.0,0.0,0.0,0.0,-0.053543597,-0.0,0.0,-5.200001,0.049999237,0.0,-9.480006,2.4000046,-0.3599945,14.459999,5.499996,0.0,0.0,9.660004,-3.0599945,0.29999542,14.7599945,0.0,0.0,0.0,0.0,pink,0.00035867164842784405,0.0,0.0,0.0,-23.864360809326172,-89.67176818847656,-65.7919692993164,-94.76689910888672,-90.78872680664062,-19.749658584594727,27.98300552368164,23.864377975463867,89.67161560058594,65.7907943725586,94.76715850830078,90.7856674194336,19.756179809570312,27.984254837036133,0.0,0.0,0.0,0.0
318,6.361227532999692,1789352840.1023839,17,-0.0007818241,0.0036352936,0.000346722,0.0012543178,-22.980114,-89.6713,-65.80683,-93.36494,-91.21892,-19.67135,25.642172,22.978054,89.66081,65.81313,93.36199,91.20901,19.67348,25.644026,0.0,0.0,0.0,0.0,0.0,-0.012288638,-0.0,0.0,-5.299999,0.049999237,0.11999817,-9.419993,2.9399962,-0.66000366,14.7599945,5.1500015,0.0,-0.059999086,9.299995,-2.8199983,0.3599945,14.160004,0.0,0.0,0.0,0.0,pink,0.00036970400833524764,0.0,0.0,0.0,-24.13937759399414,-89.67797088623047,-65.79322814941406,-95.14986419677734,-90.6671142578125,-19.76417350769043,28.65898895263672,24.139385223388672,89.6778335571289,65.79202270507812,95.15011596679688,90.66403198242188,19.770648956298828,28.66022491455078,0.0,0.0,0.0,0.0
319,6.381378155999755,1789352840.1225345,17,-0.00077842484,0.0033206735,0.000346722,0.0012509186,-23.090126,-89.669334,-65.80213,-93.54017,-91.160225,-19.685385,25.932926,23.091305,89.66054,65.81039,93.542114,91.15748,19.680716,25.937773,0.0,0.0,0.0,0.0,0.0,-0.0061441455,-0.0,0.0,-5.3499985,0.049999237,0.17999725,-9.119998,3.540001,-0.66000366,15.419998,5.5499954,0.0,-0.11999817,8.880002,-2.5800018,0.41999358,15.180002,0.0,0.0,0.0,0.0,pink,0.00036970400833524764,0.0,0.0,0.0,-24.13937759399414,-89.67797088623047,-65.79322814941406,-95.14986419677734,-90.6671142578125,-19.76417350769043,28.65898895263672,24.139385223388672,89.6778335571289,65.79202270507812,95.15011596679688,90.66403198242188,19.770648956298828,28.66022491455078,0.0,0.0,0.0,0.0
320,6.401251666999997,1789352840.142408,17,-0.00077162636,0.0027107163,0.000346722,0.0012475193,-23.196877,-89.66904,-65.79981,-93.71132,-91.10193,-19.69644,26.220575,23.197472,89.66042,65.80951,93.71932,91.10437,19.690535,26.22622,0.0,0.0,0.0,0.0,0.0,-0.04432776,-0.0,0.0,-5.5999947,0.0,0.059999086,-9.359995,2.3400054,-0.3599945,14.639997,5.7000046,0.0,-0.059999086,8.399996,-2.4600036,0.60000455,14.7599945,0.0,0.0,0.0,0.0,pink,0.00035228169872425497,0.0,0.0,0.0,-24.408985137939453,-89.68595123291016,-65.7957992553711,-95.51074981689453,-90.55105590820312,-19.776153564453125,29.30716323852539,24.409027099609375,89.68579864501953,65.79459381103516,95.510986328125,90.54788970947266,19.78263282775879,29.30843162536621,0.0,0.0,0.0,0.0
321,6.421382170000015,1789352840.1625385,17,-0.00076822715,0.0022164786,0.000346722,0.0012441201,-23.307816,-89.66841,-65.79944,-93.88199,-91.05606,-19.704405,26.50861,23.3084,89.66043,65.807594,93.890465,91.05149,19.70332,26.510971,0.0,0.0,0.0,0.0,0.0,-0.05771473,-0.0,0.0,-5.449997,0.0,0.0,-8.640005,2.0399964,-0.3599945,14.639997,5.25,0.0,0.0,8.279997,-3.1199937,0.4800064,15.060003,0.0,0.0,0.0,0.0,pink,0.00035228169872425497,0.0,0.0,0.0,-24.408985137939453,-89.68595123291016,-65.7957992553711,-95.51074981689453,-90.55105590820312,-19.776153564453125,29.30716323852539,24.409027099609375,89.68579864501953,65.79459381103516,95.510986328125,90.54788970947266,19.78263282775879,29.30843162536621,0.0,0.0,0.0,0.0
322,6.441494266000063,1789352840.1826506,17,-0.00076482794,0.000726913,0.000346722,0.0012407209,-23.418308,-89.668434,-65.79935,-94.051796,-91.00959,-19.711065,26.796726,23.42149,89.660446,65.806625,94.05689,90.9991,19.713688,26.798483,0.0,0.0,0.0,0.0,0.0,-0.08339164,-0.0,0.0,-5.25,0.0,0.0,-8.519994,2.7,-0.3599945,14.4,5.1500015,0.0,0.0,8.219998,-2.5800018,0.3599945,14.7599945,0.0,0.0,0.0,0.0,pink,0.00035228169872425497,0.0,0.0,0.0,-24.408985137939453,-89.68595123291016,-65.7957992553711,-95.51074981689453,-90.55105590820312,-19.776153564453125,29.30716323852539,24.409027099609375,89.68579864501953,65.79459381103516,95.510986328125,90.54788970947266,19.78263282775879,29.30843162536621,0.0,0.0,0.0,0.0
323,6.461311820999981,1789352840.2024684,17,-0.0007614287,-0.0023145988,0.000346722,0.0012373216,-23.527061,-89.66844,-65.798904,-94.22055,-90.951126,-19.717205,27.087534,23.528755,89.66056,65.80629,94.220634,90.94779,19.721159,27.084114,0.0,0.0,0.0,0.0,0.0,-0.18456736,-0.0,0.0,-5.3999977,0.0,0.059999086,-7.8000045,2.9999955,-0.29999542,13.5,5.5499954,0.0,-0.059999086,9.299995,-2.4600036,0.41999358,14.280002,0.0,0.0,0.0,0.0,pink,0.00034433091059327126,0.0,0.0,0.0,-24.670957565307617,-89.6954116821289,-65.79951477050781,-95.84835815429688,-90.44109344482422,-19.785839080810547,29.92397117614746,24.671010971069336,89.69525909423828,65.79825592041016,95.84858703613281,90.4378662109375,19.792278289794922,29.92527961730957,0.0,0.0,0.0,0.0
324,6.4813641239998105,1789352840.2225204,17,-0.00075802946,-0.006391853,0.000346722,0.0012373216,-23.636719,-89.668526,-65.79803,-94.38236,-90.89909,-19.722918,27.367561,23.636662,89.660675,65.805565,94.38514,90.900566,19.731487,27.366339,0.0,0.0,0.0,0.0,0.0,-0.2460308,-0.0,0.0,-5.449997,0.0,0.0,-7.6800065,2.2199936,-0.23999634,13.5,5.3499985,0.0,-0.059999086,8.279997,-2.2199936,0.29999542,13.440001,0.0,0.0,0.0,0.0,pink,0.00034433091059327126,0.0,0.0,0.0,-24.670957565307617,-89.6954116821289,-65.79951477050781,-95.84835815429688,-90.44109344482422,-19.785839080810547,29.92397117614746,24.671010971069336,89.69525909423828,65.79825592041016,95.84858703613281,90.4378662109375,19.792278289794922,29.92527961730957,0.0,0.0,0.0,0.0
325,6.501307476999955,1789352840.242464,17,-0.0007546302,-0.011638058,0.000346722,0.0012339223,-23.74442,-89.668686,-65.79811,-94.54371,-90.85281,-19.730526,27.639225,23.745861,89.6608,65.80373,94.54235,90.843735,19.740221,27.641863,0.0,0.0,0.0,0.0,0.0,-0.30618942,-0.0,0.0,-5.499996,0.0,0.0,-8.339996,1.6800019,-0.3599945,13.320003,5.1500015,0.0,-0.11999817,7.6199937,-2.9399962,0.4800064,13.080007,0.0,0.0,0.0,0.0,pink,0.0003354196669533849,0.0,0.0,0.0,-24.922948837280273,-89.70600891113281,-65.80412292480469,-96.16168212890625,-90.33780670166016,-19.793418884277344,30.505800247192383,24.9229793548584,89.70586395263672,65.80289459228516,96.16188049316406,90.3345718383789,19.799848556518555,30.507061004638672,0.0,0.0,0.0,0.0
326,6.521325009000066,1789352840.2624812,17,-0.000751231,-0.019195387,0.000346722,0.0012305231,-23.853092,-89.66928,-65.79739,-94.69774,-90.80533,-19.738161,27.910162,23.85125,89.66089,65.80328,94.70296,90.79678,19.7514,27.911358,0.0,0.0,0.0,0.0,0.0,-0.43090662,-0.0,0.0,-5.299999,0.0,0.059999086,-7.920003,2.759999,-0.23999634,14.220003,5.449997,0.049999237,0.0,7.3199983,-2.1599946,0.60000455,14.280002,0.0,0.0,0.0,0.0,pink,0.0003354196669533849,0.0,0.0,0.0,-24.922948837280273,-89.70600891113281,-65.80412292480469,-96.16168212890625,-90.33780670166016,-19.793418884277344,30.505800247192383,24.9229793548584,89.70586395263672,65.80289459228516,96.16188049316406,90.3345718383789,19.799848556518555,30.507061004638672,0.0,0.0,0.0,0.0
327,6.5412466279999535,1789352840.2824028,17,-0.0007478317,-0.026265519,0.000346722,0.0012305231,-23.963093,-89.669586,-65.79729,-94.85306,-90.75227,-19.744024,28.181194,23.962532,89.66127,65.80203,94.85601,90.7528,19.762413,28.182184,0.0,0.0,0.0,0.0,0.0,-0.2689321,-0.0,0.0,-5.5999947,0.0,0.0,-7.080002,2.7,-0.23999634,14.160004,5.5499954,0.0,-0.059999086,7.140001,-1.9799973,0.4800064,13.799995,0.0,0.0,0.0,0.0,pink,0.0003354196669533849,0.0,0.0,0.0,-24.922948837280273,-89.70600891113281,-65.80412292480469,-96.16168212890625,-90.33780670166016,-19.793418884277344,30.505800247192383,24.9229793548584,89.70586395263672,65.80289459228516,96.16188049316406,90.3345718383789,19.799848556518555,30.507061004638672,0.0,0.0,0.0,0.0
328,6.561058707000029,1789352840.3022149,17,-0.0007478317,-0.029634621,0.000346722,0.0012271239,-24.069477,-89.67073,-65.79731,-95.011154,-90.70232,-19.750576,28.449715,24.070198,89.66175,65.801704,95.00382,90.70757,19.772589,28.449001,0.0,0.0,0.0,0.0,0.0,-0.03205368,-0.0,0.0,-5.499996,-0.14999771,0.059999086,-7.5599947,2.2800064,-0.3599945,13.260004,5.299999,0.0,0.0,8.1,-2.7,0.3599945,12.659999,0.0,0.0,0.0,0.0,pink,0.00033096401602961123,0.0,0.0,0.0,-25.16242790222168,-89.71733856201172,-65.8094711303711,-96.44964599609375,-90.24185180664062,-19.799110412597656,31.048965454101562,25.16254425048828,89.71720123291016,65.80819702148438,96.44985961914062,90.23853302001953,19.80551528930664,31.050317764282227,0.0,0.0,0.0,0.0
329,6.581319074000021,1789352840.3224752,17,-0.0007410333,-0.029642662,0.000346722,0.0012237247,-24.178036,-89.67284,-65.7975,-95.16194,-90.65884,-19.756577,28.711588,24.17529,89.662506,65.80172,95.15537,90.65139,19.779085,28.712961,0.0,0.0,0.0,0.0,0.0,0.0,-0.0,0.0,-5.299999,-0.049999237,0.0,-7.8600035,1.6800019,-0.23999634,12.2400055,5.1500015,0.099998474,0.0,7.499995,-3.1199937,0.23999634,12.779997,0.0,0.0,0.0,0.0,pink,0.00033096401602961123,0.0,0.0,0.0,-25.16242790222168,-89.71733856201172,-65.8094711303711,-96.44964599609375,-90.24185180664062,-19.799110412597656,31.048965454101562,25.16254425048828,89.71720123291016,65.80819702148438,96.44985961914062,90.23853302001953,19.80551528930664,31.050317764282227,0.0,0.0,0.0,0.0
330,6.60142820100009,1789352840.3425846,17,-0.000737634,-0.029634621,0.000346722,0.0012237247,-24.285896,-89.67576,-65.79736,-95.301315,-90.614655,-19.762207,28.967129,24.284237,89.663994,65.801735,95.303955,90.60758,19.782257,28.969835,0.0,0.0,0.0,0.0,0.0,0.0,-0.0,0.0,-5.1000023,-0.19999695,0.0,-7.4399962,2.5200028,-0.11999817,13.619998,5.3499985,0.049999237,0.0,6.960004,-2.1599946,0.059999086,12.959994,0.0,0.0,0.0,0.0,pink,0.00031899785972200334,0.0,0.0,0.0,-25.38700294494629,-89.72904205322266,-65.81527709960938,-96.71138763427734,-90.15373229980469,-19.80320167541504,31.550006866455078,25.387149810791016,89.72888946533203,65.81397247314453,96.71159362792969,90.15034484863281,19.8095760345459,31.551389694213867,0.0,0.0,0.0,0.0
331,6.62131172699992,1789352840.3624678,17,-0.0007342348,-0.029641455,0.000346722,0.0012203255,-24.385208,-89.67984,-65.79765,-95.440605,-90.56967,-19.766808,29.217783,24.38665,89.66672,65.8018,95.4475,90.56604,19.785099,29.2216,0.0,0.0,0.0,0.0,0.0,-0.0030733105,-0.0,0.0,-5.3999977,-0.19999695,0.0,-6.2400007,2.3400054,-0.23999634,11.580002,5.050003,0.14999771,-0.059999086,7.140001,-1.5000045,0.17999725,12.180006,0.0,0.0,0.0,0.0,pink,0.00031899785972200334,0.0,0.0,0.0,-25.38700294494629,-89.72904205322266,-65.81527709960938,-96.71138763427734,-90.15373229980469,-19.80320167541504,31.550006866455078,25.387149810791016,89.72888946533203,65.81397247314453,96.71159362792969,90.15034484863281,19.8095760345459,31.551389694213867,0.0,0.0,0.0,0.0
332,6.641220994999912,1789352840.3823771,17,-0.00073083554,-0.02965834,0.000346722,0.0012203255,-24.490139,-89.68275,-65.79767,-95.581825,-90.51897,-19.77057,29.464027,24.489258,89.670975,65.80189,95.58114,90.52539,19.78742,29.466993,0.0,0.0,0.0,0.0,0.027843136,-0.0032928046,-0.0,0.0,-5.000004,-0.099998474,0.0,-6.2400007,2.0399964,-0.23999634,12.180006,5.1500015,0.24999619,0.059999086,6.5999956,-2.7,0.11999817,11.7,0.0,0.0,0.0,0.0,pink,0.00031899785972200334,0.0,0.0,0.0,-25.38700294494629,-89.72904205322266,-65.81527709960938,-96.71138763427734,-90.15373229980469,-19.80320167541504,31.550006866455078,25.387149810791016,89.72888946533203,65.81397247314453,96.71159362792969,90.15034484863281,19.8095760345459,31.551389694213867,0.0,0.0,0.0,0.0
333,6.661363768999763,1789352840.4025202,17,-0.00073083554,-0.029691303,0.000346722,0.0012169261,-24.595036,-89.68677,-65.79763,-95.70947,-90.4744,-19.774347,29.707169,24.59721,89.67682,65.80194,95.71359,90.47465,19.78999,29.71339,0.0,0.0,0.0,0.0,0.0,0.0,-0.0,0.0,-5.000004,-0.19999695,-0.059999086,-7.020003,1.9799973,-0.17999725,12.899996,4.8499947,0.24999619,0.0,5.6999955,-2.6400008,0.11999817,13.140005,0.0,0.0,0.0,0.0,pink,0.00034022211912088096,0.0,0.0,0.0,-25.594255447387695,-89.74070739746094,-65.82127380371094,-96.9460678100586,-90.07391357421875,-19.805936813354492,32.005428314208984,25.594348907470703,89.74056243896484,65.8199691772461,96.94623565673828,90.0705337524414,19.812286376953125,32.006736755371094,0.0,0.0,0.0,0.0
334,6.6812447279999105,1789352840.422401,17,-0.00072743633,-0.029699747,0.000346722,0.0012135269,-24.692677,-89.69132,-65.79815,-95.83477,-90.43853,-19.778013,29.943333,24.695469,89.68842,65.802734,95.84007,90.42664,19.792707,29.948305,0.0,0.0,0.0,0.0,0.0,-0.0032928067,-0.0,0.0,-5.3999977,-0.29999542,0.0,-6.000005,2.2199936,-0.11999817,11.280006,5.1500015,0.55000305,0.0,6.5999956,-1.9799973,0.11999817,11.7,0.0,0.0,0.0,0.0,pink,0.00034022211912088096,0.0,0.0,0.0,-25.594255447387695,-89.74070739746094,-65.82127380371094,-96.9460678100586,-90.07391357421875,-19.805936813354492,32.005428314208984,25.594348907470703,89.74056243896484,65.8199691772461,96.94623565673828,90.0705337524414,19.812286376953125,32.006736755371094,0.0,0.0,0.0,0.0
335,6.70140665100007,1789352840.4425628,17,-0.0007240371,-0.029703766,0.000346722,0.0012135269,-24.794323,-89.69702,-65.79829,-95.96533,-90.39868,-19.780622,30.174623,24.794884,89.69842,65.8028,95.95963,90.39218,19.795235,30.1752,0.0,0.0,0.0,0.0,0.0,0.0,-0.0,0.0,-4.749996,-0.14999771,0.0,-6.000005,1.5600036,-0.059999086,11.039996,4.5999985,0.45000458,0.0,6.2400007,-1.6800019,-0.0,10.680002,0.0,0.0,0.0,0.0,pink,0.0003206253459211439,0.0,0.0,0.0,-25.781505584716797,-89.7519760131836,-65.82723236083984,-97.15276336669922,-90.0030517578125,-19.807601928710938,32.41157531738281,25.781633377075195,89.7518310546875,65.82591247558594,97.15291595458984,89.99961853027344,19.813936233520508,32.4129524230957,0.0,0.0,0.0,0.0
336,6.721202967999943,1789352840.4623597,17,-0.00072063785,-0.029706178,0.000346722,0.0012101277,-24.891918,-89.70279,-65.7982,-96.08152,-90.35784,-19.782862,30.39729,24.894024,89.70318,65.80278,96.08864,90.36229,19.796621,30.399088,0.0,0.0,0.0,0.0,0.0,0.0,-0.0,0.0,-4.749996,-0.29999542,0.0,-6.5999956,2.3400054,-0.0,11.039996,4.9000053,0.049999237,0.0,5.459999,-1.5000045,0.059999086,11.159994,0.0,0.0,0.0,0.0,pink,0.0003206253459211439,0.0,0.0,0.0,-25.781505584716797,-89.7519760131836,-65.82723236083984,-97.15276336669922,-90.0030517578125,-19.807601928710938,32.41157531738281,25.781633377075195,89.7518310546875,65.82591247558594,97.15291595458984,89.99961853027344,19.813936233520508,32.4129524230957,0.0,0.0,0.0,0.0
337,6.741299628999968,1789352840.4824557,17,-0.00071723864,-0.02970899,0.000346722,0.0012101277,-24.98267,-89.70625,-65.799095,-96.20299,-90.3137,-19.785471,30.618746,24.983208,89.70616,65.80283,96.204445,90.32186,19.798351,30.61637,0.0,0.0,0.0,0.0,0.0,0.0,-0.0,0.0,-4.699997,-0.19999695,0.0,-5.2800016,1.8599991,-0.11999817,10.859999,4.5,0.099998474,0.0,6.5999956,-2.5200028,0.11999817,11.340006,0.0,0.0,0.0,0.0,pink,0.0003206253459211439,0.0,0.0,0.0,-25.781505584716797,-89.7519760131836,-65.82723236083984,-97.15276336669922,-90.0030517578125,-19.807601928710938,32.41157531738281,25.781633377075195,89.7518310546875,65.82591247558594,97.15291595458984,89.99961853027344,19.813936233520508,32.4129524230957,0.0,0.0,0.0,0.0
338,6.761287822999748,1789352840.502444,17,-0.00071383937,-0.029711805,0.000346722,0.0012067285,-25.077564,-89.7105,-65.79921,-96.32131,-90.275314,-19.787737,30.833967,25.079052,89.708244,65.803246,96.318115,90.2747,19.800535,30.83225,0.0,0.0,0.0,0.0,0.0,0.0,-0.0,0.0,-4.5999985,-0.099998474,-0.059999086,-5.8199935,1.9199982,-0.059999086,11.159994,4.5999985,0.19999695,0.059999086,4.7399964,-2.1599946,-0.0,10.620003,0.0,0.0,0.0,0.0,pink,0.00032398043549619615,0.0,0.0,0.0,-25.946352005004883,-89.76240539550781,-65.83287048339844,-97.33059692382812,-89.94158935546875,-19.80842399597168,32.76504898071289,25.946500778198242,89.76225280761719,65.83155059814453,97.33074188232422,89.9381103515625,19.81475830078125,32.76641082763672,0.0,0.0,0.0,0.0
339,6.78132116300003,1789352840.5224776,17,-0.00071044016,-0.029714217,0.000346722,0.0012067285,-25.169289,-89.715,-65.79961,-96.42587,-90.244965,-19.789948,31.036541,25.17088,89.712906,65.80335,96.43153,90.232056,19.8018,31.037983,0.0,0.0,0.0,0.0,0.0,0.0,-0.0,0.0,-4.5,-0.24999619,0.0,-5.1000047,1.3800064,-0.0,9.299995,4.549999,0.099998474,0.0,5.340001,-1.4400055,-0.0,9.600004,0.0,0.0,0.0,0.0,pink,0.00032398043549619615,0.0,0.0,0.0,-25.946352005004883,-89.76240539550781,-65.83287048339844,-97.33059692382812,-89.94158935546875,-19.80842399597168,32.76504898071289,25.946500778198242,89.76225280761719,65.83155059814453,97.33074188232422,89.9381103515625,19.81475830078125,32.76641082763672,0.0,0.0,0.0,0.0
340,6.8011436259998845,1789352840.5423,17,-0.0007070409,-0.029715825,0.000346722,0.0012033293,-25.25584,-89.71895,-65.80038,-96.53551,-90.21231,-19.791553,31.232029,25.256298,89.71758,65.803474,96.528694,90.2086,19.802801,31.235203,0.0,0.0,0.0,0.0,0.0,0.0,-0.0,0.0,-4.3500023,-0.049999237,-0.059999086,-5.4,1.740001,-0.059999086,9.720003,4.0999947,0.34999466,0.0,4.8599944,-1.2599945,-0.0,9.359995,0.0,0.0,0.0,0.0,pink,0.0003000547585543245,0.0,0.0,0.0,-26.086368560791016,-89.77165985107422,-65.83795928955078,-97.4786605834961,-89.89006805419922,-19.808700561523438,33.06224822998047,26.086530685424805,89.77151489257812,65.83660888671875,97.47882080078125,89.88655090332031,19.81500816345215,33.06365966796875,0.0,0.0,0.0,0.0
341,6.8213455729996895,1789352840.562502,17,-0.0007036417,-0.029717434,0.000346722,0.0012033293,-25.341236,-89.72214,-65.800674,-96.635605,-90.18055,-19.793491,31.421392,25.340904,89.72385,65.80548,96.6372,90.178474,19.803776,31.424427,0.0,0.0,0.0,0.0,0.0,0.0,-0.0,0.0,-4.0499954,-0.19999695,0.0,-4.619998,1.6200027,-0.059999086,8.640005,4.2000046,0.24999619,0.11999817,4.9199934,-1.3800064,0.059999086,8.580007,0.0,0.0,0.0,0.0,pink,0.0003000547585543245,0.0,0.0,0.0,-26.086368560791016,-89.77165985107422,-65.83795928955078,-97.4786605834961,-89.89006805419922,-19.808700561523438,33.06224822998047,26.086530685424805,89.77151489257812,65.83660888671875,97.47882080078125,89.88655090332031,19.81500816345215,33.06365966796875,0.0,0.0,0.0,0.0
342,6.841345830999671,1789352840.5825021,17,-0.00070024247,-0.02971864,0.000346722,0.00119993,-25.425304,-89.7265,-65.80227,-96.73462,-90.13733,-19.795002,31.60698,25.423141,89.730736,65.80588,96.72182,90.14594,19.804478,31.60952,0.0,0.0,0.0,0.0,0.0,0.0,-0.0,0.0,-4.0499954,-0.14999771,-0.17999725,-4.8599944,1.8599991,-0.059999086,9.179997,4.300003,0.55000305,0.0,4.3200026,-1.9199982,-0.0,8.940001,0.0,0.0,0.0,0.0,pink,0.0003000547585543245,0.0,0.0,0.0,-26.086368560791016,-89.77165985107422,-65.83795928955078,-97.4786605834961,-89.89006805419922,-19.808700561523438,33.06224822998047,26.086530685424805,89.77151489257812,65.83660888671875,97.47882080078125,89.88655090332031,19.81500816345215,33.06365966796875,0.0,0.0,0.0,0.0
343,6.861198630999752,1789352840.602355,17,-0.0006968432,-0.029719444,0.000346722,0.00119993,-25.504509,-89.730675,-65.803055,-96.82217,-90.10603,-19.796223,31.786139,25.503845,89.74296,65.80922,96.81937,90.106125,19.805492,31.79034,0.0,0.0,0.0,0.0,0.027843136,0.0,-0.0,0.0,-3.6000023,-0.24999619,0.0,-3.8999953,1.6200027,-0.0,8.880002,3.75,0.6500015,0.3599945,4.8599944,-1.8,-0.0,9.059999,0.0,0.0,0.0,0.0,pink,0.00030918611446395516,0.0,0.0,0.0,-26.199125289916992,-89.77932739257812,-65.8422622680664,-97.59600830078125,-89.84901428222656,-19.808612823486328,33.29966735839844,26.19927215576172,89.77919006347656,65.84089660644531,97.59616088867188,89.84549713134766,19.814897537231445,33.30109405517578,0.0,0.0,0.0,0.0
344,6.881370932999744,1789352840.6225271,17,-0.0006968432,-0.029719846,0.000346722,0.00119993,-25.581825,-89.73438,-65.8057,-96.911125,-90.07239,-19.797321,31.954834,25.578747,89.75708,65.81264,96.9065,90.07349,19.806028,31.957787,0.0,0.0,0.0,0.0,0.0,0.0,-0.0,0.0,-3.8999977,-0.099998474,-0.11999817,-4.7999954,0.9599991,-0.059999086,8.820003,3.7000008,0.6000023,0.0,4.2600036,-1.8599991,-0.0,8.1,0.0,0.0,0.0,0.0,pink,0.00030918611446395516,0.0,0.0,0.0,-26.199125289916992,-89.77932739257812,-65.8422622680664,-97.59600830078125,-89.84901428222656,-19.808612823486328,33.29966735839844,26.19927215576172,89.77919006347656,65.84089660644531,97.59616088867188,89.84549713134766,19.814897537231445,33.30109405517578,0.0,0.0,0.0,0.0
345,6.901242392999848,1789352840.6423988,17,-0.000693444,-0.029719846,0.000346722,0.0011965308,-25.65326,-89.73719,-65.80783,-96.99659,-90.05819,-19.798504,32.11841,25.650856,89.76264,65.81274,96.995476,90.04014,19.806372,32.118557,0.0,0.0,0.0,0.0,0.0,0.0,-0.0,0.0,-3.2999954,-0.24999619,-0.11999817,-3.480002,0.7800018,-0.0,7.980002,3.0999985,0.0,0.0,4.380002,-1.1399963,-0.0,8.339996,0.0,0.0,0.0,0.0,pink,0.00030918611446395516,0.0,0.0,0.0,-26.199125289916992,-89.77932739257812,-65.8422622680664,-97.59600830078125,-89.84901428222656,-19.808612823486328,33.29966735839844,26.19927215576172,89.77919006347656,65.84089660644531,97.59616088867188,89.84549713134766,19.814897537231445,33.30109405517578,0.0,0.0,0.0,0.0
346,6.921362460999717,1789352840.6625187,17,-0.0006900447,-0.029719846,0.000346722,0.0011965308,-25.725174,-89.743195,-65.8125,-97.06733,-90.0361,-19.799822,32.268124,25.72031,89.763084,65.812805,97.0759,90.02525,19.806551,32.270733,0.0,0.0,0.0,0.0,0.0,0.0,-0.0,0.0,-3.7999992,-0.14999771,-0.23999634,-3.7799973,1.2599945,-0.0,7.140001,3.6000023,0.049999237,0.0,3.4200027,-0.66000366,-0.059999086,7.5599947,0.0,0.0,0.0,0.0,pink,0.00030918611446395516,0.0,0.0,0.0,-26.199125289916992,-89.77932739257812,-65.8422622680664,-97.59600830078125,-89.84901428222656,-19.808612823486328,33.29966735839844,26.19927215576172,89.77919006347656,65.84089660644531,97.59616088867188,89.84549713134766,19.814897537231445,33.30109405517578,0.0,0.0,0.0,0.0
347,6.941359530999762,1789352840.6825159,17,-0.0006866455,-0.029719846,0.000346722,0.0011965308,-25.789982,-89.74584,-65.81614,-97.14676,-90.00964,-19.801222,32.413597,25.790005,89.765305,65.813065,97.14489,90.00986,19.80677,32.414433,0.0,0.0,0.0,0.0,0.0,0.0,-0.0,0.0,-2.5499954,-0.14999771,-0.059999086,-3.7799973,1.2599945,-0.059999086,6.8400054,2.9500008,0.0,0.11999817,3.6,-0.9,-0.0,6.9000044,0.0,0.0,0.0,0.0,pink,0.00030918611446395516,0.0,0.0,0.0,-26.199125289916992,-89.77932739257812,-65.8422622680664,-97.59600830078125,-89.84901428222656,-19.808612823486328,33.29966735839844,26.19927215576172,89.77919006347656,65.84089660644531,97.59616088867188,89.84549713134766,19.814897537231445,33.30109405517578,0.0,0.0,0.0,0.0
348,6.9612667040000815,1789352840.7024233,17,-0.0006832463,-0.029719444,0.000346722,0.0011931316,-25.841377,-89.750626,-65.81695,-97.207565,-89.98529,-19.802362,32.53586,25.844078,89.766655,65.817924,97.22152,89.98527,19.807072,32.544167,0.0,0.0,0.0,0.0,0.0,0.0,-0.0,0.0,-2.9500008,-0.29999542,0.0,-2.2199936,1.4400055,-0.0,6.000005,2.4999962,0.049999237,0.11999817,3.540001,-1.3199936,-0.0,5.8199935,0.0,0.0,0.0,0.0,pink,0.0003031363303307444,0.0,0.0,0.0,-26.333251953125,-89.78868865966797,-65.84751892089844,-97.73413848876953,-89.8005142211914,-19.808265686035156,33.580631256103516,26.333404541015625,89.78854370117188,65.84615325927734,97.73428344726562,89.79695892333984,19.814544677734375,33.58204650878906,0.0,0.0,0.0,0.0
349,6.981290802999865,1789352840.7224472,17,-0.000679847,-0.029719042,0.000346722,0.0011931316,-25.902328,-89.755486,-65.81851,-97.253624,-89.95858,-19.803406,32.65407,25.89711,89.76956,65.81791,97.27843,89.96376,19.807333,32.657494,0.0,0.0,0.0,0.0,0.0,0.0,-0.0,0.0,-3.1499977,-0.19999695,-0.059999086,-2.4600036,1.1399963,-0.0,5.2200027,2.6500053,0.14999771,-0.059999086,2.2800064,-0.9599991,-0.0,5.2200027,0.0,0.0,0.0,0.0,pink,0.0003031363303307444,0.0,0.0,0.0,-26.333251953125,-89.78868865966797,-65.84751892089844,-97.73413848876953,-89.8005142211914,-19.808265686035156,33.580631256103516,26.333404541015625,89.78854370117188,65.84615325927734,97.73428344726562,89.79695892333984,19.814544677734375,33.58204650878906,0.0,0.0,0.0,0.0
350,7.001334135999969,1789352840.7424903,17,-0.0006764478,-0.02971864,0.000346722,0.0011931316,-25.94909,-89.76068,-65.82258,-97.32165,-89.93566,-19.804134,32.76546,25.948402,89.771324,65.818985,97.32229,89.94179,19.807552,32.76457,0.0,0.0,0.0,0.0,0.0,0.0,-0.0,0.0,-1.7499962,-0.29999542,-0.3599945,-3.7799973,0.9599991,-0.0,5.2200027,2.2000008,0.0,0.059999086,1.9799973,-1.1999954,-0.0,4.8599944,0.0,0.0,0.0,0.0,pink,0.0003031363303307444,0.0,0.0,0.0,-26.333251953125,-89.78868865966797,-65.84751892089844,-97.73413848876953,-89.8005142211914,-19.808265686035156,33.580631256103516,26.333404541015625,89.78854370117188,65.84615325927734,97.73428344726562,89.79695892333984,19.814544677734375,33.58204650878906,0.0,0.0,0.0,0.0
351,7.021270170999742,1789352840.7624264,17,-0.00067304855,-0.02971864,0.000346722,0.0011897323,-25.98999,-89.767,-65.82987,-97.383125,-89.91743,-19.804684,32.860023,25.991547,89.772446,65.82132,97.3696,89.91817,19.807787,32.86328,0.0,0.0,0.0,0.0,0.0,0.0,-0.0,0.0,-2.6500053,-0.29999542,-0.11999817,-1.9199982,0.8400009,-0.0,4.6799974,2.3499985,0.0,0.059999086,2.5800018,-0.8400009,-0.0,5.4,0.0,0.0,0.0,0.0,pink,0.0003031363303307444,0.0,0.0,0.0,-26.333251953125,-89.78868865966797,-65.84751892089844,-97.73413848876953,-89.8005142211914,-19.808265686035156,33.580631256103516,26.333404541015625,89.78854370117188,65.84615325927734,97.73428344726562,89.79695892333984,19.814544677734375,33.58204650878906,0.0,0.0,0.0,0.0
352,7.041224313999919,1789352840.7823808,17,-0.0006662501,-0.029718237,0.000346722,0.0011897323,-26.044533,-89.77096,-65.83174,-97.410965,-89.89982,-19.805204,32.957764,26.04,89.77396,65.821304,97.4204,89.9028,19.808006,32.964367,0.0,0.0,0.0,0.0,0.0,0.0,-0.0,0.0,-2.6500053,0.0,-0.11999817,-1.3199936,0.7800018,-0.0,4.9199934,2.449997,0.099998474,0.0,2.4000046,-0.60000455,-0.0,4.7399964,0.0,0.0,0.0,0.0,pink,0.0003031363303307444,0.0,0.0,0.0,-26.333251953125,-89.78868865966797,-65.84751892089844,-97.73413848876953,-89.8005142211914,-19.808265686035156,33.580631256103516,26.333404541015625,89.78854370117188,65.84615325927734,97.73428344726562,89.79695892333984,19.814544677734375,33.58204650878906,0.0,0.0,0.0,0.0
353,7.061155610999776,1789352840.8023121,17,-0.0006458547,-0.029717434,0.000346722,0.0011897323,-26.084312,-89.77303,-65.83303,-97.44272,-89.88577,-19.805727,33.041176,26.085983,89.775894,65.8218,97.46732,89.88696,19.808199,33.046547,0.0,0.0,0.0,0.0,0.0,0.0,-0.0,0.0,-1.2500038,-0.049999237,-0.059999086,-1.9799973,0.5400055,-0.0,3.7199981,1.7999954,0.049999237,0.0,2.1599946,-0.8400009,-0.0,3.2400055,0.0,0.0,0.0,0.0,pink,0.0003031363303307444,0.0,0.0,0.0,-26.333251953125,-89.78868865966797,-65.84751892089844,-97.73413848876953,-89.8005142211914,-19.808265686035156,33.580631256103516,26.333404541015625,89.78854370117188,65.84615325927734,97.73428344726562,89.79695892333984,19.814544677734375,33.58204650878906,0.0,0.0,0.0,0.0
354,7.081255545999738,1789352840.822412,17,-0.0006254593,-0.02971663,0.000346722,0.0011897323,-26.110874,-89.77579,-65.83466,-97.50288,-89.877846,-19.806303,33.12293,26.118198,89.77791,65.82629,97.50814,89.86627,19.808405,33.12481,0.0,0.0,0.0,0.0,0.0,0.0,-0.0,0.0,-1.4000015,-0.049999237,0.0,-3.2400055,0.29999542,-0.059999086,4.1400056,1.5499992,0.099998474,0.11999817,1.740001,-1.0199982,0.11999817,3.7799973,0.0,0.0,0.0,0.0,pink,0.0003031363303307444,0.0,0.0,0.0,-26.333251953125,-89.78868865966797,-65.84751892089844,-97.73413848876953,-89.8005142211914,-19.808265686035156,33.580631256103516,26.333404541015625,89.78854370117188,65.84615325927734,97.73428344726562,89.79695892333984,19.814544677734375,33.58204650878906,0.0,0.0,0.0,0.0
355,7.101328604999708,1789352840.8424847,17,-0.0006084631,-0.029715825,0.000346722,0.0011897323,-26.142735,-89.778114,-65.834885,-97.550285,-89.87223,-19.806866,33.190056,26.145985,89.77935,65.8274,97.536224,89.85184,19.808529,33.19604,0.0,0.0,0.0,0.0,0.0,0.0,-0.0,0.0,-1.8499947,-0.14999771,0.0,-1.1999954,0.23999634,-0.0,2.8799973,1.4500008,0.0,0.059999086,1.3199936,-0.41999358,-0.0,3.7199981,0.0,0.0,0.0,0.0,pink,0.0003031363303307444,0.0,0.0,0.0,-26.333251953125,-89.78868865966797,-65.84751892089844,-97.73413848876953,-89.8005142211914,-19.808265686035156,33.580631256103516,26.333404541015625,89.78854370117188,65.84615325927734,97.73428344726562,89.79695892333984,19.814544677734375,33.58204650878906,0.0,0.0,0.0,0.0
356,7.121275547000096,1789352840.8624318,17,-0.0005948662,-0.029715022,0.000346722,0.0011863331,-26.180443,-89.780754,-65.835106,-97.566475,-89.86641,-19.807346,33.249657,26.176311,89.78039,65.827484,97.56241,89.846565,19.808693,33.252895,0.0,0.0,0.0,0.0,0.0,0.0,-0.0,0.0,-1.9500046,-0.049999237,0.0,-0.66000366,0.23999634,-0.059999086,3.0599945,1.3500023,0.049999237,0.0,1.3800064,-0.23999634,0.059999086,3.3000045,0.0,0.0,0.0,0.0,pink,0.0003031363303307444,0.0,0.0,0.0,-26.333251953125,-89.78868865966797,-65.84751892089844,-97.73413848876953,-89.8005142211914,-19.808265686035156,33.580631256103516,26.333404541015625,89.78854370117188,65.84615325927734,97.73428344726562,89.79695892333984,19.814544677734375,33.58204650878906,0.0,0.0,0.0,0.0
357,7.14132323099966,1789352840.8824797,17,-0.00057787,-0.029714217,0.000346722,0.0011863331,-26.213081,-89.78166,-65.83553,-97.57701,-89.86131,-19.807827,33.31005,26.205494,89.78217,65.82819,97.59699,89.84135,19.808872,33.316246,0.0,0.0,0.0,0.0,0.0,0.0,-0.0,0.0,-1.1500053,0.0,-0.059999086,-0.66000366,0.11999817,-0.059999086,2.4000046,1.7499962,0.049999237,0.0,1.8599991,-0.17999725,0.059999086,2.5200028,0.0,0.0,0.0,0.0,pink,0.0003031363303307444,0.0,0.0,0.0,-26.333251953125,-89.78868865966797,-65.84751892089844,-97.73413848876953,-89.8005142211914,-19.808265686035156,33.580631256103516,26.333404541015625,89.78854370117188,65.84615325927734,97.73428344726562,89.79695892333984,19.814544677734375,33.58204650878906,0.0,0.0,0.0,0.0
358,7.161304991999714,1789352840.9024615,17,-0.00056767225,-0.029694118,0.000346722,0.0011863331,-26.232227,-89.78265,-65.83698,-97.59464,-89.85498,-19.808405,33.35232,26.233028,89.78357,65.828896,97.62908,89.83692,19.80898,33.360794,0.0,0.0,0.0,0.0,0.0,0.0030733128,-0.0,0.0,-0.70000076,-0.049999237,-0.059999086,-1.0199982,0.29999542,-0.0,2.0999954,0.75,0.099998474,0.059999086,1.0799973,-0.23999634,0.059999086,1.8599991,0.0,0.0,0.0,0.0,pink,0.0003031363303307444,0.0,0.0,0.0,-26.333251953125,-89.78868865966797,-65.84751892089844,-97.73413848876953,-89.8005142211914,-19.808265686035156,33.580631256103516,26.333404541015625,89.78854370117188,65.84615325927734,97.73428344726562,89.79695892333984,19.814544677734375,33.58204650878906,0.0,0.0,0.0,0.0
359,7.1811928819997775,1789352840.922349,17,-0.00055747456,-0.029686078,0.000346722,0.0011863331,-26.243546,-89.783936,-65.83866,-97.61864,-89.84746,-19.809036,33.384758,26.242985,89.78549,65.83054,97.65064,89.83273,19.809078,33.392998,0.0,0.0,0.0,0.0,0.0,0.0,-0.0,0.0,-0.40000534,0.0,0.0,-1.4400055,0.3599945,-0.059999086,1.4400055,0.29999542,0.099998474,0.059999086,1.0799973,-0.11999817,-0.0,1.4400055,0.0,0.0,0.0,0.0,pink,0.0003031363303307444,0.0,0.0,0.0,-26.333251953125,-89.78868865966797,-65.84751892089844,-97.73413848876953,-89.8005142211914,-19.808265686035156,33.580631256103516,26.333404541015625,89.78854370117188,65.84615325927734,97.73428344726562,89.79695892333984,19.814544677734375,33.58204650878906,0.0,0.0,0.0,0.0
360,7.201359440000033,1789352840.9425156,17,-0.00054727687,-0.029682057,0.000346722,0.0011829338,-26.253845,-89.78466,-65.84101,-97.64772,-89.839806,-19.809792,33.418434,26.250813,89.786545,65.83107,97.66354,89.82937,19.809187,33.418884,0.0,0.0,0.0,0.0,0.0,0.0,-0.0,0.0,-0.6500015,0.0,-0.11999817,-1.4400055,0.41999358,-0.0,1.740001,0.55000305,0.0,-0.059999086,0.17999725,-0.11999817,-0.0,0.9,0.0,0.0,0.0,0.0,pink,0.0003031363303307444,0.0,0.0,0.0,-26.333251953125,-89.78868865966797,-65.84751892089844,-97.73413848876953,-89.8005142211914,-19.808265686035156,33.580631256103516,26.333404541015625,89.78854370117188,65.84615325927734,97.73428344726562,89.79695892333984,19.814544677734375,33.58204650878906,0.0,0.0,0.0,0.0
361,7.221345253999971,1789352840.9625015,17,-0.0005370792,-0.029679244,0.000346722,0.0011829338,-26.267544,-89.78515,-65.84196,-97.678856,-89.83009,-19.810547,33.452656,26.265484,89.786766,65.83116,97.66472,89.826775,19.809256,33.442245,0.0,0.0,0.0,0.0,0.0,0.0,-0.0,0.0,-0.6000023,0.0,0.0,-1.5600036,0.41999358,-0.059999086,1.5600036,0.8499985,0.0,0.0,0.0,-0.059999086,-0.0,1.5000045,0.0,0.0,0.0,0.0,pink,0.0003031363303307444,0.0,0.0,0.0,-26.333251953125,-89.78868865966797,-65.84751892089844,-97.73413848876953,-89.8005142211914,-19.808265686035156,33.580631256103516,26.333404541015625,89.78854370117188,65.84615325927734,97.73428344726562,89.79695892333984,19.814544677734375,33.58204650878906,0.0,0.0,0.0,0.0
362,7.241312333999758,1789352840.9824686,17,-0.0005302807,-0.02967482,0.000346722,0.0011829338,-26.281357,-89.78571,-65.84211,-97.702415,-89.822914,-19.81137,33.480064,26.28051,89.78698,65.83147,97.6677,89.82398,19.809353,33.481934,0.0,0.0,0.0,0.0,0.0,0.0,-0.0,0.0,-0.6500015,0.0,0.0,-0.66000366,0.23999634,-0.059999086,0.9,0.6000023,0.0,0.0,0.23999634,-0.059999086,-0.0,1.3199936,0.0,0.0,0.0,0.0,pink,0.0003031363303307444,0.0,0.0,0.0,-26.333251953125,-89.78868865966797,-65.84751892089844,-97.73413848876953,-89.8005142211914,-19.808265686035156,33.580631256103516,26.333404541015625,89.78854370117188,65.84615325927734,97.73428344726562,89.79695892333984,19.814544677734375,33.58204650878906,0.0,0.0,0.0,0.0
363,7.261158643999806,1789352841.0023148,17,-0.000520083,-0.029670399,0.000346722,0.0011829338,-26.29366,-89.78673,-65.84275,-97.71062,-89.816925,-19.81214,33.49443,26.290375,89.78769,65.8325,97.672714,89.820854,19.809406,33.501488,0.0,0.0,0.0,0.0,0.0,0.0,-0.0,0.0,-0.45000458,0.0,0.0,-0.23999634,0.23999634,-0.0,0.5400055,0.34999466,0.0,0.0,0.23999634,-0.17999725,-0.059999086,0.8400009,0.0,0.0,0.0,0.0,pink,0.0003031363303307444,0.0,0.0,0.0,-26.333251953125,-89.78868865966797,-65.84751892089844,-97.73413848876953,-89.8005142211914,-19.808265686035156,33.580631256103516,26.333404541015625,89.78854370117188,65.84615325927734,97.73428344726562,89.79695892333984,19.814544677734375,33.58204650878906,0.0,0.0,0.0,0.0
364,7.2810585499996705,1789352841.0222147,17,-0.0005132845,-0.02966638,0.000346722,0.0011795346,-26.30048,-89.78729,-65.84499,-97.715164,-89.81203,-19.8128,33.504757,26.29866,89.78832,65.83265,97.678314,89.81759,19.809544,33.517887,0.0,0.0,0.0,0.0,0.0,0.0,-0.0,0.0,-0.19999695,0.0,-0.17999725,-0.17999725,0.11999817,-0.0,0.5400055,0.45000458,0.0,0.0,0.17999725,-0.11999817,-0.0,0.7200028,0.0,0.0,0.0,0.0,pink,0.0003031363303307444,0.0,0.0,0.0,-26.333251953125,-89.78868865966797,-65.84751892089844,-97.73413848876953,-89.8005142211914,-19.808265686035156,33.580631256103516,26.333404541015625,89.78854370117188,65.84615325927734,97.73428344726562,89.79695892333984,19.814544677734375,33.58204650878906,0.0,0.0,0.0,0.0
365,7.301304897999671,1789352841.0424612,17,-0.00050648605,-0.029663164,0.000346722,0.0011795346,-26.303867,-89.78791,-65.84522,-97.71769,-89.809814,-19.813293,33.518284,26.308777,89.78837,65.833496,97.6812,89.81418,19.809668,33.530163,0.0,0.0,0.0,0.0,0.0,0.0,-0.0,0.0,-0.19999695,0.0,0.0,0.0,0.0,-0.0,0.66000366,0.45000458,0.0,0.0,0.11999817,-0.11999817,0.059999086,0.4800064,0.0,0.0,0.0,0.0,pink,0.0003031363303307444,0.0,0.0,0.0,-26.333251953125,-89.78868865966797,-65.84751892089844,-97.73413848876953,-89.8005142211914,-19.808265686035156,33.580631256103516,26.333404541015625,89.78854370117188,65.84615325927734,97.73428344726562,89.79695892333984,19.814544677734375,33.58204650878906,0.0,0.0,0.0,0.0
366,7.321363339000072,1789352841.0625196,17,-0.00049968757,-0.029660752,0.000346722,0.0011795346,-26.308582,-89.78817,-65.84527,-97.718475,-89.80863,-19.813679,33.53272,26.316605,89.78848,65.833786,97.68487,89.810844,19.809765,33.538334,0.0,0.0,0.0,0.0,0.0,0.0,-0.0,0.0,-0.24999619,0.0,-0.059999086,0.0,0.059999086,-0.059999086,0.60000455,0.29999542,0.0,0.059999086,0.23999634,-0.11999817,-0.0,0.3599945,0.0,0.0,0.0,0.0,pink,0.0003031363303307444,0.0,0.0,0.0,-26.333251953125,-89.78868865966797,-65.84751892089844,-97.73413848876953,-89.8005142211914,-19.808265686035156,33.580631256103516,26.333404541015625,89.78854370117188,65.84615325927734,97.73428344726562,89.79695892333984,19.814544677734375,33.58204650878906,0.0,0.0,0.0,0.0
367,7.341367285999695,1789352841.0825233,17,-0.0004928891,-0.029657938,0.000346722,0.0011761354,-26.31451,-89.78833,-65.84522,-97.71997,-89.80753,-19.813938,33.542797,26.321823,89.78865,65.83401,97.69021,89.80832,19.809805,33.54447,0.0,0.0,0.0,0.0,0.0,0.0,-0.0,0.0,-0.24999619,0.0,0.059999086,0.0,0.059999086,-0.0,0.4800064,0.14999771,0.0,0.0,0.23999634,-0.11999817,-0.0,0.23999634,0.0,0.0,0.0,0.0,pink,0.0003031363303307444,0.0,0.0,0.0,-26.333251953125,-89.78868865966797,-65.84751892089844,-97.73413848876953,-89.8005142211914,-19.808265686035156,33.580631256103516,26.333404541015625,89.78854370117188,65.84615325927734,97.73428344726562,89.79695892333984,19.814544677734375,33.58204650878906,0.0,0.0,0.0,0.0
368,7.3611626090000755,1789352841.1023188,17,-0.0004894899,-0.029650299,0.000346722,0.0011761354,-26.32061,-89.78846,-65.845406,-97.722206,-89.8064,-19.814117,33.551476,26.32489,89.78895,65.834366,97.69609,89.8062,19.809902,33.550545,0.0,0.0,0.0,0.0,0.0,0.0,-0.0,0.0,-0.29999542,0.0,0.0,0.0,0.11999817,-0.0,0.23999634,0.099998474,0.0,0.059999086,0.23999634,-0.059999086,-0.0,0.29999542,0.0,0.0,0.0,0.0,pink,0.0003031363303307444,0.0,0.0,0.0,-26.333251953125,-89.78868865966797,-65.84751892089844,-97.73413848876953,-89.8005142211914,-19.808265686035156,33.580631256103516,26.333404541015625,89.78854370117188,65.84615325927734,97.73428344726562,89.79695892333984,19.814544677734375,33.58204650878906,0.0,0.0,0.0,0.0
369,7.381142863999685,1789352841.1222992,17,-0.0004826914,-0.029641857,0.000346722,0.0011761354,-26.325748,-89.78863,-65.845474,-97.72361,-89.80557,-19.814268,33.55477,26.327225,89.78911,65.83475,97.701485,89.80405,19.81001,33.55532,0.0,0.0,0.0,0.0,0.0,0.0,-0.0,0.0,-0.14999771,0.0,0.0,0.0,0.0,-0.0,0.059999086,0.049999237,0.0,0.059999086,0.17999725,0.0,-0.0,0.11999817,0.0,0.0,0.0,0.0,pink,0.0003031363303307444,0.0,0.0,0.0,-26.333251953125,-89.78868865966797,-65.84751892089844,-97.73413848876953,-89.8005142211914,-19.808265686035156,33.580631256103516,26.333404541015625,89.78854370117188,65.84615325927734,97.73428344726562,89.79695892333984,19.814544677734375,33.58204650878906,0.0,0.0,0.0,0.0
370,7.4012726319997455,1789352841.1424289,17,-0.00047929215,-0.029635828,0.000346722,0.0011727362,-26.328152,-89.78896,-65.84556,-97.724815,-89.80489,-19.814379,33.55686,26.328163,89.78919,65.83554,97.70434,89.80228,19.810093,33.558796,0.0,0.0,0.0,0.0,0.0,0.0,-0.0,0.0,-0.049999237,0.0,0.0,0.0,0.0,-0.0,0.059999086,0.0,0.0,0.059999086,0.0,-0.059999086,-0.0,0.11999817,0.0,0.0,0.0,0.0,pink,0.0003031363303307444,0.0,0.0,0.0,-26.333251953125,-89.78868865966797,-65.84751892089844,-97.73413848876953,-89.8005142211914,-19.808265686035156,33.580631256103516,26.333404541015625,89.78854370117188,65.84615325927734,97.73428344726562,89.79695892333984,19.814544677734375,33.58204650878906,0.0,0.0,0.0,0.0
371,7.421257149999747,1789352841.1624134,17,-0.0004724937,-0.029630601,0.000346722,0.0011727362,-26.328907,-89.7891,-65.845566,-97.725685,-89.80455,-19.814405,33.5598,26.328827,89.789246,65.83655,97.70605,89.8009,19.81019,33.56234,0.0,0.0,0.0,0.0,0.0,0.0,-0.0,0.0,0.0,0.0,-0.11999817,0.0,0.059999086,0.059999086,0.059999086,0.049999237,0.0,0.0,0.11999817,0.0,-0.0,0.17999725,0.0,0.0,0.0,0.0,pink,0.0003031363303307444,0.0,0.0,0.0,-26.333251953125,-89.78868865966797,-65.84751892089844,-97.73413848876953,-89.8005142211914,-19.808265686035156,33.580631256103516,26.333404541015625,89.78854370117188,65.84615325927734,97.73428344726562,89.79695892333984,19.814544677734375,33.58204650878906,0.0,0.0,0.0,0.0
372,7.44150162599999,1789352841.182658,17,-0.00046909446,-0.029614521,0.000346722,0.0011727362,-26.329502,-89.7891,-65.84561,-97.72605,-89.80413,-19.814487,33.56271,26.33012,89.78931,65.836754,97.7083,89.79964,19.810259,33.565704,0.0,0.0,0.0,0.0,0.0,0.0,-0.0,0.0,-0.049999237,0.0,0.0,0.059999086,0.0,-0.059999086,0.11999817,0.049999237,0.0,0.0,0.059999086,-0.059999086,-0.0,0.11999817,0.0,0.0,0.0,0.0,pink,0.0003031363303307444,0.0,0.0,0.0,-26.333251953125,-89.78868865966797,-65.84751892089844,-97.73413848876953,-89.8005142211914,-19.808265686035156,33.580631256103516,26.333404541015625,89.78854370117188,65.84615325927734,97.73428344726562,89.79695892333984,19.814544677734375,33.58204650878906,0.0,0.0,0.0,0.0
373,7.4611610160000055,1789352841.2023172,17,-0.00046229598,-0.029585578,0.000346722,0.0011727362,-26.33075,-89.78912,-65.845924,-97.72699,-89.80369,-19.814503,33.565815,26.3325,89.7894,65.83679,97.71074,89.798744,19.810314,33.56859,0.0,0.0,0.0,0.0,0.0,0.003073308,-0.0,0.0,-0.099998474,0.0,0.0,0.0,0.059999086,-0.0,0.059999086,0.14999771,0.0,0.0,0.059999086,-0.059999086,-0.0,0.17999725,0.0,0.0,0.0,0.0,pink,0.0003031363303307444,0.0,0.0,0.0,-26.333251953125,-89.78868865966797,-65.84751892089844,-97.73413848876953,-89.8005142211914,-19.808265686035156,33.580631256103516,26.333404541015625,89.78854370117188,65.84615325927734,97.73428344726562,89.79695892333984,19.814544677734375,33.58204650878906,0.0,0.0,0.0,0.0
374,7.481324648999816,1789352841.222481,17,-0.00045889674,-0.029559849,0.000346722,0.001169337,-26.33226,-89.78918,-65.84599,-97.72787,-89.80347,-19.814516,33.56804,26.334114,89.789444,65.837,97.71309,89.79811,19.810396,33.57094,0.0,0.0,0.0,0.0,0.0,0.0,-0.0,0.0,0.0,0.0,0.0,0.0,0.0,-0.0,0.0,0.0,0.0,0.0,0.17999725,0.0,-0.0,0.059999086,0.0,0.0,0.0,0.0,pink,0.0003031363303307444,0.0,0.0,0.0,-26.333251953125,-89.78868865966797,-65.84751892089844,-97.73413848876953,-89.8005142211914,-19.808265686035156,33.580631256103516,26.333404541015625,89.78854370117188,65.84615325927734,97.73428344726562,89.79695892333984,19.814544677734375,33.58204650878906,0.0,0.0,0.0,0.0
375,7.50121544700005,1789352841.2423718,17,-0.0004554975,-0.029547788,0.000346722,0.001169337,-26.333221,-89.78922,-65.84601,-97.72828,-89.80322,-19.814571,33.569878,26.334412,89.78949,65.83784,97.71608,89.79752,19.810465,33.573257,0.0,0.0,0.0,0.0,0.0,0.0,-0.0,0.0,-0.049999237,0.0,0.0,0.0,0.0,-0.0,0.0,0.0,0.0,0.0,0.11999817,0.0,-0.0,0.059999086,0.0,0.0,0.0,0.0,pink,0.0003031363303307444,0.0,0.0,0.0,-26.333251953125,-89.78868865966797,-65.84751892089844,-97.73413848876953,-89.8005142211914,-19.808265686035156,33.580631256103516,26.333404541015625,89.78854370117188,65.84615325927734,97.73428344726562,89.79695892333984,19.814544677734375,33.58204650878906,0.0,0.0,0.0,0.0
376,7.5213417279996975,1789352841.2624981,17,-0.00044869905,-0.029539347,0.000346722,0.001169337,-26.333874,-89.78924,-65.84602,-97.728645,-89.803,-19.814585,33.570908,26.334515,89.78951,65.83854,97.718704,89.7971,19.810589,33.574863,0.0,0.0,0.0,0.0,0.0,0.0,-0.0,0.0,0.0,0.0,0.059999086,0.059999086,0.0,0.059999086,0.059999086,0.0,0.0,0.0,0.11999817,0.0,-0.0,-0.0,0.0,0.0,0.0,0.0,pink,0.0003031363303307444,0.0,0.0,0.0,-26.333251953125,-89.78868865966797,-65.84751892089844,-97.73413848876953,-89.8005142211914,-19.808265686035156,33.580631256103516,26.333404541015625,89.78854370117188,65.84615325927734,97.73428344726562,89.79695892333984,19.814544677734375,33.58204650878906,0.0,0.0,0.0,0.0
377,7.541086069999892,1789352841.2822423,17,-0.0004452998,-0.029513216,0.000346722,0.0011659376,-26.334469,-89.78927,-65.84608,-97.729034,-89.802826,-19.814598,33.571636,26.334766,89.78956,65.83928,97.72074,89.79663,19.810684,33.576004,0.0,0.0,0.0,0.0,0.0,0.003073305,-0.0,0.0,0.0,0.0,0.0,0.0,0.0,-0.0,0.0,0.0,0.0,0.0,0.0,-0.11999817,-0.0,0.059999086,0.0,0.0,0.0,0.0,pink,0.0003031363303307444,0.0,0.0,0.0,-26.333251953125,-89.78868865966797,-65.84751892089844,-97.73413848876953,-89.8005142211914,-19.808265686035156,33.580631256103516,26.333404541015625,89.78854370117188,65.84615325927734,97.73428344726562,89.79695892333984,19.814544677734375,33.58204650878906,0.0,0.0,0.0,0.0
378,7.5611598529999355,1789352841.3023162,17,-0.00044190057,-0.02949794,0.000346722,0.0011659376,-26.335155,-89.789314,-65.84611,-97.72947,-89.80264,-19.814611,33.572174,26.335075,89.78959,65.83988,97.72192,89.79634,19.810766,33.577213,0.0,0.0,0.0,0.0,0.0,0.0,-0.0,0.0,0.0,0.0,0.0,0.0,0.0,-0.0,0.0,0.0,0.0,0.0,0.0,0.0,-0.059999086,0.059999086,0.0,0.0,0.0,0.0,pink,0.0003031363303307444,0.0,0.0,0.0,-26.333251953125,-89.78868865966797,-65.84751892089844,-97.73413848876953,-89.8005142211914,-19.808265686035156,33.580631256103516,26.333404541015625,89.78854370117188,65.84615325927734,97.73428344726562,89.79695892333984,19.814544677734375,33.58204650878906,0.0,0.0,0.0,0.0
379,7.581187413999942,1789352841.3223436,17,-0.0004351021,-0.029488292,0.000346722,0.0011659376,-26.33599,-89.78936,-65.84609,-97.7299,-89.80249,-19.814585,33.57257,26.33527,89.78961,65.84046,97.72267,89.796036,19.810877,33.578697,0.0,0.0,0.0,0.0,0.0,0.0,-0.0,0.0,0.0,0.0,0.0,0.0,0.0,0.059999086,0.0,0.0,0.0,0.0,0.0,0.0,-0.0,0.059999086,0.0,0.0,0.0,0.0,pink,0.0003031363303307444,0.0,0.0,0.0,-26.333251953125,-89.78868865966797,-65.84751892089844,-97.73413848876953,-89.8005142211914,-19.808265686035156,33.580631256103516,26.333404541015625,89.78854370117188,65.84615325927734,97.73428344726562,89.79695892333984,19.814544677734375,33.58204650878906,0.0,0.0,0.0,0.0
380,7.601336851999804,1789352841.3424928,17,-0.00043170288,-0.02947784,0.000346722,0.0011625384,-26.33654,-89.7894,-65.846115,-97.73005,-89.80237,-19.814611,33.572983,26.335384,89.78961,65.8411,97.723526,89.79578,19.810946,33.580482,0.0,0.0,0.0,0.0,0.0,0.0,-0.0,0.0,0.0,0.0,0.0,0.059999086,0.0,-0.0,0.0,0.0,0.0,0.0,0.0,0.0,-0.0,-0.0,0.0,0.0,0.0,0.0,pink,0.0003031363303307444,0.0,0.0,0.0,-26.333251953125,-89.78868865966797,-65.84751892089844,-97.73413848876953,-89.8005142211914,-19.808265686035156,33.580631256103516,26.333404541015625,89.78854370117188,65.84615325927734,97.73428344726562,89.79695892333984,19.814544677734375,33.58204650878906,0.0,0.0,0.0,0.0
381,7.621263442999862,1789352841.3624196,17,-0.00042830364,-0.029452112,0.000346722,0.0011625384,-26.33677,-89.78938,-65.846146,-97.73024,-89.80226,-19.814611,33.57338,26.335464,89.78961,65.84148,97.724525,89.79564,19.81104,33.58202,0.0,0.0,0.0,0.0,0.0,0.0,-0.0,0.0,0.0,0.0,-0.059999086,0.0,0.0,-0.0,0.0,0.0,0.0,0.0,0.0,0.0,-0.0,0.11999817,0.0,0.0,0.0,0.0,pink,0.0003031363303307444,0.0,0.0,0.0,-26.333251953125,-89.78868865966797,-65.84751892089844,-97.73413848876953,-89.8005142211914,-19.808265686035156,33.580631256103516,26.333404541015625,89.78854370117188,65.84615325927734,97.73428344726562,89.79695892333984,19.814544677734375,33.58204650878906,0.0,0.0,0.0,0.0
382,7.641312886999913,1789352841.3824692,17,-0.0004249044,-0.029427992,0.000346722,0.0011625384,-26.336906,-89.7894,-65.84613,-97.730354,-89.80216,-19.814611,33.57379,26.335556,89.78961,65.84168,97.72543,89.79543,19.811138,33.582886,0.0,0.0,0.0,0.0,0.0,0.0,-0.0,0.0,0.0,0.0,0.0,0.0,0.0,-0.0,0.0,0.0,0.0,0.0,0.0,0.0,-0.0,-0.0,0.0,0.0,0.0,0.0,pink,0.0003031363303307444,0.0,0.0,0.0,-26.333251953125,-89.78868865966797,-65.84751892089844,-97.73413848876953,-89.8005142211914,-19.808265686035156,33.580631256103516,26.333404541015625,89.78854370117188,65.84615325927734,97.73428344726562,89.79695892333984,19.814544677734375,33.58204650878906,0.0,0.0,0.0,0.0
383,7.661290522999934,1789352841.4024467,17,-0.00042150516,-0.02940347,0.000346722,0.0011591392,-26.33702,-89.789406,-65.8462,-97.73063,-89.802055,-19.814611,33.573986,26.335625,89.789604,65.84192,97.7263,89.79533,19.81122,33.583378,0.0,0.0,0.0,0.0,0.0,0.0,-0.0,0.0,0.0,0.0,0.0,0.0,0.0,-0.0,0.0,0.0,-0.049999237,0.059999086,0.059999086,0.0,-0.0,-0.0,0.0,0.0,0.0,0.0,pink,0.0003031363303307444,0.0,0.0,0.0,-26.333251953125,-89.78868865966797,-65.84751892089844,-97.73413848876953,-89.8005142211914,-19.808265686035156,33.580631256103516,26.333404541015625,89.78854370117188,65.84615325927734,97.73428344726562,89.79695892333984,19.814544677734375,33.58204650878906,0.0,0.0,0.0,0.0
384,7.681304680999801,1789352841.422461,17,-0.00041470668,-0.029375732,0.000346722,0.0011591392,-26.337158,-89.7894,-65.84631,-97.73082,-89.80194,-19.814611,33.574234,26.335648,89.789635,65.84206,97.72693,89.79523,19.811302,33.583763,0.0,0.0,0.0,0.0,0.0,0.0030732988,-0.0,0.0,0.0,0.0,-0.11999817,0.0,0.0,-0.0,0.0,0.0,0.0,0.0,0.059999086,0.0,-0.0,-0.0,0.0,0.0,0.0,0.0,pink,0.0003031363303307444,0.0,0.0,0.0,-26.333251953125,-89.78868865966797,-65.84751892089844,-97.73413848876953,-89.8005142211914,-19.808265686035156,33.580631256103516,26.333404541015625,89.78854370117188,65.84615325927734,97.73428344726562,89.79695892333984,19.814544677734375,33.58204650878906,0.0,0.0,0.0,0.0
385,7.701309566999953,1789352841.4424658,17,-0.00041130747,-0.029353622,0.000346722,0.0011591392,-26.337158,-89.789406,-65.84637,-97.73097,-89.801796,-19.814598,33.574577,26.335693,89.78965,65.84219,97.72773,89.795135,19.81137,33.584053,0.0,0.0,0.0,0.0,0.0,0.0,-0.0,0.0,0.0,0.0,0.0,-0.059999086,0.0,-0.0,0.0,0.0,0.0,0.0,0.0,0.0,-0.0,-0.0,0.0,0.0,0.0,0.0,pink,0.0003031363303307444,0.0,0.0,0.0,-26.333251953125,-89.78868865966797,-65.84751892089844,-97.73413848876953,-89.8005142211914,-19.808265686035156,33.580631256103516,26.333404541015625,89.78854370117188,65.84615325927734,97.73428344726562,89.79695892333984,19.814544677734375,33.58204650878906,0.0,0.0,0.0,0.0
386,7.721424042999843,1789352841.4625804,17,-0.00040790823,-0.029313823,0.000346722,0.00115574,-26.337193,-89.7894,-65.84639,-97.73105,-89.80171,-19.814625,33.574905,26.33574,89.78966,65.842316,97.72869,89.795074,19.81144,33.584312,0.0,0.0,0.0,0.0,0.0,0.003073296,-0.0,0.0,0.0,0.0,0.0,0.0,-0.059999086,-0.059999086,0.0,0.0,0.0,0.0,0.059999086,0.0,0.059999086,0.059999086,0.0,0.0,0.0,0.0,pink,0.0003031363303307444,0.0,0.0,0.0,-26.333251953125,-89.78868865966797,-65.84751892089844,-97.73413848876953,-89.8005142211914,-19.808265686035156,33.580631256103516,26.333404541015625,89.78854370117188,65.84615325927734,97.73428344726562,89.79695892333984,19.814544677734375,33.58204650878906,0.0,0.0,0.0,0.0
387,7.741328474000056,1789352841.4824848,17,-0.000404509,-0.029290106,0.000346722,0.00115574,-26.337227,-89.7894,-65.84638,-97.73118,-89.80153,-19.814571,33.575096,26.335773,89.78966,65.84252,97.73019,89.795006,19.811508,33.584465,0.0,0.0,0.0,0.0,0.0,0.0,-0.0,0.0,0.0,0.0,0.0,0.0,0.0,-0.0,0.0,0.0,0.0,0.0,0.0,0.0,-0.0,-0.0,0.0,0.0,0.0,0.0,pink,0.0003031363303307444,0.0,0.0,0.0,-26.333251953125,-89.78868865966797,-65.84751892089844,-97.73413848876953,-89.8005142211914,-19.808265686035156,33.580631256103516,26.333404541015625,89.78854370117188,65.84615325927734,97.73428344726562,89.79695892333984,19.814544677734375,33.58204650878906,0.0,0.0,0.0,0.0
388,7.761300769999707,1789352841.5024571,17,-0.00040110975,-0.029236238,0.000346722,0.00115574,-26.337227,-89.78942,-65.846405,-97.7313,-89.80144,-19.814598,33.575344,26.335796,89.78965,65.842834,97.73252,89.79497,19.811604,33.58464,0.0,0.0,0.0,0.0,0.0,0.0063664797,-0.0,0.0,0.0,0.0,0.0,0.0,0.0,-0.0,0.0,0.0,0.0,0.059999086,0.11999817,0.059999086,-0.0,0.059999086,0.0,0.0,0.0,0.0,pink,0.0003031363303307444,0.0,0.0,0.0,-26.333251953125,-89.78868865966797,-65.84751892089844,-97.73413848876953,-89.8005142211914,-19.808265686035156,33.580631256103516,26.333404541015625,89.78854370117188,65.84615325927734,97.73428344726562,89.79695892333984,19.814544677734375,33.58204650878906,0.0,0.0,0.0,0.0
389,7.781346552999821,1789352841.5225027,17,-0.0003977105,-0.029169103,0.000346722,0.0011523407,-26.337227,-89.789406,-65.846436,-97.73142,-89.801315,-19.814585,33.575523,26.335796,89.78966,65.84319,97.73561,89.79494,19.811714,33.584778,0.0,0.0,0.0,0.0,0.0,0.0063664736,-0.0,0.0,0.0,0.0,0.0,-0.059999086,0.0,-0.0,0.0,0.0,0.0,0.0,0.11999817,0.0,-0.0,-0.0,0.0,0.0,0.0,0.0,pink,0.0003031363303307444,0.0,0.0,0.0,-26.333251953125,-89.78868865966797,-65.84751892089844,-97.73413848876953,-89.8005142211914,-19.808265686035156,33.580631256103516,26.333404541015625,89.78854370117188,65.84615325927734,97.73428344726562,89.79695892333984,19.814544677734375,33.58204650878906,0.0,0.0,0.0,0.0
390,7.801308336999682,1789352841.5424645,17,-0.00039431127,-0.029105186,0.000346722,0.0011523407,-26.337238,-89.78943,-65.846436,-97.731476,-89.801254,-19.814598,33.575783,26.335808,89.789635,65.843346,97.738,89.79493,19.811825,33.584877,0.0,0.0,0.0,0.0,0.0,0.003073287,-0.0,0.0,0.0,0.0,0.0,0.0,0.0,-0.059999086,0.0,0.0,0.0,0.0,0.11999817,0.0,-0.0,-0.0,0.0,0.0,0.0,0.0,pink,0.0003031363303307444,0.0,0.0,0.0,-26.333251953125,-89.78868865966797,-65.84751892089844,-97.73413848876953,-89.8005142211914,-19.808265686035156,33.580631256103516,26.333404541015625,89.78854370117188,65.84615325927734,97.73428344726562,89.79695892333984,19.814544677734375,33.58204650878906,0.0,0.0,0.0,0.0
391,7.821382131000064,1789352841.5625384,17,-0.00039091206,-0.02901554,0.000346722,0.0011523407,-26.337238,-89.789444,-65.846436,-97.73152,-89.801186,-19.814585,33.57591,26.335808,89.78965,65.843575,97.739784,89.79488,19.811893,33.584946,0.0,0.0,0.0,0.0,0.0,0.006585951,-0.0,0.0,0.0,0.0,0.0,0.0,0.059999086,-0.0,0.0,0.0,0.0,0.0,0.0,0.0,-0.0,-0.0,0.0,0.0,0.0,0.0,pink,0.0003031363303307444,0.0,0.0,0.0,-26.333251953125,-89.78868865966797,-65.84751892089844,-97.73413848876953,-89.8005142211914,-19.808265686035156,33.580631256103516,26.333404541015625,89.78854370117188,65.84615325927734,97.73428344726562,89.79695892333984,19.814544677734375,33.58204650878906,0.0,0.0,0.0,0.0
392,7.841353445000095,1789352841.5825098,17,-0.00038751282,-0.02894921,0.000346722,0.0011489415,-26.337227,-89.789444,-65.84646,-97.7316,-89.80113,-19.814571,33.576073,26.33583,89.78965,65.84367,97.74114,89.794846,19.811934,33.585,0.0,0.0,0.0,0.0,0.0,0.0063664536,-0.0,0.0,0.0,0.0,0.0,0.0,0.0,-0.0,0.0,0.0,0.0,0.0,0.0,0.0,-0.0,-0.0,0.0,0.0,0.0,0.0,pink,0.0003031363303307444,0.0,0.0,0.0,-26.333251953125,-89.78868865966797,-65.84751892089844,-97.73413848876953,-89.8005142211914,-19.808265686035156,33.580631256103516,26.333404541015625,89.78854370117188,65.84615325927734,97.73428344726562,89.79695892333984,19.814544677734375,33.58204650878906,0.0,0.0,0.0,0.0
393,7.861267644999771,1789352841.6024241,17,-0.00038411358,-0.028874438,0.000346722,0.0011489415,-26.337227,-89.78942,-65.84646,-97.73168,-89.80108,-19.814611,33.576157,26.33583,89.78965,65.84385,97.74219,89.7948,19.811989,33.585026,0.0,0.0,0.0,0.0,0.0,0.003073277,-0.0,0.0,0.0,0.0,0.0,0.0,0.0,-0.059999086,0.0,0.0,0.0,0.0,0.059999086,0.0,-0.059999086,0.059999086,0.0,0.0,0.0,0.0,pink,0.0003031363303307444,0.0,0.0,0.0,-26.333251953125,-89.78868865966797,-65.84751892089844,-97.73413848876953,-89.8005142211914,-19.808265686035156,33.580631256103516,26.333404541015625,89.78854370117188,65.84615325927734,97.73428344726562,89.79695892333984,19.814544677734375,33.58204650878906,0.0,0.0,0.0,0.0
394,7.881386428000042,1789352841.6225426,17,-0.00038071434,-0.028802078,0.000346722,0.0011489415,-26.337238,-89.789444,-65.84652,-97.73173,-89.80098,-19.814571,33.576263,26.335854,89.78965,65.843895,97.74268,89.7948,19.812126,33.585026,0.0,0.0,0.0,0.0,0.0,0.0,-0.0,0.0,0.0,0.0,-0.059999086,0.059999086,0.0,-0.0,0.0,0.0,0.0,0.0,0.0,0.0,-0.0,-0.0,0.0,0.0,0.0,0.0,pink,0.0003031363303307444,0.0,0.0,0.0,-26.333251953125,-89.78868865966797,-65.84751892089844,-97.73413848876953,-89.8005142211914,-19.808265686035156,33.580631256103516,26.333404541015625,89.78854370117188,65.84615325927734,97.73428344726562,89.79695892333984,19.814544677734375,33.58204650878906,0.0,0.0,0.0,0.0
395,7.901300274999812,1789352841.6424565,17,-0.0003773151,-0.028757054,0.000346722,0.0011489415,-26.337215,-89.78942,-65.846504,-97.7318,-89.80091,-19.814556,33.57639,26.335842,89.78965,65.844,97.74294,89.79476,19.812222,33.585083,0.0,0.0,0.0,0.0,0.0,0.0030732718,-0.0,0.0,0.0,0.0,0.0,0.0,0.0,-0.0,0.0,0.0,0.0,0.0,0.059999086,0.0,0.059999086,-0.0,0.0,0.0,0.0,0.0,pink,0.0003031363303307444,0.0,0.0,0.0,-26.333251953125,-89.78868865966797,-65.84751892089844,-97.73413848876953,-89.8005142211914,-19.808265686035156,33.580631256103516,26.333404541015625,89.78854370117188,65.84615325927734,97.73428344726562,89.79695892333984,19.814544677734375,33.58204650878906,0.0,0.0,0.0,0.0
396,7.92136893299994,1789352841.6625252,17,-0.00037391586,-0.028722081,0.000346722,0.0011455423,-26.337227,-89.78943,-65.84649,-97.73189,-89.80086,-19.814571,33.576458,26.335842,89.78966,65.844124,97.743065,89.79473,19.812305,33.585068,0.0,0.0,0.0,0.0,0.0,0.0030732702,-0.0,0.0,0.0,0.0,0.059999086,0.0,0.0,-0.059999086,0.0,0.0,0.0,0.0,0.0,0.0,-0.0,-0.0,0.0,0.0,0.0,0.0,pink,0.0003031363303307444,0.0,0.0,0.0,-26.333251953125,-89.78868865966797,-65.84751892089844,-97.73413848876953,-89.8005142211914,-19.808265686035156,33.580631256103516,26.333404541015625,89.78854370117188,65.84615325927734,97.73428344726562,89.79695892333984,19.814544677734375,33.58204650878906,0.0,0.0,0.0,0.0
397,7.941237450999779,1789352841.6823938,17,-0.00037051665,-0.028660174,0.000346722,0.0011455423,-26.337227,-89.78943,-65.84652,-97.73193,-89.80075,-19.81453,33.57657,26.335842,89.78967,65.84422,97.743126,89.79473,19.812359,33.58511,0.0,0.0,0.0,0.0,0.0,0.0030732676,-0.0,0.0,0.0,0.0,0.0,0.0,0.0,0.059999086,0.0,0.0,0.049999237,0.0,0.0,0.0,-0.0,-0.0,0.0,0.0,0.0,0.0,pink,0.0003031363303307444,0.0,0.0,0.0,-26.333251953125,-89.78868865966797,-65.84751892089844,-97.73413848876953,-89.8005142211914,-19.808265686035156,33.580631256103516,26.333404541015625,89.78854370117188,65.84615325927734,97.73428344726562,89.79695892333984,19.814544677734375,33.58204650878906,0.0,0.0,0.0,0.0
398,7.961330555999666,1789352841.7024865,17,-0.0003671174,-0.028616758,0.000346722,0.0011455423,-26.337204,-89.78943,-65.84654,-97.73196,-89.80067,-19.81453,33.57669,26.335865,89.78965,65.84431,97.743164,89.79469,19.81247,33.58511,0.0,0.0,0.0,0.0,0.0,0.0030732655,-0.0,0.0,0.0,0.0,0.0,0.0,0.0,0.059999086,0.0,0.0,0.0,0.0,0.0,-0.059999086,-0.0,-0.0,0.0,0.0,0.0,0.0,pink,0.0003031363303307444,0.0,0.0,0.0,-26.333251953125,-89.78868865966797,-65.84751892089844,-97.73413848876953,-89.8005142211914,-19.808265686035156,33.580631256103516,26.333404541015625,89.78854370117188,65.84615325927734,97.73428344726562,89.79695892333984,19.814544677734375,33.58204650878906,0.0,0.0,0.0,0.0
399,7.980957885999942,1789352841.722114,17,-0.00036371817,-0.028564498,0.000346722,0.001142143,-26.337204,-89.789406,-65.84659,-97.73204,-89.80063,-19.814543,33.576843,26.335854,89.78965,65.84441,97.743164,89.79473,19.812525,33.58512,0.0,0.0,0.0,0.0,0.0,0.0030732634,-0.0,0.0,0.0,0.049999237,0.0,0.0,0.0,-0.0,0.0,0.0,0.0,0.0,0.0,0.0,-0.0,-0.0,0.0,0.0,0.0,0.0,pink,0.0003031363303307444,0.0,0.0,0.0,-26.333251953125,-89.78868865966797,-65.84751892089844,-97.73413848876953,-89.8005142211914,-19.808265686035156,33.580631256103516,26.333404541015625,89.78854370117188,65.84615325927734,97.73428344726562,89.79695892333984,19.814544677734375,33.58204650878906,0.0,0.0,0.0,0.0
400,8.0014540090001,1789352841.7426102,17,-0.00036031893,-0.028503396,0.000346722,0.001142143,-26.337204,-89.78942,-65.84659,-97.73207,-89.8006,-19.81453,33.576923,26.335854,89.789635,65.84457,97.74318,89.79472,19.812607,33.585136,0.0,0.0,0.0,0.0,0.0,0.006146923,-0.0,0.0,0.0,0.0,0.0,0.0,0.0,-0.0,0.0,0.0,0.0,0.0,0.0,-0.059999086,-0.0,-0.0,0.0,0.0,0.0,0.0,pink,0.0003031363303307444,0.0,0.0,0.0,-26.333251953125,-89.78868865966797,-65.84751892089844,-97.73413848876953,-89.8005142211914,-19.808265686035156,33.580631256103516,26.333404541015625,89.78854370117188,65.84615325927734,97.73428344726562,89.79695892333984,19.814544677734375,33.58204650878906,0.0,0.0,0.0,0.0
401,8.021316901999853,1789352841.762473,17,-0.00035691969,-0.02845596,0.000346722,0.001142143,-26.337215,-89.78942,-65.84663,-97.73209,-89.80057,-19.81453,33.57702,26.335854,89.78965,65.84474,97.74318,89.79471,19.812675,33.58512,0.0,0.0,0.0,0.0,0.0,0.0030732586,-0.0,0.0,-0.049999237,0.0,-0.059999086,0.0,0.0,-0.0,0.0,0.0,0.0,0.0,0.0,0.0,0.059999086,-0.0,0.0,0.0,0.0,0.0,pink,0.0003031363303307444,0.0,0.0,0.0,-26.333251953125,-89.78868865966797,-65.84751892089844,-97.73413848876953,-89.8005142211914,-19.808265686035156,33.580631256103516,26.333404541015625,89.78854370117188,65.84615325927734,97.73428344726562,89.79695892333984,19.814544677734375,33.58204650878906,0.0,0.0,0.0,0.0
402,8.0412935989998,1789352841.78245,17,-0.00035352045,-0.028418172,0.000346722,0.0011387438,-26.337193,-89.78942,-65.84664,-97.73215,-89.800514,-19.814503,33.577087,26.335854,89.78965,65.84484,97.74318,89.79469,19.812757,33.585163,0.0,0.0,0.0,0.0,0.0,0.0,-0.0,0.0,0.0,0.0,0.0,0.0,0.0,-0.0,0.0,0.0,0.0,0.0,0.0,0.059999086,-0.0,-0.0,0.0,0.0,0.0,0.0,pink,0.0003031363303307444,0.0,0.0,0.0,-26.333251953125,-89.78868865966797,-65.84751892089844,-97.73413848876953,-89.8005142211914,-19.808265686035156,33.580631256103516,26.333404541015625,89.78854370117188,65.84615325927734,97.73428344726562,89.79695892333984,19.814544677734375,33.58204650878906,0.0,0.0,0.0,0.0
403,8.061174560999916,1789352841.802331,17,-0.00035012123,-0.028353048,0.000346722,0.0011387438,-26.337193,-89.78943,-65.846664,-97.73219,-89.80046,-19.814516,33.57717,26.335854,89.789635,65.844894,97.7432,89.79471,19.81284,33.58515,0.0,0.0,0.0,0.0,0.0,0.0030732541,-0.0,0.0,0.0,0.0,0.0,0.0,0.0,-0.0,0.0,0.0,0.0,0.0,0.0,0.0,0.059999086,-0.0,0.0,0.0,0.0,0.0,pink,0.0003031363303307444,0.0,0.0,0.0,-26.333251953125,-89.78868865966797,-65.84751892089844,-97.73413848876953,-89.8005142211914,-19.808265686035156,33.580631256103516,26.333404541015625,89.78854370117188,65.84615325927734,97.73428344726562,89.79695892333984,19.814544677734375,33.58204650878906,0.0,0.0,0.0,0.0
404,8.081332161999853,1789352841.8224883,17,-0.000346722,-0.028282298,0.000346722,0.0011387438,-26.337193,-89.78943,-65.84668,-97.73226,-89.800446,-19.814503,33.577225,26.335854,89.78965,65.84495,97.7432,89.79469,19.81295,33.58518,0.0,0.0,0.0,0.0,0.0,0.009659535,-0.0,0.0,0.0,0.0,0.0,0.0,0.0,-0.0,0.0,0.0,0.0,0.0,0.0,0.0,-0.0,0.059999086,0.0,0.0,0.0,0.0,pink,0.0003031363303307444,0.0,0.0,0.0,-26.333251953125,-89.78868865966797,-65.84751892089844,-97.73413848876953,-89.8005142211914,-19.808265686035156,33.580631256103516,26.333404541015625,89.78854370117188,65.84615325927734,97.73428344726562,89.79695892333984,19.814544677734375,33.58204650878906,0.0,0.0,0.0,0.0
405,8.101323081999908,1789352841.8424795,17,-0.00034332275,-0.028208733,0.000346722,0.0011353445,-26.337158,-89.789406,-65.84671,-97.732346,-89.80036,-19.814503,33.57731,26.335842,89.789635,65.84498,97.7432,89.79469,19.812992,33.585136,0.0,0.0,0.0,0.0,0.0,0.0030732478,-0.0,0.0,0.049999237,0.049999237,0.0,-0.059999086,0.0,-0.0,0.0,0.0,0.0,0.0,0.0,0.0,-0.0,-0.0,0.0,0.0,0.0,0.0,pink,0.0003031363303307444,0.0,0.0,0.0,-26.333251953125,-89.78868865966797,-65.84751892089844,-97.73413848876953,-89.8005142211914,-19.808265686035156,33.580631256103516,26.333404541015625,89.78854370117188,65.84615325927734,97.73428344726562,89.79695892333984,19.814544677734375,33.58204650878906,0.0,0.0,0.0,0.0
406,8.121316750999995,1789352841.862473,17,-0.0003399235,-0.028118284,0.000346722,0.0011353445,-26.33717,-89.78943,-65.84673,-97.732346,-89.80032,-19.814487,33.577362,26.335842,89.78963,65.84501,97.74318,89.79466,19.8131,33.58515,0.0,0.0,0.0,0.0,0.0,0.003073244,-0.0,0.0,0.0,0.0,0.0,0.0,0.0,-0.0,0.0,0.0,-0.049999237,0.0,0.0,0.0,-0.0,-0.0,0.0,0.0,0.0,0.0,pink,0.0003031363303307444,0.0,0.0,0.0,-26.333251953125,-89.78868865966797,-65.84751892089844,-97.73413848876953,-89.8005142211914,-19.808265686035156,33.580631256103516,26.333404541015625,89.78854370117188,65.84615325927734,97.73428344726562,89.79695892333984,19.814544677734375,33.58204650878906,0.0,0.0,0.0,0.0
407,8.141303098999742,1789352841.8824594,17,-0.00033652427,-0.0280411,0.000346722,0.0011353445,-26.33717,-89.78943,-65.84676,-97.73238,-89.800285,-19.814487,33.577473,26.33583,89.78963,65.84506,97.74318,89.79466,19.813156,33.58518,0.0,0.0,0.0,0.0,0.0,0.0030732404,-0.0,0.0,0.0,0.0,0.0,0.0,0.0,-0.0,0.0,0.0,0.0,0.0,0.0,0.0,-0.0,0.059999086,0.0,0.0,0.0,0.0,pink,0.0003031363303307444,0.0,0.0,0.0,-26.333251953125,-89.78868865966797,-65.84751892089844,-97.73413848876953,-89.8005142211914,-19.808265686035156,33.580631256103516,26.333404541015625,89.78854370117188,65.84615325927734,97.73428344726562,89.79695892333984,19.814544677734375,33.58204650878906,0.0,0.0,0.0,0.0
408,8.161328897999738,1789352841.902485,17,-0.00033312506,-0.027972762,0.000346722,0.0011319453,-26.337158,-89.7894,-65.84678,-97.732414,-89.800255,-19.81446,33.57754,26.335842,89.789635,65.84513,97.74315,89.79472,19.813293,33.58515,0.0,0.0,0.0,0.0,0.0,0.0030732376,-0.0,0.0,0.0,0.0,0.0,0.059999086,0.0,-0.0,0.059999086,0.0,0.0,0.0,-0.059999086,0.0,-0.0,-0.0,0.0,0.0,0.0,0.0,pink,0.0003031363303307444,0.0,0.0,0.0,-26.333251953125,-89.78868865966797,-65.84751892089844,-97.73413848876953,-89.8005142211914,-19.808265686035156,33.580631256103516,26.333404541015625,89.78854370117188,65.84615325927734,97.73428344726562,89.79695892333984,19.814544677734375,33.58204650878906,0.0,0.0,0.0,0.0
409,8.181291700999736,1789352841.922448,17,-0.00032972582,-0.027822819,0.000346722,0.0011319453,-26.337147,-89.7894,-65.84678,-97.732414,-89.800255,-19.81446,33.57761,26.335842,89.78961,65.8452,97.743195,89.79472,19.813404,33.585163,0.0,0.0,0.0,0.0,0.0,0.003073231,-0.0,0.0,0.0,0.0,0.059999086,0.059999086,0.0,-0.0,0.0,0.0,0.0,0.0,0.0,0.059999086,0.059999086,-0.0,0.0,0.0,0.0,0.0,pink,0.0003031363303307444,0.0,0.0,0.0,-26.333251953125,-89.78868865966797,-65.84751892089844,-97.73413848876953,-89.8005142211914,-19.808265686035156,33.580631256103516,26.333404541015625,89.78854370117188,65.84615325927734,97.73428344726562,89.79695892333984,19.814544677734375,33.58204650878906,0.0,0.0,0.0,0.0
410,8.201321991999976,1789352841.9424784,17,-0.00032632658,-0.027706644,0.000346722,0.0011319453,-26.337158,-89.789406,-65.84678,-97.73245,-89.8002,-19.814447,33.577705,26.335842,89.78963,65.84525,97.74318,89.79469,19.813404,33.585163,0.0,0.0,0.0,0.0,0.0,0.006146854,-0.0,0.0,0.0,0.0,0.0,0.0,0.0,-0.0,0.0,0.0,0.0,0.0,0.0,0.0,-0.059999086,0.059999086,0.0,0.0,0.0,0.0,pink,0.0003031363303307444,0.0,0.0,0.0,-26.333251953125,-89.78868865966797,-65.84751892089844,-97.73413848876953,-89.8005142211914,-19.808265686035156,33.580631256103516,26.333404541015625,89.78854370117188,65.84615325927734,97.73428344726562,89.79695892333984,19.814544677734375,33.58204650878906,0.0,0.0,0.0,0.0
411,8.221358166999835,1789352841.9625144,17,-0.00032292734,-0.027585644,0.000346722,0.0011285461,-26.337147,-89.7894,-65.84685,-97.73249,-89.80017,-19.814474,33.577747,26.33583,89.789635,65.84532,97.74315,89.79471,19.813473,33.585163,0.0,0.0,0.0,0.0,0.0,0.0065858173,-0.0,0.0,0.0,0.0,0.0,0.0,0.0,-0.0,0.0,0.0,0.0,0.0,0.0,0.0,-0.0,0.059999086,0.0,0.0,0.0,0.0,pink,0.0003031363303307444,0.0,0.0,0.0,-26.333251953125,-89.78868865966797,-65.84751892089844,-97.73413848876953,-89.8005142211914,-19.808265686035156,33.580631256103516,26.333404541015625,89.78854370117188,65.84615325927734,97.73428344726562,89.79695892333984,19.814544677734375,33.58204650878906,0.0,0.0,0.0,0.0
412,8.241313556000023,1789352841.9824698,17,-0.00031272965,-0.027502833,0.000346722,0.0011285461,-26.337135,-89.789406,-65.84685,-97.73252,-89.80015,-19.814447,33.577873,26.33583,89.78963,65.845375,97.743164,89.79469,19.813513,33.58515,0.0,0.0,0.0,0.0,0.0,0.003073217,-0.0,0.0,0.0,0.0,0.0,0.0,0.0,-0.0,0.0,0.0,0.0,0.0,0.0,0.0,-0.0,-0.0,0.0,0.0,0.0,0.0,pink,0.0003031363303307444,0.0,0.0,0.0,-26.333251953125,-89.78868865966797,-65.84751892089844,-97.73413848876953,-89.8005142211914,-19.808265686035156,33.580631256103516,26.333404541015625,89.78854370117188,65.84615325927734,97.73428344726562,89.79695892333984,19.814544677734375,33.58204650878906,0.0,0.0,0.0,0.0
413,8.261173466999935,1789352842.0023298,17,-0.00029573345,-0.027430475,0.000346722,0.0011285461,-26.337135,-89.789406,-65.84683,-97.732506,-89.80015,-19.814434,33.57794,26.33583,89.78961,65.84542,97.74315,89.79468,19.813555,33.585136,0.0,0.0,0.0,0.0,0.0,0.0030732139,-0.0,0.0,0.0,0.0,0.059999086,0.0,0.0,-0.0,0.0,0.0,0.0,0.0,0.0,0.0,-0.0,-0.0,0.0,0.0,0.0,0.0,pink,0.0003031363303307444,0.0,0.0,0.0,-26.333251953125,-89.78868865966797,-65.84751892089844,-97.73413848876953,-89.8005142211914,-19.808265686035156,33.580631256103516,26.333404541015625,89.78854370117188,65.84615325927734,97.73428344726562,89.79695892333984,19.814544677734375,33.58204650878906,0.0,0.0,0.0,0.0
414,8.281275043999813,1789352842.0224311,17,-0.00027873728,-0.027335204,0.000346722,0.0011251469,-26.337124,-89.7894,-65.84687,-97.73256,-89.80009,-19.814434,33.577995,26.33583,89.78963,65.845474,97.743164,89.79471,19.813581,33.58515,0.0,0.0,0.0,0.0,0.0,0.0030732097,-0.0,0.0,0.0,0.0,-0.059999086,0.0,0.0,-0.0,0.0,0.0,0.0,0.0,0.0,0.0,-0.0,0.059999086,0.0,0.0,0.0,0.0,pink,0.0003031363303307444,0.0,0.0,0.0,-26.333251953125,-89.78868865966797,-65.84751892089844,-97.73413848876953,-89.8005142211914,-19.808265686035156,33.580631256103516,26.333404541015625,89.78854370117188,65.84615325927734,97.73428344726562,89.79695892333984,19.814544677734375,33.58204650878906,0.0,0.0,0.0,0.0
415,8.301309426999978,1789352842.0424657,17,-0.0002617411,-0.02724757,0.000346722,0.0011251469,-26.337124,-89.7894,-65.84687,-97.732574,-89.80009,-19.81446,33.578037,26.33583,89.78963,65.84551,97.74315,89.79468,19.813637,33.58512,0.0,0.0,0.0,0.0,0.0,0.003073206,-0.0,0.0,0.0,0.0,0.0,0.0,0.0,-0.059999086,0.0,0.0,0.0,0.059999086,0.0,0.0,-0.0,-0.0,0.0,0.0,0.0,0.0,pink,0.0003031363303307444,0.0,0.0,0.0,-26.333251953125,-89.78868865966797,-65.84751892089844,-97.73413848876953,-89.8005142211914,-19.808265686035156,33.580631256103516,26.333404541015625,89.78854370117188,65.84615325927734,97.73428344726562,89.79695892333984,19.814544677734375,33.58204650878906,0.0,0.0,0.0,0.0
416,8.321382373999768,1789352842.0625389,17,-0.00024814418,-0.02716677,0.000346722,0.0011251469,-26.337112,-89.789406,-65.84687,-97.73263,-89.80005,-19.814405,33.578148,26.33582,89.78963,65.84554,97.74315,89.79468,19.813679,33.585136,0.0,0.0,0.0,0.0,0.0,0.009439897,-0.0,0.0,0.0,0.0,0.0,-0.059999086,0.0,-0.0,0.0,0.0,0.0,0.059999086,0.0,0.0,-0.0,-0.0,0.0,0.0,0.0,0.0,pink,0.0003031363303307444,0.0,0.0,0.0,-26.333251953125,-89.78868865966797,-65.84751892089844,-97.73413848876953,-89.8005142211914,-19.808265686035156,33.580631256103516,26.333404541015625,89.78854370117188,65.84615325927734,97.73428344726562,89.79695892333984,19.814544677734375,33.58204650878906,0.0,0.0,0.0,0.0
417,8.341343360999872,1789352842.0824995,17,-0.00023794646,-0.027083559,0.000346722,0.0011217477,-26.337112,-89.7894,-65.846886,-97.73263,-89.799995,-19.814405,33.5782,26.335808,89.789604,65.84558,97.74315,89.79466,19.813747,33.58515,0.0,0.0,0.0,0.0,0.0,0.0030731987,-0.0,0.0,0.0,0.0,0.0,0.0,0.059999086,-0.059999086,0.0,0.0,0.0,0.059999086,0.0,0.0,-0.059999086,-0.0,0.0,0.0,0.0,0.0,pink,0.0003031363303307444,0.0,0.0,0.0,-26.333251953125,-89.78868865966797,-65.84751892089844,-97.73413848876953,-89.8005142211914,-19.808265686035156,33.580631256103516,26.333404541015625,89.78854370117188,65.84615325927734,97.73428344726562,89.79695892333984,19.814544677734375,33.58204650878906,0.0,0.0,0.0,0.0
418,8.361298590999922,1789352842.1024551,17,-0.00022434953,-0.026969796,0.000346722,0.0011217477,-26.33709,-89.789406,-65.84687,-97.73266,-89.80001,-19.814405,33.578285,26.33582,89.78961,65.8456,97.74313,89.79471,19.8138,33.585136,0.0,0.0,0.0,0.0,0.0,0.009439871,-0.0,0.0,0.0,0.0,0.0,0.0,0.0,-0.0,0.059999086,0.0,0.0,0.0,0.0,0.0,0.059999086,-0.0,0.0,0.0,0.0,0.0,pink,0.0003031363303307444,0.0,0.0,0.0,-26.333251953125,-89.78868865966797,-65.84751892089844,-97.73413848876953,-89.8005142211914,-19.808265686035156,33.580631256103516,26.333404541015625,89.78854370117188,65.84615325927734,97.73428344726562,89.79695892333984,19.814544677734375,33.58204650878906,0.0,0.0,0.0,0.0
419,8.3813500199999,1789352842.1225061,17,-0.00021415182,-0.026852818,0.000346722,0.0011217477,-26.337078,-89.7894,-65.846886,-97.73266,-89.79998,-19.814379,33.578312,26.33582,89.78961,65.84563,97.74313,89.79471,19.8138,33.58512,0.0,0.0,0.0,0.0,0.0,0.0030731887,-0.0,0.0,0.049999237,0.0,0.0,0.0,0.0,0.059999086,0.0,0.0,0.0,0.0,0.0,0.0,-0.0,-0.0,0.0,0.0,0.0,0.0,pink,0.0003031363303307444,0.0,0.0,0.0,-26.333251953125,-89.78868865966797,-65.84751892089844,-97.73413848876953,-89.8005142211914,-19.808265686035156,33.580631256103516,26.333404541015625,89.78854370117188,65.84615325927734,97.73428344726562,89.79695892333984,19.814544677734375,33.58204650878906,0.0,0.0,0.0,0.0
420,8.401376583000001,1789352842.1425328,17,-0.00020395411,-0.02673182,0.000346722,0.0011183483,-26.337101,-89.789406,-65.84687,-97.73267,-89.79998,-19.814379,33.578365,26.335808,89.78961,65.84568,97.74313,89.79469,19.81387,33.58515,0.0,0.0,0.0,0.0,0.0,0.006366253,-0.0,0.0,0.0,0.0,0.059999086,0.0,0.0,-0.0,-0.059999086,0.0,0.0,0.0,0.0,0.0,0.059999086,-0.0,0.0,0.0,0.0,0.0,pink,0.0003031363303307444,0.0,0.0,0.0,-26.333251953125,-89.78868865966797,-65.84751892089844,-97.73413848876953,-89.8005142211914,-19.808265686035156,33.580631256103516,26.333404541015625,89.78854370117188,65.84615325927734,97.73428344726562,89.79695892333984,19.814544677734375,33.58204650878906,0.0,0.0,0.0,0.0
421,8.421372756999972,1789352842.162529,17,-0.00019375641,-0.026645394,0.000346722,0.0011183483,-26.337067,-89.7894,-65.8469,-97.73271,-89.79993,-19.814392,33.578434,26.335808,89.789604,65.845695,97.74313,89.79471,19.813885,33.585136,0.0,0.0,0.0,0.0,0.0,0.0065857293,-0.0,0.0,0.0,0.0,0.0,0.0,0.0,-0.0,0.0,0.0,0.0,0.0,0.059999086,0.0,-0.0,-0.0,0.0,0.0,0.0,0.0,pink,0.0003031363303307444,0.0,0.0,0.0,-26.333251953125,-89.78868865966797,-65.84751892089844,-97.73413848876953,-89.8005142211914,-19.808265686035156,33.580631256103516,26.333404541015625,89.78854370117188,65.84615325927734,97.73428344726562,89.79695892333984,19.814544677734375,33.58204650878906,0.0,0.0,0.0,0.0
422,8.441375212999901,1789352842.1825316,17,-0.0001835587,-0.02650711,0.000346722,0.0011183483,-26.337067,-89.789375,-65.84694,-97.73273,-89.7999,-19.814379,33.578476,26.335796,89.789604,65.84573,97.743126,89.79468,19.813925,33.58511,0.0,0.0,0.0,0.0,0.0,0.006366233,-0.0,0.0,0.0,0.0,-0.059999086,0.0,0.0,-0.0,-0.059999086,0.0,0.0,0.0,0.0,-0.059999086,-0.0,-0.0,0.0,0.0,0.0,0.0,pink,0.0003031363303307444,0.0,0.0,0.0,-26.333251953125,-89.78868865966797,-65.84751892089844,-97.73413848876953,-89.8005142211914,-19.808265686035156,33.580631256103516,26.333404541015625,89.78854370117188,65.84615325927734,97.73428344726562,89.79695892333984,19.814544677734375,33.58204650878906,0.0,0.0,0.0,0.0
423,8.46125965200008,1789352842.2024162,17,-0.00017676022,-0.026318178,0.000346722,0.0011183483,-26.337067,-89.78938,-65.84692,-97.732765,-89.79988,-19.814365,33.57856,26.335808,89.78961,65.84575,97.74311,89.79471,19.813967,33.585094,0.0,0.0,0.0,0.0,0.0,0.0063662156,-0.0,0.0,0.0,0.0,0.0,0.0,0.0,-0.0,0.0,0.0,0.0,0.0,0.0,0.0,0.059999086,-0.059999086,0.0,0.0,0.0,0.0,pink,0.0003031363303307444,0.0,0.0,0.0,-26.333251953125,-89.78868865966797,-65.84751892089844,-97.73413848876953,-89.8005142211914,-19.808265686035156,33.580631256103516,26.333404541015625,89.78854370117188,65.84615325927734,97.73428344726562,89.79695892333984,19.814544677734375,33.58204650878906,0.0,0.0,0.0,0.0
424,8.481358737999926,1789352842.2225149,17,-0.00016656253,-0.02621527,0.000346722,0.0011149491,-26.337055,-89.789375,-65.84693,-97.73278,-89.79991,-19.814379,33.578613,26.335808,89.78961,65.845764,97.74311,89.79471,19.813938,33.585136,0.0,0.0,0.0,0.0,0.0,0.0030731608,-0.0,0.0,0.0,0.0,0.0,0.0,0.0,-0.059999086,0.0,0.0,0.0,0.0,0.0,0.0,-0.0,0.059999086,0.0,0.0,0.0,0.0,pink,0.0003031363303307444,0.0,0.0,0.0,-26.333251953125,-89.78868865966797,-65.84751892089844,-97.73413848876953,-89.8005142211914,-19.808265686035156,33.580631256103516,26.333404541015625,89.78854370117188,65.84615325927734,97.73428344726562,89.79695892333984,19.814544677734375,33.58204650878906,0.0,0.0,0.0,0.0
425,8.50138469500007,1789352842.2425408,17,-0.00015976405,-0.026084224,0.000346722,0.0011149491,-26.337032,-89.78938,-65.84694,-97.73283,-89.79986,-19.814365,33.578667,26.335808,89.789604,65.84579,97.74308,89.79469,19.81398,33.585136,0.0,0.0,0.0,0.0,0.0,0.0063661947,-0.0,0.0,0.0,0.0,0.0,0.0,-0.059999086,-0.0,0.059999086,0.0,0.0,0.0,0.0,0.0,-0.0,0.059999086,0.0,0.0,0.0,0.0,pink,0.0003031363303307444,0.0,0.0,0.0,-26.333251953125,-89.78868865966797,-65.84751892089844,-97.73413848876953,-89.8005142211914,-19.808265686035156,33.580631256103516,26.333404541015625,89.78854370117188,65.84615325927734,97.73428344726562,89.79695892333984,19.814544677734375,33.58204650878906,0.0,0.0,0.0,0.0
426,8.521292626000104,1789352842.2624488,17,-0.00015296559,-0.025936697,0.000346722,0.0011149491,-26.337044,-89.789375,-65.84693,-97.73285,-89.79984,-19.81435,33.578724,26.335808,89.789604,65.84583,97.74308,89.79472,19.813953,33.58512,0.0,0.0,0.0,0.0,0.0,0.006366181,-0.0,0.0,0.0,0.0,0.0,0.0,0.0,-0.0,0.0,0.0,0.0,0.0,0.0,0.0,-0.059999086,-0.0,0.0,0.0,0.0,0.0,pink,0.0003031363303307444,0.0,0.0,0.0,-26.333251953125,-89.78868865966797,-65.84751892089844,-97.73413848876953,-89.8005142211914,-19.808265686035156,33.580631256103516,26.333404541015625,89.78854370117188,65.84615325927734,97.73428344726562,89.79695892333984,19.814544677734375,33.58204650878906,0.0,0.0,0.0,0.0
427,8.541022317999705,1789352842.2821786,17,-0.00014616712,-0.025796004,0.000346722,0.0011115499,-26.337044,-89.78938,-65.84694,-97.73285,-89.79983,-19.814337,33.578766,26.335796,89.789604,65.84584,97.743095,89.79471,19.814022,33.585094,0.0,0.0,0.0,0.0,0.0,0.009659194,-0.0,0.0,0.0,0.0,0.0,0.0,0.0,-0.0,0.0,0.0,0.0,0.0,0.059999086,0.0,-0.0,-0.0,0.0,0.0,0.0,0.0,pink,0.0003031363303307444,0.0,0.0,0.0,-26.333251953125,-89.78868865966797,-65.84751892089844,-97.73413848876953,-89.8005142211914,-19.808265686035156,33.580631256103516,26.333404541015625,89.78854370117188,65.84615325927734,97.73428344726562,89.79695892333984,19.814544677734375,33.58204650878906,0.0,0.0,0.0,0.0
428,8.561232005999955,1789352842.3023882,17,-0.00013936864,-0.025636818,0.000346722,0.0011115499,-26.33702,-89.789375,-65.84697,-97.732864,-89.79983,-19.814337,33.578804,26.335785,89.78958,65.8459,97.743065,89.79471,19.81409,33.585094,0.0,0.0,0.0,0.0,0.0,0.009439692,-0.0,0.0,0.0,0.0,0.0,0.0,0.0,-0.059999086,0.0,0.0,0.0,0.0,0.0,0.0,0.059999086,-0.0,0.0,0.0,0.0,0.0,pink,0.0003031363303307444,0.0,0.0,0.0,-26.333251953125,-89.78868865966797,-65.84751892089844,-97.73413848876953,-89.8005142211914,-19.808265686035156,33.580631256103516,26.333404541015625,89.78854370117188,65.84615325927734,97.73428344726562,89.79695892333984,19.814544677734375,33.58204650878906,0.0,0.0,0.0,0.0
429,8.581436484999813,1789352842.322593,17,-0.00013257017,-0.02543181,0.000346722,0.0011115499,-26.33701,-89.78938,-65.84697,-97.73288,-89.79981,-19.81431,33.578903,26.335785,89.78959,65.84591,97.743065,89.79469,19.814062,33.585094,0.0,0.0,0.0,0.0,0.0,0.016245162,-0.0,0.0,0.0,0.0,0.0,0.0,-0.059999086,-0.0,0.059999086,0.0,0.0,0.0,0.0,-0.059999086,-0.0,-0.0,0.0,0.0,0.0,0.0,pink,0.0003031363303307444,0.0,0.0,0.0,-26.333251953125,-89.78868865966797,-65.84751892089844,-97.73413848876953,-89.8005142211914,-19.808265686035156,33.580631256103516,26.333404541015625,89.78854370117188,65.84615325927734,97.73428344726562,89.79695892333984,19.814544677734375,33.58204650878906,0.0,0.0,0.0,0.0
430,8.601225324000097,1789352842.3423815,17,-0.00012237247,-0.025223183,0.000346722,0.0011115499,-26.33701,-89.78938,-65.846954,-97.7329,-89.79979,-19.81431,33.57893,26.335785,89.78959,65.84598,97.74306,89.79473,19.814104,33.585094,0.0,0.0,0.0,0.0,0.0,0.009439636,-0.0,0.0,0.0,0.0,0.0,0.0,0.0,-0.0,0.0,0.0,0.0,0.0,0.0,0.0,-0.0,-0.0,0.0,0.0,0.0,0.0,pink,0.0003031363303307444,0.0,0.0,0.0,-26.333251953125,-89.78868865966797,-65.84751892089844,-97.73413848876953,-89.8005142211914,-19.808265686035156,33.580631256103516,26.333404541015625,89.78854370117188,65.84615325927734,97.73428344726562,89.79695892333984,19.814544677734375,33.58204650878906,0.0,0.0,0.0,0.0
431,8.621321566000006,1789352842.362478,17,-0.000115573996,-0.024981996,0.000346722,0.0011081507,-26.33701,-89.78938,-65.84697,-97.73293,-89.79979,-19.814281,33.57901,26.335785,89.78958,65.84598,97.74304,89.79473,19.81409,33.58511,0.0,0.0,0.0,0.0,0.0,0.016245058,-0.0,0.0,0.0,0.0,0.0,-0.059999086,0.0,-0.0,0.0,0.0,0.0,0.0,0.0,0.059999086,-0.0,-0.0,0.0,0.0,0.0,0.0,pink,0.0003031363303307444,0.0,0.0,0.0,-26.333251953125,-89.78868865966797,-65.84751892089844,-97.73413848876953,-89.8005142211914,-19.808265686035156,33.580631256103516,26.333404541015625,89.78854370117188,65.84615325927734,97.73428344726562,89.79695892333984,19.814544677734375,33.58204650878906,0.0,0.0,0.0,0.0
432,8.641321617999893,1789352842.3824778,17,-0.00010877552,-0.024690967,0.000346722,0.0011081507,-26.336987,-89.789375,-65.84702,-97.73293,-89.799774,-19.814297,33.579025,26.335785,89.78959,65.84601,97.74304,89.79471,19.814104,33.585083,0.0,0.0,0.0,0.0,0.025987154,0.012732538,-0.0,0.0,0.0,0.0,0.0,0.0,-0.059999086,-0.059999086,0.0,0.0,0.0,0.0,0.0,0.0,-0.059999086,-0.0,0.0,0.0,0.0,0.0,pink,0.0003031363303307444,0.0,0.0,0.0,-26.333251953125,-89.78868865966797,-65.84751892089844,-97.73413848876953,-89.8005142211914,-19.808265686035156,33.580631256103516,26.333404541015625,89.78854370117188,65.84615325927734,97.73428344726562,89.79695892333984,19.814544677734375,33.58204650878906,0.0,0.0,0.0,0.0
433,8.661308929999905,1789352842.4024653,17,-0.00010537629,-0.024419634,0.000346722,0.0011081507,-26.336987,-89.78938,-65.84707,-97.73296,-89.79974,-19.814281,33.57911,26.335773,89.78959,65.84605,97.74306,89.79475,19.814173,33.585094,0.0,0.0,0.0,0.0,0.0,0.01624493,-0.0,0.0,0.0,0.0,0.0,0.0,0.059999086,-0.0,0.0,0.0,0.0,0.0,0.0,0.0,-0.0,-0.0,0.0,0.0,0.0,0.0,pink,0.0003031363303307444,0.0,0.0,0.0,-26.333251953125,-89.78868865966797,-65.84751892089844,-97.73413848876953,-89.8005142211914,-19.808265686035156,33.580631256103516,26.333404541015625,89.78854370117188,65.84615325927734,97.73428344726562,89.79695892333984,19.814544677734375,33.58204650878906,0.0,0.0,0.0,0.0
434,8.68134582699986,1789352842.422502,17,-9.857782e-05,-0.024168804,0.000346722,0.0011047515,-26.336975,-89.78938,-65.84705,-97.73297,-89.79974,-19.814268,33.579136,26.335773,89.78958,65.84606,97.74303,89.79472,19.8142,33.585083,0.0,0.0,0.0,0.0,0.0,0.015586441,-0.0,0.0,0.0,0.0,0.0,0.0,0.0,-0.0,0.0,0.0,0.0,0.0,0.0,0.0,-0.0,0.059999086,0.0,0.0,0.0,0.0,pink,0.0003031363303307444,0.0,0.0,0.0,-26.333251953125,-89.78868865966797,-65.84751892089844,-97.73413848876953,-89.8005142211914,-19.808265686035156,33.580631256103516,26.333404541015625,89.78854370117188,65.84615325927734,97.73428344726562,89.79695892333984,19.814544677734375,33.58204650878906,0.0,0.0,0.0,0.0
435,8.701320042999669,1789352842.4424763,17,-9.177935e-05,-0.023856472,0.000346722,0.0011047515,-26.336964,-89.78938,-65.84711,-97.73297,-89.79976,-19.814268,33.579178,26.335762,89.78959,65.84608,97.74303,89.79472,19.814213,33.585083,0.0,0.0,0.0,0.0,0.0,0.009439453,-0.0,0.0,0.0,0.0,0.0,0.0,0.0,-0.059999086,0.0,0.0,0.0,0.0,0.0,0.0,-0.0,-0.0,0.0,0.0,0.0,0.0,pink,0.0003031363303307444,0.0,0.0,0.0,-26.333251953125,-89.78868865966797,-65.84751892089844,-97.73413848876953,-89.8005142211914,-19.808265686035156,33.580631256103516,26.333404541015625,89.78854370117188,65.84615325927734,97.73428344726562,89.79695892333984,19.814544677734375,33.58204650878906,0.0,0.0,0.0,0.0
436,8.721337026999663,1789352842.4624932,17,-8.498088e-05,-0.023497514,0.000346722,0.0011047515,-26.336964,-89.78938,-65.84711,-97.733,-89.79974,-19.814241,33.579216,26.335773,89.78958,65.84613,97.74303,89.79473,19.814255,33.585068,0.0,0.0,0.0,0.0,0.0,0.021733182,-0.0,0.0,0.0,0.0,0.0,0.0,0.0,-0.0,0.0,0.0,0.0,0.059999086,0.0,0.0,-0.0,-0.0,0.0,0.0,0.0,0.0,pink,0.0003031363303307444,0.0,0.0,0.0,-26.333251953125,-89.78868865966797,-65.84751892089844,-97.73413848876953,-89.8005142211914,-19.808265686035156,33.580631256103516,26.333404541015625,89.78854370117188,65.84615325927734,97.73428344726562,89.79695892333984,19.814544677734375,33.58204650878906,0.0,0.0,0.0,0.0
437,8.741294360999746,1789352842.4824507,17,-8.1581646e-05,-0.022886125,0.000346722,0.0011047515,-26.336964,-89.789375,-65.84711,-97.733,-89.79976,-19.814255,33.579258,26.335773,89.78958,65.84611,97.74303,89.79473,19.814228,33.585068,0.0,0.0,0.0,0.0,0.0,0.032050606,-0.0,0.0,0.0,0.0,0.0,0.059999086,0.0,-0.059999086,0.0,0.0,0.0,-0.059999086,0.0,0.0,-0.0,-0.0,0.0,0.0,0.0,0.0,pink,0.0003031363303307444,0.0,0.0,0.0,-26.333251953125,-89.78868865966797,-65.84751892089844,-97.73413848876953,-89.8005142211914,-19.808265686035156,33.580631256103516,26.333404541015625,89.78854370117188,65.84615325927734,97.73428344726562,89.79695892333984,19.814544677734375,33.58204650878906,0.0,0.0,0.0,0.0
438,8.76130996899974,1789352842.502466,17,-7.478317e-05,-0.022222083,0.000346722,0.0011013522,-26.336952,-89.789375,-65.84712,-97.73307,-89.79976,-19.8142,33.5793,26.33575,89.789566,65.84616,97.74301,89.79475,19.814241,33.585052,0.0,0.0,0.0,0.0,0.0,0.033148058,-0.0,0.0,0.0,0.0,0.0,0.0,0.0,0.059999086,0.0,0.0,0.0,0.0,0.0,0.0,-0.0,-0.0,0.0,0.0,0.0,0.0,pink,0.0003031363303307444,0.0,0.0,0.0,-26.333251953125,-89.78868865966797,-65.84751892089844,-97.73413848876953,-89.8005142211914,-19.808265686035156,33.580631256103516,26.333404541015625,89.78854370117188,65.84615325927734,97.73428344726562,89.79695892333984,19.814544677734375,33.58204650878906,0.0,0.0,0.0,0.0
439,8.781342361000043,1789352842.5224986,17,-7.138394e-05,-0.021684263,0.000346722,0.0011013522,-26.33694,-89.78936,-65.84712,-97.733086,-89.79974,-19.8142,33.57934,26.33575,89.789566,65.846214,97.743,89.79476,19.814268,33.58504,0.0,0.0,0.0,0.0,0.0,0.021952089,-0.0,0.0,0.0,0.0,0.0,0.0,0.0,-0.0,0.0,0.0,0.0,0.059999086,0.0,0.059999086,-0.0,-0.059999086,0.0,0.0,0.0,0.0,pink,0.0003031363303307444,0.0,0.0,0.0,-26.333251953125,-89.78868865966797,-65.84751892089844,-97.73413848876953,-89.8005142211914,-19.808265686035156,33.580631256103516,26.333404541015625,89.78854370117188,65.84615325927734,97.73428344726562,89.79695892333984,19.814544677734375,33.58204650878906,0.0,0.0,0.0,0.0
440,8.801165612999739,1789352842.542322,17,-6.798471e-05,-0.021357873,0.000346722,0.0011013522,-26.33693,-89.78935,-65.84712,-97.73311,-89.799736,-19.814186,33.579384,26.33574,89.789566,65.846245,97.743,89.79476,19.814297,33.585068,0.0,0.0,0.0,0.0,0.0,0.012731936,-0.0,0.0,0.0,0.0,0.0,-0.059999086,0.0,-0.0,0.0,0.0,0.0,0.0,0.0,0.0,-0.0,-0.0,0.0,0.0,0.0,0.0,pink,0.0003031363303307444,0.0,0.0,0.0,-26.333251953125,-89.78868865966797,-65.84751892089844,-97.73413848876953,-89.8005142211914,-19.808265686035156,33.580631256103516,26.333404541015625,89.78854370117188,65.84615325927734,97.73428344726562,89.79695892333984,19.814544677734375,33.58204650878906,0.0,0.0,0.0,0.0
441,8.821063233999666,1789352842.5622194,17,-6.1186234e-05,-0.021121524,0.000346722,0.001097953,-26.336918,-89.78935,-65.84714,-97.73311,-89.799706,-19.814173,33.579437,26.33575,89.789566,65.84625,97.74299,89.79473,19.814297,33.585068,0.0,0.0,0.0,0.0,0.0,0.016244167,-0.0,0.0,0.0,0.0,0.0,0.0,0.0,-0.0,0.0,0.0,0.0,0.059999086,0.0,0.0,-0.0,-0.0,0.0,0.0,0.0,0.0,pink,0.0003031363303307444,0.0,0.0,0.0,-26.333251953125,-89.78868865966797,-65.84751892089844,-97.73413848876953,-89.8005142211914,-19.808265686035156,33.580631256103516,26.333404541015625,89.78854370117188,65.84615325927734,97.73428344726562,89.79695892333984,19.814544677734375,33.58204650878906,0.0,0.0,0.0,0.0
442,8.841008612999758,1789352842.5821648,17,-5.7786998e-05,-0.021008575,0.000346722,0.001097953,-26.336895,-89.78935,-65.84712,-97.73314,-89.79969,-19.814186,33.579453,26.335762,89.789566,65.846245,97.74297,89.79475,19.81435,33.585068,0.0,0.0,0.0,0.0,0.0,0.0,-0.0,0.0,0.0,0.0,0.059999086,-0.059999086,0.0,-0.0,0.0,0.0,0.0,0.0,0.0,0.0,-0.0,-0.0,0.0,0.0,0.0,0.0,pink,0.0003031363303307444,0.0,0.0,0.0,-26.333251953125,-89.78868865966797,-65.84751892089844,-97.73413848876953,-89.8005142211914,-19.808265686035156,33.580631256103516,26.333404541015625,89.78854370117188,65.84615325927734,97.73428344726562,89.79695892333984,19.814544677734375,33.58204650878906,0.0,0.0,0.0,0.0
443,8.86104556500004,1789352842.6022017,17,-5.438776e-05,-0.020866686,0.000346722,0.001097953,-26.336895,-89.78935,-65.84716,-97.73314,-89.79969,-19.814144,33.57949,26.33574,89.78956,65.84627,97.74296,89.79476,19.81435,33.585052,0.0,0.0,0.0,0.0,0.0,0.012731847,-0.0,0.0,0.0,0.0,0.0,0.0,0.0,0.059999086,0.0,0.0,0.0,0.0,0.0,0.059999086,-0.0,-0.0,0.0,0.0,0.0,0.0,pink,0.0003031363303307444,0.0,0.0,0.0,-26.333251953125,-89.78868865966797,-65.84751892089844,-97.73413848876953,-89.8005142211914,-19.808265686035156,33.580631256103516,26.333404541015625,89.78854370117188,65.84615325927734,97.73428344726562,89.79695892333984,19.814544677734375,33.58204650878906,0.0,0.0,0.0,0.0
444,8.88110369099968,1789352842.6222596,17,-4.7589292e-05,-0.020695856,0.000346722,0.001097953,-26.336884,-89.78934,-65.847145,-97.733154,-89.799675,-19.814144,33.57956,26.33574,89.78958,65.84631,97.74294,89.79476,19.81435,33.585052,0.0,0.0,0.0,0.0,0.0,0.006365707,-0.0,0.0,0.0,0.0,0.0,0.0,0.0,-0.0,0.0,0.0,0.0,0.0,0.0,0.0,-0.0,-0.0,0.0,0.0,0.0,0.0,pink,0.0003031363303307444,0.0,0.0,0.0,-26.333251953125,-89.78868865966797,-65.84751892089844,-97.73413848876953,-89.8005142211914,-19.808265686035156,33.580631256103516,26.333404541015625,89.78854370117188,65.84615325927734,97.73428344726562,89.79695892333984,19.814544677734375,33.58204650878906,0.0,0.0,0.0,0.0
445,8.901308896000046,1789352842.642465,17,-4.4190056e-05,-0.020558389,0.000346722,0.0010945537,-26.336872,-89.78935,-65.84716,-97.73314,-89.799675,-19.81416,33.579575,26.335728,89.789566,65.84631,97.74293,89.79479,19.814337,33.58504,0.0,0.0,0.0,0.0,0.0,0.0061462293,-0.0,0.0,0.0,0.0,0.0,0.0,0.0,-0.0,-0.059999086,0.0,0.0,0.0,-0.059999086,0.0,-0.059999086,-0.0,0.0,0.0,0.0,0.0,pink,0.0003031363303307444,0.0,0.0,0.0,-26.333251953125,-89.78868865966797,-65.84751892089844,-97.73413848876953,-89.8005142211914,-19.808265686035156,33.580631256103516,26.333404541015625,89.78854370117188,65.84615325927734,97.73428344726562,89.79695892333984,19.814544677734375,33.58204650878906,0.0,0.0,0.0,0.0
446,8.921305929000027,1789352842.6624622,17,-4.0790823e-05,-0.020419717,0.000346722,0.0010945537,-26.33686,-89.78935,-65.84719,-97.73318,-89.799675,-19.81409,33.579628,26.335728,89.78956,65.84632,97.74294,89.79478,19.814392,33.585068,0.0,0.0,0.0,0.0,0.0,0.006365682,-0.0,0.0,0.0,0.0,0.0,0.0,0.0,0.11999817,0.0,0.0,0.0,0.0,0.0,0.0,-0.0,-0.0,0.0,0.0,0.0,0.0,pink,0.0003031363303307444,0.0,0.0,0.0,-26.333251953125,-89.78868865966797,-65.84751892089844,-97.73413848876953,-89.8005142211914,-19.808265686035156,33.580631256103516,26.333404541015625,89.78854370117188,65.84615325927734,97.73428344726562,89.79695892333984,19.814544677734375,33.58204650878906,0.0,0.0,0.0,0.0
447,8.941364929999963,1789352842.6825213,17,-3.7391586e-05,-0.020301946,0.000346722,0.0010945537,-26.33685,-89.78935,-65.847176,-97.73317,-89.79969,-19.814117,33.57966,26.335728,89.789566,65.84634,97.74294,89.79478,19.814392,33.58504,0.0,0.0,0.0,0.0,0.0,0.0030729026,-0.0,0.0,0.0,0.0,0.0,0.0,0.0,-0.0,0.0,0.0,0.0,0.0,0.059999086,0.0,-0.0,-0.0,0.0,0.0,0.0,0.0,pink,0.0003031363303307444,0.0,0.0,0.0,-26.333251953125,-89.78868865966797,-65.84751892089844,-97.73413848876953,-89.8005142211914,-19.808265686035156,33.580631256103516,26.333404541015625,89.78854370117188,65.84615325927734,97.73428344726562,89.79695892333984,19.814544677734375,33.58204650878906,0.0,0.0,0.0,0.0
448,8.961180183999659,1789352842.7023363,17,-3.0593117e-05,-0.020152017,0.000346722,0.0010911545,-26.33686,-89.78935,-65.847176,-97.73317,-89.799706,-19.814104,33.579697,26.335716,89.78956,65.84635,97.74292,89.79475,19.814434,33.585052,0.0,0.0,0.0,0.0,0.0,0.012512254,-0.0,0.0,0.0,0.0,0.059999086,0.059999086,0.0,-0.0,0.0,0.0,0.0,0.0,0.0,0.0,0.059999086,-0.0,0.0,0.0,0.0,0.0,pink,0.0003031363303307444,0.0,0.0,0.0,-26.333251953125,-89.78868865966797,-65.84751892089844,-97.73413848876953,-89.8005142211914,-19.808265686035156,33.580631256103516,26.333404541015625,89.78854370117188,65.84615325927734,97.73428344726562,89.79695892333984,19.814544677734375,33.58204650878906,0.0,0.0,0.0,0.0
449,8.981388270000025,1789352842.7225447,17,-2.719388e-05,-0.019974357,0.000346722,0.0010911545,-26.336838,-89.78935,-65.84719,-97.73321,-89.799675,-19.81409,33.579727,26.335716,89.78954,65.84639,97.74293,89.79478,19.814405,33.585052,0.0,0.0,0.0,0.0,0.0,0.006365642,-0.0,0.0,0.0,0.0,0.0,0.0,0.0,-0.0,0.0,0.0,0.0,0.0,0.059999086,0.0,-0.0,-0.0,0.0,0.0,0.0,0.0,pink,0.0003031363303307444,0.0,0.0,0.0,-26.333251953125,-89.78868865966797,-65.84751892089844,-97.73413848876953,-89.8005142211914,-19.808265686035156,33.580631256103516,26.333404541015625,89.78854370117188,65.84615325927734,97.73428344726562,89.79695892333984,19.814544677734375,33.58204650878906,0.0,0.0,0.0,0.0
450,9.001369420999708,1789352842.7425256,17,-2.3794646e-05,-0.01982644,0.000346722,0.0010911545,-26.336826,-89.78936,-65.84721,-97.73322,-89.79967,-19.814075,33.579765,26.335705,89.78954,65.84638,97.742874,89.79476,19.814405,33.585052,0.0,0.0,0.0,0.0,0.0,0.0063656284,-0.0,0.0,0.0,0.0,0.0,0.0,-0.059999086,-0.0,0.0,0.0,0.0,0.0,-0.11999817,0.0,-0.059999086,-0.0,0.0,0.0,0.0,0.0,pink,0.0003031363303307444,0.0,0.0,0.0,-26.333251953125,-89.78868865966797,-65.84751892089844,-97.73413848876953,-89.8005142211914,-19.808265686035156,33.580631256103516,26.333404541015625,89.78854370117188,65.84615325927734,97.73428344726562,89.79695892333984,19.814544677734375,33.58204650878906,0.0,0.0,0.0,0.0
451,9.02133552899977,1789352842.7624917,17,-2.0395411e-05,-0.019658428,0.000346722,0.0010877553,-26.336826,-89.78934,-65.84723,-97.73321,-89.79965,-19.814075,33.579796,26.335693,89.78956,65.846405,97.742905,89.79476,19.81446,33.585026,0.0,0.0,0.0,0.0,0.0,0.006146151,-0.0,0.0,0.0,0.0,-0.059999086,0.059999086,0.059999086,-0.0,0.0,0.0,0.0,0.0,0.0,0.0,-0.0,-0.0,0.0,0.0,0.0,0.0,pink,0.0003031363303307444,0.0,0.0,0.0,-26.333251953125,-89.78868865966797,-65.84751892089844,-97.73413848876953,-89.8005142211914,-19.808265686035156,33.580631256103516,26.333404541015625,89.78854370117188,65.84615325927734,97.73428344726562,89.79695892333984,19.814544677734375,33.58204650878906,0.0,0.0,0.0,0.0
452,9.041344883999955,1789352842.7825012,17,-1.6996177e-05,-0.019468307,0.000346722,0.0010877553,-26.336815,-89.78935,-65.84721,-97.73324,-89.79964,-19.814022,33.579823,26.335693,89.78954,65.84642,97.742874,89.79476,19.81446,33.585052,0.0,0.0,0.0,0.0,0.0,0.019755978,-0.0,0.0,0.0,0.0,0.0,0.0,0.0,-0.0,0.0,0.0,0.0,0.0,0.0,0.0,-0.0,0.059999086,0.0,0.0,0.0,0.0,pink,0.0003031363303307444,0.0,0.0,0.0,-26.333251953125,-89.78868865966797,-65.84751892089844,-97.73413848876953,-89.8005142211914,-19.808265686035156,33.580631256103516,26.333404541015625,89.78854370117188,65.84615325927734,97.73428344726562,89.79695892333984,19.814544677734375,33.58204650878906,0.0,0.0,0.0,0.0
453,9.061082663999969,1789352842.802239,17,-1.359694e-05,-0.019233169,0.000346722,0.0010877553,-26.336792,-89.78934,-65.84726,-97.73328,-89.799675,-19.814049,33.57985,26.335693,89.78954,65.84645,97.74289,89.79478,19.814503,33.585026,0.0,0.0,0.0,0.0,0.0,0.013170473,-0.0,0.0,0.0,0.0,0.0,0.0,0.0,-0.0,0.0,0.0,0.0,0.0,0.0,0.0,0.059999086,-0.0,0.0,0.0,0.0,0.0,pink,0.0003031363303307444,0.0,0.0,0.0,-26.333251953125,-89.78868865966797,-65.84751892089844,-97.73413848876953,-89.8005142211914,-19.808265686035156,33.580631256103516,26.333404541015625,89.78854370117188,65.84615325927734,97.73428344726562,89.79695892333984,19.814544677734375,33.58204650878906,0.0,0.0,0.0,0.0
454,9.081322507000095,1789352842.822479,17,-6.79847e-06,-0.028062407,0.000346722,0.0045787697,-26.338577,-89.78915,-65.84457,-97.730446,-89.809006,-19.80305,33.57087,26.336082,89.789566,65.842834,97.74124,89.802536,19.802128,33.57602,0.0,0.0,0.0,0.0,0.0,-1.6423945,-0.0,0.21905692,-0.24999619,0.0,0.41999358,0.23999634,-0.9599991,1.5000045,-0.9599991,0.0,0.0,-0.60000455,-0.17999725,0.8400009,-1.1399963,-1.0799973,0.0,0.0,0.0,0.0,pink,0.0003031363303307444,0.0,0.0,0.0,-26.333251953125,-89.78868865966797,-65.84751892089844,-97.73413848876953,-89.8005142211914,-19.808265686035156,33.580631256103516,26.333404541015625,89.78854370117188,65.84615325927734,97.73428344726562,89.79695892333984,19.814544677734375,33.58204650878906,0.0,0.0,0.0,0.0
455,9.10138255999982,1789352842.8425388,17,-6.79847e-06,-0.07027958,0.000346722,0.0058194906,-26.34193,-89.7891,-65.85016,-97.7302,-89.8166,-19.790703,33.570854,26.336014,89.78959,65.83904,97.74098,89.81277,19.809998,33.565678,0.0,0.0,0.0,0.0,0.0,-2.6237855,-0.0,0.053833686,0.099998474,0.0,-0.60000455,0.059999086,-0.17999725,0.17999725,0.9599991,0.0,0.0,0.3599945,-0.23999634,0.3599945,0.66000366,-0.11999817,0.0,0.0,0.0,0.0,pink,0.0003031363303307444,0.0,0.0,0.0,-26.333251953125,-89.78868865966797,-65.84751892089844,-97.73413848876953,-89.8005142211914,-19.808265686035156,33.580631256103516,26.333404541015625,89.78854370117188,65.84615325927734,97.73428344726562,89.79695892333984,19.814544677734375,33.58204650878906,0.0,0.0,0.0,0.0
456,9.12129587599975,1789352842.8624523,17,-3.399235e-06,-0.123709865,0.000346722,0.006230798,-26.343784,-89.78919,-65.85397,-97.73027,-89.80585,-19.802252,33.571377,26.336071,89.78991,65.85162,97.741776,89.81783,19.798723,33.577515,0.0,0.0,0.0,0.0,0.0,-2.5609293,-0.0,0.025987154,-0.19999695,0.0,0.4800064,0.0,0.41999358,-1.1999954,-1.0199982,0.0,0.0,0.29999542,-0.17999725,0.11999817,-0.41999358,0.9,0.0,0.0,0.0,0.0,pink,0.0003031363303307444,0.0,0.0,0.0,-26.333251953125,-89.78868865966797,-65.84751892089844,-97.73413848876953,-89.8005142211914,-19.808265686035156,33.580631256103516,26.333404541015625,89.78854370117188,65.84615325927734,97.73428344726562,89.79695892333984,19.814544677734375,33.58204650878906,0.0,0.0,0.0,0.0
457,9.141409753000062,1789352842.8825662,17,0.0,-0.16423492,0.000346722,0.006387163,-26.343578,-89.78897,-65.84709,-97.7307,-89.80116,-19.812881,33.563988,26.337124,89.789696,65.86276,97.74069,89.80597,19.812208,33.58784,0.0,0.0,0.0,0.0,0.0,-1.4207747,-0.0,0.0,-0.14999771,0.0,-0.8400009,-0.11999817,0.11999817,-0.23999634,0.0,0.049999237,0.0,0.60000455,0.23999634,-0.7800018,0.17999725,0.23999634,0.0,0.0,0.0,0.0,pink,0.0003031363303307444,0.0,0.0,0.0,-26.333251953125,-89.78868865966797,-65.84751892089844,-97.73413848876953,-89.8005142211914,-19.808265686035156,33.580631256103516,26.333404541015625,89.78854370117188,65.84615325927734,97.73428344726562,89.79695892333984,19.814544677734375,33.58204650878906,0.0,0.0,0.0,0.0
458,9.161322605999885,1789352842.902479,17,3.399235e-06,-0.1857943,0.000346722,0.00653333,-26.343521,-89.78938,-65.85823,-97.73118,-89.81332,-19.812525,33.57441,26.33733,89.78984,65.86735,97.73913,89.79684,19.800097,33.58868,0.0,0.0,0.0,0.0,0.0,-0.78948873,-0.0,0.025987154,-0.14999771,0.0,0.11999817,0.0,-0.29999542,1.4400055,0.0,0.0,0.0,-0.7200028,0.0,-0.17999725,-0.4800064,-1.1999954,0.0,0.0,0.0,0.0,pink,0.0003031363303307444,0.0,0.0,0.0,-26.333251953125,-89.78868865966797,-65.84751892089844,-97.73413848876953,-89.8005142211914,-19.808265686035156,33.580631256103516,26.333404541015625,89.78854370117188,65.84615325927734,97.73428344726562,89.79695892333984,19.814544677734375,33.58204650878906,0.0,0.0,0.0,0.0
459,9.181369370000084,1789352842.9225256,17,6.79847e-06,-0.19323823,0.000346722,0.0066285087,-26.34383,-89.78872,-65.8455,-97.73093,-89.80704,-19.791952,33.564426,26.337273,89.78972,65.84582,97.743385,89.80039,19.812016,33.567875,0.0,0.0,0.0,0.0,0.0,-0.0063813706,-0.0,0.025987154,0.099998474,0.0,0.11999817,0.0,0.9,0.29999542,-0.11999817,0.0,0.0,-0.5400055,-0.23999634,0.9,0.3599945,-0.5400055,0.0,0.0,0.0,0.0,pink,0.0003031363303307444,0.0,0.0,0.0,-26.333251953125,-89.78868865966797,-65.84751892089844,-97.73413848876953,-89.8005142211914,-19.808265686035156,33.580631256103516,26.333404541015625,89.78854370117188,65.84615325927734,97.73428344726562,89.79695892333984,19.814544677734375,33.58204650878906,0.0,0.0,0.0,0.0
460,9.201367312999992,1789352842.9425237,17,6.79847e-06,-0.19307342,0.000346722,0.006703292,-26.343945,-89.79004,-65.85451,-97.73105,-89.80345,-19.801813,33.572998,26.337307,89.79,65.84193,97.74326,89.81119,19.79886,33.562187,0.0,0.0,0.0,0.0,0.0,0.0,-0.0,0.0,0.099998474,-0.099998474,-0.23999634,0.0,-1.0199982,-1.2599945,0.5400055,0.0,0.0,-0.059999086,0.0,0.29999542,-0.29999542,-0.0,0.0,0.0,0.0,0.0,pink,0.0003031363303307444,0.0,0.0,0.0,-26.333251953125,-89.78868865966797,-65.84751892089844,-97.73413848876953,-89.8005142211914,-19.808265686035156,33.580631256103516,26.333404541015625,89.78854370117188,65.84615325927734,97.73428344726562,89.79695892333984,19.814544677734375,33.58204650878906,0.0,0.0,0.0,0.0
461,9.221236010999746,1789352842.9623923,17,1.0197706e-05,-0.19304481,0.000346722,0.0067678774,-26.344196,-89.78935,-65.84719,-97.730835,-89.81473,-19.813719,33.56617,26.337215,89.79007,65.8512,97.743645,89.816734,19.81104,33.58106,0.0,0.0,0.0,0.0,0.0,0.0,-0.0,0.025987154,0.099998474,0.049999237,0.4800064,0.0,0.0,-0.4800064,-0.41999358,0.0,0.0,0.60000455,0.29999542,0.11999817,0.23999634,0.66000366,0.0,0.0,0.0,0.0,pink,0.0003031363303307444,0.0,0.0,0.0,-26.333251953125,-89.78868865966797,-65.84751892089844,-97.73413848876953,-89.8005142211914,-19.808265686035156,33.580631256103516,26.333404541015625,89.78854370117188,65.84615325927734,97.73428344726562,89.79695892333984,19.814544677734375,33.58204650878906,0.0,0.0,0.0,0.0
462,9.241280484000072,1789352842.9824367,17,1.359694e-05,-0.19302991,0.000346722,0.0068154666,-26.343693,-89.78947,-65.854485,-97.73142,-89.80199,-19.817427,33.570072,26.337421,89.789795,65.86559,97.73844,89.805115,19.802568,33.589516,0.0,0.0,0.0,0.0,0.0,0.0,-0.0,0.0,0.0,0.0,-0.66000366,0.059999086,0.11999817,0.41999358,0.7800018,0.0,0.0,0.66000366,-0.3599945,-0.7800018,-1.0799973,0.23999634,0.0,0.0,0.0,0.0,pink,0.0003031363303307444,0.0,0.0,0.0,-26.333251953125,-89.78868865966797,-65.84751892089844,-97.73413848876953,-89.8005142211914,-19.808265686035156,33.580631256103516,26.333404541015625,89.78854370117188,65.84615325927734,97.73428344726562,89.79695892333984,19.814544677734375,33.58204650878906,0.0,0.0,0.0,0.0
463,9.261285728000075,1789352843.002442,17,1.359694e-05,-0.19299445,0.000346722,0.0068528582,-26.344036,-89.78936,-65.85638,-97.7312,-89.812996,-19.794094,33.572968,26.337353,89.78991,65.86371,97.74311,89.796165,19.810753,33.57863,0.0,0.0,0.0,0.0,0.0,0.0,-0.0,0.0,-0.049999237,0.049999237,0.8400009,-0.11999817,-0.41999358,0.41999358,-0.9,0.0,0.0,-1.3800064,0.66000366,-0.059999086,0.60000455,-1.1399963,0.0,0.0,0.0,0.0,pink,0.0003031363303307444,0.0,0.0,0.0,-26.333251953125,-89.78868865966797,-65.84751892089844,-97.73413848876953,-89.8005142211914,-19.808265686035156,33.580631256103516,26.333404541015625,89.78854370117188,65.84615325927734,97.73428344726562,89.79695892333984,19.814544677734375,33.58204650878906,0.0,0.0,0.0,0.0
